,Adventist movement (Seventh Day ,Adventist movement (Sunday observing) ,African traditional religions Ethnic ,Ahl-i Hadith ,Ahmadiyya ,American Israelism and Latter Day Saint movement ,Anglican ,Anglican Catholic Church ,Anthroposophy ,Armenian Apostolic Church ,Assemblies of the Lord Jesus Christ ,Assembly of God ,Australian Christian Church (Asemblies of God) ,Bahai Faith ,Baptist ,Baptist Union of Wales ,Bible Students and splinter groups ,Born Again Movement ,Brotherhood of the Cross and Star ,Buddhist ,Byzantine Rite ,Calvinism ,Cao Đài ,Catholic ,Celestial Church of Christ ,Chinese traditional religion ,Christian Church (Disciples of Christ) WVS Time Series 1981 2022,Christian and Missionary Alliance ,Church of England ,Church of God (Seventh-Day) ,Church of Ireland ,Church of Jesus Christ of Latter Day Saints ,Church of Norway ,Church of Scotland ,Church of Sweden ,Church of the Foursquare Gospel ,Churches of Christ in Australia ,Cihui Tang ,Confucianists ,Cypriot Orthodox Church ,Druze ,Dutch Reformed Church ,Eastern Orthodox ,Episcopal Church (United States) ,Episcopal Church in the Philippines ,Ethiopian Orthodox Tewahedo Church ,Ethnic religions excluding some in separate ,Evangelical ,Evangelical Baptist Union of Ukraine ,Evangelical Church of the Augsburg Confession in ,"Evangelical Lutheran Church in Russia, Ukraine, ",Evangelical Lutheran Church of Brazil ,Evangelicalism ,Free Church ,Free Presbyterian Church of Ulster ,Georgian Orthodox and Apostolic Church ,Gnostic Christianity ,Gnosticism ,Greek Byzantine Catholic Church ,Hindu ,Hoahaoism ,Humanism ,Hussites ,Ibadi ,Igbo ,Iglesia ni Cristo (Church of Christ) ,International Pentecostal Church of Christ ,Islam ,Israelita Nuevo Pacto Universal (Peru) ,Jainism ,Jehovah's Witnesses ,Judaism ,Korean shamanism or Sinism ,La Luz del Mundo ,Lutheran ,Lutheranism ,Mandaeism ,Maronite Church ,Members Church of God International ,Mennonite Brethren Churches ,Mennonites ,Methodist ,Mita (Puerto Rico) ,Mormons ,Neo-paganism ,Netherlands Reformed Churches ,Netherlands Reformed Congregations ,New Apostolic Church ,Non classiﬁed christian movements ,Orthodox  ,Orthodox Church of Greece ,Orthodox Church of Ukraine ,Other ,Other Christian ,Other syncretists ,Parish Church of England ,Pentecostal and Charismatic ,Plymouth Brethren ,Presbyterian Church of Wales ,Presbyterianism ,Protestant ,Protestant Churches without free churches ,Protestant Free Church of Germany ,Quaker ,Rastafari movement ,Reformed Church in Romania ,Reformed Churches in the Netherlands ,Roman Catholic; Latin Church; ,Russian Orthodox Church ,Rātana Church ,Santería ,Second Advent; Parousia ,Serbian Orthodox Church ,Seventh-day Adventist Church ,Shenism (Chinese Religion) ,Shia ,"Shinto, Animism ",Sikhism ,Slovak Greek Catholic Church ,Spiritism ,Spiritual Baptists ,Spiritualist Church ,Sunni ,Taoism (Han Chinese) ,The African Church ,The Church of Jesus Christ of Latter-day Saints ,The Salvation Army ,The Satanic Temple ,Ukrainian Greek Catholic Church ,Umbanda ,Unitarian Church of Transylvania ,Unitarian and Universalism ,United Church of Christ in the Philippines ,United Evangelical Church in Nigeria ,Uniting Church in Australia ,Vietnam Ancestral worshipping / Tradition ,Vodou ,Wicca-Pagan Witchcraft ,World Missionary Movement ,Xuanyuan jiao ,Yiguandao ,Zion Christian Church ,Zoroastrianism 
Adventist movement (Seventh Day ,0.0,4.327201423078723,13.365783910409435,181.55387196554298,18.191131811992925,12.670494528460235,19.626967670864023,3.86724674048243,8.766779809389513,12.378672599088759,9.776981985605605,5.373140633961864,1.9920075486334885,7.8451771989045715,6.102616759839184,5.067309603477189,4.328472331170676,17.32679202267302,26.413830908929295,9.630252481965575,6.7499899835068575,6.273422437852309,10.376520398579707,11.0368944272918,4.15295419509937,31.543228236206943,9.017858466233733,7.328932887355953,6.414349316137599,1.8933631056918727,3.796233159125327,10.610694834426184,40.41456943510956,6.816971524667363,593.2015588774151,2.9878201466450833,3.585576193943927,3.1146237314950613,10.294542826343024,10.244872204244329,28.8042801996262,18.17070387995103,15.155266424296919,2.9584536904801806,9.502549885060319,8.238456138325171,11.874851060706455,8.008826125517857,4.107218428786127,8.55756036999367,6.316637520505992,4.112636717193387,180.95847506189878,16.7709875923849,2.0385097358781565,8.625079762923653,1.984120937991807,2.016046098096857,6.174426618368519,11.693938224643537,20.758836936468175,8.927399295207373,14.710154234356109,3.293750695525069,6.6083169565767195,7.201912599020557,1.541092112520684,10.427027092252752,19.31143224834449,29.65647698012752,7.1332470502876575,15.64049626689379,6.9494144111211895,6.086120083128357,10.03849763844984,15.100301514545244,8.325786268159138,62.382845362940856,12.800562560966771,1.081327402755974,10.108057027128384,14.147555647307724,7.829607089277629,6.2882711079296945,6.317410426090622,17.45825616972265,6.68279885718343,7.946627416094476,7.51543883773076,7.16732686413222,12.800489533754982,8.706489152556685,11.487630243167393,5.9818365130123725,120.88649145399032,4.5951059020245815,18.76866614089176,4.539618276460382,5.36392833746449,21.761776555835795,9.96486260018709,21.01420617316291,6.000270926961692,2.3106260166202373,14.23598932192251,18.95694592534119,5.971312857308293,10.505081014397378,9.54740132410195,10.3799947418574,9.489749530583952,3.0752679603287447,8.905075220792096,6.748840947559695,34.08635452741417,70.75745830121926,8.007013691347858,10.054979455063544,7.457643169909653,6.627540703898665,1.7996393226656384,11.745596581551737,9.673364114127741,11.845458833490211,65.24346776130771,6.869020003419534,5.897746269950511,12.156727714267001,12.776464915234444,5.607898801137806,3.1029760896757503,6.593698957054268,9.797657765240817,2.878425090573405,9.437268863371747,356.3632768476808,23.914145132193834,8.445042858793197,2.769923015642192,7.353598095049168,11.307837980249827,103.3120958003059,12.708303990542662
Adventist movement (Sunday observing) ,4.327201423078723,0.0,4.694381324146729,29.952319072852735,20.639294286884436,9.181222157583424,9.37986173664815,11.79145033519678,26.16572668024872,5.925405892736858,15.060413516109744,4.542176097519147,5.610256118581385,6.87226091467033,2.1656766646420986,14.87749877492603,3.652736317516963,8.8418110878078,10.1248274651717,3.020049038311796,2.8767092259588316,4.294296262361213,6.86348317001266,4.00449189682935,13.107268064275036,6.499530778539391,29.489296044416644,17.449453730257876,12.382828661679483,3.7738608219297025,2.666083537949587,32.23625436663151,11.46557758895581,29.164750695524376,92.54381823579432,5.295823692879321,1.9424934697437148,7.487597239349623,3.455771769977134,6.281009118090856,4.93439343819975,5.804631963083421,8.838429737501198,4.988991651244131,9.120988644229547,8.785756676939682,6.16818021085965,3.2914409791491472,3.0392648821425308,3.677295901657668,3.691911554122777,2.2405316061553986,37.5318791028929,5.8273752275159,5.632339921448682,6.05943137061435,5.050929507547125,4.111600222194461,2.5781497547207897,6.270389900188592,10.953096607617177,37.77955005225025,16.44366633129123,6.163007542363015,23.4318898605123,3.1392605183641766,4.370787997438633,5.810888001356983,10.784160365240748,10.291633771037706,2.772053508182113,11.494106725284471,3.9212536046691873,13.416824522117183,6.218552363361236,58.885374005280255,44.956374540786655,8.233363396818888,53.69911400841335,5.062360822358566,14.695924945490159,6.435615536963813,14.47076564561356,2.31361542083876,2.529008282500585,4.247845193373409,2.6572470478500625,3.8139869986245554,29.447148832995207,1.3628394970301978,7.5822089380599955,6.231179459563914,5.734761939410389,1.9212170641315727,17.53278911284437,11.175100175261324,10.533770457416553,12.423424249579362,16.24537114211528,9.296044747396701,4.847077879942293,12.27419713422115,2.569171931124012,3.757121201328215,5.153970194172613,3.9979977223540413,11.808750129087503,16.765929616436754,5.070700722266861,6.4692612078136555,7.010689556103199,3.9034239422014285,10.094406670892969,2.927545770527038,12.73101063006243,41.584842873505565,22.07668681058231,6.101259986882411,4.097961913902431,2.3233481381518324,6.7127883688565975,7.857967668284302,4.623686173944362,3.137035915361761,9.301004308575394,3.788688371319501,5.347653003090437,45.29912185494526,3.7742477919528117,4.849922525391422,5.60441269792804,22.872503753190102,36.91249823053468,12.112962496943632,4.876178975948868,55.59528938960246,6.022778407150156,8.5969414048067,3.616726583681007,26.780474716927362,3.7675984000885454,18.082912807316593,8.957722647655936
African traditional religions Ethnic ,13.365783910409435,4.694381324146729,0.0,25.594506382563445,38.140212149121936,19.410224202512673,12.469489730967323,13.17627635889464,31.219504779510572,17.51383100977592,36.382183546872916,15.28784848227848,15.604161464294233,19.47168920727964,7.2255679398490305,16.617898975489428,13.10612984385838,16.993254005300102,17.02874601070189,10.51240307597618,6.43741694532553,6.145715384978771,16.723657716672335,5.9507324337685965,24.517717820600094,4.655630543082431,85.29135114374697,41.18442721887667,15.428002335714003,11.423019777287925,7.618937150803983,24.92666279463967,18.481723537576688,23.181238520071908,39.709671939665704,16.261977061930363,6.4865582487439335,12.856251448141771,4.622947489221938,10.799628120365652,9.741632404307065,6.478306536200388,22.56192852057662,12.44420433610478,4.057879782961304,15.963529711131034,8.551859201091165,9.853514495847033,10.058475794536944,6.267581139171735,6.939593651803589,7.209722690402423,19.065204053855858,9.501593050186191,18.56432746438005,12.163656929381128,13.446668133403753,11.526773596137545,6.1263800416955325,17.418619976688905,16.594229197084513,28.824444714977474,28.451552849689346,14.426716035421649,16.27600629280568,7.08943200072173,13.210171169320969,20.138627456117863,23.251403786375278,15.771251105048453,7.94945377950764,19.963140400348262,7.1757628083696305,24.226706190136547,11.259191398704015,40.2242506498547,28.083878831792283,10.856325129786045,72.42950234449644,15.555905210577494,36.36569260774098,9.965334186466821,34.18677796221771,7.627322044281106,6.3761532118618085,4.967944789721492,7.735915135180899,4.98791591897316,24.57168945344034,5.069293138412304,15.078051135570558,7.9117435699052105,13.715827801374724,9.673358844950583,15.670176902790661,24.64740694925959,15.643233215313625,19.11194794839865,14.76373065910669,10.622820107633526,13.572186409929,12.566392272258895,8.062712491767602,9.117502965621453,3.1421821155650114,6.780988509946972,24.738536841054227,37.40821983346746,6.987144768771998,10.979854339893553,18.457799332550696,11.216089224251343,7.469099106727673,8.688490467353907,20.652239205951098,50.538179245903905,17.365488027743197,11.016914925138414,5.604946685815589,4.91439591432838,13.279846464958174,11.212814915978047,17.83591459113595,6.0735180747825845,5.573212116598571,6.712298968622452,13.279866799558828,29.826281954223038,5.486688581459343,8.673053201030699,14.260042129474725,42.98768198335136,43.022754340212266,24.580355402000496,5.78758504709438,30.702318658986695,2.659672153921456,11.146182810821657,14.151510977129114,20.77715094429557,5.528976989841903,16.460984557147864,19.033546488234467
Ahl-i Hadith ,181.55387196554298,29.952319072852735,25.594506382563445,0.0,2.883574004655934,24.370353476437636,10.8450712354733,337.385693558689,579.0533684974487,13.71034571485303,19.08090921847481,34.09635017304604,338.38181285639723,34.12397813660483,13.321791814432546,410.98726427014225,37.10171190122694,18.49780632548371,11.13354845243384,18.692879087054965,22.155211439875796,90.285225482644,37.10355403373454,24.593516476068512,492.56648621036624,24.588071414465045,225.62210087552265,24.963992416941597,277.7778025748729,354.83554272594534,66.42875070892248,788.9724229420816,16.951836538842993,597.3276660528304,20.228336878001237,224.98582336064868,117.9257845482377,222.06302703494387,23.44565161493349,19.636489644254695,16.446911490076182,22.61543920760745,19.83632161601575,290.95453358905314,213.95712178479602,13.901316060897573,23.776615544248692,13.384136203944715,87.54308840179537,29.729777254046432,66.91111174391472,20.54955310659745,16.695745311252974,18.624059033721583,299.1198605107807,59.290013235557076,279.52034256523496,200.14829274744804,29.626526914705774,10.18492946591515,30.75980244251239,496.3992632320552,49.24398599183543,94.41083657156751,548.8607720798884,14.554022263298217,246.50169033760974,7.885447527054976,10.938231665456662,10.475544931903846,10.233546528177458,7.140508762825679,67.72151646475717,395.57749455108717,39.78162720527445,947.7877903293703,520.1647578682906,18.93177809141453,1049.5025800410797,244.19323062034468,8.937743966405755,20.00926233997386,61.89176612270867,20.917443611474884,45.33198468778046,24.336991950058934,37.93425308835121,81.7951782119949,511.6315457278562,16.74826315270426,24.18888987293465,18.98623134480164,11.90258947275893,10.138654410444005,9.813479634260291,389.6816115295517,8.394031282815874,248.2942257155628,625.9890900170626,13.404452039143653,21.64295712359169,25.274506667696013,42.70556666547174,233.19324376050886,48.13643877598169,23.52389315956447,61.00064600761984,23.462113217154,19.78349984900345,44.83114156356142,53.73087354779835,210.00311230247902,22.280901876801614,11.117732264965632,17.233388832670894,5.568651526681237,636.6282962495493,10.257249181849799,43.077413471051266,20.702406487412166,331.9918957319495,76.29819152382328,9.430102064940504,20.563206626004924,12.858919872614614,69.26204676907895,55.881039312194346,677.5532838750961,45.65005802885135,85.5361252963232,95.59273640855334,176.82703483125402,862.7860519101132,480.37009821502585,77.75491875836845,10.405771366966993,23.8131577301931,113.24424008217972,137.89698991148785,466.7496141131374,24.595030662716482,7.4262084587003,20.76008256865131
Ahmadiyya ,18.191131811992925,20.639294286884436,38.140212149121936,2.883574004655934,0.0,10.801155730428354,21.277782448367308,29.699944742649986,47.14763779605291,15.847242572421473,7.313865022091778,9.902917140097404,26.43792207088739,10.992501251610749,17.823624418382717,37.70128382423598,9.501706542051643,11.2329732417894,12.476555387365066,22.79753770332429,21.17269933946745,18.895308950023527,14.500681049646664,23.661447520165666,27.728611602809696,41.6210857647685,20.32995022805478,8.570291084004152,23.87629794950344,23.129145370906986,18.77910354728462,61.62920234694674,13.847460902951024,43.66484710760036,43.25870161564886,17.853411397255414,16.624520039106123,20.568357263149583,17.345722222935013,40.152675432530565,19.494096468512502,46.51781631809981,16.321982784862715,22.154193667947116,24.68756085286505,28.778311539634064,45.44876079349964,20.386998091064058,15.817107071831597,31.386952653414095,18.61900743134946,21.684948786893635,39.05128850131425,19.193725452315793,20.191698444262528,10.894062022429422,28.348848650023843,21.26853157527742,30.166083413184268,14.302999281357202,26.570071224705266,47.489927977452,11.34512536104642,12.33374634396839,42.73404423494994,17.078174182200456,21.50599885578516,14.990259043747926,7.700679759312396,11.37830490627704,17.343188478421112,12.109303882972496,22.88132962475243,30.574245005815822,17.172768866024864,64.66852357291621,41.69525689742082,39.29013792659035,71.42987894537451,21.864348554430336,5.803799578639042,17.848760023419292,9.565781569354137,15.468795119727623,14.809913981416203,36.88883004560595,18.411965625185818,17.873604908894023,30.781998163661584,28.671334408224887,43.297471335739694,33.57776337957428,17.87779783308826,22.820347384156932,15.19067195537597,31.602826182550757,16.208461679297383,23.141664372445913,46.84926347375884,24.510456879426222,17.99751229880542,60.49931279462854,19.531456896021343,21.53627425098311,25.592138624572467,21.464433708741186,8.414151735046447,16.08182738513931,32.81212908065821,14.93330627069524,13.309182773181567,19.114802929670944,43.871322266889365,14.78059231389175,14.241748287469834,16.24404605081517,47.26294738279541,15.03569957784108,27.651940314312764,25.93231133422296,27.70621196572049,18.373431631796045,14.150332410218711,38.87051532777531,23.08489832803051,24.26569269732128,13.5444930126952,51.93683654839366,22.5039133926558,19.782649752078445,10.302929573095788,21.418108502385085,51.249690970560856,32.61412635262395,23.29144546770385,23.459276113517177,33.60278250863575,20.23964063673406,14.794075168678592,28.614618414197622,29.414559080768996,11.422238746152082,8.234118132033865
American Israelism and Latter Day Saint movement ,12.670494528460235,9.181222157583424,19.410224202512673,24.370353476437636,10.801155730428354,0.0,4.334810963971638,15.244947501275934,31.171293276394255,40.89947883092527,1.8275416380994272,2.7993168051570168,18.049659412005052,4.100653460774797,3.3289944011632904,19.39936567772509,4.704962806318812,1.59019002088974,5.523654448313527,6.731628501172339,10.846786315575757,10.661638937378271,3.946580511480448,11.758107962245951,32.46213422661228,22.432138275682153,19.63856632684088,1.3338221042403622,16.470543443629467,16.899466940669182,9.382432511378239,34.97269390129214,6.097638831446513,31.929721005402865,27.919297153715686,16.27309938531793,9.15902478138225,16.898950882420216,9.383198793124903,29.029987558475295,13.330579585900592,23.450810805092743,4.742278481591447,18.805823349666294,17.501885105161993,30.740382346485465,27.43877238944222,4.716759816453599,11.568594178746778,14.772407686805023,10.690060279875231,11.821101588143327,19.18502200213496,4.746369420534286,15.567900633087,9.16539131164412,13.447822610435676,14.598341264514328,12.949852872743206,4.5847733240772675,11.826792140234561,28.619688270345424,5.411526606552332,10.498506493940544,30.644681098545203,3.226857086407271,12.58036019978335,7.009218090982184,2.69334596578633,3.9102433666586984,4.957275437503187,3.9224164064906932,11.417909759317975,21.515302210177023,4.918400167978091,48.404962811797105,32.11121141301287,32.15891159590416,70.26198840613357,13.506974213851699,2.9115698621803525,5.349876506876677,6.310015289059447,3.5114116477446817,7.29898507807982,18.537941443636022,9.520673908677319,8.563101265307845,31.03626056210817,16.547795147837036,31.253265436098452,25.271453586618147,4.02429814036068,11.090651886324142,9.985063066555385,22.332641073926567,7.616239574252965,13.12208505457097,32.62541782420724,7.296270718627225,3.756320383807119,35.55763567851862,9.850640571078104,14.348166491851101,13.112953858598821,14.396932559768212,6.099364737778865,2.5334058416407976,20.5707657870041,5.226902758481611,7.083325173544021,13.551386964661324,37.71066184224326,3.867833446278905,3.348158133584749,12.045026699419804,28.07400555411437,4.232484308964936,13.090964471939872,9.84064333687533,15.572222881820235,8.755894256667919,21.26461408730799,14.687177996836429,6.302202070413698,11.543317299153696,5.607609702071005,35.22865719848315,13.493764808467851,10.519131060402584,8.726694746458756,8.23461977842115,49.4354520530828,30.406550094919655,11.811368818710855,16.267267737854063,19.10305110059482,10.301796773196564,12.426726434848158,26.100439421690893,11.232602222845381,8.39917476164333,3.896853482248827
Anglican ,19.626967670864023,9.37986173664815,12.469489730967323,10.8450712354733,21.277782448367308,4.334810963971638,0.0,11.794539095233675,73.77953131078009,4.72947252528325,9.866078166539909,4.712751910099982,20.197465002754797,17.34469966838589,3.51084164007569,15.438143661891486,5.965532185999421,4.353282936689822,5.656066593060078,3.7745050031065803,12.646386397775714,22.733432548420385,16.158183934947463,6.448336927762861,52.129952728106446,8.4565014935933,184.89072152922313,8.6754650473733,12.914347731607782,20.890430332271766,10.437523872533005,29.255466067100674,5.454224972031826,24.487015790554842,6.419361334816795,23.110007685319548,7.448280123109824,17.087511786270532,7.079958946593034,9.176267154807485,9.522874570283706,7.400965293035511,3.2552990202613605,19.04793352008662,35.416125048491054,10.245842293181125,9.157099418050754,3.4430760760016406,19.447230478048596,13.028673974120396,16.646714710433113,10.367291987454287,6.289430829816208,2.5846258370135193,21.43619788749692,8.196190756388985,19.14824051308586,23.70793172397022,11.433945200610003,3.56421213158898,22.249282841448636,24.756265131753608,9.909311575090662,15.498732180613937,82.19615788044972,4.6168020238859535,11.821034589019362,9.33035308418414,7.2705348529405684,5.5043860946310375,3.7446060323842696,2.700430156421985,20.164409872641038,30.215158995914067,3.1968931319742535,88.34308236240125,79.74078852890432,10.826291770808169,220.239203899431,16.433310275548497,8.523364097539325,0.8710169702664463,15.55923691373248,4.349093703438481,5.393356736500139,7.830337982745359,10.636303052933751,6.874460828920774,19.09408061349545,8.141512397352086,9.281653962165358,9.216370033745449,1.9810187854989552,4.353901016872653,6.143804869321965,24.190978140230804,3.5283700350944707,11.079665554161956,41.84709493112128,0.8024659856416575,1.7501027922753436,10.191078609199435,10.833098517315996,19.481894236554936,22.52822438702014,9.09007472415349,8.461935775500686,3.0057085325514805,9.939143328019831,1.9308700405713197,9.302895952343661,23.20013271180862,9.894036009237686,4.385198442053174,7.554520464855296,9.094497633666293,31.19790960325519,4.267692069574899,18.390288506417807,7.246550031566695,15.01739712906409,8.258872637964547,10.10400452419037,5.780290625093427,4.728602429891366,19.15574490088406,11.059700696105752,31.65323541637479,14.514757148900744,13.442315919349141,8.684786836529232,11.823900839282429,124.39809767193313,54.47976880981668,10.762928490866905,7.846502721809493,14.90428316616917,14.639894764275285,19.80902725704912,24.78920612593035,8.992103883967927,5.014750073112193,11.9324699507653
Anglican Catholic Church ,3.86724674048243,11.79145033519678,13.17627635889464,337.385693558689,29.699944742649986,15.244947501275934,11.794539095233675,0.0,4.537037037037037,28.254051129324154,15.969610859623769,9.561464650794331,2.8703703703703702,10.395963854834601,11.707860997989966,1.3888888888888888,9.444181733239565,19.119273479229808,39.23836921806687,11.216047793121005,13.951125289389696,6.969048135765623,11.807027965989768,11.541936147155512,4.407407407407407,29.63981745087457,12.498214166826697,7.9631363324259095,2.050358572925892,2.5555555555555554,5.710122209300656,2.5462962962962963,50.585089376698186,3.425925925925926,683.6545969382884,5.699775812182527,3.430342517561868,3.410368640443058,11.713140867874365,13.514301216286205,22.58329501721319,6.143255686032915,19.222595775933925,3.455541770057899,11.895045635617159,43.309251387197506,9.693728400642208,10.765591206834134,11.269107001022826,10.133849074370936,13.125472719293759,10.567696087235667,206.52278448397317,11.899236431031895,3.259259259259259,14.641113640186179,2.814814814814815,4.673597204746435,6.648279660908948,18.939362087745923,23.708501261467518,3.0,16.30374687629502,6.407461080953675,3.037037037037037,15.296612381826034,1.4259259259259258,28.62401204768762,35.33511239368755,31.755779382608935,14.100348797582502,13.070999394189629,10.022380778170382,4.351851851851852,4.750130029263294,4.398148148148148,4.435185185185185,60.26765714602156,9.296296296296296,2.4537037037037037,17.109295795326368,10.743912438258649,11.834905137451042,11.192213418143853,6.282782367705999,6.252062644890999,7.427267067631967,5.514485433788551,3.814814814814815,19.192939396625903,11.032413600172934,13.656037514431452,13.052669435272364,9.36611350528303,174.05201428898167,4.75,33.559453605712044,2.7962962962962963,2.3055555555555554,12.280474586616208,11.462258969356059,6.272808514650939,4.844038626421715,3.963588936585531,15.493799042285987,36.692962456385764,6.422617816771042,12.114911858584607,12.090878115208882,8.528037065138008,11.969991342805292,4.120923301844354,8.026956354746002,14.849662785376397,50.58984128902703,87.61178604905643,2.2314814814814814,13.799563037996172,7.718586826186374,7.860754956233284,1.0092592592592593,5.2314292494559105,36.08178314552742,11.61102511912492,50.990935042210104,5.465267174655723,6.892488919698296,3.462962962962963,24.731007181168824,4.288952149979449,5.897185613418018,2.6688333117366763,5.342592592592593,4.37037037037037,5.315860416097404,438.4580559694251,25.553940086609803,4.788262910341026,7.640512870106325,3.425925925925926,12.773551120084733,160.37123936362266,22.511957273025317
Anthroposophy ,8.766779809389513,26.16572668024872,31.219504779510572,579.0533684974487,47.14763779605291,31.171293276394255,73.77953131078009,4.537037037037037,0.0,116.29533338067131,25.075042420144513,21.863414564351142,5.055555555555555,34.52217908905153,27.887752174138015,4.962962962962963,31.082460165356583,38.994789755659845,75.04031812676325,47.30312273853219,28.951599789010974,14.905953973674611,32.92746183130628,94.10426845795672,8.38888888888889,120.55356381446272,21.047529219887938,13.089768593741574,5.9934489740889845,5.851851851851852,23.625409641822277,5.731481481481482,93.19641715345757,6.925925925925926,2769.0883248833966,10.230145249647878,14.359252992386253,9.161571924146202,39.70206862541845,62.97617056682463,107.5937275967708,75.45499309970474,107.4179264198296,9.342202881183407,19.73504907676807,90.05777513670793,45.32714649848066,56.634489688403676,25.162421903156176,26.206627782882634,22.909237709657045,31.607681566940776,771.7056683117136,63.352952182409155,6.62962962962963,34.65744643052885,4.537037037037037,8.388160164656393,26.113449055886868,82.63678832326092,67.40036853424547,5.7407407407407405,26.681372835094063,19.463141627004152,3.0925925925925926,30.033424974775343,5.092592592592593,83.79808507204669,64.97715115335497,109.99287069540806,50.431155848580644,63.52698453855431,26.5341847931739,7.148148148148148,29.49223681104168,6.064814814814815,6.12037037037037,335.8000509458903,9.444444444444445,6.25,29.594112989860015,40.673443608316475,17.19374529890382,32.77881545183472,25.407091855677415,80.28059038690728,37.56466666657062,16.169180235697056,8.944444444444445,49.46450653236319,66.71041295599878,33.68564218041325,81.46992122334133,36.74518640605248,264.29857266341975,6.194444444444445,144.61805073604842,7.796296296296297,4.5092592592592595,97.25759138495727,62.265801864229694,76.5546704253883,32.892475095446244,9.43064490663053,29.84668032628087,95.20209016410355,11.832300895053129,53.29668384571362,33.500528496071595,26.953117861646703,16.016060862755605,8.994807254768991,20.788965499646103,37.73951681059941,84.36874634858631,282.71393735582905,4.601851851851852,59.21690785925702,20.36459031494424,33.904329980281304,5.157407407407407,20.117240328721117,84.80274971255888,58.61719280556423,414.33047014768505,15.846615515112878,25.24161575239415,6.37037037037037,56.14449290203687,13.765300229241243,14.647409908453076,6.895971972299007,4.0092592592592595,8.685185185185185,23.038738750300325,1687.6547833844281,83.34857912090943,12.433423497208404,16.4539067386354,6.611111111111111,49.26321978398004,268.19994786676244,51.72008144280506
Armenian Apostolic Church ,12.378672599088759,5.925405892736858,17.51383100977592,13.71034571485303,15.847242572421473,40.89947883092527,4.72947252528325,28.254051129324154,116.29533338067131,0.0,110.81798012909539,15.952677293360082,14.122568877442914,54.507833295707314,5.9900350307015415,34.28334944263856,3.323393567604733,8.94303344523422,4.40544309750388,1.9299887375284288,10.391045550206034,20.659414430486322,59.134746728452235,2.125526125632398,25.380213404177766,9.892556900522711,311.57621544823706,111.00075580315324,25.556542989612936,12.733703405656453,9.132807931885273,67.9495952141817,5.932805610834324,30.104915901606464,10.077661942619947,10.370226404501974,6.414112006717317,9.310641087274531,4.858821010831371,6.792115155364752,5.888343500577276,11.524594625842717,1.2550189685471567,9.057597104427458,34.38742607705382,5.716311753489357,9.330677453822902,2.257732926750124,9.582886786638275,11.908748801681293,11.756741552933978,8.86708789827546,12.82348111520493,7.2758432629790715,8.665893045802678,2.7623013829105747,13.571781951069724,19.787585407780668,11.902479515917811,1.3644072436285575,69.72639500839584,54.09014140835656,7.620827179856672,8.085571329329552,106.78778800372142,7.249833920113658,8.808862725285408,1.5716949694219067,31.547472591276605,14.293098741509302,3.469302422207241,4.602670672423728,15.056601622818516,20.376777332089706,27.02779110267861,147.16880307181933,100.01261109838404,7.192669826064551,286.4304970684013,8.844755150254707,75.22168657583768,10.999860242941184,7.873607950016823,12.084202711176795,3.5608918656749378,11.492639381992134,8.866848386584444,10.560462102704424,14.648197901027336,4.569792907199548,6.260241884919901,7.130838792648043,1.7004619831995897,2.2662475734541925,6.979891698246671,19.169568526498185,2.8729984689017947,11.139772172352592,46.66390488922304,7.654368349418864,1.454162144172958,14.897500710717182,9.166771423771179,15.910498727460844,22.856369700270857,4.1402071614892355,7.966674789350447,2.59920983357255,7.979852977757616,21.856943761804146,11.559853422336403,14.618879638677871,9.394672398888789,6.108983024910702,28.375175010317047,6.122273042040287,60.05795838138876,8.386153004264607,20.247789147255624,12.904934219793981,18.939552971846624,28.26331567152712,2.0887709009296236,4.864750889883653,5.5639953380993585,24.442446146508196,27.05320155911418,54.61850018408235,6.630810007899875,18.102731658842522,4.910664495168756,295.42791908627765,188.57527248175361,29.94233109722923,14.539519182415459,8.275911438934557,18.757546216676403,29.49784019274437,9.568488112112643,25.715448233227907,16.03660692812062,4.924017092775478,33.68414219310716
Assemblies of the Lord Jesus Christ ,9.776981985605605,15.060413516109744,36.382183546872916,19.08090921847481,7.313865022091778,1.8275416380994272,9.866078166539909,15.969610859623769,25.075042420144513,110.81798012909539,0.0,3.8704841863354336,14.955416407923183,5.81416023600611,6.703469594176699,21.90162151990839,6.299271848378712,3.2872173599960752,8.06611101598485,11.821102107801348,17.945081206756385,13.086575968021533,6.3852573202547775,22.42299618094678,22.08896777364621,41.717906079488564,13.793754939010661,0.7475314228819302,17.018723305368628,14.88170815641074,13.83076603465387,37.08023130704933,9.694031716859152,27.113740764848995,42.73358535529425,12.058782464560771,10.524966321866554,13.374453705549785,15.73072618779445,54.279099929228856,24.66327840738895,46.44646696140733,8.041332589527656,15.687631566159869,16.153456500350426,54.14237223735269,53.3721625815352,8.47991653770159,11.92647152609987,25.95273142207755,13.685065140239246,19.07105923433346,36.393769520376296,9.794999612605613,13.112378573467529,9.156162402235612,12.814135195501843,12.10802025361518,23.58129992489543,7.769170431111717,19.379862085177432,27.94451730423114,6.185533660756885,9.02613859834326,23.50942142066615,5.754016087120904,11.548244384203773,9.001606982713039,2.575283711187135,5.495332354287051,8.564012920278381,7.413299011552012,15.885401201369987,17.698697986959537,9.105385196711214,43.156465247067246,25.4342249237013,65.63788978862839,42.155612358257905,10.917314372115687,1.3998506304162373,10.593965868349777,4.753588663308057,6.586397831411734,10.609142098607922,34.906792037847225,15.463980894339521,11.61498246146067,24.016765553689265,28.41080392493616,60.28169181775459,50.03291145111976,7.842023900959539,20.809837171808233,14.769065330216293,18.53992254159092,13.276438228173422,13.411034095705121,26.87267991821952,13.31613184687698,7.8167033507879005,64.73727218321612,15.16711202877159,11.4515091048456,20.266494033272288,21.176602797610425,4.831786894555562,5.793672125730829,37.9388763690889,8.688804561486009,8.329196361077125,10.985916677159205,78.72155644048819,6.223132399344106,4.737629589615631,20.826715771071846,30.8462918010631,6.764911171163269,21.623534725690043,16.920356161322132,15.237008029704164,12.97853141207269,44.86385548342643,25.537391544868747,8.917433345166334,16.940947689651903,8.144021478516944,35.93631109918296,18.940550417562104,13.744149504606561,7.218417560781827,10.656674287512569,33.19423469609088,19.376957477312583,17.806044933706538,11.240555528414657,34.24066560378254,13.256622875814505,10.727666780086533,22.43619224545956,20.6746496818988,14.120344166132535,5.044447298337461
Assembly of God ,5.373140633961864,4.542176097519147,15.28784848227848,34.09635017304604,9.902917140097404,2.7993168051570168,4.712751910099982,9.561464650794331,21.863414564351142,15.952677293360082,3.8704841863354336,0.0,7.325493276853352,2.4853944772444803,1.1388034425442137,14.628691555310692,1.5935694989652274,3.12731209399896,5.543223441883589,3.5027100571610146,6.398597837547,6.931974153664465,3.3643741190239886,7.244011974858675,16.588854312496547,19.01162497962884,13.81781097956435,3.837188442897164,12.025467921385829,6.4200817280911044,6.23677925424732,31.15842814075473,8.434761150770901,23.55112063679418,100.49734948679935,6.675724454114483,4.900840600130817,8.405088697461881,6.417119122859022,17.50551581867115,7.688352766781641,16.324657450247013,5.305975097730329,8.519478051346804,12.033347751358988,17.865292021457524,16.475849071178928,2.89881915802116,5.655921837509795,10.444444877711614,6.960536272542031,6.261161620983506,39.97077978988755,4.250817351733065,6.029410250201557,4.893745532485922,6.968802134752453,6.746205294841328,8.824752144335658,2.799329338245926,11.760995567481404,26.92307927800862,6.482811410995466,6.280487013881766,20.662642709600917,1.530226378044451,4.9738498115379945,2.9529680415639006,4.142278690849314,5.472580871025057,2.1846586914371655,4.239998992918838,7.919836378998964,12.354655048278628,4.636006291753482,42.93867330474729,27.496157164980676,22.561365463675585,47.64489264548265,5.187730878159482,3.979874406576094,4.196357312327548,5.123949746462186,1.7844713423700904,3.7444289952087995,12.917355334504258,5.491807403496965,5.489588084273695,23.13858412778911,8.867665386965847,14.54459426560679,16.950219487192008,3.4621661400000145,3.037183313821412,18.54286038855758,11.389358091570207,6.534615004594441,10.317657721188155,21.009227431079257,6.70768428283426,2.5921165133687576,26.846193234697868,6.111730410246265,4.814224923195285,11.49415728950635,9.690123567809461,5.1520667386409045,2.0183066729666312,13.986412022768333,4.187872806688261,5.198171715978241,5.160210454086977,27.36175129088034,1.255353884355031,8.685578134090596,18.427708932961696,22.77932449516717,2.648247351916621,9.87290124887995,6.081854540507833,7.4347560875855425,7.539564784227787,16.31499273361419,9.635524519147054,15.60333753436378,8.10911936129414,3.917393098492601,33.865068094962766,10.033562570840832,6.978424291580977,4.426149148232967,10.178402974969035,29.952339807898714,17.325633944722384,9.350621125699734,59.47650686876554,16.768182379696185,8.492449294775346,5.0454579437301765,19.21297613871129,8.046597953376057,17.28272110997393,3.8858040934513585
Australian Christian Church (Asemblies of God) ,1.9920075486334885,5.610256118581385,15.604161464294233,338.38181285639723,26.43792207088739,18.049659412005052,20.197465002754797,2.8703703703703702,5.055555555555555,14.122568877442914,14.955416407923183,7.325493276853352,0.0,9.347563207809381,8.094919246385379,2.7037037037037037,5.403875291016909,25.774085265153158,36.928463817349495,10.871582100002,8.013228979070172,6.518565164480707,14.098643437289455,12.706538148601894,2.8703703703703702,42.79462738677135,9.73976899750848,8.779305384529556,5.059305615828793,1.4074074074074074,5.66583369649235,5.601851851851852,67.38514375710263,3.611111111111111,1501.278678157526,1.6555433411333647,4.2292877202506,2.7869729717481095,12.482311403579864,8.153196296918324,20.620675670538184,14.177359577945534,17.641444986465356,2.430141731499966,11.090989544206938,10.831070042937686,11.21636138034256,10.25550580133776,3.673187013128104,8.125592057969603,6.710864618743973,6.9701090736557845,391.0211173219344,19.408852827277705,1.1296296296296295,10.597380196987494,1.6111111111111112,1.952897349240168,6.562159369824361,17.03705423100195,29.58407938996248,5.092592592592593,19.698936012610435,5.974678651035151,4.0,12.09788219612595,1.1666666666666667,16.643727818227486,31.58383753200355,43.58816206748082,9.477394664645637,19.436863650941163,7.754100019522616,3.3333333333333335,9.866663134950887,9.49074074074074,5.824074074074074,37.379673268228174,9.74074074074074,1.4166666666666667,13.990476391759062,14.442485641616257,10.859840064591678,7.804956071071088,7.974852383724997,11.65210758945846,5.946557303669358,8.575069347846343,5.166666666666667,7.949516355671597,11.254414113817448,9.643683425622877,13.709853652448825,7.010053247382306,235.43196119139395,1.6203703703703705,24.047586244196,3.2777777777777777,3.935185185185185,19.365607755012235,12.061755169258317,17.320410277065008,4.516873915710698,1.9631162756162757,15.159936093864815,17.80308102007315,5.8058595750128,13.990502320730062,9.960878476143966,11.671359574880851,11.426785183049137,2.449084673140276,10.452855824327743,9.613711852826462,59.89475018200954,126.76709094343413,4.453703703703703,14.958447322528095,7.708185537642381,8.691449930745254,1.6018518518518519,11.566196411255717,14.855140280723516,12.521767920913149,115.025733546839,6.531493612122041,7.368522524139297,7.37037037037037,16.331243259533068,5.221545713211997,4.100387871968117,5.9304610420909585,6.5092592592592595,3.537037037037037,8.056454383788758,883.2356476539518,33.76543520566115,9.793725597408395,1.9250800121924674,4.203703703703703,12.22000370811857,194.7142221369019,21.382145984297
Bahai Faith ,7.8451771989045715,6.87226091467033,19.47168920727964,34.12397813660483,10.992501251610749,4.100653460774797,17.34469966838589,10.395963854834601,34.52217908905153,54.507833295707314,5.81416023600611,2.4853944772444803,9.347563207809381,0.0,4.4816019954436435,16.011996560743864,2.4459065881721465,4.837228796334534,7.268590933288833,4.158132136371323,12.367684370676548,9.782707613324355,2.0849725913698554,382.9059566011091,19.305644764369895,19.599358369554697,8.080858963866083,6.173327083540109,12.556177320107151,8.751732811391049,7.425924972552754,36.82807662769569,7.811850859942175,26.382026049125013,38.958222882874125,9.303452122393344,4.654901817297123,9.085027976809645,7.813999829259611,35.27495111714124,11.648947422420804,19.789751947639655,3.1597923238822214,9.977242746981393,13.78276204544255,38.75106956964815,33.05779146671494,2.1555846558849865,8.173799090747686,15.025264536194802,9.228044107928545,12.248237179450863,14.656452867327463,3.8953422615552746,7.945890317978921,4.732256999902193,9.522562177966801,9.589705960170834,12.699964985016198,3.6039299581453217,6.890262249732627,28.305801668540315,7.823722857216114,6.198898716037023,28.265974210728853,6.18360108280354,5.2535213381394446,3.858815361706771,4.1532024409476085,3.5007095195133635,2.013004735797872,7.40673614511333,10.690337102457173,18.098716443658912,5.181484781184632,54.694104947070564,33.57786975343327,28.814844600405582,69.57056931393896,6.603437189998573,4.430419371561667,5.220425110136592,5.914039143310453,2.446228384976422,4.754488897547619,14.112000287418017,7.970597203761769,6.471961038350661,22.518301260875305,14.084561532860281,26.915235641617684,35.75894480887905,2.0583540217140452,8.80037659394208,19.381184080674572,15.949119549529883,5.470700696655944,9.16967726734829,25.93119679198992,10.467562278318134,2.3448731399372953,40.20971730975196,7.942066167959002,8.652087126510523,13.149037167034148,8.745094985929283,4.157723817594991,2.213549066173467,25.464240078455013,4.844271932659004,7.230984733695324,9.159985706354231,57.99433046600813,2.0399557566231303,9.56964596829575,8.420515916082264,28.00998758858293,3.730087997806665,13.313469304795207,5.741462379330061,7.581603259295112,6.774014572086486,21.36251070516925,9.558432793057225,6.2821897531730215,11.082994538047329,2.008472977150463,41.04558174576807,9.665955488508006,9.132944832656257,4.009520981906001,10.42753859467725,49.513164737237794,22.167580172732574,9.500118079563745,20.41934175719792,19.565973028384228,10.258253206372402,7.101429226397378,26.081428579789016,5.901232013427729,19.226772583564557,2.421183685557864
Baptist ,6.102616759839184,2.1656766646420986,7.2255679398490305,13.321791814432546,17.823624418382717,3.3289944011632904,3.51084164007569,11.707860997989966,27.887752174138015,5.9900350307015415,6.703469594176699,1.1388034425442137,8.094919246385379,4.4816019954436435,0.0,14.983009225026015,1.3791240576771988,3.5500364527304273,4.987260709399707,1.72318742547651,3.31891500664206,6.223012175999641,4.342539928452639,8.131956254786557,18.71568102217005,7.244100176463915,31.04478256154333,6.66282358962904,13.67547406333883,5.588560731848001,4.0080515111549895,37.358765540875126,6.269795825731172,27.874564253473203,24.36799770716346,8.091849912275027,3.479001632083063,10.087880093104703,3.945193485667537,6.327158306206666,4.0738537968698365,6.477466935513439,4.586502975001419,9.201763548264292,15.731735813579705,7.268774844301099,6.632174728166202,1.9577890625107135,4.90173964193154,5.505500541368458,5.4335551343002475,3.162665531785123,13.130588633430872,2.5546508443262304,7.39996899297708,5.910727047996731,7.5760184755986195,6.5914210358713365,3.8223976554144024,2.3923641390879853,10.382850343988164,33.06245183708048,10.776132645274346,6.001049066887765,23.311515876223094,0.9930314762957009,5.051046177326346,2.9238583041392068,4.797921628831326,4.167952791292287,1.0877856625619702,4.595844994273002,6.11127988624851,14.55657633521486,4.255260114760479,54.17847940182797,35.20360544235581,6.341146997171893,56.425114540791185,6.75542808236437,7.038131089534104,3.099169890085228,8.43361822655401,0.7008604792590051,2.771335990249748,5.434771310182396,3.3125007044591928,5.825115398928462,28.330619089342832,3.623569911629827,7.68114959770819,5.754953914801381,2.272553801785496,1.6027767247269447,7.4677263555989635,13.290440533793424,3.8643659469098255,11.143263881191123,18.82292110015982,3.902345071563978,1.6296516186843253,10.412266653767198,3.89957769691691,4.749290028083324,8.785731326944541,5.262451772265832,8.883179288731949,4.013118179434037,5.492042356427508,3.9570145757365083,6.554003994657369,5.586325792525016,9.20427425540299,0.9842649107997511,7.2613600164031675,16.47189498108094,24.30368212977542,2.1907417820284256,6.288064431688087,3.130123443248372,7.495810162685917,7.222141517026195,7.035589344254101,4.188257307158697,3.495598366576336,5.456932416498968,3.0473346894052944,44.68866197999684,6.872187148476213,7.214722207749457,5.082686529973107,12.94749318069203,39.885989658882714,17.372272304853393,8.364813355793588,15.687035794705146,8.109635984245744,9.358462575021312,5.700061471878687,24.605644283752785,4.168942852652886,6.892845725543459,5.219836630326883
Baptist Union of Wales ,5.067309603477189,14.87749877492603,16.617898975489428,410.98726427014225,37.70128382423598,19.39936567772509,15.438143661891486,1.3888888888888888,4.962962962962963,34.28334944263856,21.90162151990839,14.628691555310692,2.7037037037037037,16.011996560743864,14.983009225026015,0.0,12.764412425173544,24.683725515083758,55.3868148982003,17.64444859719551,19.417729333025292,11.237821515976954,17.324823055391644,15.635508329819967,5.574074074074074,31.13708002172957,14.362050598239746,10.664917600569485,2.0736705452510225,2.8518518518518516,6.987188711073952,2.4537037037037037,64.04260193629946,4.185185185185185,1223.1042407222226,6.677627378208773,4.684732048072684,5.608515131723038,20.36053703248378,19.51967327730941,26.59420730483021,6.8551342575148855,24.57965150824703,5.171294846008344,15.379413204804926,55.083115394845926,13.697336196832861,15.968514237237404,14.07228823743465,13.159858339932578,16.999697172603117,15.667948941075895,314.37135757715185,13.236148190750065,4.055555555555555,23.81639419333483,2.888888888888889,5.393168539819994,8.897012875889006,29.374535065233072,33.844784876339865,2.8333333333333335,22.083603989555357,10.249379124121374,3.537037037037037,21.660480392767223,2.074074074074074,40.63459578819293,42.6253094543452,46.42195550585604,19.292653034824575,17.48285866709459,15.000660022048221,4.62962962962963,7.200839232996874,5.527777777777778,5.601851851851852,36.90908819603962,10.518518518518519,3.75,21.365978999618974,13.556628419208813,15.522930002554402,13.83707655236176,10.493355304297836,7.141528433660486,9.681376721651603,10.088139485691643,5.981481481481482,23.295842412589764,14.67724232570354,18.368697911999167,18.036867913947095,13.525551089194202,220.49933184634452,4.472222222222222,40.377417269250365,3.4074074074074074,1.8796296296296295,15.17077809128966,16.235455262847196,7.414452932394999,6.792152254682676,5.261499946163301,21.961132230821086,59.079027009824166,8.771837572240797,17.83381323766027,15.854695962851705,10.975522290938768,13.923302896571617,5.842690026091666,12.989242770767342,22.04315542198097,60.10736524949539,120.84387961779838,1.212962962962963,23.670453115040225,11.109644687092942,10.003545577751781,1.712962962962963,5.1783144613613805,50.075722811015964,17.843271685255786,39.99142138494508,7.06287484797036,9.579767784007654,3.7222222222222223,36.55743285216302,6.573790003145569,8.58669238207717,3.5906684633520154,7.027777777777778,5.87037037037037,6.821043271886158,757.1106042520399,26.27992308995725,5.970994362047043,9.010809588427882,4.2592592592592595,16.784787872332554,201.80310951232698,29.374876255948287
Bible Students and splinter groups ,4.328472331170676,3.652736317516963,13.10612984385838,37.10171190122694,9.501706542051643,4.704962806318812,5.965532185999421,9.444181733239565,31.082460165356583,3.323393567604733,6.299271848378712,1.5935694989652274,5.403875291016909,2.4459065881721465,1.3791240576771988,12.764412425173544,0.0,4.853182634447846,6.456788075685633,3.463026401729053,5.358239072133158,6.460736417436249,3.767192524412314,4.9456070604793005,13.323691748567523,15.777873525410795,13.07155984035462,6.311525306419145,11.140213436273337,4.1231826762532044,4.38498461519787,33.725589497039515,8.980744356567975,21.21687318337254,102.00751618597806,5.642501152597317,3.5738984813905628,6.4360194319955815,5.4192470222011195,12.835920468382325,5.663575942828023,10.947578163550974,4.889531682398273,6.720888442486163,12.207059767196789,12.380975521164544,9.867240636948884,2.8514427813917695,4.389113141177883,8.725275280275573,5.722200712502337,4.97527683434772,46.9557764554029,4.053683290339562,4.0521147624855525,4.37145298916428,6.793474632200976,6.009469391410545,6.459668074274954,2.6045919071906884,11.479168988732136,26.837502503816513,7.541484911651871,4.408928433203762,20.36991292314685,2.4911812873495003,2.912591199657559,2.2565001900278663,5.373066547830615,5.669731885564341,1.8664200654531429,4.723499909811496,7.2756449438834006,12.592364131384022,4.3949855221250544,45.67367366969796,25.90859694788831,14.199672365148935,54.39997330939556,3.7942095883669356,5.067732671961824,4.608859077341485,6.083809093341053,2.1737626565272095,2.975714901113732,8.66751207674894,3.86908429328883,5.928749391759286,19.61990770397177,6.196155915550448,8.898260233559032,13.056387505234786,3.2765868340452946,8.126718024087817,21.978885797268507,10.846294479219713,5.739935323223476,6.778867222864793,19.545010759808942,7.423675476610798,2.3842374299290383,20.849802596966292,4.297253253795965,4.474420353948528,11.24355597638221,7.673146023177566,5.916605765464841,2.6069301366106155,10.893491455001724,4.9217745565233555,6.546702239012671,4.863101442837569,21.038823379311893,1.533792429314728,9.815097777034453,38.187734654399684,23.058199272645563,2.852644281181247,8.578898549126613,5.213043263672164,5.083940402626539,6.757841129420101,42.96655688446577,10.763302579362893,17.246938552036777,7.327102530456749,3.0928949220543824,36.54898673499055,8.817554011107466,6.695230600803132,3.0218673939654908,10.382464905138947,39.098703262265275,15.656581398763372,8.51931642327887,64.68680510640965,14.967392001283267,8.008177322377355,3.69639072942804,18.89670618477634,6.768276338826862,20.36113405852756,4.160474982296823
Born Again Movement ,17.32679202267302,8.8418110878078,16.993254005300102,18.49780632548371,11.2329732417894,1.59019002088974,4.353282936689822,19.119273479229808,38.994789755659845,8.94303344523422,3.2872173599960752,3.12731209399896,25.774085265153158,4.837228796334534,3.5500364527304273,24.683725515083758,4.853182634447846,0.0,1.5273986580095653,7.801588528569393,10.588008232041012,13.507923850154596,5.719223606348472,5.854846407644464,48.986113282292635,19.13132740206389,26.644205618921493,2.859352548859919,20.94655439690398,26.47215393057853,11.894297855587391,51.65650675328502,2.444390498614396,57.146907410715734,14.766612705656284,24.284335573654598,12.390063802926923,23.094667302702337,7.785134852489026,26.38205368214124,11.866439728943888,20.282673448901072,3.6760681073406767,28.96692743724337,22.778156214469753,26.369832150623477,24.04726008488153,4.603836843228378,14.328190777391027,14.236733425080637,12.695245388810578,11.332640559647396,16.894730025222003,3.2948893361285254,26.331429900199286,9.502317193744746,21.34774547171059,20.791766550042023,12.765691446059474,4.102134893248475,11.289421092228546,47.53160333143118,4.636097186193818,13.759533532448657,45.4622788877472,2.9400791293084945,16.20389793534881,6.494829533958738,2.3816794454069625,2.3861288609537428,4.018311263863477,4.956550129480797,13.424231028799568,30.23186073754408,6.802256476494278,73.83903585561278,56.86754240883739,25.899865944094024,110.7437205710995,17.22983258660735,3.760369512735711,5.008612218140313,2.9271159976736008,4.272678764506468,7.838256045258166,15.851940663153094,10.199018004993288,10.193824928109562,50.14943475733847,14.162176742352495,27.34030616675943,23.088632577983095,3.4408570922723096,19.260913179378967,2.8905384627994533,37.80710618393682,2.4308912471246185,20.679685673611374,42.98744826563861,6.5805472119612105,2.862254267943285,32.83876057166911,10.713253276151455,20.814849617218265,14.132106158058706,11.904542262572644,6.787700476775984,2.3798847737785014,19.04408411014076,5.905397074264115,8.324296928996601,20.936815754156925,34.35243921382825,3.5280868942560097,4.395652230657083,26.149549911303378,38.97079610733872,5.479455095796516,13.548332322035959,9.480756024001055,20.446340976559267,10.5441234644128,54.7302431789849,18.143186642875143,9.826087139674383,13.530276787707177,6.820784231913381,51.581154866711714,12.553046812825942,13.152258592912926,12.093330335272423,14.639676897776543,63.52776814810647,45.73486296984268,13.640240718280271,16.868728827683114,17.150397930653,14.18265616176373,17.36385693845449,37.73769263039877,10.63898192491232,2.2387671520732053,4.349779597829534
Brotherhood of the Cross and Star ,26.413830908929295,10.1248274651717,17.02874601070189,11.13354845243384,12.476555387365066,5.523654448313527,5.656066593060078,39.23836921806687,75.04031812676325,4.40544309750388,8.06611101598485,5.543223441883589,36.928463817349495,7.268590933288833,4.987260709399707,55.3868148982003,6.456788075685633,1.5273986580095653,0.0,10.773974738455232,10.932380796604006,21.433671970075757,9.133998249792652,6.376059097453033,49.789008367073656,17.10007486724289,47.66824233745552,10.41841675179346,43.97744838007284,41.13257952762742,17.991564128415675,113.12127386950979,2.5129486151258367,103.50199374839677,16.35295406510662,35.64361482850625,20.7899905532988,39.605975253385715,8.753382380404211,20.549835765436065,10.890758765045154,17.79724494863403,4.580509007852727,41.80948345538312,37.99819275330873,17.956232808292928,22.03368186406644,6.434386870543512,19.81212270712526,15.147904416293953,18.23732790961114,11.036884154118995,16.059343729154474,4.513365473858087,33.31190254147589,12.533087568975226,37.02122518558114,31.090442896648124,13.884590123698324,4.788970186019988,12.316638262692734,97.7217594671386,8.600528418048768,19.096401447773495,80.15013761628322,4.632775009673808,25.294716957614956,6.689132526869863,3.3582913187407337,2.3764878658164945,4.592280097022619,6.852195118509382,19.003608812207737,47.594171417754666,11.72171658659337,144.3813167100611,105.93255976366792,19.799077441771974,179.7631463930391,25.66468133241171,6.609467922103784,6.637927869783777,3.046494083459432,6.093488441291088,10.60868276751478,14.75889685648517,12.900050069924802,16.76340966903986,86.59901549633923,11.972164982175169,26.275171479234498,19.305658452879676,4.424498496353336,20.811659431020136,2.179491779569226,51.588770367875455,1.2161022077442107,32.95794149674892,68.84726472119885,7.20586272282348,3.869899635382918,26.76446505028911,13.924393239646546,33.64764152377823,18.04453298568041,10.407059834415934,10.308437564962013,3.686621142205916,16.876835412575034,10.273673540731183,13.241845552126007,33.45150002849492,27.99254869570478,3.9879694309931497,6.622407300825893,20.208679007610062,86.16170346558954,6.038907827688793,16.858041023538103,10.362432284981022,35.60536825586619,19.639486117194647,38.7707400801974,17.874767874971873,10.487777486223077,20.19153298222315,11.516491522727518,120.34484021553277,14.649101292458557,21.011572688214304,16.021794243362578,39.46184665095226,104.52235583561615,50.41361116922656,21.0181815740927,13.721085382294499,17.192393301906836,26.66607988650989,23.780987248656036,70.29932524008392,11.41379083503709,1.3508335649338987,6.106670954249177
Buddhist ,9.630252481965575,3.020049038311796,10.51240307597618,18.692879087054965,22.79753770332429,6.731628501172339,3.7745050031065803,11.216047793121005,47.30312273853219,1.9299887375284288,11.821102107801348,3.5027100571610146,10.871582100002,4.158132136371323,1.72318742547651,17.64444859719551,3.463026401729053,7.801588528569393,10.773974738455232,0.0,4.6943763528651195,8.20087741383145,2.4835995319925246,2.045042280837394,19.18423405180838,4.445253040102571,17.060375330195534,11.97561292225096,11.335506848819612,8.327343060510264,4.402431487145444,33.8280899967697,12.064426425935151,16.852007619650223,8.58132602139811,10.407431269671592,3.0871081200544883,5.8975331278789715,2.399112969543242,4.282366026180217,3.9373916602575885,5.608099867952813,1.8565519151652197,7.797683220104995,21.121566378873673,5.519615840005211,3.919356991410326,1.1612967662048697,6.2045293872769935,5.152086003142913,5.9507896358139245,4.693230544600364,7.0417945769484485,4.21677074454085,9.877897962665422,4.403783571649323,10.371716179877113,9.390899438930996,4.624843201172069,1.683568383250238,9.428792914597247,25.560919299224544,10.817348943963319,6.5902687733472085,38.703222729504326,3.4005661134049063,6.756129590239114,2.4653593445443422,8.659623578670189,5.612114762546326,1.5077164885822896,4.605623745347318,6.186379843896764,17.30528117987129,3.948094689801587,60.92934598764203,37.68055396164999,4.818826706221175,118.89867308018881,9.439335499019759,12.283395331966622,2.8957022504392684,15.294496321187944,1.7221863734605438,1.031649048431824,4.889522028815346,4.0604737836995,3.24632818962375,13.03529814833037,2.815179135271227,4.2238688766886,3.9045519156092046,1.1551203532316046,1.5544453123102075,13.251125980968204,15.99559645761002,4.997414748638968,9.105916283141607,22.408155402021364,3.4173192605126768,1.1858539349776906,9.009979811623218,4.6299663971639955,7.132065444069206,13.119683874745329,4.152515328353376,9.842604430114182,2.0645574776322455,4.166706541565241,3.536781287770244,8.648261887625877,8.167596343573777,7.547073049592963,1.736482472457664,9.627800175517942,6.758216798357079,28.443959678855983,1.6406053893271717,8.36589048676315,3.348262614353892,9.308706161872124,6.889724236238374,2.630982696023526,1.1880279697614358,2.492684592813359,8.108823687699477,2.1123872454253063,31.86254990812731,5.708145521843948,6.965420403591796,6.083346650618209,10.281332343595361,73.22221562061814,23.436357538349313,6.06165866731721,5.886304579679949,13.919191997675771,8.3006729465705,8.538738505514095,15.184443105997795,2.100965807248118,10.477098688904992,33.3086456298451
Byzantine Rite ,6.7499899835068575,2.8767092259588316,6.43741694532553,22.155211439875796,21.17269933946745,10.846786315575757,12.646386397775714,13.951125289389696,28.951599789010974,10.391045550206034,17.945081206756385,6.398597837547,8.013228979070172,12.367684370676548,3.31891500664206,19.417729333025292,5.358239072133158,10.588008232041012,10.932380796604006,4.6943763528651195,0.0,2.429901883137329,10.41937100399346,14.889801366403667,15.277986218925932,8.869521388741568,72.24951923250204,21.32371161373574,13.720813422045975,4.005395633273936,3.487555995398296,47.7394791711987,13.880800192030081,23.43376993265368,63.4825334242591,7.164946387156015,10.84055228183319,7.438915881271168,4.898806684493711,4.336620998562709,3.259572405813142,8.05841511394717,17.458059131697308,6.502672297756565,27.128152361679515,5.624226542455223,3.686108218717096,8.330067751134546,1.6100193172561474,2.5590090730467745,2.2848100076707687,2.251381982582277,29.75118651866208,9.36968442739879,7.068492166359447,12.917188979713602,7.902872955102339,5.617061542115029,2.423278801542735,9.812125950669797,13.56341951872378,34.89425242798572,19.910741287302287,6.372360472290267,17.5403461961794,4.377672451701189,6.471239096493769,7.901963382085517,13.26744835467771,10.50699511934806,5.512652647571917,13.245592365949303,2.0979489305629166,17.528958051691184,9.269868293326828,54.08926633825501,28.094004569979962,4.404243120500984,63.805728535563055,7.313667635378196,18.386802750297615,8.211026791782343,29.147091061781584,5.324038334693893,5.073953267983594,6.911759035923744,2.710412492780092,10.815199714803839,51.26712409251372,3.083554050217801,6.055499398850374,1.0186477492599786,12.379320433031161,3.2639927839997163,14.990563436541358,17.220617074804018,13.317084344876776,14.928768517837556,21.006195183014718,10.961772623026945,9.350891598219485,11.150034653462674,3.4561523892512107,2.580921333182263,7.683013612558229,6.993215700580756,28.83431319493043,9.74420152874059,1.5241361566516216,10.305881375222524,10.01815346444486,3.0793242931686073,2.541257259698685,4.7906116422574705,12.581009453894886,43.34691356096396,31.818000030887223,5.543240680120927,2.5839697488165445,5.594125373556852,9.708038463647458,12.38240486423143,5.90037376101635,5.473007509389183,9.79301777521714,3.4166046347258012,11.978156313945636,48.07522302357467,7.913364498616924,6.286038984349274,12.254722125958468,25.73701315636027,40.366958504892445,17.716615865371914,10.690249879531121,38.66747444708671,7.4312320585555325,9.31648444296544,5.051170978952649,16.59013136123641,6.273694778872609,14.411126677736311,12.34262260647439
Calvinism ,6.273422437852309,4.294296262361213,6.145715384978771,90.285225482644,18.895308950023527,10.661638937378271,22.733432548420385,6.969048135765623,14.905953973674611,20.659414430486322,13.086575968021533,6.931974153664465,6.518565164480707,9.782707613324355,6.223012175999641,11.237821515976954,6.460736417436249,13.507923850154596,21.433671970075757,8.20087741383145,2.429901883137329,0.0,9.375965576789282,17.647902027149595,12.467492453355554,18.416117925388814,20.04172182027907,12.920890098253558,7.01040956820255,6.508381877079263,3.567173428872723,18.54339338290437,21.55406965449149,13.534852653342366,337.57731478092524,8.957337363568692,4.638958981657904,5.108192526626943,6.123051957033493,12.126212850400155,10.19022787884012,14.415860526686215,25.564661514317738,6.051023651697562,8.479580001268802,18.76624838135586,5.790661410046824,12.524403539391358,3.6747403695009835,2.323409443503305,2.027722488473981,5.285728979708541,128.81964258025653,14.339615440811762,8.106618885832619,8.923759670824984,8.094067988067547,4.592103345074732,3.4465330045185745,17.509538752122406,17.653266872898357,18.131286948481737,12.032299312847256,7.195935612855977,4.973231941782741,8.16146732105536,5.741757857507736,16.509905429596117,17.318611184171246,21.087970728704324,10.385066050288366,21.034674240296386,2.6324642572858745,16.51585571940668,7.488800179869268,21.35150355164788,10.940400305145275,21.389452731870897,33.193008141774804,8.002419609700441,14.558961850282945,11.9994835131958,14.759745841035446,7.949260372898356,4.641461278460252,12.294127807010755,4.804402969982364,4.881009952245275,16.556512989567015,7.031956933190306,14.316146129881693,2.5406563636370842,18.489652800775,6.351399189350754,53.918624013265294,14.572863464195423,30.591456536459763,11.309858573943265,10.06167720414397,22.91933574273007,13.713418442567914,17.99781687844891,4.6565619468350725,4.73102584991373,5.460324863421794,13.568049727651927,15.976076482844986,16.329432588173823,3.0902962577235766,8.109262523387567,8.368055055266225,4.184093733064344,1.9469761338440468,9.5668155569496,19.103831586735005,106.72769254625106,12.805839539798491,12.24204172423142,1.3381256111457274,8.189467446349203,6.374986769690811,7.7913812037789985,14.76339211579108,8.78027768503894,37.70132853466855,2.0048109449069575,7.413754293816429,19.63004677972589,8.611715830164158,4.229260623356911,8.890216768087178,10.351019265779227,18.69245739520622,14.697577140638453,5.918964107879783,206.22664458266442,9.84844996776458,4.815729926471697,6.806565136031834,12.056947350854232,9.475256231041985,57.29809104352351,11.610764856094956
Cao Đài ,10.376520398579707,6.86348317001266,16.723657716672335,37.10355403373454,14.500681049646664,3.946580511480448,16.158183934947463,11.807027965989768,32.92746183130628,59.134746728452235,6.3852573202547775,3.3643741190239886,14.098643437289455,2.0849725913698554,4.342539928452639,17.324823055391644,3.767192524412314,5.719223606348472,9.133998249792652,2.4835995319925246,10.41937100399346,9.375965576789282,0.0,272.4714586236109,18.09945810916657,17.057010337839454,9.24623042268132,6.258273144738784,13.271898692280603,10.862011822544078,7.646426352780602,31.38047613306258,9.206536888227049,22.90630903084395,52.78397139376904,13.48157648683332,5.551811894272303,9.831681721849046,6.887347966936086,30.61999667241135,11.787082750299986,17.080066520037423,3.30969179516306,12.017900120249218,14.3150495584228,37.35024217986605,28.708776999969952,2.714978836056996,8.445285073535125,12.05326780803061,7.966462790879569,11.203424965693191,19.109437048190404,4.658992564374927,12.186082480315097,5.923994009326422,12.401838685415438,10.477709497557875,10.900350901629546,3.448819930324914,5.021097485004914,24.483671352145645,7.545605923846844,6.615347415195722,26.5000498268223,6.162988792310371,7.850883611488218,3.919595680701978,5.709231130943995,4.635638159787787,3.204792957351115,6.8486624305248265,9.054430126974635,19.30508734872514,4.306330091704846,40.652057766381084,26.586421402607243,28.127499391117222,51.8426619162916,9.753830023659672,6.394472454814822,5.252526426119301,9.128181658562683,2.462888440242978,3.8454440266898926,12.436999809421817,7.66490913972607,5.508044232806388,18.67898482404563,12.576146416578696,25.157867853410306,29.836566711749242,2.6904235664601424,12.455615200913009,21.47358213757389,19.77455081619459,11.348975672525615,8.72248968982547,23.848535409690133,11.264562435717371,2.7439864008388204,33.389468198398625,7.971070508444364,9.503510666376531,11.017049250861973,9.66820287330814,6.8410469504357945,2.088235591102702,20.38353149809306,4.743960301993809,8.662737176347951,11.025284211631604,49.93283148973681,2.376174901475783,7.942398110145309,45.34466786701595,24.940257681845747,2.8881913745081644,10.77743563946847,5.300860237139063,10.717103174975271,6.438670320279379,94.34222824896541,7.179625213044504,8.904949094913304,9.088210570347501,2.2514548853164147,31.17922637777205,9.23452247830368,9.02971949615695,5.723636819272162,7.802806440425303,39.10017113511172,20.47229288106199,8.51232586460516,25.282160466733917,17.32038893862613,8.683486622455387,9.336776600204407,17.555346019032296,4.62480217510374,20.461159700740616,2.899922653905156
Catholic ,11.0368944272918,4.00449189682935,5.9507324337685965,24.593516476068512,23.661447520165666,11.758107962245951,6.448336927762861,11.541936147155512,94.10426845795672,2.125526125632398,22.42299618094678,7.244011974858675,12.706538148601894,382.9059566011091,8.131956254786557,15.635508329819967,4.9456070604793005,5.854846407644464,6.376059097453033,2.045042280837394,14.889801366403667,17.647902027149595,272.4714586236109,0.0,24.791012278482246,3.235437201111491,2459.7805264572535,21.688277357972538,12.938371389310914,13.312148436758239,7.094803671116068,29.427651121552604,7.097257569992484,22.163966016521858,13.482855394779344,11.959509999700558,2.927893529901789,10.531282879318892,2.1992352465510803,7.533905817970228,9.058932537237192,4.696335049362002,2.5927226902562666,10.639682186058602,11.939860474714035,9.118457608730436,9.46354707645563,2.3139808140313702,14.12422579141287,12.447053150538704,12.8927395055146,8.32979471596748,31.19046469144323,12.880993480625351,14.44870601431389,3.5809271277717594,11.413874504504706,19.64705447599261,9.809034006454793,2.7799227963372233,355.008042732175,25.229845970221067,10.048208273645377,8.578648018157898,102.65325479151655,3.6415226530592917,9.089592301813148,3.3569145274036405,27.73551296993409,63.427045074491296,9.260245116704226,6.301348320787759,18.049273162113057,18.848696451806966,8.235056840147076,125.06919303808527,108.51617588759034,9.598624542312905,290.0546978430658,11.360663325837235,21.04124868128052,5.766521546901435,9.101634618688125,18.32682756471725,2.064299519521682,3.5194303020469437,7.322637960689439,3.051950046355012,16.22903042209304,3.231582335579184,7.140557428704308,10.15189274503706,2.471776853693532,2.697346617265088,7.803647906533399,17.14291153467556,5.621959317997041,12.785120251471144,18.955104778917292,7.524957397674313,1.7195877659786152,10.929630843751912,7.811974551169686,15.161459502476411,8.036412221899266,2.4540303971014237,8.167831190819381,3.217008387740165,10.064969164189222,6.0585900799096555,9.545730026358376,14.291469771822465,13.035812058408613,22.920809645583113,26.53975327993747,9.286232929609262,26.591979401806125,26.629416045189057,20.4325410272901,31.395361251547666,10.7663834755503,45.75961873194228,2.8634138401752867,4.788951803518712,8.946428002344142,20.046379314533837,139.92742405834483,33.804481174515736,3.2620026450237734,12.238405127118542,5.250732100574383,33.16292899956506,167.09689091875032,23.92285482646999,4.962864172589134,20.848233461229007,8.78958481332122,17.85213306147253,15.148351047406333,21.020636619063755,63.97507385817549,7.16732655322207,188.88776006797093
Celestial Church of Christ ,4.15295419509937,13.107268064275036,24.517717820600094,492.56648621036624,27.728611602809696,32.46213422661228,52.129952728106446,4.407407407407407,8.38888888888889,25.380213404177766,22.08896777364621,16.588854312496547,2.8703703703703702,19.305644764369895,18.71568102217005,5.574074074074074,13.323691748567523,48.986113282292635,49.789008367073656,19.18423405180838,15.277986218925932,12.467492453355554,18.09945810916657,24.791012278482246,0.0,60.45747142003757,12.281665286188392,12.107767786325288,8.444370678493463,2.314814814814815,18.433453963428356,9.231481481481481,106.9627159422218,5.87037037037037,1583.005981043646,5.031669140336867,9.765454963908676,4.079416641916642,17.892895823575888,38.51386854942461,36.54493766413997,46.930786015384854,39.09315864409695,4.081724534279401,14.976245402542471,9.362968725532744,21.81107286441722,20.716355317866924,10.403037947398925,22.135608122342774,15.22447382998106,13.65541729208542,543.6932598011688,43.51850884036771,3.0,15.06769750827866,3.7962962962962963,5.612037592317135,21.178006705203046,19.768447175399935,37.42383429235075,8.12962962962963,29.65840087922501,4.704529697636185,5.555555555555555,19.40725438470143,2.425925925925926,16.863779269416575,51.25637530543967,66.81511575059439,18.756908691143153,36.95764980316432,14.931880580479977,5.777777777777778,29.021434634996975,10.435185185185185,6.12037037037037,63.004644977140806,9.314814814814815,2.6203703703703702,21.6598795074659,37.5856837803169,15.989559274301792,23.114283030964152,13.735721608860826,34.837606601529856,21.88445312135811,18.370247217454363,5.2407407407407405,12.900150753489967,55.438394753640424,19.577366954808195,26.025689366271926,16.430117591631014,367.69274959365833,5.4907407407407405,39.332983614545405,4.092592592592593,4.731481481481482,49.72673873152439,21.379441443770162,54.43769243576642,19.379306515098847,4.780837842234067,25.077421122204626,30.424060951907776,9.211415927863928,29.832976543222454,22.941016807694282,25.48135467778833,25.905739628950624,5.000854847011788,19.28703995342362,21.20942879903184,91.24626749615007,168.7948923936161,7.12037037037037,21.931478080562627,17.338581818035124,18.322322014447966,2.75,25.439326933733916,13.265020435209282,20.898122961125242,169.68123093350198,17.447240574969793,17.95544657543356,10.0,24.064582712198828,17.832462727343824,5.32635153152205,10.36342703449508,7.805555555555555,2.888888888888889,23.598603466894975,922.0897031742634,48.48042338022684,18.90693958076941,5.957451064552828,4.796296296296297,19.153331959570576,332.03192254062753,22.692600174976523
Chinese traditional religion ,31.543228236206943,6.499530778539391,4.655630543082431,24.588071414465045,41.6210857647685,22.432138275682153,8.4565014935933,29.63981745087457,120.55356381446272,9.892556900522711,41.717906079488564,19.01162497962884,42.79462738677135,19.599358369554697,7.244100176463915,31.13708002172957,15.777873525410795,19.13132740206389,17.10007486724289,4.445253040102571,8.869521388741568,18.416117925388814,17.057010337839454,3.235437201111491,60.45747142003757,0.0,89.50031130767032,48.98425407215836,22.848062049773294,31.411280711981764,10.557781162477056,38.730754582075676,17.891380763282537,39.950227271322774,33.76246542938361,29.599750436133625,9.92083382242538,23.44207858626908,4.289519551562795,8.942944051764274,9.147119860015223,4.160079005972329,10.858687576933418,22.197739039678662,23.040299650352715,13.959325696986996,6.002009711312809,5.856063685361967,20.366111408203462,7.771835493311854,13.181059845745471,8.172278892580833,16.18514143194833,8.539970814135563,54.3431839201288,11.36555917527995,31.50532486101299,29.97763344234298,7.519500895375341,10.754326724847074,14.673737807616387,32.84763937273986,29.359988992396065,16.458552755431786,112.74926458496078,8.734771676325822,32.4072905135151,12.767550647290522,24.02116431573576,14.735587246265267,6.873108540646929,14.424563801179822,14.127404985283784,44.00063558379558,10.632261030639835,128.72455771604206,110.49150699180925,11.695927119982677,309.64568917519756,36.58382113809803,39.2561977106927,7.152704311963439,38.846916936279015,8.036908464930892,5.462707087664675,3.9543851467135656,9.67920905262346,5.191259857263397,26.486831250236104,4.020128447115226,12.05588297647471,7.799490195819216,7.276342675924912,7.732123843543662,16.758938576224484,49.20942752457912,12.882492490495164,26.223570313517325,33.968818104718515,6.697857043858339,7.465073661200345,9.701327562782899,9.82077458571298,28.314190054661662,10.634165578618411,5.011592269266974,24.61087816330128,37.62990456635482,7.259559644584611,9.38572340203767,20.239365223343174,35.0053728924782,8.743582247668868,8.187425707759374,20.37593587910601,40.22960055584631,41.81170077078431,9.300774089778608,10.963598487178137,4.94551500962269,33.17197577809642,11.109035100136522,12.454320620085037,1.8474781500156123,6.463031527838707,14.545183086180124,12.631158936311882,42.63759642290242,5.832707023291483,12.921241802945463,15.907329162404803,47.46646216124105,203.8890740933654,66.09457887558267,6.17751697244894,23.82459985850407,7.466173384757554,15.079998804048918,25.957933848749615,30.51291728817608,3.2843356258507956,16.045097244687415,18.26404608424238
Christian Church (Disciples of Christ) WVS Time Series 1981 2022,9.017858466233733,29.489296044416644,85.29135114374697,225.62210087552265,20.32995022805478,19.63856632684088,184.89072152922313,12.498214166826697,21.047529219887938,311.57621544823706,13.793754939010661,13.81781097956435,9.73976899750848,8.080858963866083,31.04478256154333,14.362050598239746,13.07155984035462,26.644205618921493,47.66824233745552,17.060375330195534,72.24951923250204,20.04172182027907,9.24623042268132,2459.7805264572535,12.281665286188392,89.50031130767032,0.0,11.37647023628143,13.806305288103417,9.799160720803425,21.47531150611854,21.649359900477915,42.58305115943491,17.446412782363897,28.3569725003937,9.347836105510414,10.128781518441482,10.530218567034856,37.188080646074894,315.3561317070584,76.69422286702438,103.26560578476031,15.078324845089707,10.272857137686128,11.536685228084199,375.89037522545726,265.8746536996645,10.352295676652373,15.045357117972637,70.41991806918071,23.43783698120507,82.0044063301095,9.576367599923163,17.833619828426613,9.128738053144202,10.630308881622955,10.623520758558909,10.919311346453751,62.58349134061278,18.8929067922701,7.2583807144353445,19.60911821127568,17.544557945487718,10.509092191189913,17.606217762864123,44.61824675723341,8.564146395306357,16.911438139244314,19.896441415188157,22.70516927763604,10.289080320341217,36.927476289200726,26.77317871532235,15.061407221382332,21.05050578550403,28.210351078931737,18.93991465833049,200.05354589920287,28.04568448120174,8.374923006736562,12.63603063379527,39.82675416705561,9.923035558643686,13.030315578672695,18.14241572606066,59.778463302440045,30.32535767941745,14.803316107817228,14.329765244599711,65.81422859520428,117.51041147190115,330.27362203711755,11.849417273386747,38.45933106191806,142.84557506335054,13.880395403309373,21.112549224992513,11.552157562471567,17.14556842646239,105.89394589682296,13.838634689991714,281.28072636731565,27.548982875828276,9.469515016166202,34.52374233494552,34.23139587506745,7.020254811262417,15.245740833200383,194.4364820961207,18.424065782156223,21.272088945892687,10.774774078741698,567.319389873351,11.421587485262107,46.37973322172832,519.0380935811972,19.25863282186699,38.595055326281546,45.30761401577923,14.527165948924122,9.745399008585114,15.936169500219478,1267.706611669841,27.112694782435824,9.649751654214292,29.36351949708473,8.068335305521398,24.792592294506285,21.752333675111647,19.881647822085053,7.947047613787537,13.623632456591348,22.19710385179323,14.091650312352757,21.015764634030432,9.162607713028144,83.16879681603538,20.071916145047492,9.184270411957767,17.158184565046852,12.18830445516957,149.35013961662648,12.759714921947287
Christian and Missionary Alliance ,7.328932887355953,17.449453730257876,41.18442721887667,24.963992416941597,8.570291084004152,1.3338221042403622,8.6754650473733,7.9631363324259095,13.089768593741574,111.00075580315324,0.7475314228819302,3.837188442897164,8.779305384529556,6.173327083540109,6.66282358962904,10.664917600569485,6.311525306419145,2.859352548859919,10.41841675179346,11.97561292225096,21.32371161373574,12.920890098253558,6.258273144738784,21.688277357972538,12.107767786325288,48.98425407215836,11.37647023628143,0.0,9.927152593894212,8.001191567730732,15.767151236094671,18.414113912000442,11.50466349657327,14.551163329680106,17.995202047956752,8.719456966859168,8.830124427457047,9.332710245847457,17.179140187966155,72.66690912447444,31.834340744173364,54.43784346661911,8.511807091788128,10.498655014080699,13.533303405970875,79.7078278415133,60.42996275102205,8.055853567085002,13.493351839084312,30.27688974947931,15.584610343557245,24.159339453757088,44.01609466304486,9.358289170080617,7.964365865886332,10.009979023498268,7.227164110166061,9.35411603288316,27.62957995116442,8.582570788461108,23.749592662820017,14.184749341944162,5.6214044406891785,9.018277569791739,11.341844597203668,5.506208886411802,6.518866620784205,11.842368302501173,4.302611866595917,6.915971151234383,8.557309703441616,7.279576997378242,18.55008341341865,9.937251633156807,8.25781212480708,21.068486996899267,12.672401100440926,89.1465882910686,21.90397698503516,6.9336198809493155,2.3725072276204027,10.227362972122428,4.607297369916661,6.6328746148148605,10.742680968643638,40.57374637072875,17.817099125613115,10.892700077406348,13.510967951772232,31.943738433295632,49.590075491437446,67.46717073375595,7.668762440273728,16.66142472993684,17.30220344300127,10.67569958317148,10.83267506811541,7.445237637144646,13.160635156010565,13.530043508998821,7.24535136632909,80.34919665019912,18.239876126834627,7.54116563981518,23.821906291538063,28.439813259861392,4.207590251191767,5.715916919121161,47.94356424671972,7.859978070265412,8.87683603209888,6.921925283673438,108.32392492740561,6.871462953305379,5.608865440372541,39.17866023581965,14.436308768045976,7.488174489271328,25.248222949040244,17.639575104325935,8.032155505028257,11.857868297498392,80.63979920857416,29.29698672750451,8.051768190156293,18.127154263347617,8.150488168308506,17.29838030456353,25.46504226050035,14.02304019660339,5.980803184334122,5.954950225961249,16.969331944561187,11.898724309600519,20.101117820250426,14.456344468577283,40.35227402489099,11.344348098832551,9.556624783928298,11.895726795227791,22.5324920014906,16.547039629125194,5.716843485543941
Church of England ,6.414349316137599,12.382828661679483,15.428002335714003,277.7778025748729,23.87629794950344,16.470543443629467,12.914347731607782,2.050358572925892,5.9934489740889845,25.556542989612936,17.018723305368628,12.025467921385829,5.059305615828793,12.556177320107151,13.67547406333883,2.0736705452510225,11.140213436273337,20.94655439690398,43.97744838007284,11.335506848819612,13.720813422045975,7.01040956820255,13.271898692280603,12.938371389310914,8.444370678493463,22.848062049773294,13.806305288103417,9.927152593894212,0.0,4.856169347774867,5.855822054684688,4.31997743455236,43.669898225624074,5.504973723723724,936.8038669254225,7.559494200696228,4.748482996210366,4.536729353243864,14.174183128625318,11.496005707964855,20.584259618550202,6.794984157428154,18.018913229362155,5.393044209216195,13.275114248592224,44.104899405989016,9.75849281061776,12.536855623820996,11.209443485076465,9.01310373094801,10.676215489925214,11.813758937841486,257.41922581810746,14.004075933549144,6.274196872390116,14.405976921094496,5.132702789937412,5.984756476928983,8.071620773577187,22.526907577570803,28.745574292283415,3.7154486065245824,14.770183885584087,8.585312094642395,4.636331729498112,20.930674585825457,3.3726983343784207,30.490944255717086,31.536581083582874,36.876258519495615,16.392432551233526,13.021181802047137,11.697574746471926,7.550724520044674,5.058947756180874,6.9142146560179345,6.769153821139996,41.059997320727945,17.83753307165586,6.377962671295983,16.979270521481055,10.12888565358048,13.335977441579864,12.17172751348354,6.627305072019848,8.026883106493582,8.574245918321349,6.628535605711485,6.4118876632974375,17.69989552830229,7.964268337706949,12.025567193834936,14.55694782765486,10.104719875719976,142.8260251110592,7.171236300127896,38.42701018837068,4.8752792843277915,3.919784891277764,12.41203281697319,13.179139104052522,6.65614949973432,7.08861806326408,6.578313341934615,15.100314701012628,32.80933378460144,9.188508140785878,13.47576185000203,9.879353177562356,7.2393924398605645,8.912024158802199,6.380364565576311,8.60142350008609,16.573349914800392,42.803642930629,107.3849879161212,3.2237118050632607,16.20153299810264,9.06236427745539,8.1304900290341,3.2280054753181253,2.4881744675296753,37.777803342546115,11.46489193024531,48.55392117550309,6.4401351993015155,8.138973421465662,4.642017494243412,23.908562662831233,5.144820501054469,7.733299959832963,2.7510403960448375,9.744080771232408,10.128320002363138,6.248957713106923,579.7156888717736,22.052982993577658,2.6723848653596947,9.209329860206932,4.770573295244348,13.07527053362838,140.49137992856944,19.092745799923787
Church of God (Seventh-Day) ,1.8933631056918727,3.7738608219297025,11.423019777287925,354.83554272594534,23.129145370906986,16.899466940669182,20.890430332271766,2.5555555555555554,5.851851851851852,12.733703405656453,14.88170815641074,6.4200817280911044,1.4074074074074074,8.751732811391049,5.588560731848001,2.8518518518518516,4.1231826762532044,26.47215393057853,41.13257952762742,8.327343060510264,4.005395633273936,6.508381877079263,10.862011822544078,13.312148436758239,2.314814814814815,31.411280711981764,9.799160720803425,8.001191567730732,4.856169347774867,0.0,4.4159192800931315,5.935185185185185,72.81246312612872,3.3518518518518516,1354.5107104794643,1.4593530405097568,3.33442741348737,2.46132293007293,10.846832593816341,7.100290692823789,10.64604303770818,12.466786703863717,20.010051205137902,1.2968559218559217,8.56126808398787,5.291443602521129,8.287308204275568,9.740424793810279,1.6608718839962375,6.389569004043698,5.318005966059557,4.582412848077437,338.7084999440803,17.05012908222279,0.7222222222222222,7.620592449288153,1.2407407407407407,2.3400625396991845,4.38424058040325,10.756210324468976,23.751806979980508,5.592592592592593,19.79558053077724,3.8079759095734933,3.259259259259259,7.006466216922364,0.9629629629629629,8.854834869604442,32.732503456372044,49.833981041789215,7.138824024743075,20.56018957657147,4.189959133642008,2.9814814814814814,9.987646712674971,8.00925925925926,4.564814814814815,17.662311325880875,7.092592592592593,0.9537037037037037,14.522817395758464,14.004985065613619,11.094529380676896,5.955644785231422,6.128202993261368,9.348519217023172,3.609342231765853,8.415449656846398,4.518518518518518,4.7940065803352985,10.546928981905406,6.092666605894783,13.606163089788824,5.499882766165388,256.6403857597085,2.4722222222222223,25.220962376205424,2.462962962962963,3.3425925925925926,19.573815429586766,11.335724606426004,17.44732913294546,3.468101392804912,0.8586871827003402,13.536803636072907,17.932054959396325,5.967794861948087,14.121267931462434,6.041882150666414,11.02784661255105,17.61927752037865,1.3290216727716724,7.582718362385627,6.94618354598302,61.46806644380849,66.05053517651842,3.861111111111111,8.93540152283815,5.899929434394199,8.026065492432588,1.0833333333333333,10.224691419154887,6.9082934329113135,9.58865548344195,62.12454287051129,5.292087686716597,8.547760825095473,6.981481481481482,13.201244614858256,5.542927155751517,3.12579933824621,6.018056390459179,5.675925925925926,2.462962962962963,9.388720205326917,796.3840068452084,24.096893659176068,8.412573331451172,1.1218965065563227,3.5555555555555554,8.515897506074516,193.68100592634377,12.974410091727817
Church of Ireland ,3.796233159125327,2.666083537949587,7.618937150803983,66.42875070892248,18.77910354728462,9.382432511378239,10.437523872533005,5.710122209300656,23.625409641822277,9.132807931885273,13.83076603465387,6.23677925424732,5.66583369649235,7.425924972552754,4.0080515111549895,6.987188711073952,4.38498461519787,11.894297855587391,17.991564128415675,4.402431487145444,3.487555995398296,3.567173428872723,7.646426352780602,7.094803671116068,18.433453963428356,10.557781162477056,21.47531150611854,15.767151236094671,5.855822054684688,4.4159192800931315,0.0,17.819114781761378,15.907465515032497,11.242140249102041,192.3292342962893,8.712423905302549,2.824816816699981,3.7502254287549026,6.869054522524885,2.6144919897626258,7.95927537843228,4.189027514931672,10.953118742598596,4.112982510172745,12.17348939935956,10.661272884389826,2.6197139386891926,5.463999041370509,3.9959319218718368,2.173462014764703,2.6635072402643294,2.4450876259600087,78.41173097554449,7.598535084998491,7.567614803741376,8.842801618959905,4.985980053628252,3.268574254051686,0.9085430263944445,10.155643871534702,13.581501655176272,18.237617426295344,13.865535531866371,5.596367465647355,13.901976726664977,7.425041473736205,3.530086253044455,11.225928875921026,13.349748170553882,14.883300355590412,5.960427257807243,11.742485243237194,3.1097965685329534,13.89305187725772,4.178923683686251,33.1928163597152,21.87930837816428,13.888450579009023,52.71187615109202,6.672486079465829,13.357512466974244,6.29656988978592,16.295954721333203,4.236394829718141,3.536786153136728,3.6908047294921005,2.1872120768157415,5.142938520138334,20.382505147038426,4.143796961624211,2.9716374174187816,3.0313531670165017,8.051155552851895,2.887430730714025,38.50218514067851,11.926350157509985,19.0614372475303,9.398552977673141,10.737909450693325,9.545670250272966,6.660333613671946,5.153876004211417,0.9939293692718193,4.364974080664757,8.145669941651597,9.239749686684172,18.341773417986296,7.883909984319921,2.9353875192282515,5.4937504886370485,7.15246241229849,6.491283913423906,3.1202694543434744,5.875459908448196,14.809581010720544,66.60608988937759,13.370793109330398,6.984917971811638,2.7554879638476284,3.1174027800032182,3.3219305177630414,4.768627802111305,11.802102352289443,4.154071776301825,16.852213005135315,2.0174215167938,5.248853720764815,23.880282493235924,8.204296352817567,1.6403242582128348,8.060219305191263,10.709423675294872,34.60349017194993,17.63817080374185,3.8255303249450368,120.12609208213628,10.5434881380203,4.026537386700703,5.089246786537894,15.073086055155331,4.7968239174875285,38.60320681600564,10.340274558171561
Church of Jesus Christ of Latter Day Saints ,10.610694834426184,32.23625436663151,24.92666279463967,788.9724229420816,61.62920234694674,34.97269390129214,29.255466067100674,2.5462962962962963,5.731481481481482,67.9495952141817,37.08023130704933,31.15842814075473,5.601851851851852,36.82807662769569,37.358765540875126,2.4537037037037037,33.725589497039515,51.65650675328502,113.12127386950979,33.8280899967697,47.7394791711987,18.54339338290437,31.38047613306258,29.427651121552604,9.231481481481481,38.730754582075676,21.649359900477915,18.414113912000442,4.31997743455236,5.935185185185185,17.819114781761378,0.0,108.08688873005066,3.25,2569.645422504114,10.723891167812399,11.684046778596418,7.795293840889806,32.07089489238595,42.671087951607646,55.48022973227194,14.111925094491452,45.313521775764634,7.7954913694082855,22.45971937041627,117.09599154912814,23.30303105387852,34.00325171153537,24.60482763362032,22.783695198832124,25.49405660578054,34.059969229384464,632.8511175358408,32.79754143616398,7.064814814814815,37.92475876577779,5.546296296296297,9.935931790285531,20.521174381540646,56.018620630932304,51.85819493374505,3.361111111111111,31.74315742568738,18.466396966625666,3.8425925925925926,55.705025427825376,5.342592592592593,78.60104978353031,88.73343067728976,95.55439097659136,43.84153429555755,37.245897662707755,25.797110851450366,6.768518518518518,13.099491630291661,3.3703703703703702,5.87037037037037,198.19426986294363,13.842592592592593,7.055555555555555,38.08979330571492,24.466949502290614,25.72543754458163,31.504376150431376,18.232505664099044,16.758985740458268,25.801209826613913,14.894011217229698,6.527777777777778,46.05341089422716,30.35238066569283,32.70912737756865,37.647411125758154,30.515130361622305,363.6757379822434,6.222222222222222,89.08721905532968,5.25,3.3703703703703702,25.585580619746523,36.04970847396532,8.673124237480847,17.107689722055085,9.700266973417023,31.759031005258976,100.40151503274508,14.504301876188135,38.40827140770642,28.50996210556254,16.248223009343764,25.58680481800083,10.098804413814294,17.00687535480926,45.00424049271864,104.64661550497661,218.1666887158326,1.6111111111111112,42.3800609469156,17.694259615796756,23.045535979767507,4.425925925925926,9.701409907201931,93.14802669864197,30.312685555176902,62.00753978733415,14.024115421436354,23.10872763293618,2.1574074074074074,59.93354595739291,9.938291070992271,15.63342738746307,6.0587739062065635,8.018518518518519,9.416666666666666,11.380062249762306,1585.2138610463765,36.271951238808725,8.636953869146234,16.992788659287687,4.861111111111111,30.58905681324235,340.8787863857335,55.65168579394302
Church of Norway ,40.41456943510956,11.46557758895581,18.481723537576688,16.951836538842993,13.847460902951024,6.097638831446513,5.454224972031826,50.585089376698186,93.19641715345757,5.932805610834324,9.694031716859152,8.434761150770901,67.38514375710263,7.811850859942175,6.269795825731172,64.04260193629946,8.980744356567975,2.444390498614396,2.5129486151258367,12.064426425935151,13.880800192030081,21.55406965449149,9.206536888227049,7.097257569992484,106.9627159422218,17.891380763282537,42.58305115943491,11.50466349657327,43.669898225624074,72.81246312612872,15.907465515032497,108.08688873005066,0.0,107.07658460048715,8.152889954375498,48.02062216832084,21.192152149505358,44.86661307901623,9.202808032478877,26.23857752967465,13.244991078430811,17.91763959558072,4.970024447663196,57.51749818050943,38.591204771675386,28.735295630460133,25.86803221513157,7.3739195018429475,23.239821412062426,15.348205832310565,17.66547279060565,13.399262583428595,15.272930606484628,3.3070308066770586,60.84711514182539,12.456989893617084,59.45609152908401,43.17536840580207,14.572032732207445,7.108569973971913,12.240011264683012,79.92609005153561,4.538681101164066,21.933662774674378,99.89543287834029,7.026141708948038,46.80605538259193,10.684158523884697,4.618505664828773,2.981152169283658,6.3707576628588765,7.899437646285801,18.51953914212213,51.65047527303064,8.765508005651617,142.55473196633014,91.52820545389908,25.1953224098708,216.53936087371872,49.49992478188277,7.974870256349832,5.148955656101111,3.8307112150033897,6.840766610207153,10.405349140364503,14.094753544657856,12.292508066784443,14.115157122526632,85.92804192977931,15.50243519566086,31.617542950990575,24.851934349443955,5.4012574817242625,29.455973047326076,2.0259974287899025,79.65215513299472,3.9264386951884385,42.5271699240334,105.74080853329454,5.8704908516270145,4.559574305094769,29.680611973856752,12.695790511738828,48.70097047954082,17.635590651243678,12.15225666987228,8.988447615598046,4.341565597660773,20.422433200841393,7.162432439963088,11.547111919081939,44.210325809454964,35.56001542603609,5.899469652699472,5.37672075949032,30.874314586534847,96.10572657778708,7.569598999815673,16.044487961587983,10.66579817827973,60.32785257832475,13.53157449778849,60.357510744280475,19.70129421541948,12.798240958517917,17.921927287687485,10.025931848082339,86.28013496970581,15.51633401155423,18.348272615963968,25.379401913390755,27.17274735586325,151.30090912913363,100.48289819998362,16.814140226725108,15.542685086677384,18.554929760715375,21.963429869918492,32.632948116187286,76.18635386702978,11.093597055864647,1.865861522675344,6.6639446802342865
Church of Scotland ,6.816971524667363,29.164750695524376,23.181238520071908,597.3276660528304,43.66484710760036,31.929721005402865,24.487015790554842,3.425925925925926,6.925925925925926,30.104915901606464,27.113740764848995,23.55112063679418,3.611111111111111,26.382026049125013,27.874564253473203,4.185185185185185,21.21687318337254,57.146907410715734,103.50199374839677,16.852007619650223,23.43376993265368,13.534852653342366,22.90630903084395,22.163966016521858,5.87037037037037,39.950227271322774,17.446412782363897,14.551163329680106,5.504973723723724,3.3518518518518516,11.242140249102041,3.25,107.07658460048715,0.0,2885.744665803254,6.850738284628035,8.677325921861181,3.212249462230457,18.908328112295006,18.722798007541577,43.695232675602355,14.54179051013838,27.772539822022644,4.403355422770753,18.893717584053316,78.72642384598367,14.213687439240804,23.433255582766098,12.940704617108626,11.5846294001929,10.68037239350413,22.372831289563923,774.5359345121302,35.57870512485051,4.2407407407407405,18.997704965335032,3.5185185185185186,5.763427417544529,16.000818171577354,32.37848481040353,38.027812935528615,3.0185185185185186,25.14218548247531,10.289403726624911,4.0,51.1290483474287,3.8703703703703702,37.13530488931379,74.04443721856411,94.251501533794,34.079645379514766,29.302079352656982,10.414838976005539,5.537037037037037,11.362258829971331,5.324074074074074,4.898148148148148,147.61341454260742,11.61111111111111,4.342592592592593,27.759445718890223,17.38608273021328,20.224490952619387,22.359187214045043,11.247559628478179,17.24988484328966,18.126007433870743,10.02439659308652,3.4074074074074074,18.242887590801782,17.040684448119162,15.246759288118524,26.05192080087622,19.004732989793073,410.7748474820978,3.675925925925926,77.14833031488904,3.6296296296296298,4.712962962962963,20.625111621569285,24.725135989942086,10.680821744438854,14.140439285510014,5.052096655067967,26.03800763239813,38.41075797115722,11.368674682159304,27.690503989757865,13.176372027275583,14.482356423669254,24.86965000692125,6.461597313344354,11.683822874422653,27.72052530541549,88.71528604155286,185.9850459948145,4.212962962962963,23.768814147293384,12.105899728140333,20.719674534422843,4.046296296296297,10.850875145490269,40.15313799117079,16.41495755126982,137.64093804895995,11.463657901927817,17.946978173637564,4.481481481481482,34.397757146210765,7.202123558741521,9.077641764257107,5.9649569085887055,7.842592592592593,5.962962962962963,8.622398139641959,1713.7967785347334,46.1093319976217,8.271915767542483,8.954267731677387,2.462962962962963,19.842397466748384,353.13538593907055,30.418286870203204
Church of Sweden ,593.2015588774151,92.54381823579432,39.709671939665704,20.228336878001237,43.25870161564886,27.919297153715686,6.419361334816795,683.6545969382884,2769.0883248833966,10.077661942619947,42.73358535529425,100.49734948679935,1501.278678157526,38.958222882874125,24.36799770716346,1223.1042407222226,102.00751618597806,14.766612705656284,16.35295406510662,8.58132602139811,63.4825334242591,337.57731478092524,52.78397139376904,13.482855394779344,1583.005981043646,33.76246542938361,28.3569725003937,17.995202047956752,936.8038669254225,1354.5107104794643,192.3292342962893,2569.645422504114,8.152889954375498,2885.744665803254,0.0,1040.8910234328694,356.6224019851859,853.9809055048868,52.314988776156945,26.278405561114056,42.892758898328346,25.86164907312534,7.656406040552757,963.5729127839609,626.6621983408957,25.50098586257716,25.518681621714254,7.067644935562965,384.20637516482736,70.51158569858046,233.3604896692081,61.230299037581844,4.615586442441482,22.148804247060156,1132.9765471977041,147.84387072201628,1087.8734515695267,785.7768203211637,75.37415821551548,9.901039829510548,22.322295905549826,2456.757750458021,8.103826477115025,190.7666556507101,3106.772000036124,29.114851690376,451.89724299651476,17.109442347797682,18.81181362351739,9.411365424357777,11.745765975760278,6.272379691726075,236.5683993657824,2024.150995644226,78.51313281977099,3633.271441929831,2745.601314274701,36.90825410689046,6349.99374126128,563.6171856968479,22.201861946967956,24.167046956459384,18.59619017301159,41.69095930984599,131.47417901928105,42.71520212873946,118.373979243151,212.1811997761731,1666.6921418293723,30.04496132242522,18.53058110847798,24.940677273235192,6.0101803419233555,9.481512196458725,11.885367730924534,2439.5593303418887,9.237913611324068,635.5914810975025,2343.932453729207,10.021539037451229,6.261134841798569,24.418071798268944,127.23872686853774,971.2736343199657,147.9607438966217,63.58362937017875,18.009507227774836,5.637973120702553,32.87605529960275,80.27538511579522,218.98500281069244,1122.6146349329197,18.70744031235337,20.557532652960273,19.137114184790967,9.696380368881355,2270.2963376648772,17.130539849920392,132.5222405584903,36.216216225173824,608.6204427674406,143.45609848662787,16.603021121916058,14.093307248789436,10.078579001711198,250.82101020125742,73.70069486896823,2367.151320425104,131.68897160165486,257.12101114144843,221.99991275218994,535.889028498377,3903.4623572363903,2027.8231307147698,216.33761060331528,6.758665207064542,45.95822761100599,318.5653566799491,508.2351266936723,2140.171087312836,35.89672462173203,11.088436881683338,36.263328126825
Church of the Foursquare Gospel ,2.9878201466450833,5.295823692879321,16.261977061930363,224.98582336064868,17.853411397255414,16.27309938531793,23.110007685319548,5.699775812182527,10.230145249647878,10.370226404501974,12.058782464560771,6.675724454114483,1.6555433411333647,9.303452122393344,8.091849912275027,6.677627378208773,5.642501152597317,24.284335573654598,35.64361482850625,10.407431269671592,7.164946387156015,8.957337363568692,13.48157648683332,11.959509999700558,5.031669140336867,29.599750436133625,9.347836105510414,8.719456966859168,7.559494200696228,1.4593530405097568,8.712423905302549,10.723891167812399,48.02062216832084,6.850738284628035,1040.8910234328694,0.0,5.924167485084285,3.5565062938863408,12.408436482064317,10.32090580064328,12.604385112716955,18.358295350979134,18.391928257619274,2.994494892593569,9.086253032817766,5.312393319264775,12.732463566874818,10.24699143735315,3.5222652334203026,9.998225615278088,8.312759512585146,6.356228003893956,325.6409914363346,18.925323774305728,0.8113490562261053,6.878093017855348,2.991809404619347,4.206914079794582,8.976654406625107,10.332817590790638,28.486564074230913,11.079038215168351,16.240586516536162,6.251112060655073,6.742705893832943,10.031983680124199,2.4035161535161533,9.357704041829033,24.67552828820842,39.445665737078194,8.176186539285284,23.36675428585283,7.669896108793048,3.8843926011264718,12.09984542160195,16.83166599494777,8.541317004944053,19.832904235980465,14.086586009089094,1.9166800729300728,11.267873302660908,16.095856967030482,9.489814989266923,7.110247887528619,7.793307303257801,14.584001740442492,6.127209872552194,9.512630891853233,8.577051972624664,7.427129803254844,15.11076108093158,10.48969594995114,13.223749346965235,7.1035953052935,158.12696006295536,3.021256188636326,20.19199921894264,4.797428266178265,8.089058944688027,20.571373406883755,12.176322578492037,23.632938146470778,5.942913472172813,2.130845567754885,12.758464398594848,11.967034269776333,6.046282270957923,15.03282128754009,11.085370040148982,12.009257142072045,12.039049941034433,1.836304416315482,11.852395863213289,8.204226273299572,43.63579029873,65.75735648322882,8.831230831073116,10.307857878126903,9.87107556508124,10.856231267437677,3.003777811568907,14.018139914632608,7.0115353206700055,12.61989510304709,51.58505219118566,9.108499623362768,9.62581436835195,13.219598494758905,13.620036527440739,7.184730033508993,4.006300185835105,8.533007160307571,11.3291711991062,4.8437944114173614,13.82481739290648,608.413437624239,21.296544852145846,11.876249509232368,1.2101709960388598,7.492295883097845,12.076219097700513,136.13485644368672,14.73250687710513
Churches of Christ in Australia ,3.585576193943927,1.9424934697437148,6.4865582487439335,117.9257845482377,16.624520039106123,9.15902478138225,7.448280123109824,3.430342517561868,14.359252992386253,6.414112006717317,10.524966321866554,4.900840600130817,4.2292877202506,4.654901817297123,3.479001632083063,4.684732048072684,3.5738984813905628,12.390063802926923,20.7899905532988,3.0871081200544883,10.84055228183319,4.638958981657904,5.551811894272303,2.927893529901789,9.765454963908676,9.92083382242538,10.128781518441482,8.830124427457047,4.748482996210366,3.33442741348737,2.824816816699981,11.684046778596418,21.192152149505358,8.677325921861181,356.6224019851859,5.924167485084285,0.0,3.077395411082047,3.453830097656955,34.59603574437133,12.653056027543252,3.6630353368585107,6.431806453826592,3.5468059223105652,7.021354532928486,48.06894890010694,20.937831000044184,2.9968009612799866,5.210148995186609,9.120568449085344,5.548092062719883,10.279129768644744,107.04113347085874,5.62825059286579,5.085728738878813,5.724644190170016,4.65449383244957,3.288604173397917,7.0482640499437785,6.6882000972639934,12.43020108591569,10.54302673504377,10.288965864331319,4.135314037519987,9.32614443778746,5.4807894591653845,1.8521032080377446,7.644737533810623,14.601326953807703,18.46197549341642,3.558020150894054,9.381761497465108,5.929478109741552,10.358613268138551,3.535034190424318,19.44858604289828,13.52893960373722,35.39764137898838,27.28517225237408,4.026146959012216,10.097554132798667,6.410091855183884,8.75849167893994,2.677177195601599,1.8043425819350944,2.7109953490067094,4.907278083748502,2.1351899519592967,8.601036808069097,2.8752571488950425,8.697080609590943,37.22687193418723,4.523162324021588,2.6162833003076083,67.57241695384349,8.667595972567822,12.035550532771296,5.538460932584979,7.684105716443693,9.869687593154307,4.0116939856252385,33.354597080727174,3.6280773984504866,3.6837096236974967,7.668848192662494,7.60676529086278,7.791124891254847,14.081529760425273,22.631122035399645,4.737412712316457,6.465343268113253,4.255169914701261,61.960557596204865,4.2432071639227855,21.92634195953187,52.035031371768746,8.11520134669489,8.978761843788647,7.069020414751718,1.757522563417208,2.2285835991930756,3.9974718677182346,8.043896242095359,3.4182134578271848,19.637291025616516,4.9507146807874065,2.4327656273398666,14.915634111310405,6.514001796211751,3.6778437068599623,3.670861245873649,6.372088092734244,18.03221626766633,9.906668669904384,2.3050984182970278,213.81832550596064,9.812665765775435,4.762450064049329,4.984774324349257,8.884345906554929,3.5847987826882326,68.22115281086361,8.607441385361382
Cihui Tang ,3.1146237314950613,7.487597239349623,12.856251448141771,222.06302703494387,20.568357263149583,16.898950882420216,17.087511786270532,3.410368640443058,9.161571924146202,9.310641087274531,13.374453705549785,8.405088697461881,2.7869729717481095,9.085027976809645,10.087880093104703,5.608515131723038,6.4360194319955815,23.094667302702337,39.605975253385715,5.8975331278789715,7.438915881271168,5.108192526626943,9.831681721849046,10.531282879318892,4.079416641916642,23.44207858626908,10.530218567034856,9.332710245847457,4.536729353243864,2.46132293007293,3.7502254287549026,7.795293840889806,44.86661307901623,3.212249462230457,853.9809055048868,3.5565062938863408,3.077395411082047,0.0,7.81897083981002,6.70604228551527,13.92228339044324,10.653957594459618,14.373011595775772,1.883050979555311,9.161424560587344,20.141820797758132,4.082144732997171,9.322832200130954,4.814860022279414,4.466088659318422,3.723363492699644,6.3404889630058525,288.78032770056024,19.119739054889298,3.391740097896814,6.944439567129473,2.873862462489512,2.7045897080145953,4.863436332094649,11.181003527408574,20.182314167953702,6.091540071420209,13.202322683498297,2.8861758483046684,4.974477229222698,17.85848326010778,2.3762281523552016,10.240185072563168,26.58333646784226,32.93339069219761,11.555034256599019,16.68497439763301,3.010419380870722,5.743814218220665,7.17744099376145,10.734539869334643,5.963234530480001,32.747602577599956,13.74062572852895,2.64584673959674,12.75272815495794,11.938114497647222,10.416759467025152,8.587094735257862,4.175855108991338,9.68241074298601,7.172896212012114,5.733768830863994,3.809101851676269,4.877954725018166,9.163649407330892,4.5584848146198755,11.880176683317163,6.338668273861371,154.3354696482022,4.7834654355771065,32.257692954787466,3.3737721648169408,5.4900321580206235,16.046786536550442,10.40262719249184,12.275221794214259,4.845141906309402,2.5268233621902505,12.290995157873786,13.669335819887786,7.4115199328413555,12.635660175253403,4.941920462175956,9.53555267906221,9.2970973384338,3.4410673717274274,4.202943496991544,10.143326850957855,37.94529548558352,91.78713244404474,7.522712699887613,8.172009038673446,4.924248665598298,7.815351951032394,2.724026735351153,8.75275801417958,9.497167697129823,5.328937297582382,79.1638605705267,4.938929066512944,6.7792051048110675,9.08126919594411,12.766793253202966,3.664631158944445,3.8467868363935223,5.7842715160683005,10.609833228254281,4.9317196751407275,5.727544716308755,502.7299093727551,24.696709321335735,5.862683720771651,3.398744014110516,3.8100449084667334,7.615172050161072,148.15994214294642,12.902519568863962
Confucianists ,10.294542826343024,3.455771769977134,4.622947489221938,23.44565161493349,17.345722222935013,9.383198793124903,7.079958946593034,11.713140867874365,39.70206862541845,4.858821010831371,15.73072618779445,6.417119122859022,12.482311403579864,7.813999829259611,3.945193485667537,20.36053703248378,5.4192470222011195,7.785134852489026,8.753382380404211,2.399112969543242,4.898806684493711,6.123051957033493,6.887347966936086,2.1992352465510803,17.892895823575888,4.289519551562795,37.188080646074894,17.179140187966155,14.174183128625318,10.846832593816341,6.869054522524885,32.07089489238595,9.202808032478877,18.908328112295006,52.314988776156945,12.408436482064317,3.453830097656955,7.81897083981002,0.0,11.829769507968576,6.2334636097801095,6.510071562737721,5.177619964215109,9.577258321445244,7.958328294453952,16.295182300751588,10.316809996062132,3.932340828113288,7.793589313878514,6.41448208102064,5.9059533390884,6.390205418970646,22.518330885280214,4.721171105041323,12.654616496098633,3.742189240443005,13.619302987325282,10.89536061391867,6.475186058296264,4.751595004899578,9.17837493029114,25.401400033348843,9.023671784449133,7.697954289659005,30.885213726515296,4.007299168852732,8.643333575281307,5.587030555189357,10.74570363003207,8.323157036827931,4.051124196289008,9.507491337953084,6.994916105684151,21.684112177050434,6.2719351808137045,48.622897607359874,31.744831903202968,11.446770019100867,100.64710107130678,10.426383244762361,16.0021202998696,4.727668964908408,11.356031605520037,3.757057360866349,1.5386713183909346,5.292062613879216,5.892342920350772,2.389578841515379,9.788400903996298,3.336257149084257,14.126064273588801,9.129191446074104,4.061784526876163,6.491566755460665,13.447672300683825,19.772550879867907,8.872408493937948,14.826464100654213,21.546908753973185,6.804197390513083,3.855385223720942,15.499137734191455,6.578687215524896,8.922770463479077,5.316409171845571,3.3615504371778644,9.417445968046573,23.635370507931604,7.336228195608853,5.176679991478359,9.991692857915288,9.09125249045413,14.398966071284,4.197840249882523,11.1789836994118,35.32613797816599,26.41186994839076,5.9474967136528605,6.785301127463446,3.9858234890026587,10.661987719842962,8.421184390588309,9.269839631053651,3.6321247824283436,4.810165563027152,8.062762019734695,5.332087144398837,29.421859843248317,3.329964198703243,8.486301268586427,6.237842304136779,20.337963557488326,60.31616267894241,19.99832776783393,5.673472091505902,33.06259058417134,5.256730238313578,9.439624749168452,11.128716004925652,16.47942695929914,3.715853406604873,12.754219090303385,7.130447074251848
Cypriot Orthodox Church ,10.244872204244329,6.281009118090856,10.799628120365652,19.636489644254695,40.152675432530565,29.029987558475295,9.176267154807485,13.514301216286205,62.97617056682463,6.792115155364752,54.279099929228856,17.50551581867115,8.153196296918324,35.27495111714124,6.327158306206666,19.51967327730941,12.835920468382325,26.38205368214124,20.549835765436065,4.282366026180217,4.336620998562709,12.126212850400155,30.61999667241135,7.533905817970228,38.51386854942461,8.942944051764274,315.3561317070584,72.66690912447444,11.496005707964855,7.100290692823789,2.6144919897626258,42.671087951607646,26.23857752967465,18.722798007541577,26.278405561114056,10.32090580064328,34.59603574437133,6.70604228551527,11.829769507968576,0.0,4.665069736071161,5.358444078878328,10.80473912364731,3.4061620811959297,125.93630282277408,3.912251634567511,2.988697334123539,5.818292895667673,3.80687093570387,2.730274042409991,4.981416172339872,3.225262081950154,16.84216337046555,14.633204778763297,7.624780960213692,38.30104739907014,11.049964777537921,7.777814792875465,2.3532588066140905,9.411187675864314,28.76016842556748,39.37036972897614,55.612108188013,9.760606771620939,68.32321084046478,9.403596609328856,5.181960811556091,9.911986824825556,30.788819020757636,18.14369805416969,5.823291298938539,9.881427977929004,7.1195617604003125,32.03553334152244,16.066304925076526,96.10346505202625,73.32528526417825,3.6237098174885296,238.98252429329168,8.554563827328074,47.343763333230605,12.876039348530846,102.78664208477396,11.320729339531583,12.805956808252764,5.985863297150143,2.0263776591294307,30.46644453420286,170.03390278542653,3.7601526416332223,0.8044404715538032,2.184875195089221,8.21057649861539,3.156440015487362,17.515711183310845,15.84537792804118,10.289355706623931,18.354326178924886,42.356397762223,9.785168353438328,7.495696872611035,4.948759941586673,1.6714207295137098,7.329950041271814,23.278377435553463,11.472025335603192,98.7757179833078,8.767616465994813,2.0573322501487503,22.36894269235149,13.878808581579149,11.137014718403314,2.6794792741902036,7.330311840143008,25.45325894805591,25.98501191598113,40.472683994157606,6.990065983719217,6.742666419408327,6.860100389839444,7.820267008228218,23.140539023034837,7.477883636432831,4.191432809406941,8.066328458682404,8.087625495353732,35.816957616566775,46.47523170226481,23.013703912365948,4.111281038715624,34.16289164800397,78.9171216867888,119.53486327883785,44.46176403157228,19.971691594137564,18.44455973127342,12.215894663188644,12.013339183592294,6.045537015767268,24.21434320675691,10.017245812501878,16.36864709624476,34.212349500788456
Druze ,28.8042801996262,4.93439343819975,9.741632404307065,16.446911490076182,19.494096468512502,13.330579585900592,9.522874570283706,22.58329501721319,107.5937275967708,5.888343500577276,24.66327840738895,7.688352766781641,20.620675670538184,11.648947422420804,4.0738537968698365,26.59420730483021,5.663575942828023,11.866439728943888,10.890758765045154,3.9373916602575885,3.259572405813142,10.19022787884012,11.787082750299986,9.058932537237192,36.54493766413997,9.147119860015223,76.69422286702438,31.834340744173364,20.584259618550202,10.64604303770818,7.95927537843228,55.48022973227194,13.244991078430811,43.695232675602355,42.892758898328346,12.604385112716955,12.653056027543252,13.92228339044324,6.2334636097801095,4.665069736071161,0.0,7.988253227495218,10.07284217391913,11.736078526751616,37.403528586629065,5.542894753027814,5.631344026875039,6.3793536502947585,6.86046393913502,5.635847763880737,8.677211772265192,3.9011479130933537,23.12507535749898,9.34031569339492,21.44342288930333,11.435172087503254,28.69190773252673,21.38446646247534,5.208183722421918,5.890900013779903,13.751096240290755,46.37844651733044,22.350389735100112,9.328297584550667,52.31778211019708,5.364540359292796,11.916021265984908,4.631905188175114,12.91722770813991,9.547988415060432,5.045612510987604,8.510979178417246,8.151628808503386,28.157158553924994,10.178707252287682,89.75869663598012,55.33124815690052,1.859352278534088,163.87484134513633,26.544945984293275,18.199247477100855,8.262187646602625,36.48777810510838,6.015599794323493,5.686427924596315,7.331982128332827,4.801847917248432,13.853261477092524,51.09913362632575,4.2178267395669335,5.527326051487309,3.3490836597430134,7.915419419115524,3.2249427365088943,13.569562191690409,30.663652126796176,10.467346524373566,14.494232229242268,67.6959335045058,9.343480492824396,6.929586979339099,10.635305221472143,5.788857820284009,12.693824004728413,12.947606033457907,6.485528179553632,28.8565202291784,7.258392327477118,4.076905884008217,12.335274343390267,14.563825508305232,15.268899728212554,5.259096651790919,4.523344057013976,14.31317290668198,27.047376920166943,49.1706981878458,4.743827056962885,7.757560451514222,6.565221260650622,18.426495321132947,15.037245461904421,3.252120295333606,5.711806926805498,9.372171559757074,10.278876182841328,13.157609507115012,71.76427186285288,10.824555179798153,11.921355008610877,10.451099945010021,37.6921753901599,132.08290672550766,86.07306479199508,14.190503297348537,25.67195967981993,9.63673001720281,18.45547734213999,9.183010073409157,42.47356012735847,7.575086305012729,12.55904082063191,13.117777238144367
Dutch Reformed Church ,18.17070387995103,5.804631963083421,6.478306536200388,22.61543920760745,46.51781631809981,23.450810805092743,7.400965293035511,6.143255686032915,75.45499309970474,11.524594625842717,46.44646696140733,16.324657450247013,14.177359577945534,19.789751947639655,6.477466935513439,6.8551342575148855,10.947578163550974,20.282673448901072,17.79724494863403,5.608099867952813,8.05841511394717,14.415860526686215,17.080066520037423,4.696335049362002,46.930786015384854,4.160079005972329,103.26560578476031,54.43784346661911,6.794984157428154,12.466786703863717,4.189027514931672,14.111925094491452,17.91763959558072,14.54179051013838,25.86164907312534,18.358295350979134,3.6630353368585107,10.653957594459618,6.510071562737721,5.358444078878328,7.988253227495218,0.0,11.154666380798865,12.066657865876275,38.57946563067059,11.504617923095633,4.863380558227851,6.13531262418497,10.338318065999282,5.394585782102551,10.022478888949763,6.702514195656881,14.784279903329283,8.025652235886737,17.29262689782805,13.540159621467724,27.404776458727703,13.428774304578711,4.203439516397289,13.956283143764564,17.459132619577733,19.838344622705183,35.62947474305735,14.041018976568395,59.89119888530067,8.68409875114969,9.322401410848991,20.995305560847267,25.25505984753725,14.560475525587913,6.851636449300291,10.280395860839736,12.113313210693287,31.6212248050982,6.473635449782991,61.85869298440269,64.71849949296437,9.248955111439303,276.2100529281668,17.66251465416205,40.291418043491966,7.055478037298092,46.13313280870807,7.780526136320309,4.804148148102449,0.4288832715371691,4.336668494969005,5.076881871087742,21.149179710270126,4.879276098231626,5.081430115859346,6.206574105789009,7.781125090468289,5.4846085144945524,17.276297313186586,24.592698319564764,13.285417532133032,13.425821769176894,28.859520469645464,6.491779312391024,7.524460166350014,2.9817260770103036,3.9128889832496756,14.39416915235356,14.997045794452978,6.752128839518725,28.555482347000527,17.072837719847936,5.395573007176622,9.016721887293034,19.079762217319082,17.82042300772472,5.994336561319215,7.6795517930652535,21.97814605000672,38.0414197233575,14.295731551407473,7.905328476063297,8.600699760698365,3.609774136526849,9.073464781756345,5.2046270781294774,19.623981672994848,3.371966227002122,8.093692626041648,8.932667533017414,11.695938326582082,28.27049057152881,10.400793716198192,5.366826351994494,13.788461611067385,42.25247847959673,120.58953632626029,59.42935643352156,2.426514886437763,23.281744289477714,9.076230611303911,7.0979175177030305,14.620354968381301,22.961859667394815,5.2494390741130665,16.25548745535188,21.765867605774428
Eastern Orthodox ,15.155266424296919,8.838429737501198,22.56192852057662,19.83632161601575,16.321982784862715,4.742278481591447,3.2552990202613605,19.222595775933925,107.4179264198296,1.2550189685471567,8.041332589527656,5.305975097730329,17.641444986465356,3.1597923238822214,4.586502975001419,24.57965150824703,4.889531682398273,3.6760681073406767,4.580509007852727,1.8565519151652197,17.458059131697308,25.564661514317738,3.30969179516306,2.5927226902562666,39.09315864409695,10.858687576933418,15.078324845089707,8.511807091788128,18.018913229362155,20.010051205137902,10.953118742598596,45.313521775764634,4.970024447663196,27.772539822022644,7.656406040552757,18.391928257619274,6.431806453826592,14.373011595775772,5.177619964215109,10.80473912364731,10.07284217391913,11.154666380798865,0.0,13.941588820928944,31.93616040361926,11.567115712636491,14.920000425800866,1.451370040912624,16.816076863105216,16.781165197593637,15.886635400923824,14.515568201046179,6.122578826882228,2.897503303069656,16.148856183168252,3.8579198258453906,15.993606916896749,24.98027127687611,14.823608498544141,1.279860773626944,8.90316678306542,41.52999352754715,5.881316402782936,12.36157909406596,119.72837831150368,5.060859857534255,11.072197989308245,1.8678661890810442,4.9419358032579135,2.661736741216868,1.9729401505115396,3.776226237664637,22.65362954743628,30.072703092163156,6.773711106456033,140.00526000181264,117.3845462232043,12.073330498068344,332.949271252604,13.288504724414866,8.768801273030848,2.9090628041489768,7.615210398596104,2.710268063771954,4.174339162083371,10.222008876488198,11.149962023616743,7.2656571101694345,16.4111783513487,8.35973223466131,9.731112211224202,13.613079797199141,0.6131402970150943,3.699157668994392,6.164781044390995,22.94897822324944,2.3110200794853193,13.51313376643228,42.27869181105271,3.406466549363255,0.6791106532447885,17.700959592546347,11.515960144055704,19.898466075286265,24.846738690639853,5.748158127912511,6.890298938912195,0.9501568544124213,12.887059062854348,3.914671646410175,11.572571057900653,21.83806824019156,21.442275292717273,2.224219916775206,6.947964319979532,4.199500032519103,45.12589995128217,2.184610294978807,28.43920578125148,6.651717421457061,16.670682706329867,10.340333354050749,3.720160829964224,5.936311033789658,3.420171064474754,28.545710274409156,2.3551035618336624,40.61500514912203,7.8188410798732555,17.468182696172065,6.117892593278843,13.681649542061125,185.47651557354672,42.64467244956285,11.506356657358825,4.473803105474541,25.995185897606568,22.86820909256608,18.365298333723487,24.455285235940615,5.2568380534916415,4.239497817011462,60.61702664311526
Episcopal Church (United States) ,2.9584536904801806,4.988991651244131,12.44420433610478,290.95453358905314,22.154193667947116,18.805823349666294,19.04793352008662,3.455541770057899,9.342202881183407,9.057597104427458,15.687631566159869,8.519478051346804,2.430141731499966,9.977242746981393,9.201763548264292,5.171294846008344,6.720888442486163,28.96692743724337,41.80948345538312,7.797683220104995,6.502672297756565,6.051023651697562,12.017900120249218,10.639682186058602,4.081724534279401,22.197739039678662,10.272857137686128,10.498655014080699,5.393044209216195,1.2968559218559217,4.112982510172745,7.7954913694082855,57.51749818050943,4.403355422770753,963.5729127839609,2.994494892593569,3.5468059223105652,1.883050979555311,9.577258321445244,3.4061620811959297,11.736078526751616,12.066657865876275,13.941588820928944,0.0,8.902915632347403,9.41180651273115,7.531272893286222,9.239509553403815,3.081970499902956,5.061648164030412,4.986811040418202,5.635006214445633,295.07557908958654,16.784356148961674,2.343304173896279,6.603743406858111,2.746677941234393,2.848203939430774,5.25249067449507,11.768374821056526,21.15850164436169,8.254314742732307,17.690046185649418,4.057922617817341,5.589285714285714,13.197589885554349,1.649586055836056,10.777331958848757,32.07904567522284,41.2647531103194,9.025597036605445,20.486165950818958,4.025701731940689,6.090297262038454,9.35402611721232,12.15601914033834,7.234708855845638,16.083021234136034,13.589094970160106,2.042391636141636,15.365998301787052,13.053786333276081,11.65582871155683,7.904236354013805,6.131687016920247,10.097938348888443,5.609752199257098,6.898951707139453,5.806315204630587,5.196456598022309,5.803197906672316,5.5701000564092205,12.046474083323302,6.503131267918987,195.05943941088395,4.4948896194819845,24.51837921967585,5.085111150043617,5.855467683065207,16.892782812223054,11.182456447537843,12.445942475993853,3.931063690280298,2.051148743763646,10.436468787002465,10.552431621751206,8.5436223633093,13.108976115247094,5.1019293478673875,10.401008736974509,14.155267379737309,2.52672024338091,5.805055898906736,8.16114852932624,52.248458494113216,82.41651259311824,6.385986549293,9.802003108967071,5.1204863989926075,7.170332290829926,1.6259477529638817,8.670231156267414,9.365958020038029,8.071167136449528,43.28475221975319,6.212183156560587,8.900462605761538,9.568455463123028,10.357498984921495,3.79274513365771,4.2767303917476065,7.607863507299353,8.530488779522141,5.117710280992058,6.4670638938424965,566.8376517854847,18.374463756191442,7.8184775230100865,2.73949745595751,5.518233491361048,8.648327586917983,177.43298634834744,14.497295354994021
Episcopal Church in the Philippines ,9.502549885060319,9.120988644229547,4.057879782961304,213.95712178479602,24.68756085286505,17.501885105161993,35.416125048491054,11.895045635617159,19.73504907676807,34.38742607705382,16.153456500350426,12.033347751358988,11.090989544206938,13.78276204544255,15.731735813579705,15.379413204804926,12.207059767196789,22.778156214469753,37.99819275330873,21.121566378873673,27.128152361679515,8.479580001268802,14.3150495584228,11.939860474714035,14.976245402542471,23.040299650352715,11.536685228084199,13.533303405970875,13.275114248592224,8.56126808398787,12.17348939935956,22.45971937041627,38.591204771675386,18.893717584053316,626.6621983408957,9.086253032817766,7.021354532928486,9.161424560587344,7.958328294453952,125.93630282277408,37.403528586629065,38.57946563067059,31.93616040361926,8.902915632347403,0.0,146.72496261924846,83.86770759299412,18.17764788113901,9.72600345196644,27.24930785734627,12.733215315849746,36.90844874463442,220.69238528404037,22.16159836745409,10.641133071501315,9.70615709352854,9.59025660798496,9.251893348683241,25.583434968732533,25.575663934226107,23.053570080881897,21.887477614027677,15.741183988505592,10.56153951036276,9.221819296315324,11.118256772282718,9.558211383155504,24.739744509490706,26.277917261801456,44.994533472030156,13.863103017595499,41.317416351266424,11.097611256319677,14.465374341325505,16.860733861054293,25.59054890205466,13.389844248966048,83.4925593545012,19.824597560434157,9.328446586110402,17.531671670684823,27.066695411829684,12.39969961682451,12.270565017147531,10.689350350180415,32.469594887809386,18.576673001251137,7.501291393291767,14.308481684650873,14.747640250612369,81.78116887158488,106.50844821156403,24.10416319734918,19.471483421962994,102.40012443530802,15.748234072444095,29.25437908222223,13.614275260087206,14.604653439755907,53.10199148008172,22.371938831047288,128.03041314871865,16.891187436702754,6.685758534318689,6.5027187849292885,17.038097612231358,11.696310038335527,102.2516454185781,67.29546380669437,14.706888042397859,15.46635019697546,6.878640618167141,171.34881618339088,16.173915447275597,38.66675610896373,109.69957487952135,18.16467628671356,40.75513595738275,15.929292372767485,16.204026739605627,9.650749489712954,13.83700138176695,23.014629637722948,25.76752385195213,8.451760185392821,12.406938182510949,11.162069503026007,23.70826198242052,8.510456781007932,11.888406812773187,9.094239566138056,14.895882049308291,18.715656289293264,15.529534683568555,10.724122583322796,382.5976146036792,6.059425213305816,13.214897932090233,8.833895576511205,17.043880137119217,17.0783272519794,107.70340479807982,17.54686324202557
Ethiopian Orthodox Tewahedo Church ,8.238456138325171,8.785756676939682,15.963529711131034,13.901316060897573,28.778311539634064,30.740382346485465,10.245842293181125,43.309251387197506,90.05777513670793,5.716311753489357,54.14237223735269,17.865292021457524,10.831070042937686,38.75106956964815,7.268774844301099,55.083115394845926,12.380975521164544,26.369832150623477,17.956232808292928,5.519615840005211,5.624226542455223,18.76624838135586,37.35024217986605,9.118457608730436,9.362968725532744,13.959325696986996,375.89037522545726,79.7078278415133,44.104899405989016,5.291443602521129,10.661272884389826,117.09599154912814,28.735295630460133,78.72642384598367,25.50098586257716,5.312393319264775,48.06894890010694,20.141820797758132,16.295182300751588,3.912251634567511,5.542894753027814,11.504617923095633,11.567115712636491,9.41180651273115,146.72496261924846,0.0,6.679655728446734,6.100830134889428,4.173634042751394,11.123036205548361,12.818173025953865,3.48232134451622,18.149465118810358,18.50036067143888,4.904933678467939,46.17604331994834,19.486828729240415,11.883552263683375,8.238592902476618,5.990322916777516,34.338950220327156,117.69668097019184,79.51624717307111,6.377202558257448,86.14519592042431,9.486218761877241,8.72011919478705,4.3357865504936965,27.830358490370934,17.383122839810646,5.445980759122972,9.219475639834476,14.363668897667312,25.861906915170753,29.765828949452157,178.92764749911913,137.24644613266707,4.142790018327549,173.79806770404014,4.337547221796645,43.81752181043531,18.91135392423755,112.68948656363222,13.31898649531814,20.54138012167694,12.827346053969142,7.386226391304972,51.23693770812955,252.69631264749634,4.141032894925511,5.1906431346052795,5.189319879385384,7.9089031571796555,3.4346073829688972,17.36898482476927,27.00098792512823,8.336107150084725,29.147904021589717,55.31631951696988,12.620168733211996,7.097849228058287,10.556950734856166,7.2684114927718655,11.499148091484098,31.352443281361573,13.51873640189315,108.95111324047642,8.590734330292522,6.361585777527687,36.50976961440092,21.938919479587927,11.099899847591772,6.613372566368017,6.998783831863371,28.756680347154422,18.66245553901498,85.02334944273194,7.221492061763685,14.776460627618176,11.084402952795656,21.48823621419929,47.132564098286494,2.7476651621540134,6.800404402851483,8.405108210520075,17.614413448777885,46.256448521552734,145.42697201120455,27.909887799451663,20.092769960348047,35.193865314726594,129.13958724795532,116.09605374976834,15.216293960059499,41.29275626499217,14.95753285810536,17.038865386457957,38.62050435029788,2.9657528849151196,66.33693344905379,15.076740368049864,14.777517286411289,35.71489026624545
Ethnic religions excluding some in separate ,11.874851060706455,6.16818021085965,8.551859201091165,23.776615544248692,45.44876079349964,27.43877238944222,9.157099418050754,9.693728400642208,45.32714649848066,9.330677453822902,53.3721625815352,16.475849071178928,11.21636138034256,33.05779146671494,6.632174728166202,13.697336196832861,9.867240636948884,24.04726008488153,22.03368186406644,3.919356991410326,3.686108218717096,5.790661410046824,28.708776999969952,9.46354707645563,21.81107286441722,6.002009711312809,265.8746536996645,60.42996275102205,9.75849281061776,8.287308204275568,2.6197139386891926,23.30303105387852,25.86803221513157,14.213687439240804,25.518681621714254,12.732463566874818,20.937831000044184,4.082144732997171,10.316809996062132,2.988697334123539,5.631344026875039,4.863380558227851,14.920000425800866,7.531272893286222,83.86770759299412,6.679655728446734,0.0,7.374163748941675,5.913166600960356,1.7072570060388415,3.7489344234197954,3.2042166981000144,16.92432016668394,14.796691960610353,13.575067614063165,30.17577869769714,11.012422408781402,6.624898567195264,1.630664686664265,10.888024286675845,29.465335560905313,27.919586692336686,34.837790585315965,9.945421528223722,31.87693731324876,9.294310667705158,8.483445424408778,12.744566484488026,31.63521398028563,19.615399156590495,7.4264999284801,11.66819492626573,2.841680041940168,20.251678227581287,12.191204708830979,54.06913080120905,38.74116817957957,5.531330506864389,122.77004227627896,12.276214316906085,47.2899370058269,11.717478389189289,51.74977784604898,11.643818460811197,9.173807014683634,5.758574000722507,3.517951909601453,19.83368433689613,121.06145065465026,4.407935682864766,3.469465961478463,1.7342144375553437,9.814995284201943,4.022953336056349,19.468077973807905,20.268234526552085,13.275033337187178,10.668835805928792,16.266619970870526,9.13206472314357,8.673738704009676,4.294293820764206,2.9310520241340896,6.643465156768631,17.70598332060111,13.550511784345131,77.02173006937386,10.637765686926125,1.868172091952862,18.351869037929674,14.544394157439823,8.84891140342183,1.5197310900238472,8.900343594752892,24.60016497528531,32.02246869700121,22.117791991762925,8.252956338379338,3.4746831964259277,7.120612199144244,8.802147965688672,15.802831618023733,11.530187297543147,2.5810740042647407,9.303928457955069,3.030935776003503,30.228957438148885,28.697141752387147,21.629864622620044,3.741249702488318,36.185564308103714,67.53231124769421,69.75270450572005,26.620740698490266,15.000173859408763,20.235380184852488,10.074599789758588,6.110340954526165,9.421418514787417,13.71822975956726,8.997800402070384,18.200053113040067,32.718327875015696
Evangelical ,8.008826125517857,3.2914409791491472,9.853514495847033,13.384136203944715,20.386998091064058,4.716759816453599,3.4430760760016406,10.765591206834134,56.634489688403676,2.257732926750124,8.47991653770159,2.89881915802116,10.25550580133776,2.1555846558849865,1.9577890625107135,15.968514237237404,2.8514427813917695,4.603836843228378,6.434386870543512,1.1612967662048697,8.330067751134546,12.524403539391358,2.714978836056996,2.3139808140313702,20.716355317866924,5.856063685361967,10.352295676652373,8.055853567085002,12.536855623820996,9.740424793810279,5.463999041370509,34.00325171153537,7.3739195018429475,23.433255582766098,7.067644935562965,10.24699143735315,2.9968009612799866,9.322832200130954,3.932340828113288,5.818292895667673,6.3793536502947585,6.13531262418497,1.451370040912624,9.239509553403815,18.17764788113901,6.100830134889428,7.374163748941675,0.0,9.02443067074403,9.127655008503643,9.074337453546923,5.731346549098795,4.62128824151023,2.210458714178769,10.040144025908251,3.932685015616229,9.559717107412755,11.973171491314508,6.752430835098819,1.556588395076314,6.7740064718944275,30.066132119025443,10.988366112289745,6.72428291360293,59.4655841688223,2.1141807006000017,6.1530390898477565,2.2280199914115135,5.742428701562193,3.447751818601961,0.3599432570663183,3.962489759246159,11.620165072783221,17.331793997020544,4.68277170106048,83.65268688196392,65.38100201494628,6.563607108985587,163.85354315002095,8.014818692205798,8.378491293920693,3.09917326707386,8.992999253145525,0.604178044628182,2.5328006506867125,4.885349624852231,5.138445476429041,4.1823745049552805,19.79692817248904,3.5398905956832207,5.64883190587613,7.091594996331849,0.4304075257621094,1.4987762139344332,8.062441859860469,15.615625627532573,2.533993197036299,11.337547002220104,20.60884525446057,3.983921481591543,0.4849459297915628,10.917237931812426,5.4679440491316935,10.02040069843013,12.683547282662406,3.746476634739688,6.473087312655757,1.615428539569392,7.440063893468137,3.546169470028235,7.965092367937025,10.634123077380709,9.512038819077866,0.7440632968057195,12.354957502568428,5.181209622080444,28.522781624093014,1.8726639990015568,13.293395950224935,2.229667798771008,8.310951829277112,6.681753099484213,3.131451802324612,2.7469188248254746,1.1313070408563946,12.706326845830544,0.8747473972327221,38.05150171631519,5.138411028038594,9.338224608951428,4.731512944520207,14.98157064408283,97.75760428452995,20.665651330903053,7.201319823677083,4.666895735005095,12.824399912186907,12.896257340910925,9.404720914203423,22.036991284458058,2.051535900768095,6.870692483372541,15.8627648509488
Evangelical Baptist Union of Ukraine ,4.107218428786127,3.0392648821425308,10.058475794536944,87.54308840179537,15.817107071831597,11.568594178746778,19.447230478048596,11.269107001022826,25.162421903156176,9.582886786638275,11.92647152609987,5.655921837509795,3.673187013128104,8.173799090747686,4.90173964193154,14.07228823743465,4.389113141177883,14.328190777391027,19.81212270712526,6.2045293872769935,1.6100193172561474,3.6747403695009835,8.445285073535125,14.12422579141287,10.403037947398925,20.366111408203462,15.045357117972637,13.493351839084312,11.209443485076465,1.6608718839962375,3.9959319218718368,24.60482763362032,23.239821412062426,12.940704617108626,384.20637516482736,3.5222652334203026,5.210148995186609,4.814860022279414,7.793589313878514,3.80687093570387,6.86046393913502,10.338318065999282,16.816076863105216,3.081970499902956,9.72600345196644,4.173634042751394,5.913166600960356,9.02443067074403,0.0,3.7411529238652124,3.077526083210882,3.45016232118903,138.83895814092548,13.412325216300257,1.9738531313383303,6.612455419016472,5.751031827446754,4.013485855521206,3.7020660854378633,10.37723919176418,15.570046715030209,26.419956276656166,13.495476831850862,5.385973449533619,10.306811591032,6.553280174907538,4.376673303628842,8.147678324318631,15.678720270699406,20.112969769848657,6.644088836984498,18.67778068057193,2.895216002829818,14.296213780182862,8.98603975360053,34.14402701017532,16.839265265452624,12.51900210316612,34.164016882252774,3.550119049161324,11.877216343070522,11.250961502702934,13.694985606870873,5.4526164909804145,4.398590514159614,8.265391170044612,2.476963714527552,7.114125765485791,17.959081285987246,3.370877840960725,5.814493875832146,2.7118366270677625,13.101320568911664,4.313018054728432,61.97450780905921,9.687468059591982,23.62074334908616,9.653874594545467,14.813771540653605,18.931343529534846,10.250134060701955,13.98072065093434,2.825848487198199,2.0300001951447544,8.78781265515968,9.569640290766895,14.205664300209428,11.634672978349476,2.8943519774524082,9.037602431505503,10.093292968637606,2.692440747421005,4.341539958833473,5.818856081644217,21.113610336857914,77.69940110164538,17.858579982476318,8.00948910040078,3.990754114441798,7.088982162038499,6.257975043940167,9.538470173557211,6.032952158968186,7.395900752134655,45.253877074469564,4.632261512413438,7.474634842209087,29.472000707329002,6.974500884389455,5.217008900826188,6.366970425723573,15.989704281093779,22.690240732986386,10.241683199773812,8.0772019938182,223.35196726507127,15.170813278872524,8.32421339217957,2.04535368188014,15.062432126341943,8.135616232401542,62.33616574359601,10.46761040059226
Evangelical Church of the Augsburg Confession in ,8.55756036999367,3.677295901657668,6.267581139171735,29.729777254046432,31.386952653414095,14.772407686805023,13.028673974120396,10.133849074370936,26.206627782882634,11.908748801681293,25.95273142207755,10.444444877711614,8.125592057969603,15.025264536194802,5.505500541368458,13.159858339932578,8.725275280275573,14.236733425080637,15.147904416293953,5.152086003142913,2.5590090730467745,2.323409443503305,12.05326780803061,12.447053150538704,22.135608122342774,7.771835493311854,70.41991806918071,30.27688974947931,9.01310373094801,6.389569004043698,2.173462014764703,22.783695198832124,15.348205832310565,11.5846294001929,70.51158569858046,9.998225615278088,9.120568449085344,4.466088659318422,6.41448208102064,2.730274042409991,5.635847763880737,5.394585782102551,16.781165197593637,5.061648164030412,27.24930785734627,11.123036205548361,1.7072570060388415,9.127655008503643,3.7411529238652124,0.0,1.6149722098315227,3.459194340706905,32.48222118319923,10.08139208564183,9.88409164357799,15.254066668862006,8.392523190637279,4.863702600442836,1.2939647102607656,14.287909279398306,14.354298587679894,20.040814046797063,22.84007385031862,9.702585602542685,13.017862204834504,7.649055689546665,7.003766021390821,14.18941499461021,17.92272069017826,13.331842822343607,8.334917973917529,15.903573530431506,1.6124688754683205,18.73981531070537,7.4485281141161765,35.984406528606186,19.860254518574965,7.722243762769052,66.85208512762868,9.960790923883621,26.075760939742977,8.0591598353806,36.12829298639966,6.777228675871872,5.57600849924616,5.0622887960633625,2.9403351735055936,8.579342021837052,42.56253353511464,4.196973479786719,3.4822375408602535,1.10034310298924,13.118457409213486,4.626848067419981,18.720475398192693,14.101567524198675,20.43075360232144,14.081191826657784,16.638446580373348,10.22596577365285,10.73888466493089,5.6705123662743215,2.7463567946942913,4.34918506053921,7.624922901626393,8.682539801887602,37.278767362794426,12.292949205707641,0.810957157511808,9.467357858945391,10.503195011273723,5.455178277088399,0.8139341040651471,7.310637815728581,14.70705180200219,60.17017339297935,17.70700059442023,7.472415692893151,1.1156141635640344,5.154324282675791,8.161348640606068,8.943948317405884,12.811790471436918,4.301459802397049,15.125571632209757,1.7015315614000366,12.619559530535925,24.460515260061158,9.628850842644535,2.778086877083545,16.704638267039407,22.69154615628977,39.54800114836012,22.081225583338668,5.654875443482593,47.502271912849444,7.628029072016699,5.086977086615867,7.232092779611457,15.045629316498585,6.229720377848493,19.055588991100734,16.52481520222238
"Evangelical Lutheran Church in Russia, Ukraine, ",6.316637520505992,3.691911554122777,6.939593651803589,66.91111174391472,18.61900743134946,10.690060279875231,16.646714710433113,13.125472719293759,22.909237709657045,11.756741552933978,13.685065140239246,6.960536272542031,6.710864618743973,9.228044107928545,5.4335551343002475,16.999697172603117,5.722200712502337,12.695245388810578,18.23732790961114,5.9507896358139245,2.2848100076707687,2.027722488473981,7.966462790879569,12.8927395055146,15.22447382998106,13.181059845745471,23.43783698120507,15.584610343557245,10.676215489925214,5.318005966059557,2.6635072402643294,25.49405660578054,17.66547279060565,10.68037239350413,233.3604896692081,8.312759512585146,5.548092062719883,3.723363492699644,5.9059533390884,4.981416172339872,8.677211772265192,10.022478888949763,15.886635400923824,4.986811040418202,12.733215315849746,12.818173025953865,3.7489344234197954,9.074337453546923,3.077526083210882,1.6149722098315227,0.0,3.1691838643044625,87.7042508495743,11.514401315299514,8.183244441479237,7.847539497869616,7.665547448286622,4.775651493937094,2.384144641822676,13.786390334129733,14.923228116041571,23.218366904103842,12.75610237921586,6.262649820087711,11.202987418576232,8.388563075902152,6.853579264583598,12.234764066554588,14.751864925224115,16.904824872262022,8.628140564993414,17.068464833890552,2.0236110572637367,14.659638076124809,6.737604319184955,32.19767037546799,16.003056883490515,15.172881373801491,51.635127365914045,6.901085592251466,14.61625885877022,8.795857396836388,15.72660259938002,6.240143242754788,3.882199636548163,8.726210812189347,4.113607401242957,5.5847284820146195,17.638187322089557,4.007080198786984,5.383169823730944,0.9960112647865988,13.396481311637691,4.561870286289949,40.27440943811294,11.786445578580892,25.120355420009467,9.781867444433244,16.934132381795223,15.35809371086042,10.636188308177058,10.97275010739636,3.9084244299777247,4.02180170639897,6.445791445254656,9.783704868161307,17.45759507613095,11.752552793147535,1.2629164980313459,7.344744967443291,8.397137720940593,5.465615449257808,1.644334696086086,7.293988456054193,15.497824957129925,76.59103763367432,20.038933449350516,8.71418050219144,2.079115479402748,5.381155710365879,11.233551806605764,7.118596281216929,10.155728265729696,6.018476978972984,27.142559527711818,2.352181517773208,7.4891655300657405,25.23640688310939,7.235104066284937,3.558015327535699,8.48881521156342,13.705369392295452,31.784282489687094,14.770523557803553,5.57702290815388,142.26337631794868,10.127296687389517,4.928515129708875,5.836807574843715,10.666409120963575,7.082595165052378,40.33559254166215,10.24854233521314
Evangelical Lutheran Church of Brazil ,4.112636717193387,2.2405316061553986,7.209722690402423,20.54955310659745,21.684948786893635,11.821101588143327,10.367291987454287,10.567696087235667,31.607681566940776,8.86708789827546,19.07105923433346,6.261161620983506,6.9701090736557845,12.248237179450863,3.162665531785123,15.667948941075895,4.97527683434772,11.332640559647396,11.036884154118995,4.693230544600364,2.251381982582277,5.285728979708541,11.203424965693191,8.32979471596748,13.65541729208542,8.172278892580833,82.0044063301095,24.159339453757088,11.813758937841486,4.582412848077437,2.4450876259600087,34.059969229384464,13.399262583428595,22.372831289563923,61.230299037581844,6.356228003893956,10.279129768644744,6.3404889630058525,6.390205418970646,3.225262081950154,3.9011479130933537,6.702514195656881,14.515568201046179,5.635006214445633,36.90844874463442,3.48232134451622,3.2042166981000144,5.731346549098795,3.45016232118903,3.459194340706905,3.1691838643044625,0.0,29.00112247549526,7.943654225998703,7.389363896773932,13.699414387496573,7.858971306222729,4.661432899924262,2.169343479896997,8.608905930631689,14.727353073525782,33.131334743250214,23.46589212465474,4.900513556712348,32.110168833429256,4.322580953069928,4.702324853067573,7.87824389298329,13.302639727580939,10.61292362696715,4.891199766458788,11.82114070949291,4.08421030621531,10.807183693510993,8.297043340106384,58.62244693336839,43.75945943270747,5.161725543843908,85.74709142796871,4.996099501047106,18.196645137743545,7.768314024953081,30.5750261252091,5.032716756837569,5.451964813761572,5.5936598811058955,2.32815490689188,11.231690945211247,57.16037127459582,2.7214420770831396,5.52742847502319,2.716116413116821,9.122648010082214,2.6271536914006135,14.455188392301476,12.991595396391508,12.302738224027848,11.709780691801699,14.363334729710289,9.402354354594864,7.049229285522763,8.092933418504527,2.1956192820531295,5.207549278171265,9.18019393231284,7.175521770517627,30.42011106973999,9.40966430305511,3.174689221366199,10.32294807696891,7.253948986519533,5.2559196560565296,3.6784210633235666,4.403307128751493,13.439785950197036,40.862835375058665,25.261758677420307,5.579124372779424,3.7636496580471057,3.687029911068282,6.662544852955313,11.738964078444466,6.319609675068297,4.753267473119302,10.895843929302076,3.7862048540342386,11.999288602199751,40.20912382570163,9.392446999729609,4.908758794967123,12.14004790186723,27.90544147457433,54.898579643127405,9.864251252637164,10.17527248109725,38.713766538013765,8.14272859507481,8.937654005869613,4.348394310178403,19.3882099576956,6.2058600264347135,14.531003413831694,13.721308082367129
Evangelicalism ,180.95847506189878,37.5318791028929,19.065204053855858,16.695745311252974,39.05128850131425,19.18502200213496,6.289430829816208,206.52278448397317,771.7056683117136,12.82348111520493,36.393769520376296,39.97077978988755,391.0211173219344,14.656452867327463,13.130588633430872,314.37135757715185,46.9557764554029,16.894730025222003,16.059343729154474,7.0417945769484485,29.75118651866208,128.81964258025653,19.109437048190404,31.19046469144323,543.6932598011688,16.18514143194833,9.576367599923163,44.01609466304486,257.41922581810746,338.7084999440803,78.41173097554449,632.8511175358408,15.272930606484628,774.5359345121302,4.615586442441482,325.6409914363346,107.04113347085874,288.78032770056024,22.518330885280214,16.84216337046555,23.12507535749898,14.784279903329283,6.122578826882228,295.07557908958654,220.69238528404037,18.149465118810358,16.92432016668394,4.62128824151023,138.83895814092548,32.48222118319923,87.7042508495743,29.00112247549526,0.0,12.73076794119642,284.586618228825,57.86669729224654,262.6143223559181,228.66635198018207,34.15325874627624,9.851501846567013,6.26914650236511,651.5585576642029,32.68809467840353,80.43764032764645,954.8570400428375,15.323882429906996,134.2588422476731,13.93944134955682,17.771128310804073,8.760882787100996,6.647721831903636,8.546634344927991,93.17544942083615,577.6436276258215,34.148371850536094,1051.2085061485616,908.7477311076744,21.266389786308178,2099.225143708649,156.21987668018394,30.614141653337285,13.0135968506235,55.19442053962023,17.655053140845563,49.77950808716101,19.999858088886164,48.13848810289396,72.86030725196602,529.0907838255696,15.427319848111962,15.728580006424327,16.147226691022777,4.561613175216585,10.9318749158218,11.685898548505465,552.0164165192328,8.107152023815622,201.2376242037251,656.3525942001806,7.592258819581484,5.6033142090360455,17.737922580723776,51.67584322009995,286.61516341621007,59.399253924096065,25.934417688985484,12.045558609138732,5.553290513373469,18.721720983317066,31.638312648612235,82.37725495951865,349.9434527250188,14.771514981002191,10.28708095481624,19.72692086605453,11.666964158185385,498.12801725399504,9.750808410501847,55.013459375783135,15.346466862979161,177.32559892224816,52.52000103810281,21.86338407231276,9.261908314796772,5.356338604470546,95.02135553632276,27.60718019878706,589.3227125828934,50.392158684056604,93.4712085079489,71.32691848731591,167.31945008415562,1144.6975522974053,603.8165327259943,78.30433185049581,3.920817649463688,23.14232186744666,113.64087714452297,171.50139624897682,512.7644187672535,13.441257361182135,10.943672084062952,17.35684686826954
Free Church ,16.7709875923849,5.8273752275159,9.501593050186191,18.624059033721583,19.193725452315793,4.746369420534286,2.5846258370135193,11.899236431031895,63.352952182409155,7.2758432629790715,9.794999612605613,4.250817351733065,19.408852827277705,3.8953422615552746,2.5546508443262304,13.236148190750065,4.053683290339562,3.2948893361285254,4.513365473858087,4.21677074454085,9.36968442739879,14.339615440811762,4.658992564374927,12.880993480625351,43.51850884036771,8.539970814135563,17.833619828426613,9.358289170080617,14.004075933549144,17.05012908222279,7.598535084998491,32.79754143616398,3.3070308066770586,35.57870512485051,22.148804247060156,18.925323774305728,5.62825059286579,19.119739054889298,4.721171105041323,14.633204778763297,9.34031569339492,8.025652235886737,2.897503303069656,16.784356148961674,22.16159836745409,18.50036067143888,14.796691960610353,2.210458714178769,13.412325216300257,10.08139208564183,11.514401315299514,7.943654225998703,12.73076794119642,0.0,23.40591792256545,5.975206687402366,20.116331507989845,18.71604680495142,8.191269289991963,3.9388042291408225,8.588459509343549,29.526576063230326,8.20596141140081,10.189790376353342,66.1558463196714,3.45068860026356,11.712061408745914,7.079965434863689,5.383991503099533,3.6776050685733543,2.427423909063242,4.46552770632537,13.653039508312625,28.183130683289487,3.8390072175286862,81.11174211875424,71.39319497191097,16.082856292135975,173.88065724495664,15.779376644728334,8.44593610023788,2.3600102421943667,6.676165789024834,2.4342890638318235,4.429194057472814,6.363376216741825,6.728838150118382,5.4709084794828415,25.334429799037,7.873814559058053,16.835697737866397,14.99962512937047,1.544244481641249,8.90081630610223,7.1742425414810045,26.044119835415533,3.290051658837545,14.79772742914944,28.454399774628836,3.160457434215665,1.2587239618106167,16.612345280987675,7.024667002034009,16.187427617851874,12.292487161151481,6.800178771741693,5.897314505347204,5.65350688049079,12.653307342256833,2.7720318409952824,8.405711043101778,20.23479273860294,20.712661955826693,2.7189748635079036,7.308272356688724,21.502258371468344,26.54118754935207,4.824616784651878,11.103900995004494,4.121851736109994,13.445109072572523,5.853635758751943,26.475998174870725,8.07746566613441,4.366296622176678,11.392972540051336,1.9096669594384652,37.20283267279828,8.909848653986884,10.05695718039423,7.895985575920687,13.051412939921102,111.25928363245849,43.43494328085587,7.893367589101639,19.97150744469198,10.92307659804787,11.258565591995405,14.828675385869754,30.141723281219537,4.711128020346944,6.700019579192311,4.686972016814
Free Presbyterian Church of Ulster ,2.0385097358781565,5.632339921448682,18.56432746438005,299.1198605107807,20.191698444262528,15.567900633087,21.43619788749692,3.259259259259259,6.62962962962963,8.665893045802678,13.112378573467529,6.029410250201557,1.1296296296296295,7.945890317978921,7.39996899297708,4.055555555555555,4.0521147624855525,26.331429900199286,33.31190254147589,9.877897962665422,7.068492166359447,8.106618885832619,12.186082480315097,14.44870601431389,3.0,54.3431839201288,9.128738053144202,7.964365865886332,6.274196872390116,0.7222222222222222,7.567614803741376,7.064814814814815,60.84711514182539,4.2407407407407405,1132.9765471977041,0.8113490562261053,5.085728738878813,3.391740097896814,12.654616496098633,7.624780960213692,21.44342288930333,17.29262689782805,16.148856183168252,2.343304173896279,10.641133071501315,4.904933678467939,13.575067614063165,10.040144025908251,1.9738531313383303,9.88409164357799,8.183244441479237,7.389363896773932,284.586618228825,23.40591792256545,0.0,7.889030208393213,1.6851851851851851,3.1789530582262273,8.675055775558956,9.842619746229687,27.41743667209984,6.907407407407407,17.703110249559863,5.3710601082484795,4.574074074074074,8.904253341798167,1.1481481481481481,7.791759732033672,26.530558578423424,42.2037192959027,7.321452514463567,19.404759223970913,7.735374180064495,3.0185185185185186,11.856428542864805,10.398148148148149,5.694444444444445,45.244631371877034,9.38888888888889,0.9537037037037037,12.503592558177841,16.617315158501043,9.899859651486267,6.870240713814472,7.962266194889842,13.859854812016955,4.931142846157164,10.187548639838624,5.166666666666667,7.788563963154064,11.040764356375428,10.18362364655259,12.856161773951477,6.762145469286327,208.91169864212043,2.138888888888889,21.138788770676964,3.1296296296296298,5.212962962962963,21.254929724843734,11.014445788137845,24.037738896991957,5.1542786525045265,1.4236813990103465,18.115149804723398,19.810210747272215,4.647129416282642,12.00215364996259,10.69186688207698,13.162438597669519,15.48915830783465,1.7335585266930766,12.18672311321085,7.029925455158188,54.863035118421095,85.0209489363994,5.5092592592592595,8.491469466793351,9.707053859949722,11.39354732022615,1.6574074074074074,14.461144748939182,6.608184851976985,13.11261721594961,162.52769898796285,8.865656143592902,8.835693985050888,8.333333333333334,16.414910145759734,8.302387740030477,3.3244611888792797,7.08844334691384,6.842592592592593,2.962962962962963,13.72065545516107,665.1584559953662,42.723919764417595,12.832426870702006,0.8019227898226716,4.777777777777778,12.42080245367134,154.74602615758835,15.466231957956033
Georgian Orthodox and Apostolic Church ,8.625079762923653,6.05943137061435,12.163656929381128,59.290013235557076,10.894062022429422,9.16539131164412,8.196190756388985,14.641113640186179,34.65744643052885,2.7623013829105747,9.156162402235612,4.893745532485922,10.597380196987494,4.732256999902193,5.910727047996731,23.81639419333483,4.37145298916428,9.502317193744746,12.533087568975226,4.403783571649323,12.917188979713602,8.923759670824984,5.923994009326422,3.5809271277717594,15.06769750827866,11.36555917527995,10.630308881622955,10.009979023498268,14.405976921094496,7.620592449288153,8.842801618959905,37.92475876577779,12.456989893617084,18.997704965335032,147.84387072201628,6.878093017855348,5.724644190170016,6.944439567129473,3.742189240443005,38.30104739907014,11.435172087503254,13.540159621467724,3.8579198258453906,6.603743406858111,9.70615709352854,46.17604331994834,30.17577869769714,3.932685015616229,6.612455419016472,15.254066668862006,7.847539497869616,13.699414387496573,57.86669729224654,5.975206687402366,7.889030208393213,0.0,10.74488884261718,11.04366252467786,14.69509925378366,3.3329311257458594,11.340194394248263,29.102115854415448,7.672526854532833,5.772170845301264,24.71792606602023,7.025059736615743,6.972485913288454,2.9314823191436825,8.78802598463463,10.492390208703014,3.8086018203412872,10.179361687293984,9.811802084357286,15.869411251357649,7.838431546901455,46.67469856809585,23.650158179966244,28.408539168132073,52.377878104364214,6.26392021995464,8.307212735734572,7.50582439030634,6.961084943375683,4.675039406738064,3.186933528924336,10.20837751014286,8.562836269314444,4.912759845697568,8.106129870015943,6.512909768037389,23.72196390872027,38.93362462535592,3.9271591430915334,11.011555152808482,33.24385968907579,15.887390727125469,7.035073467045167,10.702347988042648,28.576388875105277,11.358191855808284,4.298370914196385,44.53988569772618,8.863862688031524,7.558305332109589,9.934015955852194,3.1622346214972157,4.589981044569491,40.293911301188764,26.134048786537264,5.945829692916589,9.832312584827378,7.382036242679148,64.76281156848532,3.712539690246195,15.97917048908712,41.73116202206935,33.60600138642491,9.142481690119297,12.797792576698257,6.781005255696003,11.193352074877271,8.564015013375187,43.228996075835994,11.550073356754995,9.472489795173614,11.941958749130132,4.810058767649714,35.83113785515836,5.303991153859659,9.379503781559025,2.9772405868420275,13.842316080847693,39.764037637005515,16.76535998174775,8.805921740210632,87.58371984832274,12.04738127228591,11.262537032081127,6.560357539606553,17.960730398117253,7.024160596581165,32.383947951896,4.5508983893817785
Gnostic Christianity ,1.984120937991807,5.050929507547125,13.446668133403753,279.52034256523496,28.348848650023843,13.447822610435676,19.14824051308586,2.814814814814815,4.537037037037037,13.571781951069724,12.814135195501843,6.968802134752453,1.6111111111111112,9.522562177966801,7.5760184755986195,2.888888888888889,6.793474632200976,21.34774547171059,37.02122518558114,10.371716179877113,7.902872955102339,8.094067988067547,12.401838685415438,11.413874504504706,3.7962962962962963,31.50532486101299,10.623520758558909,7.227164110166061,5.132702789937412,1.2407407407407407,4.985980053628252,5.546296296296297,59.45609152908401,3.5185185185185186,1087.8734515695267,2.991809404619347,4.65449383244957,2.873862462489512,13.619302987325282,11.049964777537921,28.69190773252673,27.404776458727703,15.993606916896749,2.746677941234393,9.59025660798496,19.486828729240415,11.012422408781402,9.559717107412755,5.751031827446754,8.392523190637279,7.665547448286622,7.858971306222729,262.6143223559181,20.116331507989845,1.6851851851851851,10.74488884261718,0.0,1.908175344485055,6.383226343320246,14.413381771282785,26.590189683942416,4.592592592592593,17.31746547791636,6.608617777709501,3.388888888888889,10.653772168235136,1.7592592592592593,14.781589553649534,26.413628250608806,45.55306718554319,8.856953696687722,20.567485339286986,6.560927684630664,3.240740740740741,10.401355658066496,8.37962962962963,4.694444444444445,60.80181797817565,7.555555555555555,1.6203703703703705,13.417261141496681,14.37426964079633,9.893129150256643,6.605376625433966,8.854269306986234,22.13935838719125,9.467000827933562,8.466386316308329,5.314814814814815,10.706260310160703,15.451934546387701,10.410154372220509,12.861509581611712,7.264052828396638,189.03815237736382,1.787037037037037,24.016380535276557,2.7777777777777777,3.25,20.372294573639948,12.307888056140486,29.468701905364302,7.312920223533377,1.4834482038429408,16.62136759025715,27.35853596653375,6.039566839970065,12.16053464957868,10.845101806742544,10.892738969330175,11.045546948593868,2.7593389967165973,10.410541782207003,8.327865073357248,46.166325989618315,77.69658066635257,4.268518518518518,13.166768988143984,9.160202955627476,9.498376276406509,1.6944444444444444,10.668467952199844,15.005369443021008,12.260217126588596,70.20535554115796,6.7077670798477715,8.963273797778225,6.7407407407407405,18.356147713352627,5.275896326501909,4.52080080137258,5.35696350059872,6.324074074074074,3.574074074074074,9.471510462471631,640.6624195127044,25.442751582399833,7.193799406264448,2.6344340897136544,4.037037037037037,12.527914079878611,155.07179327724174,15.320988708263394
Gnosticism ,2.016046098096857,4.111600222194461,11.526773596137545,200.14829274744804,21.26853157527742,14.598341264514328,23.70793172397022,4.673597204746435,8.388160164656393,19.787585407780668,12.10802025361518,6.746205294841328,1.952897349240168,9.589705960170834,6.5914210358713365,5.393168539819994,6.009469391410545,20.791766550042023,31.090442896648124,9.390899438930996,5.617061542115029,4.592103345074732,10.477709497557875,19.64705447599261,5.612037592317135,29.97763344234298,10.919311346453751,9.35411603288316,5.984756476928983,2.3400625396991845,3.268574254051686,9.935931790285531,43.17536840580207,5.763427417544529,785.7768203211637,4.206914079794582,3.288604173397917,2.7045897080145953,10.89536061391867,7.777814792875465,21.38446646247534,13.428774304578711,24.98027127687611,2.848203939430774,9.251893348683241,11.883552263683375,6.624898567195264,11.973171491314508,4.013485855521206,4.863702600442836,4.775651493937094,4.661432899924262,228.66635198018207,18.71604680495142,3.1789530582262273,11.04366252467786,1.908175344485055,0.0,3.2842462959307372,17.923534296975628,20.6003890759398,8.964960992979002,15.186646864226644,4.244577756434212,5.609669476337723,9.87169446333098,2.371232691785709,16.344454738033605,25.468017108553163,33.54085907782547,10.593855638277068,20.580064201436677,4.508328674267686,8.672379097207154,8.048448080278996,15.152552531278651,9.193298043088781,54.033423599290465,16.05070759255148,2.9882660732551765,12.426615258782157,13.410329308415928,11.006910232829151,7.13004192539162,5.949124877551107,12.276977650487895,6.069983868566688,6.5729896499354945,9.248561455971977,6.502571342722466,10.570214117608714,6.214276291083548,18.1184333032784,6.54448421426095,135.4332256106428,4.36685821847964,36.39882337901151,5.794165242391608,5.808031670094565,26.45216773285306,13.902265177746667,15.08198924143559,4.250738155393585,2.0718133907450667,12.467023147486827,17.353637617597364,9.250818571895545,14.46487413157238,6.651525305291994,10.402599407147052,8.86698033741949,4.0286763270023656,5.899290508792627,9.167211930391478,35.02119529985195,108.54977635566333,7.469304969409923,12.993742146576023,4.5585570779958315,7.044964766277535,2.439124374291513,8.666656185515448,14.28140644733078,10.530887071129541,92.66045206241027,3.5311161556004094,6.7334058376305315,13.858630119422358,12.885379376349166,3.0544815259529448,4.627525355662625,7.077551352568228,10.702428603196173,6.341416612889901,6.100427931094771,466.26992252592004,24.611832246260455,5.553339295624405,3.2191890795136335,8.083005565491867,9.98148887492746,134.53585940177,16.29631991960755
Greek Byzantine Catholic Church ,6.174426618368519,2.5781497547207897,6.1263800416955325,29.626526914705774,30.166083413184268,12.949852872743206,11.433945200610003,6.648279660908948,26.113449055886868,11.902479515917811,23.58129992489543,8.824752144335658,6.562159369824361,12.699964985016198,3.8223976554144024,8.897012875889006,6.459668074274954,12.765691446059474,13.884590123698324,4.624843201172069,2.423278801542735,3.4465330045185745,10.900350901629546,9.809034006454793,21.178006705203046,7.519500895375341,62.58349134061278,27.62957995116442,8.071620773577187,4.38424058040325,0.9085430263944445,20.521174381540646,14.572032732207445,16.000818171577354,75.37415821551548,8.976654406625107,7.0482640499437785,4.863436332094649,6.475186058296264,2.3532588066140905,5.208183722421918,4.203439516397289,14.823608498544141,5.25249067449507,25.583434968732533,8.238592902476618,1.630664686664265,6.752430835098819,3.7020660854378633,1.2939647102607656,2.384144641822676,2.169343479896997,34.15325874627624,8.191269289991963,8.675055775558956,14.69509925378366,6.383226343320246,3.2842462959307372,0.0,11.92159788685839,13.746733302933247,22.077161986515293,24.427403536968193,7.9298338562113075,16.481743886644338,6.013848499800098,4.572888292830291,12.540347255861674,16.37582909495469,12.683054157433023,6.173536072243785,13.096343023627139,2.6721890416407557,17.996737274450645,6.156536772875511,40.68371419977194,29.457399161170702,6.802942129150515,75.36021973558806,7.674875334943753,22.979482172623392,7.22774295464317,32.80333585320611,5.258450169549882,5.020319041458676,3.701061973940577,1.726145256581455,8.36448415482945,44.61532539616573,3.6750327648834693,2.8891929739803976,1.9731477050409878,10.2542367041621,3.0554925221254012,18.573999302735913,12.830515684108807,16.1126511196672,10.659505730846755,12.612931793166243,9.572637274598767,8.158932962878694,5.243974121287274,1.1934680275574403,3.6117381503547823,8.262079506816663,7.922448852062518,33.88614143403236,9.482448708087318,1.920141865433484,8.749959460930599,9.28917358090883,5.7952208140969494,2.0269441898231926,5.916137749243735,14.377445681890105,54.34923143114036,14.7347840586062,6.91272127431596,1.998078532547021,3.609248517020371,4.461433715702419,7.4080029061441,12.06795512525633,4.062301317526313,12.009238843729483,1.1176401689781372,10.348173128158223,28.711203353579734,9.269733089380349,2.231574584822628,13.672897227219194,21.188158172786334,39.22142890016408,21.755469452737984,5.667166089257001,50.82464446377181,7.750967043613965,4.348229237819894,5.604867010782193,19.510591041918005,5.174114794712254,18.73079849119928,15.333660530810993
Hindu ,11.693938224643537,6.270389900188592,17.418619976688905,10.18492946591515,14.302999281357202,4.5847733240772675,3.56421213158898,18.939362087745923,82.63678832326092,1.3644072436285575,7.769170431111717,2.799329338245926,17.03705423100195,3.6039299581453217,2.3923641390879853,29.374535065233072,2.6045919071906884,4.102134893248475,4.788970186019988,1.683568383250238,9.812125950669797,17.509538752122406,3.448819930324914,2.7799227963372233,19.768447175399935,10.754326724847074,18.8929067922701,8.582570788461108,22.526907577570803,10.756210324468976,10.155643871534702,56.018620630932304,7.108569973971913,32.37848481040353,9.901039829510548,10.332817590790638,6.6882000972639934,11.181003527408574,4.751595004899578,9.411187675864314,5.890900013779903,13.956283143764564,1.279860773626944,11.768374821056526,25.575663934226107,5.990322916777516,10.888024286675845,1.556588395076314,10.37723919176418,14.287909279398306,13.786390334129733,8.608905930631689,9.851501846567013,3.9388042291408225,9.842619746229687,3.3329311257458594,14.413381771282785,17.923534296975628,11.92159788685839,0.0,13.641518791435477,47.992490729670855,9.305706765691632,7.263681777547878,71.69872189432027,3.123227608233706,7.902807160071384,1.1148576140667807,4.211193554678247,2.5052664837934686,1.264465843505233,3.398566881098569,14.484769813160952,19.271489459237177,8.491591002953397,107.0524943514628,70.22187748458292,6.911054503456882,185.02712487134573,8.932308511587324,7.006423180234048,4.5865208952111365,9.270783916851773,1.9744802415749547,3.2363659059560406,12.282117736801673,7.885968581013345,9.663190253614282,20.8286599064769,5.322946299242374,8.87678275020735,9.847867343752686,0.8252440144045777,2.0667689233342,8.510953455686494,26.125418707414862,1.971063461174882,11.696632755041609,38.433281834103084,5.103762058058344,0.8836862257703173,19.688316850218627,9.505056875981099,11.999913348202128,20.348492708110708,5.131462890103548,6.29483696767565,1.237162783447447,10.950062823813138,6.548280157865643,13.184169095733289,12.33725380566316,15.10580096144193,1.1009749775955244,8.257330646940867,3.904916361383803,48.21889444339399,1.393801421859364,19.42477883408894,8.543266707399226,13.097054274744298,15.033923450002648,1.881322294613641,5.0354436986489555,3.431605038100421,20.259944507229992,3.274456000852315,55.221994004799825,8.52351993965647,16.99175404370375,3.997530952960227,17.368846274508478,124.4702455303889,25.254707392831634,16.77827338129836,5.9256547753329745,20.38484378758551,22.32554843522469,9.769596023261345,30.389528957438806,5.680236764310364,5.2987105995130195,14.544181900183057
Hoahaoism ,20.758836936468175,10.953096607617177,16.594229197084513,30.75980244251239,26.570071224705266,11.826792140234561,22.249282841448636,23.708501261467518,67.40036853424547,69.72639500839584,19.379862085177432,11.760995567481404,29.58407938996248,6.890262249732627,10.382850343988164,33.844784876339865,11.479168988732136,11.289421092228546,12.316638262692734,9.428792914597247,13.56341951872378,17.653266872898357,5.021097485004914,355.008042732175,37.42383429235075,14.673737807616387,7.2583807144353445,23.749592662820017,28.745574292283415,23.751806979980508,13.581501655176272,51.85819493374505,12.240011264683012,38.027812935528615,22.322295905549826,28.486564074230913,12.43020108591569,20.182314167953702,9.17837493029114,28.76016842556748,13.751096240290755,17.459132619577733,8.90316678306542,21.15850164436169,23.053570080881897,34.338950220327156,29.465335560905313,6.7740064718944275,15.570046715030209,14.354298587679894,14.923228116041571,14.727353073525782,6.26914650236511,8.588459509343549,27.41743667209984,11.340194394248263,26.590189683942416,20.6003890759398,13.746733302933247,13.641518791435477,0.0,44.52230242137306,18.172271590210503,13.183778977117678,45.22890731530529,10.934833613647,18.64980730379944,12.89985139858449,12.16447096294502,7.639966839271015,7.473809605818763,25.015025440311433,13.822191643929502,48.0463203621775,10.888167365964225,65.56541346216362,43.348732416975686,24.049416228800972,123.8628424726011,19.73378402422115,18.167164089326917,8.723382731158368,23.78119491438691,6.9688780312725465,9.137078124454074,13.150184448388188,12.7264334544918,11.619066195081071,30.82761354518155,13.576112525108767,38.862770128435905,28.64932490449564,7.735859972449755,24.721852592985503,19.410297920828103,45.36547193018073,16.964187795443916,20.81170403459417,41.46901978532027,13.97120412017753,9.366710105795654,30.531601149474685,11.6628822642704,22.00746965332021,15.916474856985925,10.106295601638577,21.230789724485952,10.607620182778128,20.7287672618364,11.005184858684549,19.774751353556674,26.29849123282752,43.82722410120804,7.074527117675078,13.709265607246307,56.74717532881351,44.0741983478772,8.289800033857276,14.861048572564691,8.229031164113888,19.64786710999616,13.231599820708551,112.12830050000885,12.665279634333345,7.477666756260459,16.40598405034409,6.974167538289798,55.736178777086536,10.369049293132438,15.850262129023816,14.792688352371798,26.541461478997153,76.79357943092876,42.151932715267,12.630011410018755,7.754825221916808,18.69305145225468,18.686095524332607,19.821070155585737,39.22359057371527,5.486177292332028,19.501415260516037,9.310503161687784
Humanism ,8.927399295207373,37.77955005225025,28.824444714977474,496.3992632320552,47.489927977452,28.619688270345424,24.756265131753608,3.0,5.7407407407407405,54.09014140835656,27.94451730423114,26.92307927800862,5.092592592592593,28.305801668540315,33.06245183708048,2.8333333333333335,26.837502503816513,47.53160333143118,97.7217594671386,25.560919299224544,34.89425242798572,18.131286948481737,24.483671352145645,25.229845970221067,8.12962962962963,32.84763937273986,19.60911821127568,14.184749341944162,3.7154486065245824,5.592592592592593,18.237617426295344,3.361111111111111,79.92609005153561,3.0185185185185186,2456.757750458021,11.079038215168351,10.54302673504377,6.091540071420209,25.401400033348843,39.37036972897614,46.37844651733044,19.838344622705183,41.52999352754715,8.254314742732307,21.887477614027677,117.69668097019184,27.919586692336686,30.066132119025443,26.419956276656166,20.040814046797063,23.218366904103842,33.131334743250214,651.5585576642029,29.526576063230326,6.907407407407407,29.102115854415448,4.592592592592593,8.964960992979002,22.077161986515293,47.992490729670855,44.52230242137306,0.0,22.485028384661494,14.160837284792263,4.62962962962963,59.58079464941576,4.462962962962963,56.131435577431375,60.795172565734084,81.21122577144067,41.48897839961352,28.295825245811983,21.791735549136312,6.888888888888889,10.756901776081543,4.638888888888889,4.861111111111111,69.52643102764013,12.351851851851851,6.194444444444445,27.485313861136383,18.08031305947739,20.057002491010596,29.21044563582724,14.803955807163375,24.39786402390303,25.870005427091005,12.50307516373457,4.703703703703703,34.02525474326444,35.72624749899797,26.744119282374882,32.25269788975408,25.808068680119906,306.05466524747567,5.62037037037037,86.15621803339236,4.5,4.638888888888889,20.160726606248293,30.94143975398384,22.640226602065173,19.37031352782341,9.015023276896816,29.313541342474885,58.1449992699802,11.635673976310235,35.7125539000977,24.67953431085289,13.302082534401698,17.0414946212062,9.888338656233934,19.863305673078372,37.988465576273754,71.40297590568055,216.83984991039213,3.861111111111111,35.2668320225786,19.434720954567357,26.548894268398914,4.546296296296297,8.478792146893916,65.57827970695482,27.326171975388522,57.032301009758115,13.846766134714217,18.964579214851305,3.388888888888889,47.84102268581907,11.2374031931195,11.915014800784604,3.965014785503507,8.63888888888889,8.5,11.160207659087767,1477.6378692339479,37.72225676509144,7.330638297384964,16.33507820384494,3.9814814814814814,27.71717478499588,291.5804722808721,38.553677450235504
Hussites ,14.710154234356109,16.44366633129123,28.451552849689346,49.24398599183543,11.34512536104642,5.411526606552332,9.909311575090662,16.30374687629502,26.681372835094063,7.620827179856672,6.185533660756885,6.482811410995466,19.698936012610435,7.823722857216114,10.776132645274346,22.083603989555357,7.541484911651871,4.636097186193818,8.600528418048768,10.817348943963319,19.910741287302287,12.032299312847256,7.545605923846844,10.048208273645377,29.65840087922501,29.359988992396065,17.544557945487718,5.6214044406891785,14.770183885584087,19.79558053077724,13.865535531866371,31.74315742568738,4.538681101164066,25.14218548247531,8.103826477115025,16.240586516536162,10.288965864331319,13.202322683498297,9.023671784449133,55.612108188013,22.350389735100112,35.62947474305735,5.881316402782936,17.690046185649418,15.741183988505592,79.51624717307111,34.837790585315965,10.988366112289745,13.495476831850862,22.84007385031862,12.75610237921586,23.46589212465474,32.68809467840353,8.20596141140081,17.703110249559863,7.672526854532833,17.31746547791636,15.186646864226644,24.427403536968193,9.305706765691632,18.172271590210503,22.485028384661494,0.0,10.532615520393376,22.55296599047021,13.045011748462016,14.919675106378138,12.769577071772286,6.954374856168771,6.342888063953234,13.253571015108328,9.345945441659616,14.374305720206726,18.556395042329704,8.704017191546722,37.04375565344819,19.61876399540526,59.098075888106344,52.07401631178891,16.25063155226147,7.371823138508803,7.925452524798675,5.2599466228742395,10.446621831073626,8.555433924443733,28.293279603928422,15.649881370079042,7.986258284088592,19.823948377867016,26.290016015339535,39.295751332182284,48.84736823319631,7.640536914943864,59.51074533595848,10.88586801022094,21.994581849125865,18.20285979390559,14.01242076994459,28.819162901988896,11.692178702178511,7.019161908062533,61.85483842031862,16.336402767381564,14.47591609019435,17.492850935802615,19.526471357983795,6.3562937938774375,5.709754905278539,35.725344223684274,5.6922645234893405,8.124407558966189,13.670199331914214,76.19691609167384,10.463482815399448,7.205925328049148,102.55869593275469,29.788879439867404,11.88257462307762,19.240567955433715,19.5638623457312,18.992777208741405,10.819948116179342,215.69509115823118,36.66688423658722,33.73360267494706,15.88715420175855,7.906412104979099,25.91148688645989,17.774233254339702,12.91532116597722,10.805268853284268,9.300517081256091,38.62202058052295,27.64516946537387,14.639659780287095,34.09494633186948,25.460135703924767,11.832043962164187,14.249961939373758,20.596516361847485,19.01122504442199,8.1719768050148,6.447066012908416
Ibadi ,3.293750695525069,6.163007542363015,14.426716035421649,94.41083657156751,12.33374634396839,10.498506493940544,15.498732180613937,6.407461080953675,19.463141627004152,8.085571329329552,9.02613859834326,6.280487013881766,5.974678651035151,6.198898716037023,6.001049066887765,10.249379124121374,4.408928433203762,13.759533532448657,19.096401447773495,6.5902687733472085,6.372360472290267,7.195935612855977,6.615347415195722,8.578648018157898,4.704529697636185,16.458552755431786,10.509092191189913,9.018277569791739,8.585312094642395,3.8079759095734933,5.596367465647355,18.466396966625666,21.933662774674378,10.289403726624911,190.7666556507101,6.251112060655073,4.135314037519987,2.8861758483046684,7.697954289659005,9.760606771620939,9.328297584550667,14.041018976568395,12.36157909406596,4.057922617817341,10.56153951036276,6.377202558257448,9.945421528223722,6.72428291360293,5.385973449533619,9.702585602542685,6.262649820087711,4.900513556712348,80.43764032764645,10.189790376353342,5.3710601082484795,5.772170845301264,6.608617777709501,4.244577756434212,7.9298338562113075,7.263681777547878,13.183778977117678,14.160837284792263,10.532615520393376,0.0,12.492189326067354,8.151637025365053,2.809034769286203,5.152575601110408,12.895582669514818,14.266610314065693,6.6536384639020065,12.619355939860611,6.453016231313263,11.241059070108564,8.377231222106756,22.1661197563386,13.194698503183728,16.34694927662277,23.58639180720349,2.7545740910215244,8.146560802335106,10.394350900597725,8.477310562176607,6.529360402795158,4.7651702089956665,11.14586049332894,7.717009582474558,7.28424571654361,7.676945295599535,5.46556230541099,13.514222308312142,7.385691646806754,8.61110732188667,5.253229112412884,63.49726571654882,11.624325909235951,15.862992440410743,5.7762503583581974,9.2962854654856,14.375222716785855,7.424452116321462,18.64846260392041,5.214256746961957,4.411082634339215,11.368282424756172,9.473353425163603,7.741702516375346,9.438329223687065,7.907434210007735,8.743531469294844,8.318512084972474,6.282675347693941,9.401622786884944,6.358291406988157,19.96477578236766,41.8963435376868,15.306218518640613,6.211965505491072,8.14831522145925,6.300099192057775,4.120437572447108,8.820941941835542,4.18202933722035,8.233458455534862,11.686981381538992,7.586051353911516,5.322705616194671,19.29252769357422,9.016941909750779,6.7382243889247695,3.4523789215630423,9.40106375644024,19.14745004212676,4.713348782118339,8.512365945039077,112.98014269233732,13.765456748790788,8.454845146725932,4.670356603588537,9.583882715185744,8.467857135646286,62.90169653836874,7.953353882539727
Igbo ,6.6083169565767195,23.4318898605123,16.27600629280568,548.8607720798884,42.73404423494994,30.644681098545203,82.19615788044972,3.037037037037037,3.0925925925925926,106.78778800372142,23.50942142066615,20.662642709600917,4.0,28.265974210728853,23.311515876223094,3.537037037037037,20.36991292314685,45.4622788877472,80.15013761628322,38.703222729504326,17.5403461961794,4.973231941782741,26.5000498268223,102.65325479151655,5.555555555555555,112.74926458496078,17.606217762864123,11.341844597203668,4.636331729498112,3.259259259259259,13.901976726664977,3.8425925925925926,99.89543287834029,4.0,3106.772000036124,6.742705893832943,9.32614443778746,4.974477229222698,30.885213726515296,68.32321084046478,52.31778211019708,59.89119888530067,119.72837831150368,5.589285714285714,9.221819296315324,86.14519592042431,31.87693731324876,59.4655841688223,10.306811591032,13.017862204834504,11.202987418576232,32.110168833429256,954.8570400428375,66.1558463196714,4.574074074074074,24.71792606602023,3.388888888888889,5.609669476337723,16.481743886644338,71.69872189432027,45.22890731530529,4.62962962962963,22.55296599047021,12.492189326067354,0.0,28.63176200229964,3.7777777777777777,65.8865096430274,66.53559779138271,121.57997553169092,47.80650790412784,68.71318242016099,8.019940371711899,4.87037037037037,20.44925484321021,3.064814814814815,1.7314814814814814,144.0780293910884,4.7592592592592595,4.398148148148148,27.457638551714147,46.723083822069185,17.55502173723208,32.0220430651139,17.473362300595618,59.15713848256768,27.381301154033164,10.581337958540814,5.814814814814815,36.55979398922035,85.71595196520457,20.033104203788852,87.47387195234069,32.80433289263676,335.2839430111645,5.138888888888889,158.29063822641317,4.277777777777778,2.824074074074074,118.12333670548345,62.04916462184382,72.47743541095188,23.985714842995208,4.30128205128205,21.63512101310171,80.83235867862241,10.567268305171531,58.87256291868277,23.636161615544978,24.19950062050318,20.848654644301558,4.501990022098255,5.139462858131447,37.49407672228834,83.18255120684047,255.99963964441045,2.9722222222222223,51.650869799986424,6.7328447542063925,38.06841714850274,3.6203703703703702,16.79716811916898,61.11621589561121,50.85497870390018,432.2354457428035,7.121311931040987,20.063423867913972,4.037037037037037,36.703735307512154,10.862738960858026,10.50261890470425,5.714160896957417,3.675925925925926,5.592592592592593,14.716216036164276,1851.6098800662655,76.76935918298038,6.375668247526067,9.41594912810862,3.7962962962962963,40.02324913785037,309.0021943153662,39.23542225612533
Iglesia ni Cristo (Church of Christ) ,7.201912599020557,3.1392605183641766,7.08943200072173,14.554022263298217,17.078174182200456,3.226857086407271,4.6168020238859535,15.296612381826034,30.033424974775343,7.249833920113658,5.754016087120904,1.530226378044451,12.09788219612595,6.18360108280354,0.9930314762957009,21.660480392767223,2.4911812873495003,2.9400791293084945,4.632775009673808,3.4005661134049063,4.377672451701189,8.16146732105536,6.162988792310371,3.6415226530592917,19.40725438470143,8.734771676325822,44.61824675723341,5.506208886411802,20.930674585825457,7.006466216922364,7.425041473736205,55.705025427825376,7.026141708948038,51.1290483474287,29.114851690376,10.031983680124199,5.4807894591653845,17.85848326010778,4.007299168852732,9.403596609328856,5.364540359292796,8.68409875114969,5.060859857534255,13.197589885554349,11.118256772282718,9.486218761877241,9.294310667705158,2.1141807006000017,6.553280174907538,7.649055689546665,8.388563075902152,4.322580953069928,15.323882429906996,3.45068860026356,8.904253341798167,7.025059736615743,10.653772168235136,9.87169446333098,6.013848499800098,3.123227608233706,10.934833613647,59.58079464941576,13.045011748462016,8.151637025365053,28.63176200229964,0.0,6.925361690655454,4.134601653416358,5.314445850647081,5.154274163622099,1.6013414946269295,5.61529985194784,8.499692372737853,19.375309569400336,6.787392391604555,74.74806252753437,59.57808958908774,8.231290792241483,52.53111264520939,7.288250355174223,7.118611845092949,5.024463101779441,6.948152283547603,1.622784757790895,4.595615895879619,7.272462436454507,5.185232323980891,7.298803529573532,47.752386001484986,4.793948564952735,11.581771887828669,7.943720778120285,2.9142247246000257,3.690973859845588,7.249543781312663,20.81431133992044,3.9513148354986436,20.597069088388885,22.25721779291962,5.92391243571136,2.270804727374037,14.0094584249047,6.185590407697873,6.777323436819309,8.252758480056615,6.3084864409124215,7.367209616522715,7.526545743542306,7.489241251575617,6.640630772990039,9.197167929128364,6.270125770674967,11.79254875944467,1.6041821264787883,8.476011577025146,18.064913553684995,31.813244654182395,3.786781661390569,8.279169727715823,4.168894146727746,8.640475010387304,11.657741375429012,9.39948543981171,6.3297219093333394,3.361954157996734,8.224497355521818,5.550034881896797,69.45988643899575,6.774367014608117,10.68623470831545,6.05662835512172,19.609689401855476,37.29579355686271,16.1583270980183,11.289994175686413,19.595456305038642,7.538204118723649,14.257067403950172,7.362939294916157,40.58070739994043,5.7284147752061605,7.0336369882324155,6.3357612508733
International Pentecostal Church of Christ ,1.541092112520684,4.370787997438633,13.210171169320969,246.50169033760974,21.50599885578516,12.58036019978335,11.821034589019362,1.4259259259259258,5.092592592592593,8.808862725285408,11.548244384203773,4.9738498115379945,1.1666666666666667,5.2535213381394446,5.051046177326346,2.074074074074074,2.912591199657559,16.20389793534881,25.294716957614956,6.756129590239114,6.471239096493769,5.741757857507736,7.850883611488218,9.089592301813148,2.425925925925926,32.4072905135151,8.564146395306357,6.518866620784205,3.3726983343784207,0.9629629629629629,3.530086253044455,5.342592592592593,46.80605538259193,3.8703703703703702,451.89724299651476,2.4035161535161533,1.8521032080377446,2.3762281523552016,8.643333575281307,5.181960811556091,11.916021265984908,9.322401410848991,11.072197989308245,1.649586055836056,9.558211383155504,8.72011919478705,8.483445424408778,6.1530390898477565,4.376673303628842,7.003766021390821,6.853579264583598,4.702324853067573,134.2588422476731,11.712061408745914,1.1481481481481481,6.972485913288454,1.7592592592592593,2.371232691785709,4.572888292830291,7.902807160071384,18.64980730379944,4.462962962962963,14.919675106378138,2.809034769286203,3.7777777777777777,6.925361690655454,0.0,7.705832279309527,20.930394092658233,19.101666273338132,5.500201860490473,10.519075881838775,5.911044724821148,3.314814814814815,6.536800011321291,7.972222222222222,4.87962962962963,21.52891183286516,8.518518518518519,0.7685185185185185,11.285553191478831,9.623524575500358,8.515867148915342,4.74700766206909,5.014292616195654,7.159759362453734,3.13599198937443,5.9728452223323005,4.037037037037037,6.233488558407736,6.283943382809298,7.5016240908600444,8.027707365318935,4.410758899528461,158.85049061478878,3.435185185185185,16.02944376326936,2.5555555555555554,3.435185185185185,12.70084629906162,6.644566531245082,14.317095297869177,2.5222208206177474,1.6228913630229418,13.591496630385322,15.230872141280312,4.4776432007437945,7.253578703042392,7.437876541981146,8.465318600463617,10.601178907670445,2.12870115995116,7.8943985318531915,5.436089236440624,44.849588393235145,50.075506248584944,3.9166666666666665,6.133044729958372,6.317704576732295,5.186170721366766,0.5462962962962963,6.402332399232045,8.65917358872928,8.698530273393096,67.43038777389802,5.413951768080587,4.410424886478371,6.425925925925926,13.511922791224196,4.7146547119595414,2.7893351335032697,4.0148939619620645,5.916666666666667,2.740740740740741,7.3272860723677455,269.1394310456629,25.72492637753367,8.197519138532614,2.4574652929449035,4.203703703703703,7.772992670127526,138.35515941678838,10.544657081477894
Islam ,10.427027092252752,5.810888001356983,20.138627456117863,7.885447527054976,14.990259043747926,7.009218090982184,9.33035308418414,28.62401204768762,83.79808507204669,1.5716949694219067,9.001606982713039,2.9529680415639006,16.643727818227486,3.858815361706771,2.9238583041392068,40.63459578819293,2.2565001900278663,6.494829533958738,6.689132526869863,2.4653593445443422,7.901963382085517,16.509905429596117,3.919595680701978,3.3569145274036405,16.863779269416575,12.767550647290522,16.911438139244314,11.842368302501173,30.490944255717086,8.854834869604442,11.225928875921026,78.60104978353031,10.684158523884697,37.13530488931379,17.109442347797682,9.357704041829033,7.644737533810623,10.240185072563168,5.587030555189357,9.911986824825556,4.631905188175114,20.995305560847267,1.8678661890810442,10.777331958848757,24.739744509490706,4.3357865504936965,12.744566484488026,2.2280199914115135,8.147678324318631,14.18941499461021,12.234764066554588,7.87824389298329,13.93944134955682,7.079965434863689,7.791759732033672,2.9314823191436825,14.781589553649534,16.344454738033605,12.540347255861674,1.1148576140667807,12.89985139858449,56.131435577431375,12.769577071772286,5.152575601110408,65.8865096430274,4.134601653416358,7.705832279309527,0.0,5.036289249460902,3.816663641204793,1.360741057098581,5.8833116235099885,12.542733949839377,20.627221851994925,13.245942622637642,114.41667998617129,60.9876866588324,5.388175517528603,152.29644560902193,6.939946826174819,7.473301356375919,7.345227840539438,10.769134912389914,2.536529956634848,4.06227315383469,17.335446262520506,9.117027925821061,12.810209649095782,20.293385535218704,4.6353679900744265,11.450880256064377,9.438790887451017,1.9653398163677887,2.5244866508028965,11.551788684727695,25.41782826930937,3.022652716412426,14.53250256418447,47.357282829023966,8.568803770212838,1.6254553682647104,29.68165619524345,10.317883919098156,10.61679932179321,20.575390151325333,4.662968390332672,5.816882999835472,2.064898746662316,10.853285026676922,9.917712120624081,13.806978649243616,10.946895261664112,18.572352902737098,1.1462261790280968,11.595633278033107,3.768753041031644,63.39953329586889,1.5903595972886082,18.374438282735564,10.770921190630135,17.320566807607086,22.670283499570306,0.7296799764187976,6.6000783979627,4.269389869314955,20.25933850680889,4.169104028304711,71.04705212890975,6.9441854643968375,20.16462031412753,3.073038838783845,26.243918287658257,115.26361234531714,20.97315873750396,19.901821000687285,6.923200960315483,21.85154444140346,27.476640663502145,7.77143453967165,35.429946134961035,6.716928466407499,7.68803446209675,3.3713932383353145
Israelita Nuevo Pacto Universal (Peru) ,19.31143224834449,10.784160365240748,23.251403786375278,10.938231665456662,7.700679759312396,2.69334596578633,7.2705348529405684,35.33511239368755,64.97715115335497,31.547472591276605,2.575283711187135,4.142278690849314,31.58383753200355,4.1532024409476085,4.797921628831326,42.6253094543452,5.373066547830615,2.3816794454069625,3.3582913187407337,8.659623578670189,13.26744835467771,17.318611184171246,5.709231130943995,27.73551296993409,51.25637530543967,24.02116431573576,19.896441415188157,4.302611866595917,31.536581083582874,32.732503456372044,13.349748170553882,88.73343067728976,4.618505664828773,74.04443721856411,18.81181362351739,24.67552828820842,14.601326953807703,26.58333646784226,10.74570363003207,30.788819020757636,12.91722770813991,25.25505984753725,4.9419358032579135,32.07904567522284,26.277917261801456,27.830358490370934,31.63521398028563,5.742428701562193,15.678720270699406,17.92272069017826,14.751864925224115,13.302639727580939,17.771128310804073,5.383991503099533,26.530558578423424,8.78802598463463,26.413628250608806,25.468017108553163,16.37582909495469,4.211193554678247,12.16447096294502,60.795172565734084,6.954374856168771,12.895582669514818,66.53559779138271,5.314445850647081,20.930394092658233,5.036289249460902,0.0,2.1181183888745068,5.129673962832286,4.553823411681697,15.868607977534792,37.36185121995475,8.770820576406898,117.4402683741375,68.12922498035738,27.779196907230897,120.3931230382583,21.903517802832297,1.4753758632529599,7.021058363829912,4.051800673804997,5.052684497097716,9.634218941401564,19.555391830555376,11.942976196219227,13.557862286170527,56.72848289429166,16.771089485649785,33.867690998124466,28.82313533216063,4.684560638769495,17.505865257448228,6.603401141808907,43.46358603516192,5.23383350163645,23.83074008317579,68.5039568164494,8.739629815494729,4.554556427018644,38.92356583900529,12.493513247450789,25.69072968136381,16.648615389288825,12.25607820702025,4.752938656954622,3.5420471194132666,23.82776422459515,8.196173309482118,9.388001594461656,24.509603458411036,42.751195120564326,3.893309401555055,4.858002444373841,17.89059635676263,70.80686600429573,4.9069894087181885,16.737598099426695,11.665079951656091,30.911571161024817,13.574219101576615,41.49627381339081,19.042384789403247,8.80705033778562,17.012207326705948,7.5179204052146575,80.57945385868308,13.687278115360247,16.103117367616058,11.214716829449108,20.11012031056189,96.44955020771073,51.80607279739226,16.389515041829114,7.8231171901460135,22.265110224306902,18.87198154214618,17.529823056899268,53.21848800648013,12.874536940597727,5.546880491323976,3.1923457696470017
Jainism ,29.65647698012752,10.291633771037706,15.771251105048453,10.475544931903846,11.37830490627704,3.9102433666586984,5.5043860946310375,31.755779382608935,109.99287069540806,14.293098741509302,5.495332354287051,5.472580871025057,43.58816206748082,3.5007095195133635,4.167952791292287,46.42195550585604,5.669731885564341,2.3861288609537428,2.3764878658164945,5.612114762546326,10.50699511934806,21.087970728704324,4.635638159787787,63.427045074491296,66.81511575059439,14.735587246265267,22.70516927763604,6.915971151234383,36.876258519495615,49.833981041789215,14.883300355590412,95.55439097659136,2.981152169283658,94.251501533794,9.411365424357777,39.445665737078194,18.46197549341642,32.93339069219761,8.323157036827931,18.14369805416969,9.547988415060432,14.560475525587913,2.661736741216868,41.2647531103194,44.994533472030156,17.383122839810646,19.615399156590495,3.447751818601961,20.112969769848657,13.331842822343607,16.904824872262022,10.61292362696715,8.760882787100996,3.6776050685733543,42.2037192959027,10.492390208703014,45.55306718554319,33.54085907782547,12.683054157433023,2.5052664837934686,7.639966839271015,81.21122577144067,6.342888063953234,14.266610314065693,121.57997553169092,5.154274163622099,19.101666273338132,3.816663641204793,2.1181183888745068,0.0,3.209207534905173,4.112544709406313,18.308350228233238,78.11657815375057,8.267004528101866,142.2375104153344,112.28911103432094,17.37365768506986,273.5723861289148,24.587171967850626,3.781680591860692,4.6435564603647865,5.679828944828599,4.601314557128108,8.995624041222133,12.321835917860264,10.89878474925965,15.486383747376339,57.97720536025314,10.838531140076904,21.99843127642384,17.055464385783583,2.305462572653732,10.791579818144665,5.267540551490862,75.55830062108193,2.531568344847556,22.44781665529619,84.2038635253293,5.332848825130457,2.1913614191810176,22.64565378913065,11.8468445121016,38.38170648348464,17.622478004325068,9.574482373601766,10.23400263925201,1.7948647061543201,14.976797789693249,7.496551772286888,15.025104475131602,45.38355911499742,23.97420556219128,2.885595434557924,4.8996493735721725,15.372642523609747,86.62063888537202,2.9540924651369402,15.527778508482356,8.4880563840652,28.875494318850247,14.59369870176438,34.26944452229049,11.830137344450884,5.956571616614707,19.387473614538365,6.177752921022294,93.88277661378245,14.201695778479388,18.371011843335676,12.743020946112305,21.253980000032588,159.5870068518402,86.60131949919666,18.55901672025351,5.2316039500282905,16.109052918863192,21.227347767163202,24.00172555321072,64.64362966186034,8.085014837188313,3.825693650258358,3.37074410289025
Jehovah's Witnesses ,7.1332470502876575,2.772053508182113,7.94945377950764,10.233546528177458,17.343188478421112,4.957275437503187,3.7446060323842696,14.100348797582502,50.431155848580644,3.469302422207241,8.564012920278381,2.1846586914371655,9.477394664645637,2.013004735797872,1.0877856625619702,19.292653034824575,1.8664200654531429,4.018311263863477,4.592280097022619,1.5077164885822896,5.512652647571917,10.385066050288366,3.204792957351115,9.260245116704226,18.756908691143153,6.873108540646929,10.289080320341217,8.557309703441616,16.392432551233526,7.138824024743075,5.960427257807243,43.84153429555755,6.3707576628588765,34.079645379514766,11.745765975760278,8.176186539285284,3.558020150894054,11.555034256599019,4.051124196289008,5.823291298938539,5.045612510987604,6.851636449300291,1.9729401505115396,9.025597036605445,13.863103017595499,5.445980759122972,7.4264999284801,0.3599432570663183,6.644088836984498,8.334917973917529,8.628140564993414,4.891199766458788,6.647721831903636,2.427423909063242,7.321452514463567,3.8086018203412872,8.856953696687722,10.593855638277068,6.173536072243785,1.264465843505233,7.473809605818763,41.48897839961352,13.253571015108328,6.6536384639020065,47.80650790412784,1.6013414946269295,5.500201860490473,1.360741057098581,5.129673962832286,3.209207534905173,0.0,4.739312697811136,10.221955922537528,16.747773527481144,6.939907175902016,83.27813195434335,60.94133621238562,5.563080339883769,130.38529232751037,6.4423144637344345,8.019419584762485,4.405503952939715,7.345900984028739,0.6531015733239657,3.2495811348086,5.907094067514142,4.630981373527397,6.644434961319781,29.31018747581139,3.1612104655697317,7.024765282359126,6.248700566325079,0.6826088187969399,1.9965529430691968,6.535290927096868,15.284161321332476,1.930189543075264,12.164859274113212,24.681724539742522,4.5559843068747705,0.7019308607048089,10.727458246381993,5.268329772207124,8.179322614291557,10.876580929596368,3.608250592386716,5.888404187686518,3.172927104467513,6.709836354732937,5.671347268063731,8.622489909794725,7.696241705833708,8.452902246519256,0.29204382014726965,10.31772714740737,9.437492703955401,31.502514769403007,2.026077058430648,10.815068145224073,3.0035769019387946,8.4224785897099,9.549630564069545,5.384380696804316,3.450598520432643,1.3898244602891106,11.127639963008692,1.596919825041184,51.39448874633094,5.124807894735643,10.887725657134046,3.9936728603456007,20.146485159506952,77.39177690974532,19.89460733347462,10.238665748062484,6.455116718729013,9.288303415416129,15.379873567220827,6.714898400556832,30.231058518041213,2.895881750972487,5.691625867552251,4.854021425886125
Judaism ,15.64049626689379,11.494106725284471,19.963140400348262,7.140508762825679,12.109303882972496,3.9224164064906932,2.700430156421985,13.070999394189629,63.52698453855431,4.602670672423728,7.413299011552012,4.239998992918838,19.436863650941163,7.40673614511333,4.595844994273002,17.48285866709459,4.723499909811496,4.956550129480797,6.852195118509382,4.605623745347318,13.245592365949303,21.034674240296386,6.8486624305248265,6.301348320787759,36.95764980316432,14.424563801179822,36.927476289200726,7.279576997378242,13.021181802047137,20.56018957657147,11.742485243237194,37.245897662707755,7.899437646285801,29.302079352656982,6.272379691726075,23.36675428585283,9.381761497465108,16.68497439763301,9.507491337953084,9.881427977929004,8.510979178417246,10.280395860839736,3.776226237664637,20.486165950818958,41.317416351266424,9.219475639834476,11.66819492626573,3.962489759246159,18.67778068057193,15.903573530431506,17.068464833890552,11.82114070949291,8.546634344927991,4.46552770632537,19.404759223970913,10.179361687293984,20.567485339286986,20.580064201436677,13.096343023627139,3.398566881098569,25.015025440311433,28.295825245811983,9.345945441659616,12.619355939860611,68.71318242016099,5.61529985194784,10.519075881838775,5.8833116235099885,4.553823411681697,4.112544709406313,4.739312697811136,0.0,21.049964600164135,29.81322214105601,4.845513890711658,80.6672270777078,66.32362886722788,10.876431242378223,182.69945259199838,15.638605996952627,6.259798786238182,4.505647585698427,13.313126184420742,5.378848692267631,6.828446111660477,11.133796450038764,10.82581388333364,10.51517019874455,25.302708029868427,10.617232986307338,8.103222439063368,10.880875499559643,3.051250409786534,3.7526739319460383,9.512742117192182,27.501085016591105,4.083015567253713,13.798091910202906,36.394840419973576,4.239393263609338,2.999163208512012,12.605381804731444,12.027652981358289,18.59263792204105,27.74900958179528,12.859945841107326,8.109173143472303,2.413013232888269,11.982886796926257,5.876264091167996,9.89029112941666,22.49230981971673,12.017219907708434,4.5651859646949795,6.411995373302485,5.42733411599243,33.686609835729605,3.532485977286819,21.401164573650277,9.685222116513923,14.555687785326812,9.017935035433638,6.569117816832368,7.8133348233730056,6.397171080215889,20.1866379017228,5.5530660243123355,37.065263944409715,18.4223954369207,15.773567783704552,7.716962083855218,8.199906070559345,105.28027898806164,40.86968674337145,15.154379053341138,7.23250110551139,21.52395052238239,15.093108176866151,19.392231447774254,24.96837923594137,12.096842077623368,5.666903029824756,7.583115705788496
Korean shamanism or Sinism ,6.9494144111211895,3.9212536046691873,7.1757628083696305,67.72151646475717,22.88132962475243,11.417909759317975,20.164409872641038,10.022380778170382,26.5341847931739,15.056601622818516,15.885401201369987,7.919836378998964,7.754100019522616,10.690337102457173,6.11127988624851,15.000660022048221,7.2756449438834006,13.424231028799568,19.003608812207737,6.186379843896764,2.0979489305629166,2.6324642572858745,9.054430126974635,18.049273162113057,14.931880580479977,14.127404985283784,26.77317871532235,18.55008341341865,11.697574746471926,4.189959133642008,3.1097965685329534,25.797110851450366,18.51953914212213,10.414838976005539,236.5683993657824,7.669896108793048,5.929478109741552,3.010419380870722,6.994916105684151,7.1195617604003125,8.151628808503386,12.113313210693287,22.65362954743628,4.025701731940689,11.097611256319677,14.363668897667312,2.841680041940168,11.620165072783221,2.895216002829818,1.6124688754683205,2.0236110572637367,4.08421030621531,93.17544942083615,13.653039508312625,7.735374180064495,9.811802084357286,6.560927684630664,4.508328674267686,2.6721890416407557,14.484769813160952,13.822191643929502,21.791735549136312,14.374305720206726,6.453016231313263,8.019940371711899,8.499692372737853,5.911044724821148,12.542733949839377,15.868607977534792,18.308350228233238,10.221955922537528,21.049964600164135,0.0,15.77641560647726,8.185277565906965,31.50383072612553,12.670076175372484,13.538344924583638,35.905839734515595,6.223176633048305,17.0932172445494,10.556880345718467,19.54927319918045,6.8023494826807696,4.710623385863762,10.729480267524636,5.001191048689465,6.374430816044716,18.769816281802836,4.338951357268687,9.271953971620881,1.1680480213622553,17.27820109863463,5.713681115426884,39.303448134671896,15.06304957271045,30.615928284009456,8.850738673192012,14.133789401987556,18.89211248352264,13.278449430143993,13.413947741179268,3.9621661338534544,2.5535138905596257,6.7569709487921035,10.878749728106092,22.25258969681809,14.471765746839914,1.6815589734595908,8.85665463809972,9.105246253487593,3.9005014715309985,0.9640784533599235,8.167713689760287,15.653276535538089,82.34200326255389,21.231164283155152,9.705810954070682,1.5923764715289428,7.350406100485042,7.28500703519291,8.806458876263456,10.62636612283834,6.382650219186029,35.30364303927834,2.2549109825939473,9.367042347196735,27.78152575277304,7.8706604164512,3.720462924676486,11.122403339554731,16.183997943618756,26.87194491039342,14.26890768674704,6.1172375550808,143.0207922681236,11.493774313177807,6.450444520290652,5.280984698460859,13.620000461238499,7.550011352940707,40.82514317833424,12.469069061326888
La Luz del Mundo ,6.086120083128357,13.416824522117183,24.226706190136547,395.57749455108717,30.574245005815822,21.515302210177023,30.215158995914067,4.351851851851852,7.148148148148148,20.376777332089706,17.698697986959537,12.354655048278628,3.3333333333333335,18.098716443658912,14.55657633521486,4.62962962962963,12.592364131384022,30.23186073754408,47.594171417754666,17.30528117987129,17.528958051691184,16.51585571940668,19.30508734872514,18.848696451806966,5.777777777777778,44.00063558379558,15.061407221382332,9.937251633156807,7.550724520044674,2.9814814814814814,13.89305187725772,6.768518518518518,51.65047527303064,5.537037037037037,2024.150995644226,3.8843926011264718,10.358613268138551,5.743814218220665,21.684112177050434,32.03553334152244,28.157158553924994,31.6212248050982,30.072703092163156,6.090297262038454,14.465374341325505,25.861906915170753,20.251678227581287,17.331793997020544,14.296213780182862,18.73981531070537,14.659638076124809,10.807183693510993,577.6436276258215,28.183130683289487,3.0185185185185186,15.869411251357649,3.240740740740741,8.672379097207154,17.996737274450645,19.271489459237177,48.0463203621775,6.888888888888889,18.556395042329704,11.241059070108564,4.87037037037037,19.375309569400336,3.314814814814815,20.627221851994925,37.36185121995475,78.11657815375057,16.747773527481144,29.81322214105601,15.77641560647726,0.0,16.265600330622174,10.435185185185185,5.9907407407407405,48.64493738340021,10.351851851851851,3.1018518518518516,15.991875252631443,22.167779278109144,10.965512137528666,14.798418786146678,14.352648440272834,27.361343548921145,17.70220993188936,14.477716847689221,7.074074074074074,18.485012061046138,38.7682708917053,20.099425750785322,20.840402105256274,13.584154571438003,165.69282269585452,3.4166666666666665,31.35452659733521,3.574074074074074,5.138888888888889,29.011684216364763,18.07270598980264,38.53480391316654,13.226364945329003,5.137908104807231,21.517337328037996,54.77151063949733,5.998127880184331,22.413909279075867,23.019692838403557,14.877945795540358,13.050929931896327,4.741249688839357,21.085117072704936,18.116881667348885,59.338194053728024,95.77070296288018,6.064814814814815,19.241395352208684,17.62101039550861,15.944705564458285,3.9537037037037037,17.070792097671,21.978956910669446,20.81147241122901,84.37190776956339,14.145818703074374,15.651256621168924,7.148148148148148,40.14746608376442,11.98957575526223,8.28607988084178,7.785664420244153,8.768518518518519,4.333333333333333,21.918428086972536,1198.8260222952247,33.19970265696291,16.415062267919414,6.706427585456877,4.055555555555555,20.12378495178979,123.5345816583974,19.961251320678613
Lutheran ,10.03849763844984,6.218552363361236,11.259191398704015,39.78162720527445,17.172768866024864,4.918400167978091,3.1968931319742535,4.750130029263294,29.49223681104168,27.02779110267861,9.105385196711214,4.636006291753482,9.866663134950887,5.181484781184632,4.255260114760479,7.200839232996874,4.3949855221250544,6.802256476494278,11.72171658659337,3.948094689801587,9.269868293326828,7.488800179869268,4.306330091704846,8.235056840147076,29.021434634996975,10.632261030639835,21.05050578550403,8.25781212480708,5.058947756180874,9.987646712674971,4.178923683686251,13.099491630291661,8.765508005651617,11.362258829971331,78.51313281977099,12.09984542160195,3.535034190424318,7.17744099376145,6.2719351808137045,16.066304925076526,10.178707252287682,6.473635449782991,6.773711106456033,9.35402611721232,16.860733861054293,29.765828949452157,12.191204708830979,4.68277170106048,8.98603975360053,7.4485281141161765,6.737604319184955,8.297043340106384,34.148371850536094,3.8390072175286862,11.856428542864805,7.838431546901455,10.401355658066496,8.048448080278996,6.156536772875511,8.491591002953397,10.888167365964225,10.756901776081543,8.704017191546722,8.377231222106756,20.44925484321021,6.787392391604555,6.536800011321291,13.245942622637642,8.770820576406898,8.267004528101866,6.939907175902016,4.845513890711658,8.185277565906965,16.265600330622174,0.0,29.8949273107203,22.416590673849672,22.651512238962503,88.5146236442864,10.89955745479216,8.791504399701843,2.2088217279900837,12.481221404745144,3.605075331067783,3.2001687437856328,5.853731855894771,5.321141183537047,3.3337811846984713,15.456573793421487,10.345430687231387,13.558798776045967,15.733157160494905,4.774032546457175,8.055476005586575,21.47835752748633,12.346289187844691,17.434473157712453,7.327240078095729,19.861217518839165,3.2797998517015015,4.202637164398133,13.59875811944527,4.889343167173932,7.861877865352401,10.558271057122218,10.153122276213164,10.609183625724382,6.587852234655752,11.999637362622693,1.9976037864614484,5.957362376491343,9.380133961082622,21.46173947011486,5.9414339677130155,8.181324079117214,40.034964403872024,12.32961406971724,5.153806011568025,7.6609604526257575,4.990873847710541,7.129880327361035,2.2035706597235083,24.987545375665437,5.79048094465932,12.283142091661208,6.0036602407477835,3.1598945503177354,17.68033214408482,11.065017203795662,4.308084444941468,7.642241751198726,2.1596359138586534,48.03809531841365,32.252430154807946,4.19124056497423,55.64723363730793,12.976778300002874,3.381712388245475,9.482709042426123,14.090761260498581,6.103664841156465,20.641637052805432,6.948197348790119
Lutheranism ,15.100301514545244,58.885374005280255,40.2242506498547,947.7877903293703,64.66852357291621,48.404962811797105,88.34308236240125,4.398148148148148,6.064814814814815,147.16880307181933,43.156465247067246,42.93867330474729,9.49074074074074,54.694104947070564,54.17847940182797,5.527777777777778,45.67367366969796,73.83903585561278,144.3813167100611,60.92934598764203,54.08926633825501,21.35150355164788,40.652057766381084,125.06919303808527,10.435185185185185,128.72455771604206,28.210351078931737,21.068486996899267,6.9142146560179345,8.00925925925926,33.1928163597152,3.3703703703703702,142.55473196633014,5.324074074074074,3633.271441929831,16.83166599494777,19.44858604289828,10.734539869334643,48.622897607359874,96.10346505202625,89.75869663598012,61.85869298440269,140.00526000181264,12.15601914033834,25.59054890205466,178.92764749911913,54.06913080120905,83.65268688196392,34.14402701017532,35.984406528606186,32.19767037546799,58.62244693336839,1051.2085061485616,81.11174211875424,10.398148148148149,46.67469856809585,8.37962962962963,15.152552531278651,40.68371419977194,107.0524943514628,65.56541346216362,4.638888888888889,37.04375565344819,22.1661197563386,3.064814814814815,74.74806252753437,7.972222222222222,114.41667998617129,117.4402683741375,142.2375104153344,83.27813195434335,80.6672270777078,31.50383072612553,10.435185185185185,29.8949273107203,0.0,4.37037037037037,250.53219311945634,10.916666666666666,9.61111111111111,47.14558729945869,52.22833769613911,31.0741363384767,57.13529622468836,28.560449597796904,66.99562514268051,52.38453530041861,21.916671602064756,6.4907407407407405,71.14345984464731,98.79653405351458,45.41272005743583,108.67272758148837,57.20793110786944,502.15917617056033,10.277777777777779,221.20675441402187,6.601851851851852,4.925925925925926,117.83704837713728,84.31806945685561,73.17972833530823,41.4627303742274,13.461949249404741,44.138377821285346,141.06648153048346,18.110872389008648,79.22798351185332,44.47975408564466,34.97252935696166,40.01017982302052,13.827016500705113,23.545222149190668,68.44864187247107,127.79121138082502,359.67552855552856,3.6481481481481484,74.59998058768286,26.189971062646773,56.370753087708835,7.037037037037037,20.905116886322123,122.333089274767,74.13027728373655,449.458505934535,22.624248320287432,36.47867150858212,2.675925925925926,78.09365798334811,22.21939854566908,19.431678270368884,9.098654401390236,6.648148148148148,11.324074074074074,28.766507942542532,2201.23464811143,99.04781757623766,12.707999598410685,25.11532701836308,4.824074074074074,62.22874426148359,493.55317361761297,68.71767843584999
Mandaeism ,8.325786268159138,44.956374540786655,28.083878831792283,520.1647578682906,41.69525689742082,32.11121141301287,79.74078852890432,4.435185185185185,6.12037037037037,100.01261109838404,25.4342249237013,27.496157164980676,5.824074074074074,33.57786975343327,35.20360544235581,5.601851851851852,25.90859694788831,56.86754240883739,105.93255976366792,37.68055396164999,28.094004569979962,10.940400305145275,26.586421402607243,108.51617588759034,6.12037037037037,110.49150699180925,18.93991465833049,12.672401100440926,6.769153821139996,4.564814814814815,21.87930837816428,5.87037037037037,91.52820545389908,4.898148148148148,2745.601314274701,8.541317004944053,13.52893960373722,5.963234530480001,31.744831903202968,73.32528526417825,55.33124815690052,64.71849949296437,117.3845462232043,7.234708855845638,13.389844248966048,137.24644613266707,38.74116817957957,65.38100201494628,16.839265265452624,19.860254518574965,16.003056883490515,43.75945943270747,908.7477311076744,71.39319497191097,5.694444444444445,23.650158179966244,4.694444444444445,9.193298043088781,29.457399161170702,70.22187748458292,43.348732416975686,4.861111111111111,19.61876399540526,13.194698503183728,1.7314814814814814,59.57808958908774,4.87962962962963,60.9876866588324,68.12922498035738,112.28911103432094,60.94133621238562,66.32362886722788,12.670076175372484,5.9907407407407405,22.416590673849672,4.37037037037037,0.0,97.09816024373153,6.157407407407407,5.703703703703703,28.516774742015333,44.47924239370801,18.676548567824256,41.22476590732705,18.10745917631768,63.9361831884588,35.803109314051305,13.706039362921963,5.101851851851852,41.546411983783884,88.50772604868004,25.661627083011407,88.28572482172102,38.63273870254308,341.19411998209506,6.518518518518518,184.52285439994998,4.416666666666667,5.444444444444445,113.89281655236321,64.27812047201098,81.30208251043814,32.27073574916579,6.425747863247862,28.844541605300968,75.25939696723225,11.140715610450231,59.89089736285616,29.535916851244334,25.167532567549397,25.939604015262447,6.484999901784606,13.999177096733726,47.13346096077935,77.96085422501775,227.59344715885837,5.333333333333333,48.22249696248812,14.134835106428659,52.23630854922477,4.888888888888889,19.73773534990948,58.94878444376844,54.903683536115096,431.2403534124889,14.72230960781254,24.095314577044533,4.324074074074074,43.283799889520594,16.23131682295379,11.333294741051064,6.973391099752752,6.814814814814815,6.787037037037037,22.692533047391652,1637.9933362788058,87.91259368795885,10.080268128202047,12.785055978067355,4.601851851851852,45.02229477330919,291.36900064767946,34.23962729520875
Maronite Church ,62.382845362940856,8.233363396818888,10.856325129786045,18.93177809141453,39.29013792659035,32.15891159590416,10.826291770808169,60.26765714602156,335.8000509458903,7.192669826064551,65.63788978862839,22.561365463675585,37.379673268228174,28.814844600405582,6.341146997171893,36.90908819603962,14.199672365148935,25.899865944094024,19.799077441771974,4.818826706221175,4.404243120500984,21.389452731870897,28.127499391117222,9.598624542312905,63.004644977140806,11.695927119982677,200.05354589920287,89.1465882910686,41.059997320727945,17.662311325880875,13.888450579009023,198.19426986294363,25.1953224098708,147.61341454260742,36.90825410689046,19.832904235980465,35.39764137898838,32.747602577599956,11.446770019100867,3.6237098174885296,1.859352278534088,9.248955111439303,12.073330498068344,16.083021234136034,83.4925593545012,4.142790018327549,5.531330506864389,6.563607108985587,12.51900210316612,7.722243762769052,15.172881373801491,5.161725543843908,21.266389786308178,16.082856292135975,45.244631371877034,28.408539168132073,60.80181797817565,54.033423599290465,6.802942129150515,6.911054503456882,24.049416228800972,69.52643102764013,59.098075888106344,16.34694927662277,144.0780293910884,8.231290792241483,21.52891183286516,5.388175517528603,27.779196907230897,17.37365768506986,5.563080339883769,10.876431242378223,13.538344924583638,48.64493738340021,22.651512238962503,250.53219311945634,97.09816024373153,0.0,254.82941439143804,55.22799198130858,43.50989895435795,15.825607757289468,95.66264734633192,11.586906536700015,15.768470848041934,9.235663996378886,7.408789296869242,35.593529583552225,128.50855272732713,4.260017323605635,4.643077571980755,3.2719296749557096,8.71062708601937,3.507681561881837,17.185706184233137,54.23681443677535,10.839384386051163,24.982412976884458,148.35889631447432,12.15591138062564,7.5623617256071265,10.345895499849494,8.465620391746667,31.146450672185598,20.695049544930367,10.512419384478607,75.66670832277016,8.344549697591871,4.109641276393908,28.958347914962722,32.95177962985285,32.45130980754485,4.683086406763,6.585684144821791,29.583796026158073,27.155404221715067,95.42429666560827,7.107946330690981,10.412297513508443,8.678828640902363,26.32566686335922,30.369180989170317,3.7035120457484134,6.194292189500857,8.994913177631808,17.21010326890006,32.10046896597175,121.59440113377939,20.145162562967627,22.384314557345196,25.964555117226272,95.7540326563091,355.57735612400364,196.41120778441393,28.958540862265178,23.22989000054739,11.666132693192607,40.13207348717944,14.258550822557527,78.71122987380004,11.282085056911162,16.226918383111016,30.63906520761789
Members Church of God International ,12.800562560966771,53.69911400841335,72.42950234449644,1049.5025800410797,71.42987894537451,70.26198840613357,220.239203899431,9.296296296296296,9.444444444444445,286.4304970684013,42.155612358257905,47.64489264548265,9.74074074074074,69.57056931393896,56.425114540791185,10.518518518518519,54.39997330939556,110.7437205710995,179.7631463930391,118.89867308018881,63.805728535563055,33.193008141774804,51.8426619162916,290.0546978430658,9.314814814814815,309.64568917519756,28.04568448120174,21.90397698503516,17.83753307165586,7.092592592592593,52.71187615109202,13.842592592592593,216.53936087371872,11.61111111111111,6349.99374126128,14.086586009089094,27.28517225237408,13.74062572852895,100.64710107130678,238.98252429329168,163.87484134513633,276.2100529281668,332.949271252604,13.589094970160106,19.824597560434157,173.79806770404014,122.77004227627896,163.85354315002095,34.164016882252774,66.85208512762868,51.635127365914045,85.74709142796871,2099.225143708649,173.88065724495664,9.38888888888889,52.377878104364214,7.555555555555555,16.05070759255148,75.36021973558806,185.02712487134573,123.8628424726011,12.351851851851851,52.07401631178891,23.58639180720349,4.7592592592592595,52.53111264520939,8.518518518518519,152.29644560902193,120.3931230382583,273.5723861289148,130.38529232751037,182.69945259199838,35.905839734515595,10.351851851851851,88.5146236442864,10.916666666666666,6.157407407407407,254.82941439143804,0.0,7.935185185185185,47.196160735663035,156.198499215802,29.111652227477382,86.99085958059688,64.19969892353991,257.8761154771515,101.80857049778693,43.06235919185146,12.462962962962964,93.98168435461649,308.6654810013658,74.84329022310573,241.0169085695341,95.63306554082932,649.7163303480686,11.453703703703704,503.1506174794292,10.148148148148149,8.50925925925926,327.81973890827436,173.84646949390768,322.92830713353624,88.40387501958347,11.689542942336002,61.61818136136529,187.47949834499727,18.772205728858953,161.32794768771248,93.09342621307927,81.77630469362269,53.25937876461928,11.832063671765399,32.203063352160335,92.36227587189875,166.92395944466358,544.0343080995,11.046296296296296,158.025096833301,34.26949439195131,99.90150548936059,8.175925925925926,65.17842596410553,131.70127138723868,182.9408315057979,1152.17363906848,33.30511968477714,61.638094957441744,14.018518518518519,86.74172389111739,43.65554275704284,19.487616580924513,18.88211649299446,6.731481481481482,7.0,60.0364892542208,3765.922789496535,205.77937662103574,38.49745243360894,20.866376996109064,11.61111111111111,149.4632950179852,666.757743959377,86.9012586832723
Mennonite Brethren Churches ,1.081327402755974,5.062360822358566,15.555905210577494,244.19323062034468,21.864348554430336,13.506974213851699,16.433310275548497,2.4537037037037037,6.25,8.844755150254707,10.917314372115687,5.187730878159482,1.4166666666666667,6.603437189998573,6.75542808236437,3.75,3.7942095883669356,17.22983258660735,25.66468133241171,9.439335499019759,7.313667635378196,8.002419609700441,9.753830023659672,11.360663325837235,2.6203703703703702,36.58382113809803,8.374923006736562,6.9336198809493155,6.377962671295983,0.9537037037037037,6.672486079465829,7.055555555555555,49.49992478188277,4.342592592592593,563.6171856968479,1.9166800729300728,4.026146959012216,2.64584673959674,10.426383244762361,8.554563827328074,26.544945984293275,17.66251465416205,13.288504724414866,2.042391636141636,9.328446586110402,4.337547221796645,12.276214316906085,8.014818692205798,3.550119049161324,9.960790923883621,6.901085592251466,4.996099501047106,156.21987668018394,15.779376644728334,0.9537037037037037,6.26392021995464,1.6203703703703705,2.9882660732551765,7.674875334943753,8.932308511587324,19.73378402422115,6.194444444444445,16.25063155226147,2.7545740910215244,4.398148148148148,7.288250355174223,0.7685185185185185,6.939946826174819,21.903517802832297,24.587171967850626,6.4423144637344345,15.638605996952627,6.223176633048305,3.1018518518518516,10.89955745479216,9.61111111111111,5.703703703703703,55.22799198130858,7.935185185185185,0.0,10.949335588472517,13.512268633206736,8.115872695341379,6.378838069981081,6.887119093191744,14.00423515749422,7.195952215413861,8.438431522258256,4.453703703703703,6.601873152979005,11.410107493768999,9.266710590076057,10.440814390372381,6.104175563611616,158.07157894981646,3.2037037037037037,15.583709186352163,2.3981481481481484,4.185185185185185,17.89953837510654,9.311839069914072,22.140035471654894,5.0109426289236545,1.362703634085213,14.535277775128312,15.948958059078784,4.392665130568356,9.701247804597799,10.336581841663733,11.594718932074409,12.758851007193972,2.0755594916779128,11.160371107498381,5.754258961184907,45.85438013550179,47.726852261018,5.703703703703703,8.038699038401658,9.092787797337397,8.127754225527786,1.3148148148148149,14.467727439567849,5.6594448882352815,12.55174674295043,69.19979503493356,8.412396981690526,7.433738113123461,8.101851851851851,13.771871405519256,7.246762059892462,2.677322830563359,6.565490545353401,5.925925925925926,1.5462962962962963,13.227075693175786,329.1309088401462,27.155952576500347,12.006076969081253,1.6932116719958321,4.5092592592592595,11.497728171157954,142.2528230527027,11.51974739102812
Mennonites ,10.108057027128384,14.695924945490159,36.36569260774098,8.937743966405755,5.803799578639042,2.9115698621803525,8.523364097539325,17.109295795326368,29.594112989860015,75.22168657583768,1.3998506304162373,3.979874406576094,13.990476391759062,4.430419371561667,7.038131089534104,21.365978999618974,5.067732671961824,3.760369512735711,6.609467922103784,12.283395331966622,18.386802750297615,14.558961850282945,6.394472454814822,21.04124868128052,21.6598795074659,39.2561977106927,12.63603063379527,2.3725072276204027,16.979270521481055,14.522817395758464,13.357512466974244,38.08979330571492,7.974870256349832,27.759445718890223,22.201861946967956,11.267873302660908,10.097554132798667,12.75272815495794,16.0021202998696,47.343763333230605,18.199247477100855,40.291418043491966,8.768801273030848,15.365998301787052,17.531671670684823,43.81752181043531,47.2899370058269,8.378491293920693,11.877216343070522,26.075760939742977,14.61625885877022,18.196645137743545,30.614141653337285,8.44593610023788,12.503592558177841,8.307212735734572,13.417261141496681,12.426615258782157,22.979482172623392,7.006423180234048,18.167164089326917,27.485313861136383,7.371823138508803,8.146560802335106,27.457638551714147,7.118611845092949,11.285553191478831,7.473301356375919,1.4753758632529599,3.781680591860692,8.019419584762485,6.259798786238182,17.0932172445494,15.991875252631443,8.791504399701843,47.14558729945869,28.516774742015333,43.50989895435795,47.196160735663035,10.949335588472517,0.0,9.379804098970402,4.843599680667664,6.776187516064321,10.414363738828875,30.20875267574739,14.522475295943407,12.421618635552395,24.917456872424275,25.511216671559556,43.71978881444339,45.508248264657745,7.612751938890207,19.298129982783834,13.156639094473364,17.19812129175992,8.394882540213356,12.614422162723294,28.590007316698912,11.662068762179812,7.452919175037882,58.61779275183284,13.905401156128718,11.959983052316057,21.94066558486045,18.5216091974498,4.135598939348678,6.114702618760272,36.25067169508046,8.895363647591855,7.898931230340481,11.491983900342762,69.96059186203841,6.209878891292814,5.738129337804154,29.63204028792604,30.85379066330904,6.1724398670814,22.31109975488789,16.613118518105964,15.143682166549873,12.678861147459985,68.28774229851999,25.914711340786035,10.154907336677221,17.630133107742463,7.432139579845463,37.973179074315155,19.54692244622376,13.913971995730517,6.306187320285949,11.147662880771001,39.03035007804683,20.88196614475835,17.72933750986174,7.093993170180506,34.34926378458948,14.172624919999816,9.464065907083242,23.337073226633727,19.30354529142904,11.925927706800156,4.692131058489723
Methodist ,14.147555647307724,6.435615536963813,9.965334186466821,20.00926233997386,17.848760023419292,5.349876506876677,0.8710169702664463,10.743912438258649,40.673443608316475,10.999860242941184,10.593965868349777,4.196357312327548,14.442485641616257,5.220425110136592,3.099169890085228,13.556628419208813,4.608859077341485,5.008612218140313,6.637927869783777,2.8957022504392684,8.211026791782343,11.9994835131958,5.252526426119301,5.766521546901435,37.5856837803169,7.152704311963439,39.82675416705561,10.227362972122428,10.12888565358048,14.004985065613619,6.29656988978592,24.466949502290614,5.148955656101111,17.38608273021328,24.167046956459384,16.095856967030482,6.410091855183884,11.938114497647222,4.727668964908408,12.876039348530846,8.262187646602625,7.055478037298092,2.9090628041489768,13.053786333276081,27.066695411829684,18.91135392423755,11.717478389189289,3.09917326707386,11.250961502702934,8.0591598353806,8.795857396836388,7.768314024953081,13.0135968506235,2.3600102421943667,16.617315158501043,7.50582439030634,14.37426964079633,13.410329308415928,7.22774295464317,4.5865208952111365,8.723382731158368,18.08031305947739,7.925452524798675,10.394350900597725,46.723083822069185,5.024463101779441,9.623524575500358,7.345227840539438,7.021058363829912,4.6435564603647865,4.405503952939715,4.505647585698427,10.556880345718467,22.167779278109144,2.2088217279900837,52.22833769613911,44.47924239370801,15.825607757289468,156.198499215802,13.512268633206736,9.379804098970402,0.0,10.599710459708767,2.9542306658974513,3.4831030869094337,6.319004606994712,6.555600376387476,4.927413991295538,15.330831709677408,7.86649889720447,15.317205853199265,12.043813565201297,2.2240046100332584,4.612875165589543,9.728863841714936,17.21686008152651,7.799519756783591,9.559965179474844,28.81113131429855,0.1825146099312455,2.150716283707655,13.32301674660318,6.601282928500999,12.512871129447888,12.824143469411224,7.108722668547593,13.987462946908172,8.819313176586702,10.11736792962447,0.7030609182118582,7.851134605750547,16.015697405204623,16.356862934236318,4.041158792943191,6.745224008478078,18.733900394316617,23.11663897394956,3.6381234567036613,9.801825753299497,4.78452542638027,11.736883179978257,4.54836519466328,12.267042551298504,5.483116855909761,5.93263264212943,10.025233504095882,3.553784049754066,26.738553577299708,9.840593080747725,7.711035812484936,9.340596776450637,9.344601767535297,77.89483490447739,40.81939449692257,7.371758518252203,19.85831945954028,11.588971596390012,7.494463995650642,12.896102110655322,18.323875584768174,4.5700427187246895,9.19192336264812,5.857406828191329
Mita (Puerto Rico) ,7.829607089277629,14.47076564561356,34.18677796221771,61.89176612270867,9.565781569354137,6.310015289059447,15.55923691373248,11.834905137451042,17.19374529890382,7.873607950016823,4.753588663308057,5.123949746462186,10.859840064591678,5.914039143310453,8.43361822655401,15.522930002554402,6.083809093341053,2.9271159976736008,3.046494083459432,15.294496321187944,29.147091061781584,14.759745841035446,9.128181658562683,9.101634618688125,15.989559274301792,38.846916936279015,9.923035558643686,4.607297369916661,13.335977441579864,11.094529380676896,16.295954721333203,25.72543754458163,3.8307112150033897,20.224490952619387,18.59619017301159,9.489814989266923,8.75849167893994,10.416759467025152,11.356031605520037,102.78664208477396,36.48777810510838,46.13313280870807,7.615210398596104,11.65582871155683,12.39969961682451,112.68948656363222,51.74977784604898,8.992999253145525,13.694985606870873,36.12829298639966,15.72660259938002,30.5750261252091,55.19442053962023,6.676165789024834,9.899859651486267,6.961084943375683,9.893129150256643,11.006910232829151,32.80333585320611,9.270783916851773,23.78119491438691,20.057002491010596,5.2599466228742395,8.477310562176607,17.55502173723208,6.948152283547603,8.515867148915342,10.769134912389914,4.051800673804997,5.679828944828599,7.345900984028739,13.313126184420742,19.54927319918045,10.965512137528666,12.481221404745144,31.0741363384767,18.676548567824256,95.66264734633192,29.111652227477382,8.115872695341379,4.843599680667664,10.599710459708767,0.0,8.678316083131977,10.125043295980335,36.599529726553456,19.867373664534597,10.178680509776102,15.076434344056409,29.598528310867255,54.604027759115404,101.90291005916171,7.8242345813721785,77.99285767490302,2.1120395036969906,13.419606913799027,3.8633937882015794,10.998340626730437,18.4451732784867,18.963064842020653,7.351216900962424,107.1894387155863,19.493639042872402,9.711440889803871,23.990684294964232,20.002481335047715,2.7863791419465933,6.856707385871734,68.08732372353373,8.997499606767597,8.45337536262058,9.21656501331958,168.7300620979307,6.597341981404166,13.77512519264599,135.40231352808516,21.416775690579684,17.26707121670184,28.274093578442116,18.078498988214395,10.978987611009345,13.723899427580417,311.63034789869914,57.81824877606601,47.78253973203035,20.168402124104176,7.683633973277389,24.394783803612107,18.99070821315158,15.205642353122757,6.734016263530675,10.281977664391293,23.05581040217424,13.549546064681913,18.791133140600195,56.80791924300291,34.17978906128862,15.120241735914558,9.713192255782818,16.5484415655153,22.219159106328444,3.519405835478629,5.790440691750308
Mormons ,6.2882711079296945,2.31361542083876,7.627322044281106,20.917443611474884,15.468795119727623,3.5114116477446817,4.349093703438481,11.192213418143853,32.77881545183472,12.084202711176795,6.586397831411734,1.7844713423700904,7.804956071071088,2.446228384976422,0.7008604792590051,13.83707655236176,2.1737626565272095,4.272678764506468,6.093488441291088,1.7221863734605438,5.324038334693893,7.949260372898356,2.462888440242978,18.32682756471725,23.114283030964152,8.036908464930892,13.030315578672695,6.6328746148148605,12.17172751348354,5.955644785231422,4.236394829718141,31.504376150431376,6.840766610207153,22.359187214045043,41.69095930984599,7.110247887528619,2.677177195601599,8.587094735257862,3.757057360866349,11.320729339531583,6.015599794323493,7.780526136320309,2.710268063771954,7.904236354013805,12.270565017147531,13.31898649531814,11.643818460811197,0.604178044628182,5.4526164909804145,6.777228675871872,6.240143242754788,5.032716756837569,17.655053140845563,2.4342890638318235,6.870240713814472,4.675039406738064,6.605376625433966,7.13004192539162,5.258450169549882,1.9744802415749547,6.9688780312725465,29.21044563582724,10.446621831073626,6.529360402795158,32.0220430651139,1.622784757790895,4.74700766206909,2.536529956634848,5.052684497097716,4.601314557128108,0.6531015733239657,5.378848692267631,6.8023494826807696,14.798418786146678,3.605075331067783,57.13529622468836,41.22476590732705,11.586906536700015,86.99085958059688,6.378838069981081,6.776187516064321,2.9542306658974513,8.678316083131977,0.0,2.632716768876794,5.788787872395482,3.865281056395876,3.9489066441113456,21.688571407019328,4.2613285416556845,12.42026335562342,11.445201138145157,1.1670803726291223,2.03985784413459,11.087723917699718,12.216274799056484,4.246083969198874,10.229905327914844,22.23479007273145,4.698959266535625,1.1178307534560057,16.37926401963211,4.21714255015014,5.250308744160618,8.243535878967716,4.519024378426201,6.470523335082178,9.055343006780223,9.213303666930674,3.295608072528127,6.796122696378569,6.602526964631112,17.87917092479633,0.8119023457992128,7.8033032068843005,19.17526365856259,23.83103571027082,2.593998915209443,7.321673507256497,2.510587441609861,7.092347230827172,5.754509262219621,11.08970515425901,3.99661084287384,3.4586902767341354,6.964029880121337,1.5484892326892175,39.06246732987755,5.160967094977725,6.534978194108695,4.400043984042402,10.489979833985437,50.40725208035833,23.30306297405021,6.049109771856853,24.17127833719839,9.028310212234377,8.917694887850148,5.462724447710563,21.915161025901465,2.9655100782370685,10.82014459084666,4.079160907406525
Neo-paganism ,6.317410426090622,2.529008282500585,6.3761532118618085,45.33198468778046,14.809913981416203,7.29898507807982,5.393356736500139,6.282782367705999,25.407091855677415,3.5608918656749378,10.609142098607922,3.7444289952087995,7.974852383724997,4.754488897547619,2.771335990249748,10.493355304297836,2.975714901113732,7.838256045258166,10.60868276751478,1.031649048431824,5.073953267983594,4.641461278460252,3.8454440266898926,2.064299519521682,13.735721608860826,5.462707087664675,18.14241572606066,10.742680968643638,6.627305072019848,6.128202993261368,3.536786153136728,18.232505664099044,10.405349140364503,11.247559628478179,131.47417901928105,7.793307303257801,1.8043425819350944,4.175855108991338,1.5386713183909346,12.805956808252764,5.686427924596315,4.804148148102449,4.174339162083371,6.131687016920247,10.689350350180415,20.54138012167694,9.173807014683634,2.5328006506867125,4.398590514159614,5.57600849924616,3.882199636548163,5.451964813761572,49.77950808716101,4.429194057472814,7.962266194889842,3.186933528924336,8.854269306986234,5.949124877551107,5.020319041458676,3.2363659059560406,9.137078124454074,14.803955807163375,8.555433924443733,4.7651702089956665,17.473362300595618,4.595615895879619,5.014292616195654,4.06227315383469,9.634218941401564,8.995624041222133,3.2495811348086,6.828446111660477,4.710623385863762,14.352648440272834,3.2001687437856328,28.560449597796904,18.10745917631768,15.768470848041934,64.19969892353991,6.887119093191744,10.414363738828875,3.4831030869094337,10.125043295980335,2.632716768876794,0.0,3.9769974047416534,3.536419238991294,1.9504037450183804,7.998255743200635,2.7244453830838116,9.067961511578075,12.042230976109927,2.9743219138247152,2.968938400623706,25.522300173622146,12.46798597173819,9.89246379260966,6.124569585583025,14.118168472817517,5.501642260106224,2.7260166477078913,16.266152333175672,3.79982465892006,4.9011534681303415,6.503309245053655,4.431328277960782,8.77320859912533,17.175441196593958,8.539157408647787,3.177756292973368,6.994134691489827,5.76040078073344,20.366650729524554,3.2591082358321617,11.157296544192146,38.503695413412665,14.53506122396611,4.036734265657331,5.8388487011362065,3.0827297952935475,6.120125066443012,4.246469615944847,13.135575949950164,2.7156623901420485,7.943643056324977,5.076241373453022,2.683236971053387,19.035344426272893,4.953286361743388,4.647449179878658,4.185138058429272,7.547621559517727,38.13033877340973,16.44772394654346,3.9477125065014995,79.07451008337964,7.77535255509565,4.281607744462502,6.164269950534423,9.426805668028056,3.011256151478602,24.31825820607771,5.329571137410915
Netherlands Reformed Churches ,17.45825616972265,4.247845193373409,4.967944789721492,24.336991950058934,36.88883004560595,18.537941443636022,7.830337982745359,6.252062644890999,80.28059038690728,11.492639381992134,34.906792037847225,12.917355334504258,11.65210758945846,14.112000287418017,5.434771310182396,7.141528433660486,8.66751207674894,15.851940663153094,14.75889685648517,4.889522028815346,6.911759035923744,12.294127807010755,12.436999809421817,3.5194303020469437,34.837606601529856,3.9543851467135656,59.778463302440045,40.57374637072875,8.026883106493582,9.348519217023172,3.6908047294921005,16.758985740458268,14.094753544657856,17.24988484328966,42.71520212873946,14.584001740442492,2.7109953490067094,9.68241074298601,5.292062613879216,5.985863297150143,7.331982128332827,0.4288832715371691,10.222008876488198,10.097938348888443,32.469594887809386,12.827346053969142,5.758574000722507,4.885349624852231,8.265391170044612,5.0622887960633625,8.726210812189347,5.5936598811058955,19.999858088886164,6.363376216741825,13.859854812016955,10.20837751014286,22.13935838719125,12.276977650487895,3.701061973940577,12.282117736801673,13.150184448388188,24.39786402390303,28.293279603928422,11.14586049332894,59.15713848256768,7.272462436454507,7.159759362453734,17.335446262520506,19.555391830555376,12.321835917860264,5.907094067514142,11.133796450038764,10.729480267524636,27.361343548921145,5.853731855894771,66.99562514268051,63.9361831884588,9.235663996378886,257.8761154771515,14.00423515749422,30.20875267574739,6.319004606994712,36.599529726553456,5.788787872395482,3.9769974047416534,0.0,3.301034124970826,4.381621790572694,21.892226754473807,3.906415370613241,6.483669530056848,7.13297455705652,6.7046340001727245,4.7866787393751355,16.757152606938334,22.65897199339251,13.454009229852632,12.988738526509026,27.659725329538755,6.728885379746806,6.389200665204795,5.2352421823259805,2.820446414542672,12.413771280716272,11.041107168599815,5.225467114260908,24.543072046298988,20.39066577740884,5.761244019667294,7.464261016951229,16.2087125660332,14.940246110957135,8.047353008881451,6.512633974099451,18.227067160127426,44.63761912061796,15.512469885825057,7.6935591081176185,6.852743785416184,2.5879673529915475,7.163909426440838,4.86500671080698,17.56185184717345,3.1646447604502876,7.223597856277893,7.253739165761643,7.900120395475965,31.012013086341714,7.873209299667349,5.47134371099099,11.35382886396545,27.860881798439475,113.00606367871855,52.78287565911058,2.8212539180428617,32.820814207798975,7.491529701513981,8.104482617284885,11.446444842919611,23.056693713217868,3.9040772263119448,16.143184669437904,16.372113546136767
Netherlands Reformed Congregations ,6.68279885718343,2.6572470478500625,7.735915135180899,37.93425308835121,18.411965625185818,9.520673908677319,10.636303052933751,7.427267067631967,37.56466666657062,8.866848386584444,15.463980894339521,5.491807403496965,5.946557303669358,7.970597203761769,3.3125007044591928,9.681376721651603,3.86908429328883,10.199018004993288,12.900050069924802,4.0604737836995,2.710412492780092,4.804402969982364,7.66490913972607,7.322637960689439,21.88445312135811,9.67920905262346,30.32535767941745,17.817099125613115,8.574245918321349,3.609342231765853,2.1872120768157415,25.801209826613913,12.292508066784443,18.126007433870743,118.373979243151,6.127209872552194,4.907278083748502,7.172896212012114,5.892342920350772,2.0263776591294307,4.801847917248432,4.336668494969005,11.149962023616743,5.609752199257098,18.576673001251137,7.386226391304972,3.517951909601453,5.138445476429041,2.476963714527552,2.9403351735055936,4.113607401242957,2.32815490689188,48.13848810289396,6.728838150118382,4.931142846157164,8.562836269314444,9.467000827933562,6.069983868566688,1.726145256581455,7.885968581013345,12.7264334544918,25.870005427091005,15.649881370079042,7.717009582474558,27.381301154033164,5.185232323980891,3.13599198937443,9.117027925821061,11.942976196219227,10.89878474925965,4.630981373527397,10.82581388333364,5.001191048689465,17.70220993188936,5.321141183537047,52.38453530041861,35.803109314051305,7.408789296869242,101.80857049778693,7.195952215413861,14.522475295943407,6.555600376387476,19.867373664534597,3.865281056395876,3.536419238991294,3.301034124970826,0.0,6.2145707089778375,30.85608258234722,3.9341369729888926,2.762152705781514,3.530029587491318,7.427503457567533,2.490146694919488,24.199553082660096,13.660990744384616,14.771255464328908,13.13639360071048,20.043651809455074,9.326444272103107,5.965956897704473,7.389001936898416,1.1302065654033102,4.196714005129041,8.417505223858045,6.665870931561259,19.038069971702672,7.155251387158374,3.3973061623164136,6.311427310624044,8.930619855404085,5.164320770445771,4.006001705934226,4.5737878122706475,13.406388801783457,51.42223081756465,17.690126848295026,5.526514709999149,3.731314927069997,4.0306694758766195,3.711471544081002,6.324070651866276,9.585298401555105,4.255856758127942,11.161360865453855,3.653820724139818,6.064897223237283,33.6946549892983,7.838936898618721,3.723261590378673,8.860170449904484,13.3808193660304,53.741253586870094,27.801854767327956,6.170633307310227,74.20373945008106,9.57333383285315,6.540324232208725,4.14855018976469,19.26770417060358,4.925901477811653,23.80393688530691,10.401926251783168
New Apostolic Church ,7.946627416094476,3.8139869986245554,4.98791591897316,81.7951782119949,17.873604908894023,8.563101265307845,6.874460828920774,5.514485433788551,16.169180235697056,10.560462102704424,11.61498246146067,5.489588084273695,8.575069347846343,6.471961038350661,5.825115398928462,10.088139485691643,5.928749391759286,10.193824928109562,16.76340966903986,3.24632818962375,10.815199714803839,4.881009952245275,5.508044232806388,3.051950046355012,18.370247217454363,5.191259857263397,14.803316107817228,10.892700077406348,6.628535605711485,8.415449656846398,5.142938520138334,14.894011217229698,14.115157122526632,10.02439659308652,212.1811997761731,9.512630891853233,2.1351899519592967,5.733768830863994,2.389578841515379,30.46644453420286,13.853261477092524,5.076881871087742,7.2656571101694345,6.898951707139453,7.501291393291767,51.23693770812955,19.83368433689613,4.1823745049552805,7.114125765485791,8.579342021837052,5.5847284820146195,11.231690945211247,72.86030725196602,5.4709084794828415,10.187548639838624,4.912759845697568,8.466386316308329,6.5729896499354945,8.36448415482945,9.663190253614282,11.619066195081071,12.50307516373457,7.986258284088592,7.28424571654361,10.581337958540814,7.298803529573532,5.9728452223323005,12.810209649095782,13.557862286170527,15.486383747376339,6.644434961319781,10.51517019874455,6.374430816044716,14.477716847689221,3.3337811846984713,21.916671602064756,13.706039362921963,35.593529583552225,43.06235919185146,8.438431522258256,12.421618635552395,4.927413991295538,10.178680509776102,3.9489066441113456,1.9504037450183804,4.381621790572694,6.2145707089778375,0.0,8.066214412943062,5.600758017304413,16.96216698676164,30.54764051329881,5.54328807132448,4.923259796444364,39.370008329955915,12.693592748027438,17.675072668045626,10.169321038314003,12.427132892053045,9.284417914838135,5.131137902396204,28.72761030210768,5.930837024803972,6.196309965023016,6.616857915132891,7.26820729406478,8.082547974835139,34.65747596004968,19.182708646707106,2.9756902177795657,6.7399041135203746,6.782610303867684,49.52924165465305,6.150586496405821,15.713170712873064,59.07840570864299,14.087141908011404,10.948937091573017,7.099301410543875,3.249700065475866,7.095164874275884,4.118822701412837,14.306024642298235,3.094345608402363,12.137603132119994,5.399405701220296,3.5532593156878476,16.84774660412711,6.136632910968352,4.222926480224462,6.8604338721117415,6.8121228906422395,24.382894825163948,17.655678263964436,2.384496267281723,134.39515454270187,7.6775927429322985,4.873776697604238,8.387080154496042,11.684831248002988,4.104523367130039,39.20738136743429,8.18637854858475
Non classiﬁed christian movements ,7.51543883773076,29.447148832995207,24.57168945344034,511.6315457278562,30.781998163661584,31.03626056210817,19.09408061349545,3.814814814814815,8.944444444444445,14.648197901027336,24.016765553689265,23.13858412778911,5.166666666666667,22.518301260875305,28.330619089342832,5.981481481481482,19.61990770397177,50.14943475733847,86.59901549633923,13.03529814833037,51.26712409251372,16.556512989567015,18.67898482404563,16.22903042209304,5.2407407407407405,26.486831250236104,14.329765244599711,13.510967951772232,6.4118876632974375,4.518518518518518,20.382505147038426,6.527777777777778,85.92804192977931,3.4074074074074074,1666.6921418293723,8.577051972624664,8.601036808069097,3.809101851676269,9.788400903996298,170.03390278542653,51.09913362632575,21.149179710270126,16.4111783513487,5.806315204630587,14.308481684650873,252.69631264749634,121.06145065465026,19.79692817248904,17.959081285987246,42.56253353511464,17.638187322089557,57.16037127459582,529.0907838255696,25.334429799037,5.166666666666667,8.106129870015943,5.314814814814815,9.248561455971977,44.61532539616573,20.8286599064769,30.82761354518155,4.703703703703703,19.823948377867016,7.676945295599535,5.814814814814815,47.752386001484986,4.037037037037037,20.293385535218704,56.72848289429166,57.97720536025314,29.31018747581139,25.302708029868427,18.769816281802836,7.074074074074074,15.456573793421487,6.4907407407407405,5.101851851851852,128.50855272732713,12.462962962962964,4.453703703703703,24.917456872424275,15.330831709677408,15.076434344056409,21.688571407019328,7.998255743200635,21.892226754473807,30.85608258234722,8.066214412943062,0.0,15.822701919280208,75.62180743692716,173.53396541261984,18.787634658525086,20.365988511846496,341.6130417510492,6.546296296296297,57.97074246199944,3.462962962962963,6.194444444444445,16.91074057682835,20.243516038268222,148.5611061734284,25.796240501491862,7.270687510522496,18.130197215616054,14.658634765623535,8.13190876341121,262.2567253739341,103.5081525306559,13.313023607790754,24.065191542865698,8.156725286435707,293.84236696487596,25.565024195255077,82.91411985957824,138.8172036795786,6.87962962962963,37.70539169432683,30.4076222024287,22.14253960661603,4.527777777777778,16.88245820359146,20.595371901514095,20.29408688815727,31.401124313064493,23.15691294044221,13.806491622668924,5.592592592592593,18.10929774819641,16.25327053928082,6.38532312691649,7.514230122260774,8.731481481481481,5.722222222222222,13.196372575573447,971.0917796088181,26.18704044672381,13.950638163429314,12.572852741446043,3.2037037037037037,22.708176660393942,307.0419794957015,16.90786758177013
Orthodox  ,7.16732686413222,1.3628394970301978,5.069293138412304,16.74826315270426,28.671334408224887,16.547795147837036,8.141512397352086,19.192939396625903,49.46450653236319,4.569792907199548,28.41080392493616,8.867665386965847,7.949516355671597,14.084561532860281,3.623569911629827,23.295842412589764,6.196155915550448,14.162176742352495,11.972164982175169,2.815179135271227,3.083554050217801,7.031956933190306,12.576146416578696,3.231582335579184,12.900150753489967,4.020128447115226,65.81422859520428,31.943738433295632,17.69989552830229,4.7940065803352985,4.143796961624211,46.05341089422716,15.50243519566086,18.242887590801782,30.04496132242522,7.427129803254844,2.8752571488950425,4.877954725018166,3.336257149084257,3.7601526416332223,4.2178267395669335,4.879276098231626,8.35973223466131,5.196456598022309,14.747640250612369,4.141032894925511,4.407935682864766,3.5398905956832207,3.370877840960725,4.196973479786719,4.007080198786984,2.7214420770831396,15.427319848111962,7.873814559058053,7.788563963154064,6.512909768037389,10.706260310160703,6.502571342722466,3.6750327648834693,5.322946299242374,13.576112525108767,34.02525474326444,26.290016015339535,5.46556230541099,36.55979398922035,4.793948564952735,6.233488558407736,4.6353679900744265,16.771089485649785,10.838531140076904,3.1612104655697317,10.617232986307338,4.338951357268687,18.485012061046138,10.345430687231387,71.14345984464731,41.546411983783884,4.260017323605635,93.98168435461649,6.601873152979005,25.511216671559556,7.86649889720447,29.598528310867255,4.2613285416556845,2.7244453830838116,3.906415370613241,3.9341369729888926,5.600758017304413,15.822701919280208,0.0,5.591752925171699,3.6572610150771627,5.399971656926045,2.691943449952925,13.14802506128211,15.817382602760015,7.784104169673106,12.03510503275936,24.495247794289664,7.859980222580405,5.012311190951924,8.663275591723304,3.849657751208161,4.673229103042188,7.397585976089909,1.9615974442584034,17.127365140746658,17.241867577854688,3.542447490418331,10.067282677060591,13.994920048937827,6.522010402937877,5.65455425884163,3.95178976092964,17.26569400521295,26.865974659370718,37.53048956772531,5.349003323423788,5.35636443821355,3.411331910856242,11.481088014451947,12.1732565797041,2.8096704558281056,2.1506798727843606,4.771150179139988,6.566133258493226,8.676732669059161,48.425413271197584,2.564257740343021,7.745042797656886,5.396280483083831,34.09876492159037,61.79868395844889,14.840579759264964,5.993407332042515,17.08553794399211,6.463950449019776,12.067493316288221,5.475658221001212,17.390402399610142,3.8412565857468604,11.979157183596195,13.353507533202103
Orthodox Church of Greece ,12.800489533754982,7.5822089380599955,15.078051135570558,24.18888987293465,43.297471335739694,31.253265436098452,9.281653962165358,11.032413600172934,66.71041295599878,6.260241884919901,60.28169181775459,14.54459426560679,11.254414113817448,26.915235641617684,7.68114959770819,14.67724232570354,8.898260233559032,27.34030616675943,26.275171479234498,4.2238688766886,6.055499398850374,14.316146129881693,25.157867853410306,7.140557428704308,55.438394753640424,12.05588297647471,117.51041147190115,49.590075491437446,7.964268337706949,10.546928981905406,2.9716374174187816,30.35238066569283,31.617542950990575,17.040684448119162,18.53058110847798,15.11076108093158,8.697080609590943,9.163649407330892,14.126064273588801,0.8044404715538032,5.527326051487309,5.081430115859346,9.731112211224202,5.803197906672316,81.78116887158488,5.1906431346052795,3.469465961478463,5.64883190587613,5.814493875832146,3.4822375408602535,5.383169823730944,5.52742847502319,15.728580006424327,16.835697737866397,11.040764356375428,23.72196390872027,15.451934546387701,10.570214117608714,2.8891929739803976,8.87678275020735,38.862770128435905,35.72624749899797,39.295751332182284,13.514222308312142,85.71595196520457,11.581771887828669,6.283943382809298,11.450880256064377,33.867690998124466,21.99843127642384,7.024765282359126,8.103222439063368,9.271953971620881,38.7682708917053,13.558798776045967,98.79653405351458,88.50772604868004,4.643077571980755,308.6654810013658,11.410107493768999,43.71978881444339,15.317205853199265,54.604027759115404,12.42026335562342,9.067961511578075,6.483669530056848,2.762152705781514,16.96216698676164,75.62180743692716,5.591752925171699,0.0,2.751983432933309,7.358986043688867,3.34135991409145,23.581711693052544,21.028754971596936,10.891767194584816,17.191709572594714,43.26283994604295,11.636961538300314,7.112424518660073,4.392524632313131,2.294869319080322,10.99785240515333,27.874447103389556,15.362029921372168,41.940290932206985,8.249924721863177,2.2517587031389077,19.70112190597518,17.241110132064115,15.048567332335766,3.097452153870832,9.085717969173677,33.55008972757432,19.294638731798987,30.22474788265346,8.384913159632534,9.947785322918689,7.588080971174334,8.804918940110426,10.421860769605429,8.129481087576531,4.312207658008991,8.431703731962115,10.962233194296914,18.528064735992427,37.140873159837355,24.251865708250527,4.492755203150618,19.919782008672332,91.36958258772007,118.02496137181106,60.78225011184159,11.576895073788128,15.99717431411423,16.65767681484154,9.10404357723374,10.274979369276629,22.576323175003896,13.255436301832132,20.702068693822383,30.093964397116196
Orthodox Church of Ukraine ,8.706489152556685,6.231179459563914,7.9117435699052105,18.98623134480164,33.57776337957428,25.271453586618147,9.216370033745449,13.656037514431452,33.68564218041325,7.130838792648043,50.03291145111976,16.950219487192008,9.643683425622877,35.75894480887905,5.754953914801381,18.368697911999167,13.056387505234786,23.088632577983095,19.305658452879676,3.9045519156092046,1.0186477492599786,2.5406563636370842,29.836566711749242,10.15189274503706,19.577366954808195,7.799490195819216,330.27362203711755,67.46717073375595,12.025567193834936,6.092666605894783,3.0313531670165017,32.70912737756865,24.851934349443955,15.246759288118524,24.940677273235192,10.48969594995114,37.22687193418723,4.5584848146198755,9.129191446074104,2.184875195089221,3.3490836597430134,6.206574105789009,13.613079797199141,5.5701000564092205,106.50844821156403,5.189319879385384,1.7342144375553437,7.091594996331849,2.7118366270677625,1.10034310298924,0.9960112647865988,2.716116413116821,16.147226691022777,14.99962512937047,10.18362364655259,38.93362462535592,10.410154372220509,6.214276291083548,1.9731477050409878,9.847867343752686,28.64932490449564,26.744119282374882,48.84736823319631,7.385691646806754,20.033104203788852,7.943720778120285,7.5016240908600444,9.438790887451017,28.82313533216063,17.055464385783583,6.248700566325079,10.880875499559643,1.1680480213622553,20.099425750785322,15.733157160494905,45.41272005743583,25.661627083011407,3.2719296749557096,74.84329022310573,9.266710590076057,45.508248264657745,12.043813565201297,101.90291005916171,11.445201138145157,12.042230976109927,7.13297455705652,3.530029587491318,30.54764051329881,173.53396541261984,3.6572610150771627,2.751983432933309,0.0,9.576822115787937,3.4643964270028533,16.070745952059884,17.818596054875872,11.096917671980387,11.178686787649372,21.09410063487715,9.49579658649343,8.819711402510064,5.8386866364417775,3.3913527810881496,4.6778564583523075,15.369912503871523,12.404117983469256,99.8505686442216,9.97308380340543,0.28251796355520814,21.4865115157525,12.726112509713834,5.445982050472914,1.049025032911971,7.535981626014285,20.862259634054023,27.253378034831872,24.913178830734143,6.7944472562846085,2.0265653572720885,7.318812534345028,11.381836918837841,23.690259021856075,7.218806969278817,3.551746594826471,7.706100753298204,2.911175971916481,37.33398019484866,32.13049134419253,22.338801804363676,4.970245881754117,35.27058534669587,80.16990427160255,44.82312506180586,21.127992072075337,21.12730365442444,17.55156148590741,9.047224055255256,9.580736812238579,7.748902152797149,13.553964077628992,9.86086868753001,15.049059050273,31.999116385034657
Other ,11.487630243167393,5.734761939410389,13.715827801374724,11.90258947275893,17.87779783308826,4.02429814036068,1.9810187854989552,13.052669435272364,81.46992122334133,1.7004619831995897,7.842023900959539,3.4621661400000145,13.709853652448825,2.0583540217140452,2.272553801785496,18.036867913947095,3.2765868340452946,3.4408570922723096,4.424498496353336,1.1551203532316046,12.379320433031161,18.489652800775,2.6904235664601424,2.471776853693532,26.025689366271926,7.276342675924912,11.849417273386747,7.668762440273728,14.55694782765486,13.606163089788824,8.051155552851895,37.647411125758154,5.4012574817242625,26.05192080087622,6.0101803419233555,13.223749346965235,4.523162324021588,11.880176683317163,4.061784526876163,8.21057649861539,7.915419419115524,7.781125090468289,0.6131402970150943,12.046474083323302,24.10416319734918,7.9089031571796555,9.814995284201943,0.4304075257621094,13.101320568911664,13.118457409213486,13.396481311637691,9.122648010082214,4.561613175216585,1.544244481641249,12.856161773951477,3.9271591430915334,12.861509581611712,18.1184333032784,10.2542367041621,0.8252440144045777,7.735859972449755,32.25269788975408,7.640536914943864,8.61110732188667,87.47387195234069,2.9142247246000257,8.027707365318935,1.9653398163677887,4.684560638769495,2.305462572653732,0.6826088187969399,3.051250409786534,17.27820109863463,20.840402105256274,4.774032546457175,108.67272758148837,88.28572482172102,8.71062708601937,241.0169085695341,10.440814390372381,7.612751938890207,2.2240046100332584,7.8242345813721785,1.1670803726291223,2.9743219138247152,6.7046340001727245,7.427503457567533,5.54328807132448,18.787634658525086,5.399971656926045,7.358986043688867,9.576822115787937,0.0,1.95055591430571,6.928064054756631,19.114760827062195,1.744276620371465,11.376568684077359,27.46646806137252,2.6928193242960283,0.12927819336993557,13.192689268789415,8.192003328471815,14.117218516221728,17.71392633651162,4.709432819039848,5.860272200345168,0.7383942198931541,10.154108364616311,3.143514986160206,9.748282633408051,15.65831877862807,12.156370904751551,1.080270512769317,9.175592351742905,4.152453925985405,32.779047837612964,1.6613685702359053,19.885458465183117,4.136067057567721,10.778394363059185,7.4659720205867774,3.307347696403993,3.6845420266339897,1.78929251232753,19.299010233666085,1.1102325175069656,38.244046430144905,6.8319002556197725,13.402360613946511,5.010782456664877,13.011544158678332,138.0158774383169,29.40739297921056,9.752902902741003,4.108631955502399,17.283238497624236,16.948748867317168,13.437573184770315,22.401212283829093,3.0034867989500103,4.882516141489236,8.678794742576656
Other Christian ,5.9818365130123725,1.9212170641315727,9.673358844950583,10.138654410444005,22.820347384156932,11.090651886324142,4.353901016872653,9.36611350528303,36.74518640605248,2.2662475734541925,20.809837171808233,3.037183313821412,7.010053247382306,8.80037659394208,1.6027767247269447,13.525551089194202,8.126718024087817,19.260913179378967,20.811659431020136,1.5544453123102075,3.2639927839997163,6.351399189350754,12.455615200913009,2.697346617265088,16.430117591631014,7.732123843543662,38.45933106191806,16.66142472993684,10.104719875719976,5.499882766165388,2.887430730714025,30.515130361622305,29.455973047326076,19.004732989793073,9.481512196458725,7.1035953052935,2.6162833003076083,6.338668273861371,6.491566755460665,3.156440015487362,3.2249427365088943,5.4846085144945524,3.699157668994392,6.503131267918987,19.471483421962994,3.4346073829688972,4.022953336056349,1.4987762139344332,4.313018054728432,4.626848067419981,4.561870286289949,2.6271536914006135,10.9318749158218,8.90081630610223,6.762145469286327,11.011555152808482,7.264052828396638,6.54448421426095,3.0554925221254012,2.0667689233342,24.721852592985503,25.808068680119906,59.51074533595848,5.253229112412884,32.80433289263676,3.690973859845588,4.410758899528461,2.5244866508028965,17.505865257448228,10.791579818144665,1.9965529430691968,3.7526739319460383,5.713681115426884,13.584154571438003,8.055476005586575,57.20793110786944,38.63273870254308,3.507681561881837,95.63306554082932,6.104175563611616,19.298129982783834,4.612875165589543,77.99285767490302,2.03985784413459,2.968938400623706,4.7866787393751355,2.490146694919488,4.923259796444364,20.365988511846496,2.691943449952925,3.34135991409145,3.4643964270028533,1.95055591430571,0.0,15.130824584243559,11.27830073964817,4.244104402729709,8.53457816943398,18.32283359086418,5.209663817439399,2.0687672484071635,8.287974824017683,3.0055856390475437,4.849175634866183,10.696050130771939,5.351389410724433,8.86996093517135,3.4814298414727336,3.8551092949042034,4.807735835206095,5.957914905829053,5.549184061894946,6.130350631844239,2.3322523795091676,28.46365328684723,6.2611467786818435,23.655809462037595,3.2661470757919124,6.770332103563995,3.7426977962794554,6.607140302438775,6.7101553104357965,2.1564997122833365,2.7277070464475774,3.5307942750154497,6.148330253165003,3.6932901124078104,33.99123909432329,7.742370193830124,5.72806764081955,4.473341663517057,61.38028217445728,58.374047466934975,17.87938263734704,6.57874402370816,8.395111143969384,11.088951147259822,8.040947565339042,5.408065064960573,17.904998668092556,6.008835150038244,12.003648536430832,9.226352081745983
Other syncretists ,120.88649145399032,17.53278911284437,15.670176902790661,9.813479634260291,15.19067195537597,9.985063066555385,6.143804869321965,174.05201428898167,264.29857266341975,6.979891698246671,14.769065330216293,18.54286038855758,235.43196119139395,19.381184080674572,7.4677263555989635,220.49933184634452,21.978885797268507,2.8905384627994533,2.179491779569226,13.251125980968204,14.990563436541358,53.918624013265294,21.47358213757389,7.803647906533399,367.69274959365833,16.758938576224484,142.84557506335054,17.30220344300127,142.8260251110592,256.6403857597085,38.50218514067851,363.6757379822434,2.0259974287899025,410.7748474820978,11.885367730924534,158.12696006295536,67.57241695384349,154.3354696482022,13.447672300683825,17.515711183310845,13.569562191690409,17.276297313186586,6.164781044390995,195.05943941088395,102.40012443530802,17.36898482476927,19.468077973807905,8.062441859860469,61.97450780905921,18.720475398192693,40.27440943811294,14.455188392301476,11.685898548505465,7.1742425414810045,208.91169864212043,33.24385968907579,189.03815237736382,135.4332256106428,18.573999302735913,8.510953455686494,19.410297920828103,306.05466524747567,10.88586801022094,63.49726571654882,335.2839430111645,7.249543781312663,158.85049061478878,11.551788684727695,6.603401141808907,5.267540551490862,6.535290927096868,9.512742117192182,39.303448134671896,165.69282269585452,21.47835752748633,502.15917617056033,341.19411998209506,17.185706184233137,649.7163303480686,158.07157894981646,13.156639094473364,9.728863841714936,2.1120395036969906,11.087723917699718,25.522300173622146,16.757152606938334,24.199553082660096,39.370008329955915,341.6130417510492,13.14802506128211,23.581711693052544,16.070745952059884,6.928064054756631,15.130824584243559,0.0,275.760052341329,3.6542593483605543,133.97924973666153,367.0496499162336,7.923346655152586,6.211648614584646,21.972799249724957,26.019203870094923,160.35949622776047,27.505064751784175,16.209491910342805,23.219581665146507,5.7627364269295365,15.348202451710616,18.805787693296605,25.316542419259196,143.715905589286,19.830810225337274,6.767156437636688,7.929811387591493,14.843336197018616,331.5477297941075,8.818777145273357,25.426480129875195,12.185276680050194,207.73929325826506,36.82215291325113,24.030065717047474,16.49488637361007,8.95926532642546,39.120763779488456,29.754648306029882,308.23203479792494,27.515451638021787,45.97823674147404,73.2929320782898,98.88716882429408,438.6768572181431,325.98755165328726,42.63139390336478,13.123200066825087,15.94346162815177,60.22723353401194,98.59434161016095,287.42796078149854,14.351084721687588,1.7128085316300772,13.436849674168796
Parish Church of England ,4.5951059020245815,11.175100175261324,24.64740694925959,389.6816115295517,31.602826182550757,22.332641073926567,24.190978140230804,4.75,6.194444444444445,19.169568526498185,18.53992254159092,11.389358091570207,1.6203703703703705,15.949119549529883,13.290440533793424,4.472222222222222,10.846294479219713,37.80710618393682,51.588770367875455,15.99559645761002,17.220617074804018,14.572863464195423,19.77455081619459,17.14291153467556,5.4907407407407405,49.20942752457912,13.880395403309373,10.67569958317148,7.171236300127896,2.4722222222222223,11.926350157509985,6.222222222222222,79.65215513299472,3.675925925925926,2439.5593303418887,3.021256188636326,8.667595972567822,4.7834654355771065,19.772550879867907,15.84537792804118,30.663652126796176,24.592698319564764,22.94897822324944,4.4948896194819845,15.748234072444095,27.00098792512823,20.268234526552085,15.615625627532573,9.687468059591982,14.101567524198675,11.786445578580892,12.991595396391508,552.0164165192328,26.044119835415533,2.138888888888889,15.887390727125469,1.787037037037037,4.36685821847964,12.830515684108807,26.125418707414862,45.36547193018073,5.62037037037037,21.994581849125865,11.624325909235951,5.138888888888889,20.81431133992044,3.435185185185185,25.41782826930937,43.46358603516192,75.55830062108193,15.284161321332476,27.501085016591105,15.06304957271045,3.4166666666666665,12.346289187844691,10.277777777777779,6.518518518518518,54.23681443677535,11.453703703703704,3.2037037037037037,17.19812129175992,17.21686008152651,13.419606913799027,12.216274799056484,12.46798597173819,22.65897199339251,13.660990744384616,12.693592748027438,6.546296296296297,15.817382602760015,21.028754971596936,17.818596054875872,19.114760827062195,11.27830073964817,275.760052341329,0.0,34.44207375031987,3.638888888888889,5.648148148148148,22.017262897567623,18.051194743202398,26.787780828832613,11.510537013341425,3.7525627264356767,23.734864298494667,30.36033754545971,7.333252240486861,20.163366317493757,18.359971867383887,13.307533524130385,14.49301642927283,4.136142125759711,19.100865981449694,15.034217330549431,65.70967898567248,158.5672218128395,5.407407407407407,22.73754723437759,16.357832778516688,15.547710659029413,3.3333333333333335,14.351130119670907,23.81819125346629,19.445193086664652,122.96920932900717,11.970734785569134,13.729528000730063,7.657407407407407,29.200039528961675,8.997099643719565,6.549886797325216,7.349872627308053,8.351851851851851,5.824074074074074,17.499633494631812,1433.445311507015,40.394362900464785,11.446770045773164,4.850685522124007,4.435185185185185,19.243521513534144,225.49734527779256,27.085412563574913
Pentecostal and Charismatic ,18.76866614089176,10.533770457416553,15.643233215313625,8.394031282815874,16.208461679297383,7.616239574252965,3.5283700350944707,33.559453605712044,144.61805073604842,2.8729984689017947,13.276438228173422,6.534615004594441,24.047586244196,5.470700696655944,3.8643659469098255,40.377417269250365,5.739935323223476,2.4308912471246185,1.2161022077442107,4.997414748638968,13.317084344876776,30.591456536459763,11.348975672525615,5.621959317997041,39.332983614545405,12.882492490495164,21.112549224992513,10.83267506811541,38.42701018837068,25.220962376205424,19.0614372475303,89.08721905532968,3.9264386951884385,77.14833031488904,9.237913611324068,20.19199921894264,12.035550532771296,32.257692954787466,8.872408493937948,10.289355706623931,10.467346524373566,13.285417532133032,2.3110200794853193,24.51837921967585,29.25437908222223,8.336107150084725,13.275033337187178,2.533993197036299,23.62074334908616,20.43075360232144,25.120355420009467,12.302738224027848,8.107152023815622,3.290051658837545,21.138788770676964,7.035073467045167,24.016380535276557,36.39882337901151,16.1126511196672,1.971063461174882,16.964187795443916,86.15621803339236,18.20285979390559,15.862992440410743,158.29063822641317,3.9513148354986436,16.02944376326936,3.022652716412426,5.23383350163645,2.531568344847556,1.930189543075264,4.083015567253713,30.615928284009456,31.35452659733521,17.434473157712453,221.20675441402187,184.52285439994998,10.839384386051163,503.1506174794292,15.583709186352163,8.394882540213356,7.799519756783591,3.8633937882015794,4.246083969198874,9.89246379260966,13.454009229852632,14.771255464328908,17.675072668045626,57.97074246199944,7.784104169673106,10.891767194584816,11.096917671980387,1.744276620371465,4.244104402729709,3.6542593483605543,34.44207375031987,0.0,27.85505679838753,50.7376418654011,6.087384622203786,1.5795658743125,16.802073698182525,16.236970541536916,25.789826846790508,22.194996844006326,8.060742721230808,4.726598051370449,2.830506501986104,13.179635986522438,11.478150865007493,19.467606580386555,28.21752539191472,12.659370093020096,2.3145352718192216,13.959222748685264,5.286111748610792,65.53583610482474,4.757743348630977,27.03402886688065,8.87194306538137,23.149132703116624,22.41228237839576,5.985775627187558,7.90352835382962,3.9666933871204964,34.120080652081306,5.443663253130256,100.27787904337059,11.758534618597363,29.93486191356873,6.842391294672001,62.33810705701379,280.06578530892057,40.760888413616925,25.270310726693488,6.163936154664962,16.6325437617578,40.86555611879347,23.476119720711115,59.793726916081155,9.471721480963522,2.5244382738877267,6.757113317263792
Plymouth Brethren ,4.539618276460382,12.423424249579362,19.11194794839865,248.2942257155628,23.141664372445913,13.12208505457097,11.079665554161956,2.7962962962962963,7.796296296296297,11.139772172352592,13.411034095705121,10.317657721188155,3.2777777777777777,9.16967726734829,11.143263881191123,3.4074074074074074,6.778867222864793,20.679685673611374,32.95794149674892,9.105916283141607,14.928768517837556,11.309858573943265,8.72248968982547,12.785120251471144,4.092592592592593,26.223570313517325,11.552157562471567,7.445237637144646,4.8752792843277915,2.462962962962963,9.398552977673141,5.25,42.5271699240334,3.6296296296296298,635.5914810975025,4.797428266178265,5.538460932584979,3.3737721648169408,14.826464100654213,18.354326178924886,14.494232229242268,13.425821769176894,13.51313376643228,5.085111150043617,13.614275260087206,29.147904021589717,10.668835805928792,11.337547002220104,9.653874594545467,14.081191826657784,9.781867444433244,11.709780691801699,201.2376242037251,14.79772742914944,3.1296296296296298,10.702347988042648,2.7777777777777777,5.794165242391608,10.659505730846755,11.696632755041609,20.81170403459417,4.5,14.01242076994459,5.7762503583581974,4.277777777777778,20.597069088388885,2.5555555555555554,14.53250256418447,23.83074008317579,22.44781665529619,12.164859274113212,13.798091910202906,8.850738673192012,3.574074074074074,7.327240078095729,6.601851851851852,4.416666666666667,24.982412976884458,10.148148148148149,2.3981481481481484,12.614422162723294,9.559965179474844,10.998340626730437,10.229905327914844,6.124569585583025,12.988738526509026,13.13639360071048,10.169321038314003,3.462962962962963,12.03510503275936,17.191709572594714,11.178686787649372,11.376568684077359,8.53457816943398,133.97924973666153,3.638888888888889,27.85505679838753,0.0,4.324074074074074,11.515663280185708,10.810614899990268,16.97604656090603,8.600255822164602,4.093086655305471,23.784301671844723,47.119505409965456,5.558946684931306,11.442458736681012,12.085570869919472,9.732464751469964,11.48816666547306,4.6803241308347365,11.744038966276836,12.215068597634705,32.85602320959216,40.03965215302387,4.935185185185185,9.571949404929997,13.882435069473681,11.754336047263132,2.6944444444444446,11.816932215320012,18.228716143555246,10.499040220052802,37.87958528544875,10.493865633949163,7.9371510910174825,5.851851851851852,28.50661650092853,8.461702538398113,4.010461896383396,5.00366530918606,8.435185185185185,4.2592592592592595,13.373572096669095,381.7811442415169,28.143517875969863,8.331654705267743,6.480803396887089,3.111111111111111,11.379082942244098,115.41721634821798,9.534388778743345
Presbyterian Church of Wales ,5.36392833746449,16.24537114211528,14.76373065910669,625.9890900170626,46.84926347375884,32.62541782420724,41.84709493112128,2.3055555555555554,4.5092592592592595,46.66390488922304,26.87267991821952,21.009227431079257,3.935185185185185,25.93119679198992,18.82292110015982,1.8796296296296295,19.545010759808942,42.98744826563861,68.84726472119885,22.408155402021364,21.006195183014718,10.06167720414397,23.848535409690133,18.955104778917292,4.731481481481482,33.968818104718515,17.14556842646239,13.160635156010565,3.919784891277764,3.3425925925925926,10.737909450693325,3.3703703703703702,105.74080853329454,4.712962962962963,2343.932453729207,8.089058944688027,7.684105716443693,5.4900321580206235,21.546908753973185,42.356397762223,67.6959335045058,28.859520469645464,42.27869181105271,5.855467683065207,14.604653439755907,55.31631951696988,16.266619970870526,20.60884525446057,14.813771540653605,16.638446580373348,16.934132381795223,14.363334729710289,656.3525942001806,28.454399774628836,5.212962962962963,28.576388875105277,3.25,5.808031670094565,12.612931793166243,38.433281834103084,41.46901978532027,4.638888888888889,28.819162901988896,9.2962854654856,2.824074074074074,22.25721779291962,3.435185185185185,47.357282829023966,68.5039568164494,84.2038635253293,24.681724539742522,36.394840419973576,14.133789401987556,5.138888888888889,19.861217518839165,4.925925925925926,5.444444444444445,148.35889631447432,8.50925925925926,4.185185185185185,28.590007316698912,28.81113131429855,18.4451732784867,22.23479007273145,14.118168472817517,27.659725329538755,20.043651809455074,12.427132892053045,6.194444444444445,24.495247794289664,43.26283994604295,21.09410063487715,27.46646806137252,18.32283359086418,367.0496499162336,5.648148148148148,50.7376418654011,4.324074074074074,0.0,39.98123136873507,24.130955985092218,30.055416406556716,14.390686078137254,6.233050701217083,16.637515910664213,74.95244280284017,11.543153531056756,30.88803188493377,21.31379194866172,17.630595683108766,20.30405182479632,7.04874164578112,12.250792624122678,29.217788962125596,90.67238804772056,201.4405254113127,2.0925925925925926,33.35913297272226,11.14326224309,11.735122558353018,2.5555555555555554,13.75258178199031,52.570336151523904,19.59309848503269,42.06168102956898,8.411533228408972,14.95698258711159,4.305555555555555,34.95784492370246,9.971106991791512,10.519387341270853,6.265361410714566,5.851851851851852,4.212962962962963,10.713599413496299,1414.4099656585106,22.32572488816063,7.908998089837358,10.994029372190639,3.787037037037037,20.94340191675181,348.8958579049623,36.12537175015128
Presbyterianism ,21.761776555835795,9.296044747396701,10.622820107633526,13.404452039143653,24.510456879426222,7.296270718627225,0.8024659856416575,12.280474586616208,97.25759138495727,7.654368349418864,13.31613184687698,6.70768428283426,19.365607755012235,10.467562278318134,3.902345071563978,15.17077809128966,7.423675476610798,6.5805472119612105,7.20586272282348,3.4173192605126768,10.961772623026945,22.91933574273007,11.264562435717371,7.524957397674313,49.72673873152439,6.697857043858339,105.89394589682296,13.530043508998821,12.41203281697319,19.573815429586766,9.545670250272966,25.585580619746523,5.8704908516270145,20.625111621569285,10.021539037451229,20.571373406883755,9.869687593154307,16.046786536550442,6.804197390513083,9.785168353438328,9.343480492824396,6.491779312391024,3.406466549363255,16.892782812223054,53.10199148008172,12.620168733211996,9.13206472314357,3.983921481591543,18.931343529534846,10.22596577365285,15.35809371086042,9.402354354594864,7.592258819581484,3.160457434215665,21.254929724843734,11.358191855808284,20.372294573639948,26.45216773285306,9.572637274598767,5.103762058058344,13.97120412017753,20.160726606248293,11.692178702178511,14.375222716785855,118.12333670548345,5.92391243571136,12.70084629906162,8.568803770212838,8.739629815494729,5.332848825130457,4.5559843068747705,4.239393263609338,18.89211248352264,29.011684216364763,3.2797998517015015,117.83704837713728,113.89281655236321,12.15591138062564,327.81973890827436,17.89953837510654,11.662068762179812,0.1825146099312455,18.963064842020653,4.698959266535625,5.501642260106224,6.728885379746806,9.326444272103107,9.284417914838135,16.91074057682835,7.859980222580405,11.636961538300314,9.49579658649343,2.6928193242960283,5.209663817439399,7.923346655152586,22.017262897567623,6.087384622203786,11.515663280185708,39.98123136873507,0.0,2.6140834999690004,10.07596515241653,9.412179242911689,21.825646506697765,19.579318434077734,8.655426199032272,21.934298873127656,7.82689701153185,9.157939718784583,0.7659209723002951,10.473075406786263,24.77562521954403,10.773753277081331,4.880012994580714,8.079353304761982,15.043911759329092,29.543873389574877,4.193429812267278,14.758334706367384,6.1281081298120395,15.151379075041639,6.386382977357114,12.965996947388222,5.675203782332717,5.638870125970226,17.20864254573512,7.833343786202649,29.56448199776023,15.088781585243643,12.12777537541834,12.18968823270794,13.62873233125896,173.73708129571955,55.325953490086754,11.281285765070722,10.9719110935057,12.61065833817039,13.812732920983418,21.05535937578924,23.952149115638193,6.307829687538782,7.2283601834138285,10.104629128992753
Protestant ,9.96486260018709,4.847077879942293,13.572186409929,21.64295712359169,17.99751229880542,3.756320383807119,1.7501027922753436,11.462258969356059,62.265801864229694,1.454162144172958,7.8167033507879005,2.5921165133687576,12.061755169258317,2.3448731399372953,1.6296516186843253,16.235455262847196,2.3842374299290383,2.862254267943285,3.869899635382918,1.1858539349776906,9.350891598219485,13.713418442567914,2.7439864008388204,1.7195877659786152,21.379441443770162,7.465073661200345,13.838634689991714,7.24535136632909,13.179139104052522,11.335724606426004,6.660333613671946,36.04970847396532,4.559574305094769,24.725135989942086,6.261134841798569,12.176322578492037,4.0116939856252385,10.40262719249184,3.855385223720942,7.495696872611035,6.929586979339099,7.524460166350014,0.6791106532447885,11.182456447537843,22.371938831047288,7.097849228058287,8.673738704009676,0.4849459297915628,10.250134060701955,10.73888466493089,10.636188308177058,7.049229285522763,5.6033142090360455,1.2587239618106167,11.014445788137845,4.298370914196385,12.307888056140486,13.902265177746667,8.158932962878694,0.8836862257703173,9.366710105795654,30.94143975398384,7.019161908062533,7.424452116321462,62.04916462184382,2.270804727374037,6.644566531245082,1.6254553682647104,4.554556427018644,2.1913614191810176,0.7019308607048089,2.999163208512012,13.278449430143993,18.07270598980264,4.202637164398133,84.31806945685561,64.27812047201098,7.5623617256071265,173.84646949390768,9.311839069914072,7.452919175037882,2.150716283707655,7.351216900962424,1.1178307534560057,2.7260166477078913,6.389200665204795,5.965956897704473,5.131137902396204,20.243516038268222,5.012311190951924,7.112424518660073,8.819711402510064,0.12927819336993557,2.0687672484071635,6.211648614584646,18.051194743202398,1.5795658743125,10.810614899990268,24.130955985092218,2.6140834999690004,0.0,12.983619802799092,6.633827579140002,11.295288290481952,16.400286188546982,5.157448274188222,6.0160812141845765,0.4487811059412239,8.811412073919612,3.062483615085466,8.514297420179991,12.052714740763953,15.056142979089953,0.9002404609662984,10.049092785134674,4.336292175717364,29.874116435695722,1.5212084771211225,15.41087644870764,3.813893398204414,9.407207832162264,6.836248861572044,2.8783273836200776,3.555119893941312,2.068112877275381,14.602091410707233,1.2539237842193924,36.999364358351684,7.4372971847128735,11.404394414879963,5.144248570210202,12.492327955472078,103.51185769427232,24.59298274323297,9.429460414643778,5.375481346022844,17.251339832193835,13.475641919149497,10.761297137810786,20.784079268249766,3.1626379459770466,4.343354614019308,74.8878353050454
Protestant Churches without free churches ,21.01420617316291,12.27419713422115,12.566392272258895,25.274506667696013,60.49931279462854,35.55763567851862,10.191078609199435,6.272808514650939,76.5546704253883,14.897500710717182,64.73727218321612,26.846193234697868,17.320410277065008,40.20971730975196,10.412266653767198,7.414452932394999,20.849802596966292,32.83876057166911,26.76446505028911,9.009979811623218,11.150034653462674,17.99781687844891,33.389468198398625,10.929630843751912,54.43769243576642,9.701327562782899,281.28072636731565,80.34919665019912,6.65614949973432,17.44732913294546,5.153876004211417,8.673124237480847,29.680611973856752,10.680821744438854,24.418071798268944,23.632938146470778,33.354597080727174,12.275221794214259,15.499137734191455,4.948759941586673,10.635305221472143,2.9817260770103036,17.700959592546347,12.445942475993853,128.03041314871865,10.556950734856166,4.294293820764206,10.917237931812426,13.98072065093434,5.6705123662743215,10.97275010739636,8.092933418504527,17.737922580723776,16.612345280987675,24.037738896991957,44.53988569772618,29.468701905364302,15.08198924143559,5.243974121287274,19.688316850218627,30.531601149474685,22.640226602065173,61.85483842031862,18.64846260392041,72.47743541095188,14.0094584249047,14.317095297869177,29.68165619524345,38.92356583900529,22.64565378913065,10.727458246381993,12.605381804731444,13.413947741179268,38.53480391316654,13.59875811944527,73.17972833530823,81.30208251043814,10.345895499849494,322.92830713353624,22.140035471654894,58.61779275183284,13.32301674660318,107.1894387155863,16.37926401963211,16.266152333175672,5.2352421823259805,7.389001936898416,28.72761030210768,148.5611061734284,8.663275591723304,4.392524632313131,5.8386866364417775,13.192689268789415,8.287974824017683,21.972799249724957,26.787780828832613,16.802073698182525,16.97604656090603,30.055416406556716,10.07596515241653,12.983619802799092,0.0,5.117134429290965,17.742604526529377,28.231991532097478,17.88340324034344,103.77642708972478,14.733170367662492,5.392714217980744,22.185768869921677,20.662178084756025,21.188651556362924,4.232359727515118,12.208525433154739,29.460136694183007,39.09402857130682,15.366708264978703,10.903301200581094,10.155122500065318,8.316525526230802,11.8051694743637,16.802267601057135,24.84553675698261,6.455515415161021,13.594795607545613,9.84624595374815,36.34808225309315,21.332474681001983,30.23002943686283,4.665182606691914,43.16890602339635,64.9319613466181,153.5555008903211,56.626932959621826,16.354245280300926,24.188081782246982,15.207857219432583,7.178916178510951,19.442304768733173,21.339398183726857,12.449484103359636,21.212175609546307,41.1868617411359
Protestant Free Church of Germany ,6.000270926961692,2.569171931124012,8.062712491767602,42.70556666547174,19.531456896021343,9.850640571078104,10.833098517315996,4.844038626421715,32.892475095446244,9.166771423771179,15.16711202877159,6.111730410246265,4.516873915710698,7.942066167959002,3.89957769691691,6.792152254682676,4.297253253795965,10.713253276151455,13.924393239646546,4.6299663971639955,3.4561523892512107,4.6565619468350725,7.971070508444364,7.811974551169686,19.379306515098847,9.82077458571298,27.548982875828276,18.239876126834627,7.08861806326408,3.468101392804912,0.9939293692718193,17.107689722055085,12.695790511738828,14.140439285510014,127.23872686853774,5.942913472172813,3.6280773984504866,4.845141906309402,6.578687215524896,1.6714207295137098,5.788857820284009,3.9128889832496756,11.515960144055704,3.931063690280298,16.891187436702754,7.2684114927718655,2.9310520241340896,5.4679440491316935,2.825848487198199,2.7463567946942913,3.9084244299777247,2.1956192820531295,51.67584322009995,7.024667002034009,5.1542786525045265,8.863862688031524,7.312920223533377,4.250738155393585,1.1934680275574403,9.505056875981099,11.6628822642704,19.37031352782341,16.336402767381564,5.214256746961957,23.985714842995208,6.185590407697873,2.5222208206177474,10.317883919098156,12.493513247450789,11.8468445121016,5.268329772207124,12.027652981358289,3.9621661338534544,13.226364945329003,4.889343167173932,41.4627303742274,32.27073574916579,8.465620391746667,88.40387501958347,5.0109426289236545,13.905401156128718,6.601282928500999,19.493639042872402,4.21714255015014,3.79982465892006,2.820446414542672,1.1302065654033102,5.930837024803972,25.796240501491862,3.849657751208161,2.294869319080322,3.3913527810881496,8.192003328471815,3.0055856390475437,26.019203870094923,11.510537013341425,16.236970541536916,8.600255822164602,14.390686078137254,9.412179242911689,6.633827579140002,5.117134429290965,0.0,4.416539753383425,8.165611468059785,7.414648706125286,18.56631465172292,7.851681383216626,3.226667681468856,6.290375135261737,7.559973627067988,5.341618586162486,3.4971951458468418,5.118671658233213,13.375010520837177,57.571174615578215,11.842106186566484,6.175264204555862,3.2129612203985154,3.34370442631944,2.6844010719401497,5.5549995054891665,10.558448852849015,4.474033530702212,13.512849500429535,2.911801727570645,5.810900629477466,27.00867404354119,7.969807410784619,2.269262385224844,8.292192256961583,12.875173790141249,49.53827000278856,21.556432883059546,4.474239808579901,79.70562390121157,9.47155568365802,5.676757388818838,3.739075620609511,17.66676009614838,4.695531732401045,26.442126307239512,10.805373203342956
Quaker ,2.3106260166202373,3.757121201328215,9.117502965621453,233.19324376050886,21.53627425098311,14.348166491851101,19.481894236554936,3.963588936585531,9.43064490663053,15.910498727460844,11.4515091048456,4.814224923195285,1.9631162756162757,8.652087126510523,4.749290028083324,5.261499946163301,4.474420353948528,20.814849617218265,33.64764152377823,7.132065444069206,2.580921333182263,4.73102584991373,9.503510666376531,15.161459502476411,4.780837842234067,28.314190054661662,9.469515016166202,7.54116563981518,6.578313341934615,0.8586871827003402,4.364974080664757,9.700266973417023,48.70097047954082,5.052096655067967,971.2736343199657,2.130845567754885,3.6837096236974967,2.5268233621902505,8.922770463479077,7.329950041271814,12.693824004728413,14.39416915235356,19.898466075286265,2.051148743763646,6.685758534318689,11.499148091484098,6.643465156768631,10.02040069843013,2.0300001951447544,4.34918506053921,4.02180170639897,5.207549278171265,286.61516341621007,16.187427617851874,1.4236813990103465,7.558305332109589,1.4834482038429408,2.0718133907450667,3.6117381503547823,11.999913348202128,22.00746965332021,9.015023276896816,14.47591609019435,4.411082634339215,4.30128205128205,6.777323436819309,1.6228913630229418,10.61679932179321,25.69072968136381,38.38170648348464,8.179322614291557,18.59263792204105,2.5535138905596257,5.137908104807231,7.861877865352401,13.461949249404741,6.425747863247862,31.146450672185598,11.689542942336002,1.362703634085213,11.959983052316057,12.512871129447888,9.711440889803871,5.250308744160618,4.9011534681303415,12.413771280716272,4.196714005129041,6.196309965023016,7.270687510522496,4.673229103042188,10.99785240515333,4.6778564583523075,14.117218516221728,4.849175634866183,160.35949622776047,3.7525627264356767,25.789826846790508,4.093086655305471,6.233050701217083,21.825646506697765,11.295288290481952,17.742604526529377,4.416539753383425,0.0,11.107459858510314,15.949388633746237,6.9358117308010545,12.358905408771475,5.407014418072923,9.328198159659548,12.640498952947084,1.807971399836423,5.966335774978109,6.393958002595893,40.26648487050866,61.24651970910335,7.449915164663573,10.368920358482276,4.1549175950851405,8.20542133001054,2.0787800378738406,9.937585564550286,8.6867806298961,9.048267333397293,68.95743243381487,3.8763999770381283,7.945263866106961,11.808807766518859,12.172896187925554,4.07521362653822,3.7672695936012923,6.779865142351731,9.280235064472405,4.879845198729864,8.424529487692574,572.5018914630693,21.2052924233865,7.319067082836876,1.4983307736171172,6.029532618652244,8.761971006466148,138.458294807078,13.75387489289378
Rastafari movement ,14.23598932192251,5.153970194172613,3.1421821155650114,48.13643877598169,25.592138624572467,13.112953858598821,22.52822438702014,15.493799042285987,29.84668032628087,22.856369700270857,20.266494033272288,11.49415728950635,15.159936093864815,13.149037167034148,8.785731326944541,21.961132230821086,11.24355597638221,14.132106158058706,18.04453298568041,13.119683874745329,7.683013612558229,5.460324863421794,11.017049250861973,8.036412221899266,25.077421122204626,10.634165578618411,34.52374233494552,23.821906291538063,15.100314701012628,13.536803636072907,8.145669941651597,31.759031005258976,17.635590651243678,26.03800763239813,147.9607438966217,12.758464398594848,7.668848192662494,12.290995157873786,5.316409171845571,23.278377435553463,12.947606033457907,14.997045794452978,24.846738690639853,10.436468787002465,6.5027187849292885,31.352443281361573,17.70598332060111,12.683547282662406,8.78781265515968,7.624922901626393,6.445791445254656,9.18019393231284,59.399253924096065,12.292487161151481,18.115149804723398,9.934015955852194,16.62136759025715,12.467023147486827,8.262079506816663,20.348492708110708,15.916474856985925,29.313541342474885,17.492850935802615,11.368282424756172,21.63512101310171,8.252758480056615,13.591496630385322,20.575390151325333,16.648615389288825,17.622478004325068,10.876580929596368,27.74900958179528,6.7569709487921035,21.517337328037996,10.558271057122218,44.138377821285346,28.844541605300968,20.695049544930367,61.61818136136529,14.535277775128312,21.94066558486045,12.824143469411224,23.990684294964232,8.243535878967716,6.503309245053655,11.041107168599815,8.417505223858045,6.616857915132891,18.130197215616054,7.397585976089909,27.874447103389556,15.369912503871523,17.71392633651162,10.696050130771939,27.505064751784175,23.734864298494667,22.194996844006326,23.784301671844723,16.637515910664213,19.579318434077734,16.400286188546982,28.231991532097478,8.165611468059785,11.107459858510314,0.0,8.101617291937067,20.783347911122146,79.44368426478162,12.114324302585443,10.300871872612552,12.502032012464847,10.929882642710822,19.37264306958529,10.613652646743837,16.70127700939186,93.7407519988344,25.508845808864063,15.828690320749653,5.784906137349957,7.271279115588338,14.498925942022787,10.713625513293788,17.288651180835966,11.524777001454103,8.137073141741443,7.187108498496321,10.861509673738862,30.996624001235315,6.28867929625455,8.521535234466858,12.680449925284584,21.92682446060815,39.95766502437218,23.133509844542733,7.465699696496417,95.63940473007987,0.47150881186929006,11.039077793962974,12.59896665806518,19.764606604094226,8.744879976727143,30.386745312571968,12.927249181068373
Reformed Church in Romania ,18.95694592534119,3.9979977223540413,6.780988509946972,23.52389315956447,21.464433708741186,14.396932559768212,9.09007472415349,36.692962456385764,95.20209016410355,4.1402071614892355,21.176602797610425,9.690123567809461,17.80308102007315,8.745094985929283,5.262451772265832,59.079027009824166,7.673146023177566,11.904542262572644,10.407059834415934,4.152515328353376,6.993215700580756,13.568049727651927,9.66820287330814,2.4540303971014237,30.424060951907776,5.011592269266974,34.23139587506745,28.439813259861392,32.80933378460144,17.932054959396325,9.239749686684172,100.40151503274508,12.15225666987228,38.41075797115722,63.58362937017875,11.967034269776333,7.60676529086278,13.669335819887786,3.3615504371778644,11.472025335603192,6.485528179553632,6.752128839518725,5.748158127912511,10.552431621751206,17.038097612231358,13.51873640189315,13.550511784345131,3.746476634739688,9.569640290766895,8.682539801887602,9.783704868161307,7.175521770517627,25.934417688985484,6.800178771741693,19.810210747272215,3.1622346214972157,27.35853596653375,17.353637617597364,7.922448852062518,5.131462890103548,10.106295601638577,58.1449992699802,19.526471357983795,9.473353425163603,80.83235867862241,6.3084864409124215,15.230872141280312,4.662968390332672,12.25607820702025,9.574482373601766,3.608250592386716,12.859945841107326,10.878749728106092,54.77151063949733,10.153122276213164,141.06648153048346,75.25939696723225,10.512419384478607,187.47949834499727,15.948958059078784,18.5216091974498,7.108722668547593,20.002481335047715,4.519024378426201,4.431328277960782,5.225467114260908,6.665870931561259,7.26820729406478,14.658634765623535,1.9615974442584034,15.362029921372168,12.404117983469256,4.709432819039848,5.351389410724433,16.209491910342805,30.36033754545971,8.060742721230808,47.119505409965456,74.95244280284017,8.655426199032272,5.157448274188222,17.88340324034344,7.414648706125286,15.949388633746237,8.101617291937067,0.0,12.892790971822967,48.75260826573903,9.98066436733864,9.23483151637943,15.635255828759442,17.550045904257544,18.77464091486244,4.229078433425294,15.446893249955401,35.57514452319782,91.24459985496203,7.349882198212398,9.999632920438572,4.518821378789951,23.949617327354243,12.864863375083353,3.2483945720313767,4.685256221446808,4.740197924290011,13.338747052080528,7.632401895841677,99.30189763740698,2.2318684489585974,12.094539924753391,4.593905543303875,36.57135408416434,134.51961838166022,50.646855324852204,8.293722462154975,34.486062236337595,7.389779795428278,19.972937901698,11.752181898784489,55.01185848383641,4.107443800394983,16.111157566788464,9.52690210364283
Reformed Churches in the Netherlands ,5.971312857308293,11.808750129087503,24.738536841054227,61.00064600761984,8.414151735046447,6.099364737778865,8.461935775500686,6.422617816771042,11.832300895053129,7.966674789350447,4.831786894555562,5.1520667386409045,5.8058595750128,4.157723817594991,8.883179288731949,8.771837572240797,5.916605765464841,6.787700476775984,10.308437564962013,9.842604430114182,28.83431319493043,15.976076482844986,6.8410469504357945,8.167831190819381,9.211415927863928,24.61087816330128,7.020254811262417,4.207590251191767,9.188508140785878,5.967794861948087,18.341773417986296,14.504301876188135,8.988447615598046,11.368674682159304,18.009507227774836,6.046282270957923,7.791124891254847,7.4115199328413555,9.417445968046573,98.7757179833078,28.8565202291784,28.555482347000527,6.890298938912195,8.5436223633093,11.696310038335527,108.95111324047642,77.02173006937386,6.473087312655757,14.205664300209428,37.278767362794426,17.45759507613095,30.42011106973999,12.045558609138732,5.897314505347204,4.647129416282642,4.589981044569491,6.039566839970065,9.250818571895545,33.88614143403236,6.29483696767565,21.230789724485952,11.635673976310235,6.3562937938774375,7.741702516375346,10.567268305171531,7.367209616522715,4.4776432007437945,5.816882999835472,4.752938656954622,10.23400263925201,5.888404187686518,8.109173143472303,22.25258969681809,5.998127880184331,10.609183625724382,18.110872389008648,11.140715610450231,75.66670832277016,18.772205728858953,4.392665130568356,4.135598939348678,13.987462946908172,2.7863791419465933,6.470523335082178,8.77320859912533,24.543072046298988,19.038069971702672,8.082547974835139,8.13190876341121,17.127365140746658,41.940290932206985,99.8505686442216,5.860272200345168,8.86996093517135,23.219581665146507,7.333252240486861,4.726598051370449,5.558946684931306,11.543153531056756,21.934298873127656,6.0160812141845765,103.77642708972478,18.56631465172292,6.9358117308010545,20.783347911122146,12.892790971822967,0.0,6.167971224718356,67.27274913854419,8.87973622707358,8.798450345537203,6.5241676136793325,164.8653854400625,5.58263508025097,15.054928511427246,5.041486969418628,12.40918782391374,15.835863169591699,30.3256097645457,13.621541116922945,6.128776241679467,13.869737890662138,7.409006932322968,18.874821228628562,8.443762810528543,21.6140324412901,5.695640212042407,14.33488672592621,18.79290012890496,16.173250198904597,4.003101302255109,7.1068982708023976,14.436848881405332,7.978669404072629,20.891653516979275,10.30537323579434,23.092728399223983,15.63458412803104,8.075518795902711,9.05905786925587,15.99456614148345,21.625582613612544,4.596065037121364
Roman Catholic; Latin Church; ,10.505081014397378,16.765929616436754,37.40821983346746,23.462113217154,16.08182738513931,2.5334058416407976,3.0057085325514805,12.114911858584607,53.29668384571362,2.59920983357255,5.793672125730829,2.0183066729666312,13.990502320730062,2.213549066173467,4.013118179434037,17.83381323766027,2.6069301366106155,2.3798847737785014,3.686621142205916,2.0645574776322455,9.74420152874059,16.329432588173823,2.088235591102702,3.217008387740165,29.832976543222454,37.62990456635482,15.245740833200383,5.715916919121161,13.47576185000203,14.121267931462434,7.883909984319921,38.40827140770642,4.341565597660773,27.690503989757865,5.637973120702553,15.03282128754009,14.081529760425273,12.635660175253403,23.635370507931604,8.767616465994813,7.258392327477118,17.072837719847936,0.9501568544124213,13.108976115247094,102.2516454185781,8.590734330292522,10.637765686926125,1.615428539569392,11.634672978349476,12.292949205707641,11.752552793147535,9.40966430305511,5.553290513373469,5.65350688049079,12.00215364996259,40.293911301188764,12.16053464957868,14.46487413157238,9.482448708087318,1.237162783447447,10.607620182778128,35.7125539000977,5.709754905278539,9.438329223687065,58.87256291868277,7.526545743542306,7.253578703042392,2.064898746662316,3.5420471194132666,1.7948647061543201,3.172927104467513,2.413013232888269,14.471765746839914,22.413909279075867,6.587852234655752,79.22798351185332,59.89089736285616,8.344549697591871,161.32794768771248,9.701247804597799,6.114702618760272,8.819313176586702,6.856707385871734,9.055343006780223,17.175441196593958,20.39066577740884,7.155251387158374,34.65747596004968,262.2567253739341,17.241867577854688,8.249924721863177,9.97308380340543,0.7383942198931541,3.4814298414727336,5.7627364269295365,20.163366317493757,2.830506501986104,11.442458736681012,30.88803188493377,7.82689701153185,0.4487811059412239,14.733170367662492,7.851681383216626,12.358905408771475,79.44368426478162,48.75260826573903,6.167971224718356,0.0,10.004431330682571,23.03417605573413,8.019915809618368,15.288439967641136,17.391375425708368,1.7495648473356893,6.054094799434948,3.8911785054641075,34.28197841841193,1.3943186912421968,17.33177070891532,12.243582337984678,10.192302195527875,7.669402477074605,4.420568949766999,8.757122203388585,5.831569752711425,16.16133899105808,5.601244141480873,38.420415716242985,64.31804515074452,11.904348393891796,30.59866836517906,9.19692342750978,90.7051887809757,31.71547443078482,25.214143633806675,5.007734589347982,48.52115382143806,13.611716129675731,11.870006691239098,23.936474331610324,13.563271429042308,4.0478982513287765,63.7385708926346
Russian Orthodox Church ,9.54740132410195,5.070700722266861,6.987144768771998,19.78349984900345,32.81212908065821,20.5707657870041,9.939143328019831,12.090878115208882,33.500528496071595,7.979852977757616,37.9388763690889,13.986412022768333,9.960878476143966,25.464240078455013,5.492042356427508,15.854695962851705,10.893491455001724,19.04408411014076,16.876835412575034,4.166706541565241,1.5241361566516216,3.0902962577235766,20.38353149809306,10.064969164189222,22.941016807694282,7.259559644584611,194.4364820961207,47.94356424671972,9.879353177562356,6.041882150666414,2.9353875192282515,28.50996210556254,20.422433200841393,13.176372027275583,32.87605529960275,11.085370040148982,22.631122035399645,4.941920462175956,7.336228195608853,2.0573322501487503,4.076905884008217,5.395573007176622,12.887059062854348,5.1019293478673875,67.29546380669437,6.361585777527687,1.868172091952862,7.440063893468137,2.8943519774524082,0.810957157511808,1.2629164980313459,3.174689221366199,18.721720983317066,12.653307342256833,10.69186688207698,26.134048786537264,10.845101806742544,6.651525305291994,1.920141865433484,10.950062823813138,20.7287672618364,24.67953431085289,35.725344223684274,7.907434210007735,23.636161615544978,7.489241251575617,7.437876541981146,10.853285026676922,23.82776422459515,14.976797789693249,6.709836354732937,11.982886796926257,1.6815589734595908,23.019692838403557,11.999637362622693,44.47975408564466,29.535916851244334,4.109641276393908,93.09342621307927,10.336581841663733,36.25067169508046,10.11736792962447,68.08732372353373,9.213303666930674,8.539157408647787,5.761244019667294,3.3973061623164136,19.182708646707106,103.5081525306559,3.542447490418331,2.2517587031389077,0.28251796355520814,10.154108364616311,3.8551092949042034,15.348202451710616,18.359971867383887,13.179635986522438,12.085570869919472,21.31379194866172,9.157939718784583,8.811412073919612,5.392714217980744,3.226667681468856,5.407014418072923,12.114324302585443,9.98066436733864,67.27274913854419,10.004431330682571,0.0,15.727049893104047,12.974327555396926,5.971062423105553,1.0249641740496838,7.158892429903476,18.123646838438074,35.256801711469194,21.490710069859208,6.534576725341993,2.1447288610023034,5.901748099769783,10.37961981325321,15.961792758514177,8.950635550781342,3.672913777433009,9.204057053752617,3.2791677008993534,24.5681384701016,28.53983308607295,15.008230468113958,4.36342933372927,24.94226968316502,49.725722769627346,51.48332886716481,25.240053913753993,13.273107177503155,22.89133184146412,8.263443678830022,7.358602785640145,8.319471234187299,13.622816885652991,7.798005568123641,14.620567576953178,23.997947716254707
Rātana Church ,10.3799947418574,6.4692612078136555,10.979854339893553,44.83114156356142,14.93330627069524,5.226902758481611,1.9308700405713197,8.528037065138008,26.953117861646703,21.856943761804146,8.688804561486009,4.187872806688261,11.671359574880851,4.844271932659004,3.9570145757365083,10.975522290938768,4.9217745565233555,5.905397074264115,10.273673540731183,3.536781287770244,10.305881375222524,8.109262523387567,4.743960301993809,6.0585900799096555,25.48135467778833,9.38572340203767,18.424065782156223,7.859978070265412,7.2393924398605645,11.02784661255105,5.4937504886370485,16.248223009343764,7.162432439963088,14.482356423669254,80.27538511579522,12.009257142072045,4.737412712316457,9.53555267906221,5.176679991478359,22.36894269235149,12.335274343390267,9.016721887293034,3.914671646410175,10.401008736974509,14.706888042397859,36.50976961440092,18.351869037929674,3.546169470028235,9.037602431505503,9.467357858945391,7.344744967443291,10.32294807696891,31.638312648612235,2.7720318409952824,13.162438597669519,5.945829692916589,10.892738969330175,10.402599407147052,8.749959460930599,6.548280157865643,11.005184858684549,13.302082534401698,5.6922645234893405,8.743531469294844,24.19950062050318,6.640630772990039,8.465318600463617,9.917712120624081,8.196173309482118,7.496551772286888,5.671347268063731,5.876264091167996,8.85665463809972,14.877945795540358,1.9976037864614484,34.97252935696166,25.167532567549397,28.958347914962722,81.77630469362269,11.594718932074409,8.895363647591855,0.7030609182118582,8.997499606767597,3.295608072528127,3.177756292973368,7.464261016951229,6.311427310624044,2.9756902177795657,13.313023607790754,10.067282677060591,19.70112190597518,21.4865115157525,3.143514986160206,4.807735835206095,18.805787693296605,13.307533524130385,11.478150865007493,9.732464751469964,17.630595683108766,0.7659209723002951,3.062483615085466,22.185768869921677,6.290375135261737,9.328198159659548,10.300871872612552,9.23483151637943,8.87973622707358,23.03417605573413,15.727049893104047,0.0,5.964370650116188,10.5960638899926,32.54957283860191,5.226192804177829,8.471810674433803,30.90708616886158,15.778932336925665,5.654972678279739,8.962844775608502,4.962436646535894,10.271835441788188,3.1831659311793636,15.126938006153807,6.160952087555891,6.299366307406948,7.333389470251979,2.8408688802057496,17.389716162996628,9.895125849820115,5.560867527912324,8.232836011267008,5.17913383726546,47.6035929551232,25.969104456942485,5.598137911887692,56.082088647773226,11.812472412120227,5.266571746460773,10.23723733904204,14.007759749473301,5.305856264194512,18.600860982311413,5.861778278785046
Santería ,9.489749530583952,7.010689556103199,18.457799332550696,53.73087354779835,13.309182773181567,7.083325173544021,9.302895952343661,11.969991342805292,16.016060862755605,11.559853422336403,8.329196361077125,5.198171715978241,11.426785183049137,7.230984733695324,6.554003994657369,13.923302896571617,6.546702239012671,8.324296928996601,13.241845552126007,8.648261887625877,10.01815346444486,8.368055055266225,8.662737176347951,9.545730026358376,25.905739628950624,20.239365223343174,21.272088945892687,8.87683603209888,8.912024158802199,17.61927752037865,7.15246241229849,25.58680481800083,11.547111919081939,24.86965000692125,218.98500281069244,12.039049941034433,6.465343268113253,9.2970973384338,9.991692857915288,13.878808581579149,14.563825508305232,19.079762217319082,11.572571057900653,14.155267379737309,15.46635019697546,21.938919479587927,14.544394157439823,7.965092367937025,10.093292968637606,10.503195011273723,8.397137720940593,7.253948986519533,82.37725495951865,8.405711043101778,15.48915830783465,9.832312584827378,11.045546948593868,8.86698033741949,9.28917358090883,13.184169095733289,19.774751353556674,17.0414946212062,8.124407558966189,8.318512084972474,20.848654644301558,9.197167929128364,10.601178907670445,13.806978649243616,9.388001594461656,15.025104475131602,8.622489909794725,9.89029112941666,9.105246253487593,13.050929931896327,5.957362376491343,40.01017982302052,25.939604015262447,32.95177962985285,53.25937876461928,12.758851007193972,7.898931230340481,7.851134605750547,8.45337536262058,6.796122696378569,6.994134691489827,16.2087125660332,8.930619855404085,6.7399041135203746,24.065191542865698,13.994920048937827,17.241110132064115,12.726112509713834,9.748282633408051,5.957914905829053,25.316542419259196,14.49301642927283,19.467606580386555,11.48816666547306,20.30405182479632,10.473075406786263,8.514297420179991,20.662178084756025,7.559973627067988,12.640498952947084,12.502032012464847,15.635255828759442,8.798450345537203,8.019915809618368,12.974327555396926,5.964370650116188,0.0,10.783815446073456,14.73308347724696,7.841102006959537,11.386438171464697,58.45770088865512,22.477978604870376,10.183168158772983,10.243531753179067,8.880520434629162,13.534027409118066,7.565176479969807,15.218565137594474,13.672012808561893,24.127512809316205,7.835093943105692,7.265474119756219,25.35169124311851,14.180382602034605,6.620564193053438,10.03077166310901,9.023006419158495,36.186358404778346,23.121940906571574,8.584129070357251,139.34153273554472,16.171100108164868,8.014276517885257,10.749828775691153,19.07286753779484,13.110223934484686,26.7923244463441,9.092007172265651
Second Advent; Parousia ,3.0752679603287447,3.9034239422014285,11.216089224251343,210.00311230247902,19.114802929670944,13.551386964661324,23.20013271180862,4.120923301844354,8.994807254768991,14.618879638677871,10.985916677159205,5.160210454086977,2.449084673140276,9.159985706354231,5.586325792525016,5.842690026091666,4.863101442837569,20.936815754156925,33.45150002849492,8.167596343573777,3.0793242931686073,4.184093733064344,11.025284211631604,14.291469771822465,5.000854847011788,35.0053728924782,10.774774078741698,6.921925283673438,6.380364565576311,1.3290216727716724,6.491283913423906,10.098804413814294,44.210325809454964,6.461597313344354,1122.6146349329197,1.836304416315482,4.255169914701261,3.4410673717274274,9.09125249045413,11.137014718403314,15.268899728212554,17.82042300772472,21.83806824019156,2.52672024338091,6.878640618167141,11.099899847591772,8.84891140342183,10.634123077380709,2.692440747421005,5.455178277088399,5.465615449257808,5.2559196560565296,349.9434527250188,20.23479273860294,1.7335585266930766,7.382036242679148,2.7593389967165973,4.0286763270023656,5.7952208140969494,12.33725380566316,26.29849123282752,9.888338656233934,13.670199331914214,6.282675347693941,4.501990022098255,6.270125770674967,2.12870115995116,10.946895261664112,24.509603458411036,45.38355911499742,7.696241705833708,22.49230981971673,3.9005014715309985,4.741249688839357,9.380133961082622,13.827016500705113,6.484999901784606,32.45130980754485,11.832063671765399,2.0755594916779128,11.491983900342762,16.015697405204623,9.21656501331958,6.602526964631112,5.76040078073344,14.940246110957135,5.164320770445771,6.782610303867684,8.156725286435707,6.522010402937877,15.048567332335766,5.445982050472914,15.65831877862807,5.549184061894946,143.715905589286,4.136142125759711,28.21752539191472,4.6803241308347365,7.04874164578112,24.77562521954403,12.052714740763953,21.188651556362924,5.341618586162486,1.807971399836423,10.929882642710822,17.550045904257544,6.5241676136793325,15.288439967641136,5.971062423105553,10.5960638899926,10.783815446073456,0.0,6.347062663992101,7.540707465827176,38.186425005957275,106.49841753165771,7.183839996019922,10.964290592430697,5.388930554142824,9.974771551502453,2.298382173382173,10.943018245147552,9.497272379901679,9.575064134823013,95.91039632998309,5.62188216905073,9.099034701008685,11.16947656485243,13.080745357806036,5.628632672685651,4.4811350839393755,6.953974441679478,9.46705843785932,4.9910033601866175,10.608171977227357,659.3512076919818,24.693840377400132,8.37329355553493,2.291744102560929,6.630334389246633,10.065030441069986,124.51346392340632,13.67700009765525
Serbian Orthodox Church ,8.905075220792096,10.094406670892969,7.469099106727673,22.280901876801614,43.871322266889365,37.71066184224326,9.894036009237686,8.026956354746002,20.788965499646103,9.394672398888789,78.72155644048819,27.36175129088034,10.452855824327743,57.99433046600813,9.20427425540299,12.989242770767342,21.038823379311893,34.35243921382825,27.99254869570478,7.547073049592963,2.541257259698685,1.9469761338440468,49.93283148973681,13.035812058408613,19.28703995342362,8.743582247668868,567.319389873351,108.32392492740561,8.60142350008609,7.582718362385627,3.1202694543434744,17.00687535480926,35.56001542603609,11.683822874422653,18.70744031235337,11.852395863213289,61.960557596204865,4.202943496991544,14.398966071284,2.6794792741902036,5.259096651790919,5.994336561319215,21.442275292717273,5.805055898906736,171.34881618339088,6.613372566368017,1.5197310900238472,9.512038819077866,4.341539958833473,0.8139341040651471,1.644334696086086,3.6784210633235666,14.771514981002191,20.712661955826693,12.18672311321085,64.76281156848532,10.410541782207003,5.899290508792627,2.0269441898231926,15.10580096144193,43.82722410120804,19.863305673078372,76.19691609167384,9.401622786884944,5.139462858131447,11.79254875944467,7.8943985318531915,18.572352902737098,42.751195120564326,23.97420556219128,8.452902246519256,12.017219907708434,0.9640784533599235,21.085117072704936,21.46173947011486,23.545222149190668,13.999177096733726,4.683086406763,32.203063352160335,11.160371107498381,69.96059186203841,16.356862934236318,168.7300620979307,17.87917092479633,20.366650729524554,8.047353008881451,4.006001705934226,49.52924165465305,293.84236696487596,5.65455425884163,3.097452153870832,1.049025032911971,12.156370904751551,6.130350631844239,19.830810225337274,19.100865981449694,12.659370093020096,11.744038966276836,12.250792624122678,10.773753277081331,15.056142979089953,4.232359727515118,3.4971951458468418,5.966335774978109,19.37264306958529,18.77464091486244,164.8653854400625,17.391375425708368,1.0249641740496838,32.54957283860191,14.73308347724696,6.347062663992101,0.0,11.379248768172337,29.037554392703004,25.599270920949532,13.672293160241534,9.927111283026008,0.7489900091786715,9.921348671083647,8.609909472906901,32.61658008562443,12.798852446808574,4.16358412890127,8.36562633650714,1.362901290782398,61.44390495375581,21.83223085271468,36.66456506385651,3.5072259515777944,57.21737424143481,129.42478953038224,20.85042683085685,17.67508750480822,30.956945508418695,15.965937274630571,8.338876270641506,9.13233354846464,9.284400056805449,14.417111742712576,14.391951130683417,19.170367051849137,51.237165425330836
Seventh-day Adventist Church ,6.748840947559695,2.927545770527038,8.688490467353907,11.117732264965632,14.78059231389175,3.867833446278905,4.385198442053174,14.849662785376397,37.73951681059941,6.108983024910702,6.223132399344106,1.255353884355031,9.613711852826462,2.0399557566231303,0.9842649107997511,22.04315542198097,1.533792429314728,3.5280868942560097,3.9879694309931497,1.736482472457664,4.7906116422574705,9.5668155569496,2.376174901475783,22.920809645583113,21.20942879903184,8.187425707759374,11.421587485262107,6.871462953305379,16.573349914800392,6.94618354598302,5.875459908448196,45.00424049271864,5.899469652699472,27.72052530541549,20.557532652960273,8.204226273299572,4.2432071639227855,10.143326850957855,4.197840249882523,7.330311840143008,4.523344057013976,7.6795517930652535,2.224219916775206,8.16114852932624,16.173915447275597,6.998783831863371,8.900343594752892,0.7440632968057195,5.818856081644217,7.310637815728581,7.293988456054193,4.403307128751493,10.28708095481624,2.7189748635079036,7.029925455158188,3.712539690246195,8.327865073357248,9.167211930391478,5.916137749243735,1.1009749775955244,7.074527117675078,37.988465576273754,10.463482815399448,6.358291406988157,37.49407672228834,1.6041821264787883,5.436089236440624,1.1462261790280968,3.893309401555055,2.885595434557924,0.29204382014726965,4.5651859646949795,8.167713689760287,18.116881667348885,5.9414339677130155,68.44864187247107,47.13346096077935,6.585684144821791,92.36227587189875,5.754258961184907,6.209878891292814,4.041158792943191,6.597341981404166,0.8119023457992128,3.2591082358321617,6.512633974099451,4.5737878122706475,6.150586496405821,25.565024195255077,3.95178976092964,9.085717969173677,7.535981626014285,1.080270512769317,2.3322523795091676,6.767156437636688,15.034217330549431,2.3145352718192216,12.215068597634705,29.217788962125596,4.880012994580714,0.9002404609662984,12.208525433154739,5.118671658233213,6.393958002595893,10.613652646743837,4.229078433425294,5.58263508025097,1.7495648473356893,7.158892429903476,5.226192804177829,7.841102006959537,7.540707465827176,11.379248768172337,0.0,7.531283810747312,13.134010696662983,35.57905463749001,1.5946365047712916,8.975783280942315,3.3049428043359312,9.074649744894398,9.249384302896964,10.820591064266681,4.5913423929263235,2.932686140472668,9.371121277704512,2.2518203682997604,49.60387181581562,5.996324148560065,8.838349780611495,4.009570191420649,15.584206113411202,52.60875358623026,21.71912882432125,9.727317198457149,10.650329214111535,9.263354982691979,12.87811604725002,5.93347791471623,25.467261481539,3.745715965970626,6.248046354963644,3.45574993665164
Shenism (Chinese Religion) ,34.08635452741417,12.73101063006243,20.652239205951098,17.233388832670894,14.241748287469834,3.348158133584749,7.554520464855296,50.58984128902703,84.36874634858631,28.375175010317047,4.737629589615631,8.685578134090596,59.89475018200954,9.56964596829575,7.2613600164031675,60.10736524949539,9.815097777034453,4.395652230657083,6.622407300825893,9.627800175517942,12.581009453894886,19.103831586735005,7.942398110145309,26.53975327993747,91.24626749615007,20.37593587910601,46.37973322172832,5.608865440372541,42.803642930629,61.46806644380849,14.809581010720544,104.64661550497661,5.37672075949032,88.71528604155286,19.137114184790967,43.63579029873,21.92634195953187,37.94529548558352,11.1789836994118,25.45325894805591,14.31317290668198,21.97814605000672,6.947964319979532,52.248458494113216,38.66675610896373,28.756680347154422,24.60016497528531,12.354957502568428,21.113610336857914,14.70705180200219,15.497824957129925,13.439785950197036,19.72692086605453,7.308272356688724,54.863035118421095,15.97917048908712,46.166325989618315,35.02119529985195,14.377445681890105,8.257330646940867,13.709265607246307,71.40297590568055,7.205925328049148,19.96477578236766,83.18255120684047,8.476011577025146,44.849588393235145,11.595633278033107,4.858002444373841,4.8996493735721725,10.31772714740737,6.411995373302485,15.653276535538089,59.338194053728024,8.181324079117214,127.79121138082502,77.96085422501775,29.583796026158073,166.92395944466358,45.85438013550179,5.738129337804154,6.745224008478078,13.77512519264599,7.8033032068843005,11.157296544192146,18.227067160127426,13.406388801783457,15.713170712873064,82.91411985957824,17.26569400521295,33.55008972757432,20.862259634054023,9.175592351742905,28.46365328684723,7.929811387591493,65.70967898567248,13.959222748685264,32.85602320959216,90.67238804772056,8.079353304761982,10.049092785134674,29.460136694183007,13.375010520837177,40.26648487050866,16.70127700939186,15.446893249955401,15.054928511427246,6.054094799434948,18.123646838438074,8.471810674433803,11.386438171464697,38.186425005957275,29.037554392703004,7.531283810747312,0.0,22.668411892694767,89.32078418336847,6.380980012390281,15.345198133436318,13.186709647213645,54.966894697510824,15.137039268001372,40.72707100138872,17.029457251757798,11.353910134152818,16.43302937466415,12.197228883606137,93.37898269806995,17.343993553643386,17.033340845288365,21.643561395719047,21.443878463119418,132.31152395794365,82.73769633781025,17.965445940751962,10.014166862965908,19.722793569470028,18.063656348346345,29.147749961127722,68.35907854546018,13.186137922218723,6.528166771822622,6.425122844861521
Shia ,70.75745830121926,41.584842873505565,50.538179245903905,5.568651526681237,16.24404605081517,12.045026699419804,9.094497633666293,87.61178604905643,282.71393735582905,6.122273042040287,20.826715771071846,18.427708932961696,126.76709094343413,8.420515916082264,16.47189498108094,120.84387961779838,38.187734654399684,26.149549911303378,20.208679007610062,6.758216798357079,43.34691356096396,106.72769254625106,45.34466786701595,9.286232929609262,168.7948923936161,40.22960055584631,519.0380935811972,39.17866023581965,107.3849879161212,66.05053517651842,66.60608988937759,218.1666887158326,30.874314586534847,185.9850459948145,9.696380368881355,65.75735648322882,52.035031371768746,91.78713244404474,35.32613797816599,25.98501191598113,27.047376920166943,38.0414197233575,4.199500032519103,82.41651259311824,109.69957487952135,18.66245553901498,32.02246869700121,5.181209622080444,77.69940110164538,60.17017339297935,76.59103763367432,40.862835375058665,11.666964158185385,21.502258371468344,85.0209489363994,41.73116202206935,77.69658066635257,108.54977635566333,54.34923143114036,3.904916361383803,56.74717532881351,216.83984991039213,102.55869593275469,41.8963435376868,255.99963964441045,18.064913553684995,50.075506248584944,3.768753041031644,17.89059635676263,15.372642523609747,9.437492703955401,5.42733411599243,82.34200326255389,95.77070296288018,40.034964403872024,359.67552855552856,227.59344715885837,27.155404221715067,544.0343080995,47.726852261018,29.63204028792604,18.733900394316617,135.40231352808516,19.17526365856259,38.503695413412665,44.63761912061796,51.42223081756465,59.07840570864299,138.8172036795786,26.865974659370718,19.294638731798987,27.253378034831872,4.152453925985405,6.2611467786818435,14.843336197018616,158.5672218128395,5.286111748610792,40.03965215302387,201.4405254113127,15.043911759329092,4.336292175717364,39.09402857130682,57.571174615578215,61.24651970910335,93.7407519988344,35.57514452319782,5.041486969418628,3.8911785054641075,35.256801711469194,30.90708616886158,58.45770088865512,106.49841753165771,25.599270920949532,13.134010696662983,22.668411892694767,0.0,201.54120944298012,12.692562226614328,84.7097466785095,36.40206590784357,73.44128114145167,70.19591871810466,5.759889651255484,17.57526418585895,10.018507451719701,96.75739047872787,36.51535230755752,206.5853644246623,54.01885450090732,86.5859144839901,23.3617735094859,89.05002847224533,404.8236888162349,165.87230474345228,90.66189555156897,5.963011782962517,52.48860790014288,103.07181280641662,69.81312633955444,171.13055915893267,36.2694001148399,10.28424185304337,9.226167707147171
"Shinto, Animism ",8.007013691347858,22.07668681058231,17.365488027743197,636.6282962495493,47.26294738279541,28.07400555411437,31.19790960325519,2.2314814814814814,4.601851851851852,60.05795838138876,30.8462918010631,22.77932449516717,4.453703703703703,28.00998758858293,24.30368212977542,1.212962962962963,23.058199272645563,38.97079610733872,86.16170346558954,28.443959678855983,31.818000030887223,12.805839539798491,24.940257681845747,26.591979401806125,7.12037037037037,41.81170077078431,19.25863282186699,14.436308768045976,3.2237118050632607,3.861111111111111,13.370793109330398,1.6111111111111112,96.10572657778708,4.212962962962963,2270.2963376648772,8.831230831073116,8.11520134669489,7.522712699887613,26.41186994839076,40.472683994157606,49.1706981878458,14.295731551407473,45.12589995128217,6.385986549293,18.16467628671356,85.02334944273194,22.117791991762925,28.522781624093014,17.858579982476318,17.70700059442023,20.038933449350516,25.261758677420307,498.12801725399504,26.54118754935207,5.5092592592592595,33.60600138642491,4.268518518518518,7.469304969409923,14.7347840586062,48.21889444339399,44.0741983478772,3.861111111111111,29.788879439867404,15.306218518640613,2.9722222222222223,31.813244654182395,3.9166666666666665,63.39953329586889,70.80686600429573,86.62063888537202,31.502514769403007,33.686609835729605,21.231164283155152,6.064814814814815,12.32961406971724,3.6481481481481484,5.333333333333333,95.42429666560827,11.046296296296296,5.703703703703703,30.85379066330904,23.11663897394956,21.416775690579684,23.83103571027082,14.53506122396611,15.512469885825057,17.690126848295026,14.087141908011404,6.87962962962963,37.53048956772531,30.22474788265346,24.913178830734143,32.779047837612964,23.655809462037595,331.5477297941075,5.407407407407407,65.53583610482474,4.935185185185185,2.0925925925925926,29.543873389574877,29.874116435695722,15.366708264978703,11.842106186566484,7.449915164663573,25.508845808864063,91.24459985496203,12.40918782391374,34.28197841841193,21.490710069859208,15.778932336925665,22.477978604870376,7.183839996019922,13.672293160241534,35.57905463749001,89.32078418336847,201.54120944298012,0.0,36.97975507078096,13.535821539551945,18.829685418919357,3.074074074074074,8.401622026698568,74.31999507392197,27.40694307774231,63.27246349149232,9.705677860200945,17.693056477488167,2.564814814814815,45.928958920206526,10.231198274620041,12.238592893892845,5.441643568916451,6.037037037037037,7.527777777777778,10.731825132521935,1387.9144649579505,27.938426834149418,6.308228420775986,12.974447921840424,4.435185185185185,26.2876736694806,297.6656876205947,44.80900141472007
Sikhism ,10.054979455063544,6.101259986882411,11.016914925138414,10.257249181849799,15.03569957784108,4.232484308964936,4.267692069574899,13.799563037996172,59.21690785925702,8.386153004264607,6.764911171163269,2.648247351916621,14.958447322528095,3.730087997806665,2.1907417820284256,23.670453115040225,2.852644281181247,5.479455095796516,6.038907827688793,1.6406053893271717,5.543240680120927,12.24204172423142,2.8881913745081644,26.629416045189057,21.931478080562627,9.300774089778608,38.595055326281546,7.488174489271328,16.20153299810264,8.93540152283815,6.984917971811638,42.3800609469156,7.569598999815673,23.768814147293384,17.130539849920392,10.307857878126903,8.978761843788647,8.172009038673446,5.9474967136528605,6.990065983719217,4.743827056962885,7.905328476063297,2.184610294978807,9.802003108967071,40.75513595738275,7.221492061763685,8.252956338379338,1.8726639990015568,8.00948910040078,7.472415692893151,8.71418050219144,5.579124372779424,9.750808410501847,4.824616784651878,8.491469466793351,9.142481690119297,13.166768988143984,12.993742146576023,6.91272127431596,1.393801421859364,8.289800033857276,35.2668320225786,11.88257462307762,6.211965505491072,51.650869799986424,3.786781661390569,6.133044729958372,1.5903595972886082,4.9069894087181885,2.9540924651369402,2.026077058430648,3.532485977286819,9.705810954070682,19.241395352208684,5.153806011568025,74.59998058768286,48.22249696248812,7.107946330690981,158.025096833301,8.038699038401658,6.1724398670814,3.6381234567036613,17.26707121670184,2.593998915209443,4.036734265657331,7.6935591081176185,5.526514709999149,10.948937091573017,37.70539169432683,5.349003323423788,8.384913159632534,6.7944472562846085,1.6613685702359053,3.2661470757919124,8.818777145273357,22.73754723437759,4.757743348630977,9.571949404929997,33.35913297272226,4.193429812267278,1.5212084771211225,10.903301200581094,6.175264204555862,10.368920358482276,15.828690320749653,7.349882198212398,15.835863169591699,1.3943186912421968,6.534576725341993,5.654972678279739,10.183168158772983,10.964290592430697,9.927111283026008,1.5946365047712916,6.380980012390281,12.692562226614328,36.97975507078096,0.0,10.434864841813301,5.23385001847883,10.112256768936117,10.162500869341807,11.019155539477852,4.698704476801665,4.329624514201777,12.398665627355346,4.987291373672293,43.17336073316313,11.968342480084088,10.529871626807143,7.864653334770968,11.264387775723266,95.2029564085744,26.74081047455529,13.655871964124286,8.238830433232975,11.472097106844956,13.263676308316654,7.879961191638104,24.590413019741018,5.0622515517411495,7.060409173523835,4.874919991391622
Slovak Greek Catholic Church ,7.457643169909653,4.097961913902431,5.604946685815589,43.077413471051266,27.651940314312764,13.090964471939872,18.390288506417807,7.718586826186374,20.36459031494424,20.247789147255624,21.623534725690043,9.87290124887995,7.708185537642381,13.313469304795207,6.288064431688087,11.109644687092942,8.578898549126613,13.548332322035959,16.858041023538103,8.36589048676315,2.5839697488165445,1.3381256111457274,10.77743563946847,20.4325410272901,17.338581818035124,10.963598487178137,45.30761401577923,25.248222949040244,9.06236427745539,5.899929434394199,2.7554879638476284,17.694259615796756,16.044487961587983,12.105899728140333,132.5222405584903,9.87107556508124,7.069020414751718,4.924248665598298,6.785301127463446,6.742666419408327,7.757560451514222,8.600699760698365,28.43920578125148,5.1204863989926075,15.929292372767485,14.776460627618176,3.4746831964259277,13.293395950224935,3.990754114441798,1.1156141635640344,2.079115479402748,3.7636496580471057,55.013459375783135,11.103900995004494,9.707053859949722,12.797792576698257,9.160202955627476,4.5585570779958315,1.998078532547021,19.42477883408894,14.861048572564691,19.434720954567357,19.240567955433715,8.14831522145925,6.7328447542063925,8.279169727715823,6.317704576732295,18.374438282735564,16.737598099426695,15.527778508482356,10.815068145224073,21.401164573650277,1.5923764715289428,17.62101039550861,7.6609604526257575,26.189971062646773,14.134835106428659,10.412297513508443,34.26949439195131,9.092787797337397,22.31109975488789,9.801825753299497,28.274093578442116,7.321673507256497,5.8388487011362065,6.852743785416184,3.731314927069997,7.099301410543875,30.4076222024287,5.35636443821355,9.947785322918689,2.0265653572720885,19.885458465183117,6.770332103563995,25.426480129875195,16.357832778516688,27.03402886688065,13.882435069473681,11.14326224309,14.758334706367384,15.41087644870764,10.155122500065318,3.2129612203985154,4.1549175950851405,5.784906137349957,9.999632920438572,30.3256097645457,17.33177070891532,2.1447288610023034,8.962844775608502,10.243531753179067,5.388930554142824,0.7489900091786715,8.975783280942315,15.345198133436318,84.7097466785095,13.535821539551945,10.434864841813301,0.0,5.737822523513056,7.151172192649462,8.245191298621888,16.020952903198257,8.017932865304807,21.581355602190197,0.9983688990417753,10.6372060997458,22.274714168704556,9.01913680609535,3.0197439101615373,14.073773450929584,17.918825101099,21.601087129415358,16.093095094932366,5.283922184795862,86.63644132496354,7.673217696910727,5.19927295901665,7.313422904683968,14.666182625204355,7.4363091833287776,26.766082222484464,15.330033732539928
Spiritism ,6.627540703898665,2.3233481381518324,4.91439591432838,20.702406487412166,25.93231133422296,9.84064333687533,7.246550031566695,7.860754956233284,33.904329980281304,12.904934219793981,16.920356161322132,6.081854540507833,8.691449930745254,5.741462379330061,3.130123443248372,10.003545577751781,5.213043263672164,9.480756024001055,10.362432284981022,3.348262614353892,5.594125373556852,8.189467446349203,5.300860237139063,31.395361251547666,18.322322014447966,4.94551500962269,14.527165948924122,17.639575104325935,8.1304900290341,8.026065492432588,3.1174027800032182,23.045535979767507,10.66579817827973,20.719674534422843,36.216216225173824,10.856231267437677,1.757522563417208,7.815351951032394,3.9858234890026587,6.860100389839444,6.565221260650622,3.609774136526849,6.651717421457061,7.170332290829926,16.204026739605627,11.084402952795656,7.120612199144244,2.229667798771008,7.088982162038499,5.154324282675791,5.381155710365879,3.687029911068282,15.346466862979161,4.121851736109994,11.39354732022615,6.781005255696003,9.498376276406509,7.044964766277535,3.609248517020371,8.543266707399226,8.229031164113888,26.548894268398914,19.5638623457312,6.300099192057775,38.06841714850274,4.168894146727746,5.186170721366766,10.770921190630135,11.665079951656091,8.4880563840652,3.0035769019387946,9.685222116513923,7.350406100485042,15.944705564458285,4.990873847710541,56.370753087708835,52.23630854922477,8.678828640902363,99.90150548936059,8.127754225527786,16.613118518105964,4.78452542638027,18.078498988214395,2.510587441609861,3.0827297952935475,2.5879673529915475,4.0306694758766195,3.249700065475866,22.14253960661603,3.411331910856242,7.588080971174334,7.318812534345028,4.136067057567721,3.7426977962794554,12.185276680050194,15.547710659029413,8.87194306538137,11.754336047263132,11.735122558353018,6.1281081298120395,3.813893398204414,8.316525526230802,3.34370442631944,8.20542133001054,7.271279115588338,4.518821378789951,13.621541116922945,12.243582337984678,5.901748099769783,4.962436646535894,8.880520434629162,9.974771551502453,9.921348671083647,3.3049428043359312,13.186709647213645,36.40206590784357,18.829685418919357,5.23385001847883,5.737822523513056,0.0,6.323966469390781,3.876275980337355,19.396828374848237,2.890175421557014,4.770562508082585,5.191603693565335,2.6150141137069984,32.40825938619029,4.814611903734475,4.85402830878512,6.923519843083269,18.636864285098785,60.71240275371083,17.217559382757106,3.464192580845113,26.04371970045506,6.704272039271835,7.249239186927612,8.634702353864135,19.765096674729534,2.038423465170791,12.762904147241873,8.92023200185663
Spiritual Baptists ,1.7996393226656384,6.7127883688565975,13.279846464958174,331.9918957319495,27.70621196572049,15.572222881820235,15.01739712906409,1.0092592592592593,5.157407407407407,18.939552971846624,15.237008029704164,7.4347560875855425,1.6018518518518519,7.581603259295112,7.495810162685917,1.712962962962963,5.083940402626539,20.446340976559267,35.60536825586619,9.308706161872124,9.708038463647458,6.374986769690811,10.717103174975271,10.7663834755503,2.75,33.17197577809642,9.745399008585114,8.032155505028257,3.2280054753181253,1.0833333333333333,3.3219305177630414,4.425925925925926,60.32785257832475,4.046296296296297,608.6204427674406,3.003777811568907,2.2285835991930756,2.724026735351153,10.661987719842962,7.820267008228218,18.426495321132947,9.073464781756345,16.670682706329867,1.6259477529638817,9.650749489712954,21.48823621419929,8.802147965688672,8.310951829277112,6.257975043940167,8.161348640606068,11.233551806605764,6.662544852955313,177.32559892224816,13.445109072572523,1.6574074074074074,11.193352074877271,1.6944444444444444,2.439124374291513,4.461433715702419,13.097054274744298,19.64786710999616,4.546296296296297,18.992777208741405,4.120437572447108,3.6203703703703702,8.640475010387304,0.5462962962962963,17.320566807607086,30.911571161024817,28.875494318850247,8.4224785897099,14.555687785326812,7.28500703519291,3.9537037037037037,7.129880327361035,7.037037037037037,4.888888888888889,26.32566686335922,8.175925925925926,1.3148148148148149,15.143682166549873,11.736883179978257,10.978987611009345,7.092347230827172,6.120125066443012,7.163909426440838,3.711471544081002,7.095164874275884,4.527777777777778,11.481088014451947,8.804918940110426,11.381836918837841,10.778394363059185,6.607140302438775,207.73929325826506,3.3333333333333335,23.149132703116624,2.6944444444444446,2.5555555555555554,15.151379075041639,9.407207832162264,11.8051694743637,2.6844010719401497,2.0787800378738406,14.498925942022787,23.949617327354243,6.128776241679467,10.192302195527875,10.37961981325321,10.271835441788188,13.534027409118066,2.298382173382173,8.609909472906901,9.074649744894398,54.966894697510824,73.44128114145167,3.074074074074074,10.112256768936117,7.151172192649462,6.323966469390781,0.0,7.287463561923186,21.623980780370292,10.520007768751386,69.43541774108806,5.405072940684984,6.004304538329092,5.805555555555555,18.237666612915998,3.9935711346136857,3.7952119241712343,4.544214503666236,5.592592592592593,3.2314814814814814,6.8967117343293,371.2014127128521,27.315142213667354,6.630581489028845,3.674541274644599,4.416666666666667,9.83694347672376,179.52027967618648,17.02889201590983
Spiritualist Church ,11.745596581551737,7.857967668284302,11.212814915978047,76.29819152382328,18.373431631796045,8.755894256667919,8.258872637964547,5.2314292494559105,20.117240328721117,28.26331567152712,12.97853141207269,7.539564784227787,11.566196411255717,6.774014572086486,7.222141517026195,5.1783144613613805,6.757841129420101,10.5441234644128,19.639486117194647,6.889724236238374,12.38240486423143,7.7913812037789985,6.438670320279379,45.75961873194228,25.439326933733916,11.109035100136522,15.936169500219478,11.857868297498392,2.4881744675296753,10.224691419154887,4.768627802111305,9.701409907201931,13.53157449778849,10.850875145490269,143.45609848662787,14.018139914632608,3.9974718677182346,8.75275801417958,8.421184390588309,23.140539023034837,15.037245461904421,5.2046270781294774,10.340333354050749,8.670231156267414,13.83700138176695,47.132564098286494,15.802831618023733,6.681753099484213,9.538470173557211,8.943948317405884,7.118596281216929,11.738964078444466,52.52000103810281,5.853635758751943,14.461144748939182,8.564015013375187,10.668467952199844,8.666656185515448,7.4080029061441,15.033923450002648,13.231599820708551,8.478792146893916,10.819948116179342,8.820941941835542,16.79716811916898,11.657741375429012,6.402332399232045,22.670283499570306,13.574219101576615,14.59369870176438,9.549630564069545,9.017935035433638,8.806458876263456,17.070792097671,2.2035706597235083,20.905116886322123,19.73773534990948,30.369180989170317,65.17842596410553,14.467727439567849,12.678861147459985,4.54836519466328,13.723899427580417,5.754509262219621,4.246469615944847,4.86500671080698,6.324070651866276,4.118822701412837,16.88245820359146,12.1732565797041,10.421860769605429,23.690259021856075,7.4659720205867774,6.7101553104357965,36.82215291325113,14.351130119670907,22.41228237839576,11.816932215320012,13.75258178199031,6.386382977357114,6.836248861572044,16.802267601057135,5.5549995054891665,9.937585564550286,10.713625513293788,12.864863375083353,13.869737890662138,7.669402477074605,15.961792758514177,3.1831659311793636,7.565176479969807,10.943018245147552,32.61658008562443,9.249384302896964,15.137039268001372,70.19591871810466,8.401622026698568,10.162500869341807,8.245191298621888,3.876275980337355,7.287463561923186,0.0,47.424134076934756,6.329471888611188,13.049539638424166,5.916465474948672,4.3368054613700515,12.946737363830616,11.054478398185589,4.329853095915242,10.63347407728701,3.5450311840583706,35.51960568260494,30.51705344927588,3.7139802458147595,105.30211481016762,13.623571613346083,2.953341070006474,11.082698657846727,12.605583701015965,5.958880091462029,37.009529187530454,9.081689878806278
Sunni ,9.673364114127741,4.623686173944362,17.83591459113595,9.430102064940504,14.150332410218711,21.26461408730799,10.10400452419037,36.08178314552742,84.80274971255888,2.0887709009296236,44.86385548342643,16.31499273361419,14.855140280723516,21.36251070516925,7.035589344254101,50.075722811015964,42.96655688446577,54.7302431789849,38.7707400801974,2.630982696023526,5.90037376101635,14.76339211579108,94.34222824896541,2.8634138401752867,13.265020435209282,12.454320620085037,1267.706611669841,80.63979920857416,37.777803342546115,6.9082934329113135,11.802102352289443,93.14802669864197,60.357510744280475,40.15313799117079,16.603021121916058,7.0115353206700055,8.043896242095359,9.497167697129823,9.269839631053651,7.477883636432831,3.252120295333606,19.623981672994848,3.720160829964224,9.365958020038029,23.014629637722948,2.7476651621540134,11.530187297543147,3.131451802324612,6.032952158968186,12.811790471436918,10.155728265729696,6.319609675068297,21.86338407231276,26.475998174870725,6.608184851976985,43.228996075835994,15.005369443021008,14.28140644733078,12.06795512525633,1.881322294613641,112.12830050000885,65.57827970695482,215.69509115823118,4.18202933722035,61.11621589561121,9.39948543981171,8.65917358872928,0.7296799764187976,41.49627381339081,34.26944452229049,5.384380696804316,6.569117816832368,10.62636612283834,21.978956910669446,24.987545375665437,122.333089274767,58.94878444376844,3.7035120457484134,131.70127138723868,5.6594448882352815,68.28774229851999,12.267042551298504,311.63034789869914,11.08970515425901,13.135575949950164,17.56185184717345,9.585298401555105,14.306024642298235,20.595371901514095,2.8096704558281056,8.129481087576531,7.218806969278817,3.307347696403993,2.1564997122833365,24.030065717047474,23.81819125346629,5.985775627187558,18.228716143555246,52.570336151523904,12.965996947388222,2.8783273836200776,24.84553675698261,10.558448852849015,8.6867806298961,17.288651180835966,3.2483945720313767,7.409006932322968,4.420568949766999,8.950635550781342,15.126938006153807,15.218565137594474,9.497272379901679,12.798852446808574,10.820591064266681,40.72707100138872,5.759889651255484,74.31999507392197,11.019155539477852,16.020952903198257,19.396828374848237,21.623980780370292,47.424134076934756,0.0,6.813329645607779,7.31256805419192,19.231294081043977,50.14325695923136,84.60488655687013,4.895226507456076,21.30802691062545,2.788402185384778,102.3847242748244,109.82427249961628,16.410782959763303,20.732866475022686,12.167496438623292,17.7832403727754,33.92514856590573,5.988280398428935,38.614048568466515,24.748937590441706,19.488056659814426,22.601141693609982
Taoism (Han Chinese) ,11.845458833490211,3.137035915361761,6.0735180747825845,20.563206626004924,38.87051532777531,14.687177996836429,5.780290625093427,11.61102511912492,58.61719280556423,4.864750889883653,25.537391544868747,9.635524519147054,12.521767920913149,9.558432793057225,4.188257307158697,17.843271685255786,10.763302579362893,18.143186642875143,17.874767874971873,1.1880279697614358,5.473007509389183,8.78027768503894,7.179625213044504,4.788951803518712,20.898122961125242,1.8474781500156123,27.112694782435824,29.29698672750451,11.46489193024531,9.58865548344195,4.154071776301825,30.312685555176902,19.70129421541948,16.41495755126982,14.093307248789436,12.61989510304709,3.4182134578271848,5.328937297582382,3.6321247824283436,4.191432809406941,5.711806926805498,3.371966227002122,5.936311033789658,8.071167136449528,25.76752385195213,6.800404402851483,2.5810740042647407,2.7469188248254746,7.395900752134655,4.301459802397049,6.018476978972984,4.753267473119302,9.261908314796772,8.07746566613441,13.11261721594961,11.550073356754995,12.260217126588596,10.530887071129541,4.062301317526313,5.0354436986489555,12.665279634333345,27.326171975388522,36.66688423658722,8.233458455534862,50.85497870390018,6.3297219093333394,8.698530273393096,6.6000783979627,19.042384789403247,11.830137344450884,3.450598520432643,7.8133348233730056,6.382650219186029,20.81147241122901,5.79048094465932,74.13027728373655,54.903683536115096,6.194292189500857,182.9408315057979,12.55174674295043,25.914711340786035,5.483116855909761,57.81824877606601,3.99661084287384,2.7156623901420485,3.1646447604502876,4.255856758127942,3.094345608402363,20.29408688815727,2.1506798727843606,4.312207658008991,3.551746594826471,3.6845420266339897,2.7277070464475774,16.49488637361007,19.445193086664652,7.90352835382962,10.499040220052802,19.59309848503269,5.675203782332717,3.555119893941312,6.455515415161021,4.474033530702212,9.048267333397293,11.524777001454103,4.685256221446808,18.874821228628562,8.757122203388585,3.672913777433009,6.160952087555891,13.672012808561893,9.575064134823013,4.16358412890127,4.5913423929263235,17.029457251757798,17.57526418585895,27.40694307774231,4.698704476801665,8.017932865304807,2.890175421557014,10.520007768751386,6.329471888611188,6.813329645607779,0.0,3.85737516485263,8.143776807002531,4.744517095799676,35.12980706606239,6.260303840134863,6.422616804955124,10.261067593736549,18.169168065147197,95.57106369390867,25.756636573173935,4.451482147975496,10.452923256365748,8.844098095525181,8.46169056062299,10.771118444107014,16.418125910901935,1.5124544134715345,14.532557455879502,12.749130243550393
The African Church ,65.24346776130771,9.301004308575394,5.573212116598571,12.858919872614614,23.08489832803051,6.302202070413698,4.728602429891366,50.990935042210104,414.33047014768505,5.5639953380993585,8.917433345166334,15.60333753436378,115.025733546839,6.2821897531730215,3.495598366576336,39.99142138494508,17.246938552036777,9.826087139674383,10.487777486223077,2.492684592813359,9.79301777521714,37.70132853466855,8.904949094913304,8.946428002344142,169.68123093350198,6.463031527838707,9.649751654214292,8.051768190156293,48.55392117550309,62.12454287051129,16.852213005135315,62.00753978733415,12.798240958517917,137.64093804895995,10.078579001711198,51.58505219118566,19.637291025616516,79.1638605705267,4.810165563027152,8.066328458682404,9.372171559757074,8.093692626041648,3.420171064474754,43.28475221975319,8.451760185392821,8.405108210520075,9.303928457955069,1.1313070408563946,45.253877074469564,15.125571632209757,27.142559527711818,10.895843929302076,5.356338604470546,4.366296622176678,162.52769898796285,9.472489795173614,70.20535554115796,92.66045206241027,12.009238843729483,3.431605038100421,7.477666756260459,57.032301009758115,33.73360267494706,11.686981381538992,432.2354457428035,3.361954157996734,67.43038777389802,4.269389869314955,8.80705033778562,5.956571616614707,1.3898244602891106,6.397171080215889,35.30364303927834,84.37190776956339,12.283142091661208,449.458505934535,431.2403534124889,8.994913177631808,1152.17363906848,69.19979503493356,10.154907336677221,5.93263264212943,47.78253973203035,3.4586902767341354,7.943643056324977,7.223597856277893,11.161360865453855,12.137603132119994,31.401124313064493,4.771150179139988,8.431703731962115,7.706100753298204,1.78929251232753,3.5307942750154497,8.95926532642546,122.96920932900717,3.9666933871204964,37.87958528544875,42.06168102956898,5.638870125970226,2.068112877275381,13.594795607545613,13.512849500429535,68.95743243381487,8.137073141741443,4.740197924290011,8.443762810528543,5.831569752711425,9.204057053752617,6.299366307406948,24.127512809316205,95.91039632998309,8.36562633650714,2.932686140472668,11.353910134152818,10.018507451719701,63.27246349149232,4.329624514201777,21.581355602190197,4.770562508082585,69.43541774108806,13.049539638424166,7.31256805419192,3.85737516485263,0.0,37.694395059117404,3.2502305777194183,69.04809604896944,4.9787476586055215,27.25082047849725,6.5666467391006265,32.00915365667796,755.8341801433651,171.24976881955942,16.942973372142962,6.0076591774871,7.378212967496894,34.590220285953414,52.400544282651495,66.36438302744365,3.0885628013021216,8.015043467495413,6.962240695878892
The Church of Jesus Christ of Latter-day Saints ,6.869020003419534,3.788688371319501,6.712298968622452,69.26204676907895,24.26569269732128,11.543317299153696,19.15574490088406,5.465267174655723,15.846615515112878,24.442446146508196,16.940947689651903,8.10911936129414,6.531493612122041,11.082994538047329,5.456932416498968,7.06287484797036,7.327102530456749,13.530276787707177,20.19153298222315,8.108823687699477,3.4166046347258012,2.0048109449069575,9.088210570347501,20.046379314533837,17.447240574969793,14.545183086180124,29.36351949708473,18.127154263347617,6.4401351993015155,5.292087686716597,2.0174215167938,14.024115421436354,17.921927287687485,11.463657901927817,250.82101020125742,9.108499623362768,4.9507146807874065,4.938929066512944,8.062762019734695,8.087625495353732,10.278876182841328,8.932667533017414,28.545710274409156,6.212183156560587,12.406938182510949,17.614413448777885,3.030935776003503,12.706326845830544,4.632261512413438,1.7015315614000366,2.352181517773208,3.7862048540342386,95.02135553632276,11.392972540051336,8.865656143592902,11.941958749130132,6.7077670798477715,3.5311161556004094,1.1176401689781372,20.259944507229992,16.40598405034409,13.846766134714217,15.88715420175855,7.586051353911516,7.121311931040987,8.224497355521818,5.413951768080587,20.25933850680889,17.012207326705948,19.387473614538365,11.127639963008692,20.1866379017228,2.2549109825939473,14.145818703074374,6.0036602407477835,22.624248320287432,14.72230960781254,17.21010326890006,33.30511968477714,8.412396981690526,17.630133107742463,10.025233504095882,20.168402124104176,6.964029880121337,5.076241373453022,7.253739165761643,3.653820724139818,5.399405701220296,23.15691294044221,6.566133258493226,10.962233194296914,2.911175971916481,19.299010233666085,6.148330253165003,39.120763779488456,11.970734785569134,34.120080652081306,10.493865633949163,8.411533228408972,17.20864254573512,14.602091410707233,9.84624595374815,2.911801727570645,3.8763999770381283,7.187108498496321,13.338747052080528,21.6140324412901,16.16133899105808,3.2791677008993534,7.333389470251979,7.835093943105692,5.62188216905073,1.362901290782398,9.371121277704512,16.43302937466415,96.75739047872787,9.705677860200945,12.398665627355346,0.9983688990417753,5.191603693565335,5.405072940684984,5.916465474948672,19.231294081043977,8.143776807002531,37.694395059117404,0.0,8.202629510854846,18.63908688736423,10.061021049476475,2.1312079660305367,11.75817712826424,10.947984836045155,22.668819236383655,16.15687660696326,4.384127914517095,158.143270240468,11.317827432786935,2.917915185007229,6.785542680110228,13.589499371495275,7.930873278911711,40.53652043498466,13.953581515063028
The Salvation Army ,5.897746269950511,5.347653003090437,13.279866799558828,55.881039312194346,13.5444930126952,5.607609702071005,11.059700696105752,6.892488919698296,25.24161575239415,27.05320155911418,8.144021478516944,3.917393098492601,7.368522524139297,2.008472977150463,3.0473346894052944,9.579767784007654,3.0928949220543824,6.820784231913381,11.516491522727518,2.1123872454253063,11.978156313945636,7.413754293816429,2.2514548853164147,139.92742405834483,17.95544657543356,12.631158936311882,8.068335305521398,8.150488168308506,8.138973421465662,8.547760825095473,5.248853720764815,23.10872763293618,10.025931848082339,17.946978173637564,73.70069486896823,9.62581436835195,2.4327656273398666,6.7792051048110675,5.332087144398837,35.816957616566775,13.157609507115012,11.695938326582082,2.3551035618336624,8.900462605761538,11.162069503026007,46.256448521552734,30.228957438148885,0.8747473972327221,7.474634842209087,12.619559530535925,7.4891655300657405,11.999288602199751,27.60718019878706,1.9096669594384652,8.835693985050888,4.810058767649714,8.963273797778225,6.7334058376305315,10.348173128158223,3.274456000852315,6.974167538289798,18.964579214851305,7.906412104979099,5.322705616194671,20.063423867913972,5.550034881896797,4.410424886478371,4.169104028304711,7.5179204052146575,6.177752921022294,1.596919825041184,5.5530660243123355,9.367042347196735,15.651256621168924,3.1598945503177354,36.47867150858212,24.095314577044533,32.10046896597175,61.638094957441744,7.433738113123461,7.432139579845463,3.553784049754066,7.683633973277389,1.5484892326892175,2.683236971053387,7.900120395475965,6.064897223237283,3.5532593156878476,13.806491622668924,8.676732669059161,18.528064735992427,37.33398019484866,1.1102325175069656,3.6932901124078104,29.754648306029882,13.729528000730063,5.443663253130256,7.9371510910174825,14.95698258711159,7.833343786202649,1.2539237842193924,36.34808225309315,5.810900629477466,7.945263866106961,10.861509673738862,7.632401895841677,5.695640212042407,5.601244141480873,24.5681384701016,2.8408688802057496,7.265474119756219,9.099034701008685,61.44390495375581,2.2518203682997604,12.197228883606137,36.51535230755752,17.693056477488167,4.987291373672293,10.6372060997458,2.6150141137069984,6.004304538329092,4.3368054613700515,50.14325695923136,4.744517095799676,3.2502305777194183,8.202629510854846,0.0,26.78458296186414,7.878057858683809,6.559202310037064,4.422011631313572,5.898249493923358,37.37856277294172,18.678340774174515,6.162639186366127,45.04730589694094,14.796980267747085,6.622676670335797,7.319052468584995,15.061917044816845,2.8782662455814605,29.139559250759927,4.446129053340532
The Satanic Temple ,12.156727714267001,45.29912185494526,29.826281954223038,677.5532838750961,51.93683654839366,35.22865719848315,31.65323541637479,3.462962962962963,6.37037037037037,54.61850018408235,35.93631109918296,33.865068094962766,7.37037037037037,41.04558174576807,44.68866197999684,3.7222222222222223,36.54898673499055,51.581154866711714,120.34484021553277,31.86254990812731,48.07522302357467,19.63004677972589,31.17922637777205,33.804481174515736,10.0,42.63759642290242,24.792592294506285,17.29838030456353,4.642017494243412,6.981481481481482,23.880282493235924,2.1574074074074074,86.28013496970581,4.481481481481482,2367.151320425104,13.219598494758905,14.915634111310405,9.08126919594411,29.421859843248317,46.47523170226481,71.76427186285288,28.27049057152881,40.61500514912203,9.568455463123028,23.70826198242052,145.42697201120455,28.697141752387147,38.05150171631519,29.472000707329002,24.460515260061158,25.23640688310939,40.20912382570163,589.3227125828934,37.20283267279828,8.333333333333334,35.83113785515836,6.7407407407407405,13.858630119422358,28.711203353579734,55.221994004799825,55.736178777086536,3.388888888888889,25.91148688645989,19.29252769357422,4.037037037037037,69.45988643899575,6.425925925925926,71.04705212890975,80.57945385868308,93.88277661378245,51.39448874633094,37.065263944409715,27.78152575277304,7.148148148148148,17.68033214408482,2.675925925925926,4.324074074074074,121.59440113377939,14.018518518518519,8.101851851851851,37.973179074315155,26.738553577299708,24.394783803612107,39.06246732987755,19.035344426272893,31.012013086341714,33.6946549892983,16.84774660412711,5.592592592592593,48.425413271197584,37.140873159837355,32.13049134419253,38.244046430144905,33.99123909432329,308.23203479792494,7.657407407407407,100.27787904337059,5.851851851851852,4.305555555555555,29.56448199776023,36.999364358351684,21.332474681001983,27.00867404354119,11.808807766518859,30.996624001235315,99.30189763740698,14.33488672592621,38.420415716242985,28.53983308607295,17.389716162996628,25.35169124311851,11.16947656485243,21.83223085271468,49.60387181581562,93.37898269806995,206.5853644246623,2.564814814814815,43.17336073316313,22.274714168704556,32.40825938619029,5.805555555555555,12.946737363830616,84.60488655687013,35.12980706606239,69.04809604896944,18.63908688736423,26.78458296186414,0.0,57.85045116072406,16.78422740723092,16.919194234562212,6.321194976751015,8.268518518518519,9.777777777777779,18.793301295268574,1445.9119361067685,36.57219019009168,9.857791640932366,20.962015230870723,3.7037037037037037,37.8602881526044,269.9314944733865,47.82270260622293
Ukrainian Greek Catholic Church ,12.776464915234444,3.7742477919528117,5.486688581459343,45.65005802885135,22.5039133926558,13.493764808467851,14.514757148900744,24.731007181168824,56.14449290203687,6.630810007899875,18.940550417562104,10.033562570840832,16.331243259533068,9.665955488508006,6.872187148476213,36.55743285216302,8.817554011107466,12.553046812825942,14.649101292458557,5.708145521843948,7.913364498616924,8.611715830164158,9.23452247830368,3.2620026450237734,24.064582712198828,5.832707023291483,21.752333675111647,25.46504226050035,23.908562662831233,13.201244614858256,8.204296352817567,59.93354595739291,15.51633401155423,34.397757146210765,131.68897160165486,13.620036527440739,6.514001796211751,12.766793253202966,3.329964198703243,23.013703912365948,10.824555179798153,10.400793716198192,7.8188410798732555,10.357498984921495,8.510456781007932,27.909887799451663,21.629864622620044,5.138411028038594,6.974500884389455,9.628850842644535,7.235104066284937,9.392446999729609,50.392158684056604,8.909848653986884,16.414910145759734,5.303991153859659,18.356147713352627,12.885379376349166,9.269733089380349,8.52351993965647,10.369049293132438,47.84102268581907,17.774233254339702,9.016941909750779,36.703735307512154,6.774367014608117,13.511922791224196,6.9441854643968375,13.687278115360247,14.201695778479388,5.124807894735643,18.4223954369207,7.8706604164512,40.14746608376442,11.065017203795662,78.09365798334811,43.283799889520594,20.145162562967627,86.74172389111739,13.771871405519256,19.54692244622376,9.840593080747725,18.99070821315158,5.160967094977725,4.953286361743388,7.873209299667349,7.838936898618721,6.136632910968352,18.10929774819641,2.564257740343021,24.251865708250527,22.338801804363676,6.8319002556197725,7.742370193830124,27.515451638021787,29.200039528961675,11.758534618597363,28.50661650092853,34.95784492370246,15.088781585243643,7.4372971847128735,30.23002943686283,7.969807410784619,12.172896187925554,6.28867929625455,2.2318684489585974,18.79290012890496,64.31804515074452,15.008230468113958,9.895125849820115,14.180382602034605,13.080745357806036,36.66456506385651,5.996324148560065,17.343993553643386,54.01885450090732,45.928958920206526,11.968342480084088,9.01913680609535,4.814611903734475,18.237666612915998,11.054478398185589,4.895226507456076,6.260303840134863,4.9787476586055215,10.061021049476475,7.878057858683809,57.85045116072406,0.0,10.706339100342623,7.97901478820011,30.390143023003947,68.96407583350512,24.90874938730943,7.161664902233645,74.73707075526315,6.503226896858938,14.35960397597646,11.449928597702133,37.756036091573066,4.9678382199061275,28.53048716266064,9.642391416938585
Umbanda ,5.607898801137806,4.849922525391422,8.673053201030699,85.5361252963232,19.782649752078445,10.519131060402584,13.442315919349141,4.288952149979449,13.765300229241243,18.102731658842522,13.744149504606561,6.978424291580977,5.221545713211997,9.132944832656257,7.214722207749457,6.573790003145569,6.695230600803132,13.152258592912926,21.011572688214304,6.965420403591796,6.286038984349274,4.229260623356911,9.02971949615695,12.238405127118542,17.832462727343824,12.921241802945463,19.881647822085053,14.02304019660339,5.144820501054469,5.542927155751517,1.6403242582128348,9.938291070992271,18.348272615963968,7.202123558741521,257.12101114144843,7.184730033508993,3.6778437068599623,3.664631158944445,8.486301268586427,4.111281038715624,11.921355008610877,5.366826351994494,17.468182696172065,3.79274513365771,11.888406812773187,20.092769960348047,3.741249702488318,9.338224608951428,5.217008900826188,2.778086877083545,3.558015327535699,4.908758794967123,93.4712085079489,10.05695718039423,8.302387740030477,9.379503781559025,5.275896326501909,3.0544815259529448,2.231574584822628,16.99175404370375,15.850262129023816,11.2374031931195,12.91532116597722,6.7382243889247695,10.862738960858026,10.68623470831545,4.7146547119595414,20.16462031412753,16.103117367616058,18.371011843335676,10.887725657134046,15.773567783704552,3.720462924676486,11.98957575526223,4.308084444941468,22.21939854566908,16.23131682295379,22.384314557345196,43.65554275704284,7.246762059892462,13.913971995730517,7.711035812484936,15.205642353122757,6.534978194108695,4.647449179878658,5.47134371099099,3.723261590378673,4.222926480224462,16.25327053928082,7.745042797656886,4.492755203150618,4.970245881754117,13.402360613946511,5.72806764081955,45.97823674147404,8.997099643719565,29.93486191356873,8.461702538398113,9.971106991791512,12.12777537541834,11.404394414879963,4.665182606691914,2.269262385224844,4.07521362653822,8.521535234466858,12.094539924753391,16.173250198904597,11.904348393891796,4.36342933372927,5.560867527912324,6.620564193053438,5.628632672685651,3.5072259515777944,8.838349780611495,17.033340845288365,86.5859144839901,10.231198274620041,10.529871626807143,3.0197439101615373,4.85402830878512,3.9935711346136857,4.329853095915242,21.30802691062545,6.422616804955124,27.25082047849725,2.1312079660305367,6.559202310037064,16.78422740723092,10.706339100342623,0.0,9.026957257238708,7.6471872556116685,26.047628200059233,17.31963325993597,3.047988501962555,164.41501064306607,12.980983791213376,2.9806094121128286,5.551334868928763,11.610840926564354,6.671355628071216,47.63370374766809,12.882461007271695
Unitarian Church of Transylvania ,3.1029760896757503,5.60441269792804,14.260042129474725,95.59273640855334,10.302929573095788,8.726694746458756,8.684786836529232,5.897185613418018,14.647409908453076,4.910664495168756,7.218417560781827,4.426149148232967,4.100387871968117,4.009520981906001,5.082686529973107,8.58669238207717,3.0218673939654908,12.093330335272423,16.021794243362578,6.083346650618209,12.254722125958468,8.890216768087178,5.723636819272162,5.250732100574383,5.32635153152205,15.907329162404803,7.947047613787537,5.980803184334122,7.733299959832963,3.12579933824621,8.060219305191263,15.63342738746307,25.379401913390755,9.077641764257107,221.99991275218994,4.006300185835105,3.670861245873649,3.8467868363935223,6.237842304136779,34.16289164800397,10.451099945010021,13.788461611067385,6.117892593278843,4.2767303917476065,9.094239566138056,35.193865314726594,36.185564308103714,4.731512944520207,6.366970425723573,16.704638267039407,8.48881521156342,12.14004790186723,71.32691848731591,7.895985575920687,3.3244611888792797,2.9772405868420275,4.52080080137258,4.627525355662625,13.672897227219194,3.997530952960227,14.792688352371798,11.915014800784604,10.805268853284268,3.4523789215630423,10.50261890470425,6.05662835512172,2.7893351335032697,3.073038838783845,11.214716829449108,12.743020946112305,3.9936728603456007,7.716962083855218,11.122403339554731,8.28607988084178,7.642241751198726,19.431678270368884,11.333294741051064,25.964555117226272,19.487616580924513,2.677322830563359,6.306187320285949,9.340596776450637,6.734016263530675,4.400043984042402,4.185138058429272,11.35382886396545,8.860170449904484,6.8604338721117415,6.38532312691649,5.396280483083831,19.919782008672332,35.27058534669587,5.010782456664877,4.473341663517057,73.2929320782898,6.549886797325216,6.842391294672001,4.010461896383396,10.519387341270853,12.18968823270794,5.144248570210202,43.16890602339635,8.292192256961583,3.7672695936012923,12.680449925284584,4.593905543303875,4.003101302255109,30.59866836517906,24.94226968316502,8.232836011267008,10.03077166310901,4.4811350839393755,57.21737424143481,4.009570191420649,21.643561395719047,23.3617735094859,12.238592893892845,7.864653334770968,14.073773450929584,6.923519843083269,3.7952119241712343,10.63347407728701,2.788402185384778,10.261067593736549,6.5666467391006265,11.75817712826424,4.422011631313572,16.919194234562212,7.97901478820011,9.026957257238708,0.0,7.207219074954676,15.330853632986086,6.15750580690601,10.802478654443746,125.92506515951851,13.465690374804037,9.883828006166475,3.9950265181442015,8.417786191864128,9.255440100114253,66.62821537037055,4.777493808752964
Unitarian and Universalism ,6.593698957054268,22.872503753190102,42.98768198335136,176.82703483125402,21.418108502385085,8.23461977842115,11.823900839282429,2.6688333117366763,6.895971972299007,295.42791908627765,10.656674287512569,10.178402974969035,5.9304610420909585,10.42753859467725,12.94749318069203,3.5906684633520154,10.382464905138947,14.639676897776543,39.46184665095226,10.281332343595361,25.73701315636027,10.351019265779227,7.802806440425303,33.16292899956506,10.36342703449508,47.46646216124105,13.623632456591348,5.954950225961249,2.7510403960448375,6.018056390459179,10.709423675294872,6.0587739062065635,27.17274735586325,5.9649569085887055,535.889028498377,8.533007160307571,6.372088092734244,5.7842715160683005,20.337963557488326,78.9171216867888,37.6921753901599,42.25247847959673,13.681649542061125,7.607863507299353,14.895882049308291,129.13958724795532,67.53231124769421,14.98157064408283,15.989704281093779,22.69154615628977,13.705369392295452,27.90544147457433,167.31945008415562,13.051412939921102,7.08844334691384,13.842316080847693,5.35696350059872,7.077551352568228,21.188158172786334,17.368846274508478,26.541461478997153,3.965014785503507,9.300517081256091,9.40106375644024,5.714160896957417,19.609689401855476,4.0148939619620645,26.243918287658257,20.11012031056189,21.253980000032588,20.146485159506952,8.199906070559345,16.183997943618756,7.785664420244153,2.1596359138586534,9.098654401390236,6.973391099752752,95.7540326563091,18.88211649299446,6.565490545353401,11.147662880771001,9.344601767535297,10.281977664391293,10.489979833985437,7.547621559517727,27.860881798439475,13.3808193660304,6.8121228906422395,7.514230122260774,34.09876492159037,91.36958258772007,80.16990427160255,13.011544158678332,61.38028217445728,98.88716882429408,7.349872627308053,62.33810705701379,5.00366530918606,6.265361410714566,13.62873233125896,12.492327955472078,64.9319613466181,12.875173790141249,6.779865142351731,21.92682446060815,36.57135408416434,7.1068982708023976,9.19692342750978,49.725722769627346,5.17913383726546,9.023006419158495,6.953974441679478,129.42478953038224,15.584206113411202,21.443878463119418,89.05002847224533,5.441643568916451,11.264387775723266,17.918825101099,18.636864285098785,4.544214503666236,3.5450311840583706,102.3847242748244,18.169168065147197,32.00915365667796,10.947984836045155,5.898249493923358,6.321194976751015,30.390143023003947,7.6471872556116685,7.207219074954676,0.0,11.940724789250668,10.794489778448602,11.362049115762135,265.4040705643778,43.74879977775342,3.634568755285445,10.661920897399396,5.4808014895723,20.446524259434344,84.7765455989976,14.015378079154903
United Church of Christ in the Philippines ,9.797657765240817,36.91249823053468,43.022754340212266,862.7860519101132,51.249690970560856,49.4354520530828,124.39809767193313,5.342592592592593,4.0092592592592595,188.57527248175361,33.19423469609088,29.952339807898714,6.5092592592592595,49.513164737237794,39.885989658882714,7.027777777777778,39.098703262265275,63.52776814810647,104.52235583561615,73.22221562061814,40.366958504892445,18.69245739520622,39.10017113511172,167.09689091875032,7.805555555555555,203.8890740933654,22.19710385179323,16.969331944561187,9.744080771232408,5.675925925925926,34.60349017194993,8.018518518518519,151.30090912913363,7.842592592592593,3903.4623572363903,11.3291711991062,18.03221626766633,10.609833228254281,60.31616267894241,119.53486327883785,132.08290672550766,120.58953632626029,185.47651557354672,8.530488779522141,18.715656289293264,116.09605374976834,69.75270450572005,97.75760428452995,22.690240732986386,39.54800114836012,31.784282489687094,54.898579643127405,1144.6975522974053,111.25928363245849,6.842592592592593,39.764037637005515,6.324074074074074,10.702428603196173,39.22142890016408,124.4702455303889,76.79357943092876,8.63888888888889,38.62202058052295,19.14745004212676,3.675925925925926,37.29579355686271,5.916666666666667,115.26361234531714,96.44955020771073,159.5870068518402,77.39177690974532,105.28027898806164,26.87194491039342,8.768518518518519,48.03809531841365,6.648148148148148,6.814814814814815,355.57735612400364,6.731481481481482,5.925925925925926,39.03035007804683,77.89483490447739,23.05581040217424,50.40725208035833,38.13033877340973,113.00606367871855,53.741253586870094,24.382894825163948,8.731481481481481,61.79868395844889,118.02496137181106,44.82312506180586,138.0158774383169,58.374047466934975,438.6768572181431,8.351851851851851,280.06578530892057,8.435185185185185,5.851851851851852,173.73708129571955,103.51185769427232,153.5555008903211,49.53827000278856,9.280235064472405,39.95766502437218,134.51961838166022,14.436848881405332,90.7051887809757,51.48332886716481,47.6035929551232,36.186358404778346,9.46705843785932,20.85042683085685,52.60875358623026,132.31152395794365,404.8236888162349,6.037037037037037,95.2029564085744,21.601087129415358,60.71240275371083,5.592592592592593,35.51960568260494,109.82427249961628,95.57106369390867,755.8341801433651,22.668819236383655,37.37856277294172,8.268518518518519,68.96407583350512,26.047628200059233,15.330853632986086,11.940724789250668,0.0,7.324074074074074,33.79366170496787,2349.2758454448235,136.7023499370225,21.957766952752927,16.871748122160163,6.62037037037037,95.77828232464972,464.3573245996071,68.64346357847491
United Evangelical Church in Nigeria ,2.878425090573405,12.112962496943632,24.580355402000496,480.37009821502585,32.61412635262395,30.406550094919655,54.47976880981668,4.37037037037037,8.685185185185185,29.94233109722923,19.376957477312583,17.325633944722384,3.537037037037037,22.167580172732574,17.372272304853393,5.87037037037037,15.656581398763372,45.73486296984268,50.41361116922656,23.436357538349313,17.716615865371914,14.697577140638453,20.47229288106199,23.92285482646999,2.888888888888889,66.09457887558267,14.091650312352757,11.898724309600519,10.128320002363138,2.462962962962963,17.63817080374185,9.416666666666666,100.48289819998362,5.962962962962963,2027.8231307147698,4.8437944114173614,9.906668669904384,4.9317196751407275,19.99832776783393,44.46176403157228,86.07306479199508,59.42935643352156,42.64467244956285,5.117710280992058,15.529534683568555,15.216293960059499,26.620740698490266,20.665651330903053,10.241683199773812,22.081225583338668,14.770523557803553,9.864251252637164,603.8165327259943,43.43494328085587,2.962962962962963,16.76535998174775,3.574074074074074,6.341416612889901,21.755469452737984,25.254707392831634,42.151932715267,8.5,27.64516946537387,4.713348782118339,5.592592592592593,16.1583270980183,2.740740740740741,20.97315873750396,51.80607279739226,86.60131949919666,19.89460733347462,40.86968674337145,14.26890768674704,4.333333333333333,32.252430154807946,11.324074074074074,6.787037037037037,196.41120778441393,7.0,1.5462962962962963,20.88196614475835,40.81939449692257,13.549546064681913,23.30306297405021,16.44772394654346,52.78287565911058,27.801854767327956,17.655678263964436,5.722222222222222,14.840579759264964,60.78225011184159,21.127992072075337,29.40739297921056,17.87938263734704,325.98755165328726,5.824074074074074,40.760888413616925,4.2592592592592595,4.212962962962963,55.325953490086754,24.59298274323297,56.626932959621826,21.556432883059546,4.879845198729864,23.133509844542733,50.646855324852204,7.978669404072629,31.71547443078482,25.240053913753993,25.969104456942485,23.121940906571574,4.9910033601866175,17.67508750480822,21.71912882432125,82.73769633781025,165.87230474345228,7.527777777777778,26.74081047455529,16.093095094932366,17.217559382757106,3.2314814814814814,30.51705344927588,16.410782959763303,25.756636573173935,171.24976881955942,16.15687660696326,18.678340774174515,9.777777777777779,24.90874938730943,17.31963325993597,6.15750580690601,10.794489778448602,7.324074074074074,0.0,24.06857332072454,1201.1139121710823,47.22268849640337,19.993971590324016,6.521412665240115,5.648148148148148,25.97409772990705,306.57957551869373,23.677770054436056
Uniting Church in Australia ,9.437268863371747,4.876178975948868,5.78758504709438,77.75491875836845,23.29144546770385,11.811368818710855,10.762928490866905,5.315860416097404,23.038738750300325,14.539519182415459,17.806044933706538,9.350621125699734,8.056454383788758,9.500118079563745,8.364813355793588,6.821043271886158,8.51931642327887,13.640240718280271,21.0181815740927,6.06165866731721,10.690249879531121,5.918964107879783,8.51232586460516,4.962864172589134,23.598603466894975,6.17751697244894,21.015764634030432,20.101117820250426,6.248957713106923,9.388720205326917,3.8255303249450368,11.380062249762306,16.814140226725108,8.622398139641959,216.33761060331528,13.82481739290648,2.3050984182970278,5.727544716308755,5.673472091505902,19.971691594137564,14.190503297348537,2.426514886437763,11.506356657358825,6.4670638938424965,10.724122583322796,41.29275626499217,15.000173859408763,7.201319823677083,8.0772019938182,5.654875443482593,5.57702290815388,10.17527248109725,78.30433185049581,7.893367589101639,13.72065545516107,8.805921740210632,9.471510462471631,6.100427931094771,5.667166089257001,16.77827338129836,12.630011410018755,11.160207659087767,14.639659780287095,8.512365945039077,14.716216036164276,11.289994175686413,7.3272860723677455,19.901821000687285,16.389515041829114,18.55901672025351,10.238665748062484,15.154379053341138,6.1172375550808,21.918428086972536,4.19124056497423,28.766507942542532,22.692533047391652,28.958540862265178,60.0364892542208,13.227075693175786,17.72933750986174,7.371758518252203,18.791133140600195,6.049109771856853,3.9477125065014995,2.8212539180428617,6.170633307310227,2.384496267281723,13.196372575573447,5.993407332042515,11.576895073788128,21.12730365442444,9.752902902741003,6.57874402370816,42.63139390336478,17.499633494631812,25.270310726693488,13.373572096669095,10.713599413496299,11.281285765070722,9.429460414643778,16.354245280300926,4.474239808579901,8.424529487692574,7.465699696496417,8.293722462154975,20.891653516979275,25.214143633806675,13.273107177503155,5.598137911887692,8.584129070357251,10.608171977227357,30.956945508418695,9.727317198457149,17.965445940751962,90.66189555156897,10.731825132521935,13.655871964124286,5.283922184795862,3.464192580845113,6.8967117343293,3.7139802458147595,20.732866475022686,4.451482147975496,16.942973372142962,4.384127914517095,6.162639186366127,18.793301295268574,7.161664902233645,3.047988501962555,10.802478654443746,11.362049115762135,33.79366170496787,24.06857332072454,0.0,139.0308724323511,9.131736207816083,4.389955268771583,10.213513350974912,14.770476916990553,5.191106340426546,43.39795981350383,12.249059900197963
Vietnam Ancestral worshipping / Tradition ,356.3632768476808,55.59528938960246,30.702318658986695,10.405771366966993,23.459276113517177,16.267267737854063,7.846502721809493,438.4580559694251,1687.6547833844281,8.275911438934557,11.240555528414657,59.47650686876554,883.2356476539518,20.41934175719792,15.687035794705146,757.1106042520399,64.68680510640965,16.868728827683114,13.721085382294499,5.886304579679949,38.66747444708671,206.22664458266442,25.282160466733917,20.848233461229007,922.0897031742634,23.82459985850407,9.162607713028144,14.456344468577283,579.7156888717736,796.3840068452084,120.12609208213628,1585.2138610463765,15.542685086677384,1713.7967785347334,6.758665207064542,608.413437624239,213.81832550596064,502.7299093727551,33.06259058417134,18.44455973127342,25.67195967981993,23.281744289477714,4.473803105474541,566.8376517854847,382.5976146036792,14.95753285810536,20.235380184852488,4.666895735005095,223.35196726507127,47.502271912849444,142.26337631794868,38.713766538013765,3.920817649463688,19.97150744469198,665.1584559953662,87.58371984832274,640.6624195127044,466.26992252592004,50.82464446377181,5.9256547753329745,7.754825221916808,1477.6378692339479,34.09494633186948,112.98014269233732,1851.6098800662655,19.595456305038642,269.1394310456629,6.923200960315483,7.8231171901460135,5.2316039500282905,6.455116718729013,7.23250110551139,143.0207922681236,1198.8260222952247,55.64723363730793,2201.23464811143,1637.9933362788058,23.22989000054739,3765.922789496535,329.1309088401462,7.093993170180506,19.85831945954028,56.80791924300291,24.17127833719839,79.07451008337964,32.820814207798975,74.20373945008106,134.39515454270187,971.0917796088181,17.08553794399211,15.99717431411423,17.55156148590741,4.108631955502399,8.395111143969384,13.123200066825087,1433.445311507015,6.163936154664962,381.7811442415169,1414.4099656585106,10.9719110935057,5.375481346022844,24.188081782246982,79.70562390121157,572.5018914630693,95.63940473007987,34.486062236337595,10.30537323579434,5.007734589347982,22.89133184146412,56.082088647773226,139.34153273554472,659.3512076919818,15.965937274630571,10.650329214111535,10.014166862965908,5.963011782962517,1387.9144649579505,8.238830433232975,86.63644132496354,26.04371970045506,371.2014127128521,105.30211481016762,12.167496438623292,10.452923256365748,6.0076591774871,158.143270240468,45.04730589694094,1445.9119361067685,74.73707075526315,164.41501064306607,125.92506515951851,265.4040705643778,2349.2758454448235,1201.1139121710823,139.0308724323511,0.0,33.27261194895262,206.435384068755,296.15889981580284,1263.6308672746284,22.193609792534485,9.500810905733807,15.655778642161883
Vodou ,23.914145132193834,6.022778407150156,2.659672153921456,23.8131577301931,33.60278250863575,19.10305110059482,14.90428316616917,25.553940086609803,83.34857912090943,18.757546216676403,34.24066560378254,16.768182379696185,33.76543520566115,19.565973028384228,8.109635984245744,26.27992308995725,14.967392001283267,17.150397930653,17.192393301906836,13.919191997675771,7.4312320585555325,9.84844996776458,17.32038893862613,8.78958481332122,48.48042338022684,7.466173384757554,83.16879681603538,40.35227402489099,22.052982993577658,24.096893659176068,10.5434881380203,36.271951238808725,18.554929760715375,46.1093319976217,45.95822761100599,21.296544852145846,9.812665765775435,24.696709321335735,5.256730238313578,12.215894663188644,9.63673001720281,9.076230611303911,25.995185897606568,18.374463756191442,6.059425213305816,17.038865386457957,10.074599789758588,12.824399912186907,15.170813278872524,7.628029072016699,10.127296687389517,8.14272859507481,23.14232186744666,10.92307659804787,42.723919764417595,12.04738127228591,25.442751582399833,24.611832246260455,7.750967043613965,20.38484378758551,18.69305145225468,37.72225676509144,25.460135703924767,13.765456748790788,76.76935918298038,7.538204118723649,25.72492637753367,21.85154444140346,22.265110224306902,16.109052918863192,9.288303415416129,21.52395052238239,11.493774313177807,33.19970265696291,12.976778300002874,99.04781757623766,87.91259368795885,11.666132693192607,205.77937662103574,27.155952576500347,34.34926378458948,11.588971596390012,34.17978906128862,9.028310212234377,7.77535255509565,7.491529701513981,9.57333383285315,7.6775927429322985,26.18704044672381,6.463950449019776,16.65767681484154,9.047224055255256,17.283238497624236,11.088951147259822,15.94346162815177,40.394362900464785,16.6325437617578,28.143517875969863,22.32572488816063,12.61065833817039,17.251339832193835,15.207857219432583,9.47155568365802,21.2052924233865,0.47150881186929006,7.389779795428278,23.092728399223983,48.52115382143806,8.263443678830022,11.812472412120227,16.171100108164868,24.693840377400132,8.338876270641506,9.263354982691979,19.722793569470028,52.48860790014288,27.938426834149418,11.472097106844956,7.673217696910727,6.704272039271835,27.315142213667354,13.623571613346083,17.7832403727754,8.844098095525181,7.378212967496894,11.317827432786935,14.796980267747085,36.57219019009168,6.503226896858938,12.980983791213376,13.465690374804037,43.74879977775342,136.7023499370225,47.22268849640337,9.131736207816083,33.27261194895262,0.0,16.139207780402714,20.511027794534446,29.7651363270126,8.322366227068839,16.940231600508213,17.9123936119544
Wicca-Pagan Witchcraft ,8.445042858793197,8.5969414048067,11.146182810821657,113.24424008217972,20.23964063673406,10.301796773196564,14.639894764275285,4.788262910341026,12.433423497208404,29.49784019274437,13.256622875814505,8.492449294775346,9.793725597408395,10.258253206372402,9.358462575021312,5.970994362047043,8.008177322377355,14.18265616176373,26.66607988650989,8.3006729465705,9.31648444296544,4.815729926471697,8.683486622455387,17.85213306147253,18.90693958076941,15.079998804048918,20.071916145047492,11.344348098832551,2.6723848653596947,8.412573331451172,4.026537386700703,8.636953869146234,21.963429869918492,8.271915767542483,318.5653566799491,11.876249509232368,4.762450064049329,5.862683720771651,9.439624749168452,12.013339183592294,18.45547734213999,7.0979175177030305,22.86820909256608,7.8184775230100865,13.214897932090233,38.62050435029788,6.110340954526165,12.896257340910925,8.32421339217957,5.086977086615867,4.928515129708875,8.937654005869613,113.64087714452297,11.258565591995405,12.832426870702006,11.262537032081127,7.193799406264448,5.553339295624405,4.348229237819894,22.32554843522469,18.686095524332607,7.330638297384964,11.832043962164187,8.454845146725932,6.375668247526067,14.257067403950172,8.197519138532614,27.476640663502145,18.87198154214618,21.227347767163202,15.379873567220827,15.093108176866151,6.450444520290652,16.415062267919414,3.381712388245475,12.707999598410685,10.080268128202047,40.13207348717944,38.49745243360894,12.006076969081253,14.172624919999816,7.494463995650642,15.120241735914558,8.917694887850148,4.281607744462502,8.104482617284885,6.540324232208725,4.873776697604238,13.950638163429314,12.067493316288221,9.10404357723374,9.580736812238579,16.948748867317168,8.040947565339042,60.22723353401194,11.446770045773164,40.86555611879347,8.331654705267743,7.908998089837358,13.812732920983418,13.475641919149497,7.178916178510951,5.676757388818838,7.319067082836876,11.039077793962974,19.972937901698,15.63458412803104,13.611716129675731,7.358602785640145,5.266571746460773,8.014276517885257,8.37329355553493,9.13233354846464,12.87811604725002,18.063656348346345,103.07181280641662,6.308228420775986,13.263676308316654,5.19927295901665,7.249239186927612,6.630581489028845,2.953341070006474,33.92514856590573,8.46169056062299,34.590220285953414,2.917915185007229,6.622676670335797,9.857791640932366,14.35960397597646,2.9806094121128286,9.883828006166475,3.634568755285445,21.957766952752927,19.993971590324016,4.389955268771583,206.435384068755,16.139207780402714,0.0,9.874632466685672,7.831856991826118,9.147187151157402,59.842987261998736,12.154766549726094
World Missionary Movement ,2.769923015642192,3.616726583681007,14.151510977129114,137.89698991148785,14.794075168678592,12.426726434848158,19.80902725704912,7.640512870106325,16.4539067386354,9.568488112112643,10.727666780086533,5.0454579437301765,1.9250800121924674,7.101429226397378,5.700061471878687,9.010809588427882,3.69639072942804,17.36385693845449,23.780987248656036,8.538738505514095,5.051170978952649,6.806565136031834,9.336776600204407,15.148351047406333,5.957451064552828,25.957933848749615,9.184270411957767,9.556624783928298,9.209329860206932,1.1218965065563227,5.089246786537894,16.992788659287687,32.632948116187286,8.954267731677387,508.2351266936723,1.2101709960388598,4.984774324349257,3.398744014110516,11.128716004925652,6.045537015767268,9.183010073409157,14.620354968381301,18.365298333723487,2.73949745595751,8.833895576511205,2.9657528849151196,9.421418514787417,9.404720914203423,2.04535368188014,7.232092779611457,5.836807574843715,4.348394310178403,171.50139624897682,14.828675385869754,0.8019227898226716,6.560357539606553,2.6344340897136544,3.2191890795136335,5.604867010782193,9.769596023261345,19.821070155585737,16.33507820384494,14.249961939373758,4.670356603588537,9.41594912810862,7.362939294916157,2.4574652929449035,7.77143453967165,17.529823056899268,24.00172555321072,6.714898400556832,19.392231447774254,5.280984698460859,6.706427585456877,9.482709042426123,25.11532701836308,12.785055978067355,14.258550822557527,20.866376996109064,1.6932116719958321,9.464065907083242,12.896102110655322,9.713192255782818,5.462724447710563,6.164269950534423,11.446444842919611,4.14855018976469,8.387080154496042,12.572852741446043,5.475658221001212,10.274979369276629,7.748902152797149,13.437573184770315,5.408065064960573,98.59434161016095,4.850685522124007,23.476119720711115,6.480803396887089,10.994029372190639,21.05535937578924,10.761297137810786,19.442304768733173,3.739075620609511,1.4983307736171172,12.59896665806518,11.752181898784489,8.075518795902711,11.870006691239098,8.319471234187299,10.23723733904204,10.749828775691153,2.291744102560929,9.284400056805449,5.93347791471623,29.147749961127722,69.81312633955444,12.974447921840424,7.879961191638104,7.313422904683968,8.634702353864135,3.674541274644599,11.082698657846727,5.988280398428935,10.771118444107014,52.400544282651495,6.785542680110228,7.319052468584995,20.962015230870723,11.449928597702133,5.551334868928763,3.9950265181442015,10.661920897399396,16.871748122160163,6.521412665240115,10.213513350974912,296.15889981580284,20.511027794534446,9.874632466685672,0.0,10.00054715124389,9.483589108624832,93.6953690812477,11.098591328386444
Xuanyuan jiao ,7.353598095049168,26.780474716927362,20.77715094429557,466.7496141131374,28.614618414197622,26.100439421690893,24.78920612593035,3.425925925925926,6.611111111111111,25.715448233227907,22.43619224545956,19.21297613871129,4.203703703703703,26.081428579789016,24.605644283752785,4.2592592592592595,18.89670618477634,37.73769263039877,70.29932524008392,15.184443105997795,16.59013136123641,12.056947350854232,17.555346019032296,21.020636619063755,4.796296296296297,30.51291728817608,17.158184565046852,11.895726795227791,4.770573295244348,3.5555555555555554,15.073086055155331,4.861111111111111,76.18635386702978,2.462962962962963,2140.171087312836,7.492295883097845,8.884345906554929,3.8100449084667334,16.47942695929914,24.21434320675691,42.47356012735847,22.961859667394815,24.455285235940615,5.518233491361048,17.043880137119217,66.33693344905379,13.71822975956726,22.036991284458058,15.062432126341943,15.045629316498585,10.666409120963575,19.3882099576956,512.7644187672535,30.141723281219537,4.777777777777778,17.960730398117253,4.037037037037037,8.083005565491867,19.510591041918005,30.389528957438806,39.22359057371527,3.9814814814814814,20.596516361847485,9.583882715185744,3.7962962962962963,40.58070739994043,4.203703703703703,35.429946134961035,53.21848800648013,64.64362966186034,30.231058518041213,24.96837923594137,13.620000461238499,4.055555555555555,14.090761260498581,4.824074074074074,4.601851851851852,78.71122987380004,11.61111111111111,4.5092592592592595,23.337073226633727,18.323875584768174,16.5484415655153,21.915161025901465,9.426805668028056,23.056693713217868,19.26770417060358,11.684831248002988,3.2037037037037037,17.390402399610142,22.576323175003896,13.553964077628992,22.401212283829093,17.904998668092556,287.42796078149854,4.435185185185185,59.793726916081155,3.111111111111111,3.787037037037037,23.952149115638193,20.784079268249766,21.339398183726857,17.66676009614838,6.029532618652244,19.764606604094226,55.01185848383641,9.05905786925587,23.936474331610324,13.622816885652991,14.007759749473301,19.07286753779484,6.630334389246633,14.417111742712576,25.467261481539,68.35907854546018,171.13055915893267,4.435185185185185,24.590413019741018,14.666182625204355,19.765096674729534,4.416666666666667,12.605583701015965,38.614048568466515,16.418125910901935,66.36438302744365,13.589499371495275,15.061917044816845,3.7037037037037037,37.756036091573066,11.610840926564354,8.417786191864128,5.4808014895723,6.62037037037037,5.648148148148148,14.770476916990553,1263.6308672746284,29.7651363270126,7.831856991826118,10.00054715124389,0.0,19.690586126593356,244.40571308775023,23.602727432428505
Yiguandao ,11.307837980249827,3.7675984000885454,5.528976989841903,24.595030662716482,29.414559080768996,11.232602222845381,8.992103883967927,12.773551120084733,49.26321978398004,16.03660692812062,20.6746496818988,8.046597953376057,12.22000370811857,5.901232013427729,4.168942852652886,16.784787872332554,6.768276338826862,10.63898192491232,11.41379083503709,2.100965807248118,6.273694778872609,9.475256231041985,4.62480217510374,63.97507385817549,19.153331959570576,3.2843356258507956,12.18830445516957,22.5324920014906,13.07527053362838,8.515897506074516,4.7968239174875285,30.58905681324235,11.093597055864647,19.842397466748384,35.89672462173203,12.076219097700513,3.5847987826882326,7.615172050161072,3.715853406604873,10.017245812501878,7.575086305012729,5.2494390741130665,5.2568380534916415,8.648327586917983,17.0783272519794,15.076740368049864,8.997800402070384,2.051535900768095,8.135616232401542,6.229720377848493,7.082595165052378,6.2058600264347135,13.441257361182135,4.711128020346944,12.42080245367134,7.024160596581165,12.527914079878611,9.98148887492746,5.174114794712254,5.680236764310364,5.486177292332028,27.71717478499588,19.01122504442199,8.467857135646286,40.02324913785037,5.7284147752061605,7.772992670127526,6.716928466407499,12.874536940597727,8.085014837188313,2.895881750972487,12.096842077623368,7.550011352940707,20.12378495178979,6.103664841156465,62.22874426148359,45.02229477330919,11.282085056911162,149.4632950179852,11.497728171157954,19.30354529142904,4.5700427187246895,22.219159106328444,2.9655100782370685,3.011256151478602,3.9040772263119448,4.925901477811653,4.104523367130039,22.708176660393942,3.8412565857468604,13.255436301832132,9.86086868753001,3.0034867989500103,6.008835150038244,14.351084721687588,19.243521513534144,9.471721480963522,11.379082942244098,20.94340191675181,6.307829687538782,3.1626379459770466,12.449484103359636,4.695531732401045,8.761971006466148,8.744879976727143,4.107443800394983,15.99456614148345,13.563271429042308,7.798005568123641,5.305856264194512,13.110223934484686,10.065030441069986,14.391951130683417,3.745715965970626,13.186137922218723,36.2694001148399,26.2876736694806,5.0622515517411495,7.4363091833287776,2.038423465170791,9.83694347672376,5.958880091462029,24.748937590441706,1.5124544134715345,3.0885628013021216,7.930873278911711,2.8782662455814605,37.8602881526044,4.9678382199061275,6.671355628071216,9.255440100114253,20.446524259434344,95.77828232464972,25.97409772990705,5.191106340426546,22.193609792534485,8.322366227068839,9.147187151157402,9.483589108624832,19.690586126593356,0.0,14.254350177064167,8.744607515168095
Zion Christian Church ,103.3120958003059,18.082912807316593,16.460984557147864,7.4262084587003,11.422238746152082,8.39917476164333,5.014750073112193,160.37123936362266,268.19994786676244,4.924017092775478,14.120344166132535,17.28272110997393,194.7142221369019,19.226772583564557,6.892845725543459,201.80310951232698,20.36113405852756,2.2387671520732053,1.3508335649338987,10.477098688904992,14.411126677736311,57.29809104352351,20.461159700740616,7.16732655322207,332.03192254062753,16.045097244687415,149.35013961662648,16.547039629125194,140.49137992856944,193.68100592634377,38.60320681600564,340.8787863857335,1.865861522675344,353.13538593907055,11.088436881683338,136.13485644368672,68.22115281086361,148.15994214294642,12.754219090303385,16.36864709624476,12.55904082063191,16.25548745535188,4.239497817011462,177.43298634834744,107.70340479807982,14.777517286411289,18.200053113040067,6.870692483372541,62.33616574359601,19.055588991100734,40.33559254166215,14.531003413831694,10.943672084062952,6.700019579192311,154.74602615758835,32.383947951896,155.07179327724174,134.53585940177,18.73079849119928,5.2987105995130195,19.501415260516037,291.5804722808721,8.1719768050148,62.90169653836874,309.0021943153662,7.0336369882324155,138.35515941678838,7.68803446209675,5.546880491323976,3.825693650258358,5.691625867552251,5.666903029824756,40.82514317833424,123.5345816583974,20.641637052805432,493.55317361761297,291.36900064767946,16.226918383111016,666.757743959377,142.2528230527027,11.925927706800156,9.19192336264812,3.519405835478629,10.82014459084666,24.31825820607771,16.143184669437904,23.80393688530691,39.20738136743429,307.0419794957015,11.979157183596195,20.702068693822383,15.049059050273,4.882516141489236,12.003648536430832,1.7128085316300772,225.49734527779256,2.5244382738877267,115.41721634821798,348.8958579049623,7.2283601834138285,4.343354614019308,21.212175609546307,26.442126307239512,138.458294807078,30.386745312571968,16.111157566788464,21.625582613612544,4.0478982513287765,14.620567576953178,18.600860982311413,26.7923244463441,124.51346392340632,19.170367051849137,6.248046354963644,6.528166771822622,10.28424185304337,297.6656876205947,7.060409173523835,26.766082222484464,12.762904147241873,179.52027967618648,37.009529187530454,19.488056659814426,14.532557455879502,8.015043467495413,40.53652043498466,29.139559250759927,269.9314944733865,28.53048716266064,47.63370374766809,66.62821537037055,84.7765455989976,464.3573245996071,306.57957551869373,43.39795981350383,9.500810905733807,16.940231600508213,59.842987261998736,93.6953690812477,244.40571308775023,14.254350177064167,0.0,11.365876088093465
Zoroastrianism ,12.708303990542662,8.957722647655936,19.033546488234467,20.76008256865131,8.234118132033865,3.896853482248827,11.9324699507653,22.511957273025317,51.72008144280506,33.68414219310716,5.044447298337461,3.8858040934513585,21.382145984297,2.421183685557864,5.219836630326883,29.374876255948287,4.160474982296823,4.349779597829534,6.106670954249177,33.3086456298451,12.34262260647439,11.610764856094956,2.899922653905156,188.88776006797093,22.692600174976523,18.26404608424238,12.759714921947287,5.716843485543941,19.092745799923787,12.974410091727817,10.340274558171561,55.65168579394302,6.6639446802342865,30.418286870203204,36.263328126825,14.73250687710513,8.607441385361382,12.902519568863962,7.130447074251848,34.212349500788456,13.117777238144367,21.765867605774428,60.61702664311526,14.497295354994021,17.54686324202557,35.71489026624545,32.718327875015696,15.8627648509488,10.46761040059226,16.52481520222238,10.24854233521314,13.721308082367129,17.35684686826954,4.686972016814,15.466231957956033,4.5508983893817785,15.320988708263394,16.29631991960755,15.333660530810993,14.544181900183057,9.310503161687784,38.553677450235504,6.447066012908416,7.953353882539727,39.23542225612533,6.3357612508733,10.544657081477894,3.3713932383353145,3.1923457696470017,3.37074410289025,4.854021425886125,7.583115705788496,12.469069061326888,19.961251320678613,6.948197348790119,68.71767843584999,34.23962729520875,30.63906520761789,86.9012586832723,11.51974739102812,4.692131058489723,5.857406828191329,5.790440691750308,4.079160907406525,5.329571137410915,16.372113546136767,10.401926251783168,8.18637854858475,16.90786758177013,13.353507533202103,30.093964397116196,31.999116385034657,8.678794742576656,9.226352081745983,13.436849674168796,27.085412563574913,6.757113317263792,9.534388778743345,36.12537175015128,10.104629128992753,74.8878353050454,41.1868617411359,10.805373203342956,13.75387489289378,12.927249181068373,9.52690210364283,4.596065037121364,63.7385708926346,23.997947716254707,5.861778278785046,9.092007172265651,13.67700009765525,51.237165425330836,3.45574993665164,6.425122844861521,9.226167707147171,44.80900141472007,4.874919991391622,15.330033732539928,8.92023200185663,17.02889201590983,9.081689878806278,22.601141693609982,12.749130243550393,6.962240695878892,13.953581515063028,4.446129053340532,47.82270260622293,9.642391416938585,12.882461007271695,4.777493808752964,14.015378079154903,68.64346357847491,23.677770054436056,12.249059900197963,15.655778642161883,17.9123936119544,12.154766549726094,11.098591328386444,23.602727432428505,8.744607515168095,11.365876088093465,0.0
