Religion,,A006,F001,F004,F005,F007,F009,F010,F050,F052,F062,F063,B009,E217,E218,E219,I001,A027,A029,A030,A032,A034,A035,A038,A039,A040,A041,A042,A043B,A044,A045,A165,A168,A168A,F022,A170,A173,E040,E041,F051,F053,F054,F064,F198,A025,A026,A046,A047,A048,A049,D018,D019,D022,D023,D024,D059,D060,D061,D081,E290,F114A,F114B,F114C,F114D,F114E,F115,F116,F117,F118,F119,F120,F121,F122,F123,F124,F128,F135A,F028,F028B,F029,F031,F032,F033,F065,F066,F067,F194,E220,E222,F202,A065,A098,E069_51,F102,F103,F104,F105,B017,F003,F051.1,F053.1,F054.1,F057,F060,A124_12,F203,F204,F205,G007_35_B,F025,F025_WVS,Religion
Adventist movement (Sunday observing),91416,1,0,0,0,0,0,0,1,0,0,10,0,1,1,0,10,1,0,0,0,0,0,1,0,1,0,0,0,0,0,2,0,0,0,8,5,10,0,1,0,1,0,0,0,0,0,0,0,0,0,0,0,0,0,3,3,3,4,1,1,1,4,1,1,1,1,1,1,1,1,5,1,1,0,0,1,2,1,0,0,0,0,0,0,0,0,1,0,2,1,2,0,0,0,0,0,0,0,1,0,1,0,0,1,3,0,0,4,2,20804000,Adventist movement (Sunday observing)
Adventist movement (Sunday observing),92336,1,0,0,0,0,0,0,1,0,0,10,0,1,1,0,1,0,0,0,0,0,1,0,0,0,0,0,0,0,0,2,0,0,0,10,10,10,0,1,0,0,0,0,0,0,0,0,0,0,0,0,0,0,0,2,2,2,2,1,8,8,1,1,1,8,8,8,7,7,7,7,8,8,0,0,8,7,7,0,0,0,0,0,0,0,0,10,0,2,1,2,0,0,0,0,0,0,0,1,0,0,0,0,1,2,0,0,4,2,20804000,Adventist movement (Sunday observing)
Adventist movement (Sunday observing),305160,1,3,0,0,0,0,0,1,0,0,10,0,1,10,0,10,0,0,0,0,0,1,0,0,1,1,1,0,0,0,2,0,2,0,2,5,2,1,0,0,0,0,0,0,0,0,0,0,0,0,0,0,0,0,3,3,3,0,0,10,1,10,10,0,1,1,10,1,1,1,10,1,1,0,0,10,3,3,0,0,0,0,0,0,0,0,1,3,2,0,1,0,0,0,0,0,0,0,0,0,0,0,0,0,2,3,3,3,2,20804000,Adventist movement (Sunday observing)
Adventist movement (Sunday observing),111939,1,0,0,0,0,0,0,1,0,0,10,0,9,7,0,9,0,0,1,1,0,1,0,1,1,0,0,0,0,0,2,0,0,0,10,9,1,0,1,0,1,0,0,0,0,0,0,0,0,0,0,0,0,0,4,4,2,0,1,5,1,8,1,1,6,1,1,5,1,4,10,6,6,0,0,5,2,1,0,0,0,0,0,0,0,0,8,0,1,1,2,0,0,0,0,0,0,0,1,0,1,0,0,0,1,0,0,4,2,20804000,Adventist movement (Sunday observing)
Adventist movement (Sunday observing),305213,1,1,0,0,0,0,0,1,0,0,10,0,10,10,0,1,0,0,1,0,0,1,0,0,1,1,1,0,0,0,2,0,7,0,5,7,4,9,0,1,0,0,0,0,0,0,0,0,0,0,0,0,0,0,3,3,2,0,0,1,1,1,1,0,10,1,1,5,1,1,5,0,1,0,0,5,3,3,0,0,0,0,0,0,0,0,1,0,2,0,1,0,0,0,0,0,0,0,0,1,0,0,0,0,2,1,1,3,2,20804000,Adventist movement (Sunday observing)
Adventist movement (Sunday observing),306601,2,0,0,0,0,0,0,1,0,0,7,0,9,7,0,8,1,0,0,0,0,1,1,0,1,0,1,0,0,0,2,0,0,0,6,7,6,0,0,0,0,0,0,0,0,0,0,0,0,0,0,0,0,0,3,3,3,4,1,7,1,1,1,4,3,4,2,1,4,5,5,4,2,0,0,5,3,4,0,0,0,0,0,0,0,0,6,0,3,1,1,0,0,0,0,0,0,0,0,0,0,0,0,0,4,0,0,3,2,20804000,Adventist movement (Sunday observing)
Adventist movement (Sunday observing),305065,1,2,0,0,0,0,0,1,0,0,8,0,9,9,0,3,0,0,0,1,0,1,0,1,0,1,1,0,0,0,2,0,2,0,5,5,5,6,0,1,0,0,0,0,0,0,0,0,0,0,0,0,0,0,3,3,2,0,0,8,1,1,1,0,1,1,1,1,1,1,1,1,1,0,0,5,2,1,0,0,0,0,0,0,0,0,9,0,3,0,1,0,0,0,0,0,0,0,0,1,0,0,0,0,3,3,3,4,2,20804000,Adventist movement (Sunday observing)
Adventist movement (Sunday observing),305161,1,1,0,0,0,0,0,1,0,0,10,0,9,6,0,1,0,0,0,1,0,1,0,1,0,1,1,0,0,0,2,0,10,0,10,10,1,10,0,1,0,0,0,0,0,0,0,0,0,0,0,0,0,0,3,3,4,0,0,10,2,1,7,0,1,1,1,4,10,10,10,0,1,0,0,10,1,1,0,0,0,0,0,0,0,0,1,0,1,0,2,0,0,0,0,0,0,0,0,1,0,0,0,0,1,1,2,4,2,20804000,Adventist movement (Sunday observing)
Adventist movement (Sunday observing),306181,1,0,0,0,0,0,0,1,0,0,10,0,5,1,0,2,1,0,1,1,0,0,0,0,0,0,1,0,0,0,2,0,0,0,10,5,1,0,0,1,1,0,0,0,0,0,0,0,0,0,0,0,0,0,3,2,3,0,1,1,1,10,1,1,1,9,2,10,9,9,10,1,10,0,0,10,3,2,0,0,0,0,0,0,0,0,0,0,3,1,1,0,0,0,0,0,0,0,0,1,1,0,0,0,1,0,0,2,2,20804000,Adventist movement (Sunday observing)
Adventist movement (Sunday observing),111929,1,0,0,0,0,0,0,1,0,0,10,0,8,5,0,2,1,0,0,0,0,1,0,1,0,1,1,0,0,0,2,0,0,0,7,3,1,0,1,1,1,0,0,0,0,0,0,0,0,0,0,0,0,0,4,4,3,5,3,1,4,2,1,1,1,1,1,1,5,1,8,5,1,0,0,5,7,7,0,0,0,0,0,0,0,0,5,0,1,1,2,0,0,0,0,0,0,0,1,1,1,0,0,0,4,0,0,4,2,20804000,Adventist movement (Sunday observing)
Adventist movement (Sunday observing),306235,1,0,0,0,0,0,0,1,0,0,10,0,8,7,0,9,0,0,0,1,0,1,0,0,0,1,1,0,0,0,2,0,0,0,7,8,8,0,1,0,1,0,0,0,0,0,0,0,0,0,0,0,0,0,3,1,3,4,1,9,2,2,2,1,6,2,2,5,8,10,6,2,2,0,0,5,2,2,0,0,0,0,0,0,0,0,6,0,2,1,1,0,0,0,0,0,0,0,1,0,1,0,0,1,2,0,0,3,2,20804000,Adventist movement (Sunday observing)
Adventist movement (Sunday observing),91783,1,0,0,0,0,0,0,1,0,0,10,0,1,10,0,10,1,1,1,1,0,0,0,0,0,0,1,0,0,0,2,0,0,0,10,10,1,0,1,1,1,0,0,0,0,0,0,0,0,0,0,0,0,0,3,3,2,4,1,1,1,1,1,1,1,1,1,1,1,1,1,1,1,0,0,1,2,1,0,0,0,0,0,0,0,0,1,0,3,1,2,0,0,0,0,0,0,0,1,1,1,0,0,0,4,0,0,2,2,20804000,Adventist movement (Sunday observing)
Adventist movement (Sunday observing),306152,2,0,0,0,0,0,0,1,0,0,10,0,3,7,0,3,1,0,0,1,0,1,0,0,1,0,1,0,0,0,1,0,0,0,10,5,4,0,1,1,1,0,0,0,0,0,0,0,0,0,0,0,0,0,3,3,4,5,2,6,1,3,3,2,6,1,1,4,4,4,4,2,3,0,0,4,1,2,0,0,0,0,0,0,0,0,7,0,1,1,2,0,0,0,0,0,0,0,1,1,1,0,0,0,3,0,0,2,2,20804000,Adventist movement (Sunday observing)
Adventist movement (Sunday observing),305064,1,2,0,0,0,0,0,1,0,0,10,0,1,1,0,1,0,1,0,0,0,1,0,0,1,1,1,0,0,0,2,0,10,0,5,10,7,8,0,1,0,0,0,0,0,0,0,0,0,0,0,0,0,0,3,3,3,0,0,7,1,1,1,0,1,1,1,1,1,1,1,0,1,0,0,1,1,2,0,0,0,0,0,0,0,0,1,0,4,0,2,0,0,0,0,0,0,0,0,1,0,0,0,0,3,3,3,3,2,20804000,Adventist movement (Sunday observing)
Adventist movement (Sunday observing),111178,2,0,0,0,0,0,0,1,0,0,10,0,9,9,0,4,1,0,0,1,0,0,1,0,1,0,1,0,0,0,2,0,0,0,2,6,5,0,0,1,1,0,0,0,0,0,0,0,0,0,0,0,0,0,1,3,1,4,9,9,4,9,9,9,4,4,4,6,6,6,6,6,6,0,0,6,3,7,0,0,0,0,0,0,0,0,9,0,1,1,2,0,0,0,0,0,0,0,0,1,1,0,0,0,1,0,0,3,2,20804000,Adventist movement (Sunday observing)
Adventist movement (Sunday observing),304340,1,3,0,0,0,0,0,1,0,0,10,0,7,7,0,5,0,0,0,1,0,0,1,0,1,1,1,0,0,0,2,0,2,0,2,8,5,7,0,0,0,0,0,0,0,0,0,0,0,0,0,0,0,0,4,4,2,0,0,2,1,1,1,0,8,3,1,8,1,1,0,1,1,0,0,1,2,2,0,0,0,0,0,0,0,0,7,0,2,0,2,0,0,0,0,0,0,0,0,0,0,0,0,0,4,3,2,4,2,20804000,Adventist movement (Sunday observing)
Adventist movement (Sunday observing),92899,1,0,0,0,0,0,0,1,0,0,10,0,9,10,0,9,1,0,0,1,0,1,0,1,1,0,0,0,0,0,2,0,0,0,10,9,5,0,0,0,1,0,0,0,0,0,0,0,0,0,0,0,0,0,3,3,3,4,1,1,1,1,1,1,1,1,1,1,1,1,1,1,1,0,0,1,2,1,0,0,0,0,0,0,0,0,3,0,2,1,2,0,0,0,0,0,0,0,0,0,1,0,0,0,2,0,0,3,2,20804000,Adventist movement (Sunday observing)
Adventist movement (Sunday observing),92315,2,0,0,0,0,0,0,1,0,0,10,0,1,1,0,4,1,1,0,0,1,1,0,0,1,0,0,0,0,0,2,0,0,0,8,10,1,0,1,1,1,0,0,0,0,0,0,0,0,0,0,0,0,0,3,3,2,2,1,1,1,1,2,1,1,1,3,5,7,1,4,4,2,0,0,10,7,1,0,0,0,0,0,0,0,0,5,0,2,1,1,0,0,0,0,0,0,0,1,1,1,0,0,0,3,0,0,1,2,20804000,Adventist movement (Sunday observing)
Adventist movement (Sunday observing),305322,2,0,0,0,0,0,0,1,0,0,10,0,9,9,0,8,1,0,0,1,0,0,1,0,0,0,1,0,0,0,2,0,0,0,10,10,1,0,1,0,0,0,0,0,0,0,0,0,0,0,0,0,0,0,4,4,2,4,1,1,1,4,1,1,1,1,1,1,1,1,3,1,1,0,0,1,4,3,0,0,0,0,0,0,0,0,6,0,3,1,1,0,0,0,0,0,0,0,1,0,0,0,0,0,3,0,0,4,2,20804000,Adventist movement (Sunday observing)
Adventist movement (Sunday observing),304442,1,1,0,0,0,0,0,1,0,0,10,0,10,10,0,10,0,1,0,1,0,0,0,0,1,0,1,0,0,0,1,0,1,0,10,10,1,10,0,0,0,0,0,0,0,0,0,0,0,0,0,0,0,0,2,4,2,0,0,5,1,1,1,0,1,1,1,2,2,2,2,1,1,0,0,2,7,3,0,0,0,0,0,0,0,0,1,0,3,0,2,0,0,0,0,0,0,0,0,0,0,0,0,0,2,1,4,3,2,20804000,Adventist movement (Sunday observing)
Adventist movement (Sunday observing),305228,2,3,0,0,0,0,0,1,0,0,10,0,5,1,0,5,0,1,0,1,0,1,1,0,1,0,0,0,0,0,2,0,5,0,5,10,4,10,0,1,0,0,0,0,0,0,0,0,0,0,0,0,0,0,4,4,1,0,0,1,1,1,1,0,1,1,1,5,5,5,5,5,1,0,0,10,7,1,0,0,0,0,0,0,0,0,1,3,2,0,1,0,0,0,0,0,0,0,0,1,0,0,0,0,4,1,1,4,2,20804000,Adventist movement (Sunday observing)
Adventist movement (Sunday observing),306319,1,0,0,0,0,0,0,1,0,0,10,0,7,8,0,8,0,0,1,1,0,1,1,1,0,0,0,0,0,0,2,0,0,0,6,8,1,0,1,1,1,0,0,0,0,0,0,0,0,0,0,0,0,0,4,3,2,3,1,9,1,1,1,1,3,1,1,1,1,1,10,1,1,0,0,9,2,2,0,0,0,0,0,0,0,0,6,0,3,1,2,0,0,0,0,0,0,0,1,1,1,0,0,0,1,0,0,4,2,20804000,Adventist movement (Sunday observing)
Adventist movement (Sunday observing),305239,1,3,0,0,0,0,0,1,0,0,10,0,1,1,0,1,0,1,0,1,0,1,1,0,0,0,1,0,0,0,2,0,8,0,10,10,1,10,0,0,0,0,0,0,0,0,0,0,0,0,0,0,0,0,3,3,4,0,0,1,1,1,1,0,1,1,1,1,1,1,1,1,1,0,0,1,1,1,0,0,0,0,0,0,0,0,1,0,2,0,2,0,0,0,0,0,0,0,0,0,0,0,0,0,3,2,0,4,2,20804000,Adventist movement (Sunday observing)
Adventist movement (Sunday observing),306582,1,0,0,0,0,0,0,1,0,0,10,0,0,0,0,0,1,0,1,0,0,0,0,0,1,0,1,0,0,0,2,0,0,0,6,6,3,0,1,1,1,0,0,0,0,0,0,0,0,0,0,0,0,0,4,3,3,5,0,0,1,1,1,0,1,1,1,0,1,1,10,1,1,0,0,0,2,1,0,0,0,0,0,0,0,0,10,0,0,1,1,0,0,0,0,0,0,0,1,1,1,0,0,0,0,0,0,2,2,20804000,Adventist movement (Sunday observing)
Adventist movement (Sunday observing),112108,1,0,0,0,0,0,0,1,0,0,10,0,1,5,0,10,1,0,0,1,0,1,0,0,0,1,1,0,0,0,2,0,0,0,8,8,5,0,1,0,1,0,0,0,0,0,0,0,0,0,0,0,0,0,4,4,4,2,1,1,1,1,1,1,1,1,1,5,7,5,5,0,3,0,0,5,7,1,0,0,0,0,0,0,0,0,10,0,3,1,1,0,0,0,0,0,0,0,1,0,1,0,0,0,3,0,0,0,2,20804000,Adventist movement (Sunday observing)
Adventist movement (Sunday observing),111644,2,0,0,0,0,0,0,1,0,0,10,0,5,1,0,3,1,1,0,0,1,1,0,0,0,0,1,0,0,0,2,0,0,0,8,10,10,0,1,0,1,0,0,0,0,0,0,0,0,0,0,0,0,0,3,3,2,4,1,2,1,7,1,1,8,1,1,1,1,1,1,1,1,0,0,1,2,1,0,0,0,0,0,0,0,0,2,0,2,1,1,0,0,0,0,0,0,0,1,0,1,0,0,0,2,0,0,3,2,20804000,Adventist movement (Sunday observing)
Adventist movement (Sunday observing),112111,1,0,0,0,0,0,0,1,0,0,10,0,8,7,0,1,1,0,0,1,0,1,0,0,1,0,1,0,0,0,2,0,0,0,10,8,4,0,0,0,1,0,0,0,0,0,0,0,0,0,0,0,0,0,3,4,1,5,1,5,1,3,1,1,4,8,1,1,1,1,1,1,1,0,0,1,2,1,0,0,0,0,0,0,0,0,7,0,1,1,2,0,0,0,0,0,0,0,0,0,1,0,0,0,1,0,0,2,2,20804000,Adventist movement (Sunday observing)
Adventist movement (Sunday observing),304940,2,4,0,0,0,0,0,1,0,0,10,0,6,7,0,9,0,0,1,0,0,0,1,0,1,1,1,0,0,0,2,0,8,0,8,8,1,7,0,0,0,0,0,0,0,0,0,0,0,0,0,0,0,0,3,3,2,0,0,6,1,1,1,0,1,1,1,1,1,1,1,1,1,0,0,1,2,3,0,0,0,0,0,0,0,0,8,0,2,0,2,0,0,0,0,0,0,0,0,0,0,0,0,0,2,3,4,4,2,20804000,Adventist movement (Sunday observing)
Adventist movement (Sunday observing),305210,1,1,0,0,0,0,0,1,0,0,10,0,1,2,0,6,0,1,0,0,0,1,0,0,1,1,1,0,0,0,2,0,5,0,8,7,4,7,0,1,0,0,0,0,0,0,0,0,0,0,0,0,0,0,3,3,3,0,0,1,1,1,1,0,10,1,1,1,1,1,1,0,1,0,0,1,1,1,0,0,0,0,0,0,0,0,2,0,1,0,2,0,0,0,0,0,0,0,0,1,0,0,0,0,1,3,3,3,2,20804000,Adventist movement (Sunday observing)
Adventist movement (Sunday observing),306588,1,0,0,0,0,0,0,1,0,0,10,0,0,6,0,0,1,1,0,1,0,0,0,0,1,0,1,0,0,0,2,0,0,0,9,8,0,0,0,0,0,0,0,0,0,0,0,0,0,0,0,0,0,0,3,3,2,5,1,0,2,1,1,1,2,1,1,1,1,1,1,1,1,0,0,1,2,0,0,0,0,0,0,0,0,0,0,0,2,1,2,0,0,0,0,0,0,0,0,0,0,0,0,0,1,0,0,3,2,20804000,Adventist movement (Sunday observing)
Adventist movement (Sunday observing),306398,3,0,0,0,0,0,0,1,0,0,10,0,10,10,0,2,1,0,1,0,0,1,0,0,0,1,0,0,0,0,2,0,0,0,10,10,1,0,1,0,1,0,0,0,0,0,0,0,0,0,0,0,0,0,3,3,3,4,10,10,10,10,10,10,10,10,10,10,8,1,1,1,1,0,0,1,2,1,0,0,0,0,0,0,0,0,1,0,2,1,2,0,0,0,0,0,0,0,1,0,1,0,0,0,3,0,0,3,2,20804000,Adventist movement (Sunday observing)
Adventist movement (Sunday observing),305000,1,1,0,0,0,0,0,1,0,0,10,0,5,7,0,8,0,0,0,1,0,1,0,0,1,1,1,0,0,0,2,0,5,0,10,5,5,5,0,0,0,0,0,0,0,0,0,0,0,0,0,0,0,0,4,4,4,0,0,3,3,1,1,0,6,2,1,6,3,1,5,6,1,0,0,5,1,1,0,0,0,0,0,0,0,0,7,0,1,0,2,0,0,0,0,0,0,0,0,0,0,0,0,0,3,2,2,4,2,20804000,Adventist movement (Sunday observing)
Adventist movement (Sunday observing),111869,2,0,0,0,0,0,0,1,0,0,10,0,3,5,0,9,1,1,0,0,0,1,0,0,0,1,1,0,0,0,2,0,0,0,7,10,1,0,1,1,1,0,0,0,0,0,0,0,0,0,0,0,0,0,1,3,3,4,1,3,1,1,4,1,1,1,1,4,4,1,4,1,1,0,0,4,2,3,0,0,0,0,0,0,0,0,8,0,3,1,1,0,0,0,0,0,0,0,1,1,1,0,0,0,3,0,0,2,2,20804000,Adventist movement (Sunday observing)
Adventist movement (Sunday observing),305202,2,1,0,0,0,0,0,1,0,0,10,0,2,2,0,10,0,1,0,1,0,1,0,0,1,0,1,0,0,0,2,0,2,0,8,10,10,9,0,1,0,0,0,0,0,0,0,0,0,0,0,0,0,0,4,4,4,0,0,1,1,1,1,0,1,1,1,1,1,1,2,1,1,0,0,3,1,1,0,0,0,0,0,0,0,0,10,0,2,0,2,0,0,0,0,0,0,0,0,1,0,0,0,0,3,2,2,4,2,20804000,Adventist movement (Sunday observing)
Adventist movement (Sunday observing),306342,1,0,0,0,0,0,0,1,0,0,10,0,9,0,0,0,0,0,0,1,0,1,1,0,1,1,0,0,0,0,2,0,0,0,9,9,7,0,1,1,1,0,0,0,0,0,0,0,0,0,0,0,0,0,0,3,0,0,1,1,1,1,1,1,5,1,1,1,1,1,1,1,1,0,0,1,1,1,0,0,0,0,0,0,0,0,0,0,1,1,2,0,0,0,0,0,0,0,1,1,1,0,0,0,0,0,0,4,2,20804000,Adventist movement (Sunday observing)
Adventist movement (Sunday observing),306328,2,0,0,0,0,0,0,1,0,0,10,0,7,7,0,9,1,0,0,0,0,1,0,0,1,0,1,0,0,0,2,0,0,0,6,7,2,0,1,1,1,0,0,0,0,0,0,0,0,0,0,0,0,0,2,4,3,4,2,8,1,2,2,2,2,1,2,1,1,1,2,1,1,0,0,2,2,2,0,0,0,0,0,0,0,0,8,0,2,1,2,0,0,0,0,0,0,0,1,1,1,0,0,0,3,0,0,2,2,20804000,Adventist movement (Sunday observing)
Adventist movement (Sunday observing),305157,1,3,0,0,0,0,0,1,0,0,8,0,6,7,0,5,0,1,0,1,0,1,0,0,0,1,1,0,0,0,1,0,5,0,6,6,4,5,0,0,0,0,0,0,0,0,0,0,0,0,0,0,0,0,3,2,2,0,0,6,1,2,0,0,7,1,1,3,2,1,3,1,1,0,0,1,3,4,0,0,0,0,0,0,0,0,5,3,4,0,2,0,0,0,0,0,0,0,0,0,0,0,0,0,1,2,1,2,2,20804000,Adventist movement (Sunday observing)
Adventist movement (Sunday observing),305647,1,0,0,0,0,0,0,1,0,0,10,0,1,1,0,1,1,0,0,0,0,1,0,0,1,0,1,0,0,0,2,0,0,0,5,5,5,0,1,1,1,0,0,0,0,0,0,0,0,0,0,0,0,0,3,3,3,1,5,10,1,1,1,5,1,1,1,1,5,1,1,5,5,0,0,5,2,2,0,0,0,0,0,0,0,0,1,0,1,0,0,0,0,0,0,0,0,0,1,1,1,0,0,0,3,0,0,3,2,20804000,Adventist movement (Sunday observing)
Adventist movement (Sunday observing),91469,1,0,0,0,0,0,0,1,0,0,10,0,5,10,0,5,1,1,0,0,0,0,0,0,1,0,1,0,0,0,2,0,0,0,7,5,5,0,1,0,1,0,0,0,0,0,0,0,0,0,0,0,0,0,2,3,2,4,1,10,1,1,1,1,9,2,1,1,1,1,8,1,1,0,0,8,1,1,0,0,0,0,0,0,0,0,1,0,1,1,2,0,0,0,0,0,0,0,1,0,1,0,0,0,2,0,0,3,2,20804000,Adventist movement (Sunday observing)
Adventist movement (Sunday observing),304577,1,3,0,0,0,0,0,1,0,0,10,0,8,5,0,9,0,1,0,0,0,1,0,0,1,0,1,1,0,0,2,0,2,0,5,10,1,10,0,1,0,0,0,0,0,0,0,0,0,0,0,0,0,0,2,3,4,0,0,7,2,3,2,0,4,2,2,3,2,2,5,3,3,0,0,7,2,1,0,0,0,0,0,0,0,0,4,0,2,0,2,0,0,0,0,0,0,0,0,1,0,0,0,0,3,2,1,4,2,20804000,Adventist movement (Sunday observing)
Adventist movement (Sunday observing),91545,1,0,0,0,0,0,0,1,0,0,10,0,10,10,0,10,1,0,0,1,0,1,0,0,1,0,1,0,0,0,2,0,0,0,9,7,8,0,1,1,1,0,0,0,0,0,0,0,0,0,0,0,0,0,3,3,3,4,1,8,1,7,1,1,10,1,1,1,1,1,1,1,1,0,0,2,2,1,0,0,0,0,0,0,0,0,10,0,3,0,0,0,0,0,0,0,0,0,1,1,1,0,0,0,2,0,0,3,2,20804000,Adventist movement (Sunday observing)
Adventist movement (Sunday observing),306168,1,0,0,0,0,0,0,1,0,0,10,0,10,8,0,6,1,0,1,1,0,0,0,0,1,0,0,0,0,0,2,0,0,0,7,7,8,0,1,0,1,0,0,0,0,0,0,0,0,0,0,0,0,0,3,3,3,2,1,2,1,1,2,1,2,1,1,1,1,1,5,1,1,0,0,2,2,1,0,0,0,0,0,0,0,0,9,0,2,1,2,0,0,0,0,0,0,0,1,0,1,0,0,0,2,0,0,4,2,20804000,Adventist movement (Sunday observing)
Adventist movement (Sunday observing),305248,1,1,0,0,0,0,0,1,0,0,10,0,10,10,0,10,0,0,0,0,0,1,0,0,0,0,0,0,0,0,2,0,5,0,10,8,10,10,0,1,0,0,0,0,0,0,0,0,0,0,0,0,0,0,4,3,3,0,0,1,1,1,1,0,1,1,1,1,1,1,1,1,1,0,0,1,1,3,0,0,0,0,0,0,0,0,10,0,4,0,0,0,0,0,0,0,0,0,0,1,0,0,0,0,4,4,4,4,2,20804000,Adventist movement (Sunday observing)
Adventist movement (Sunday observing),305215,1,3,0,0,0,0,0,1,0,0,10,0,10,10,0,10,0,0,1,1,1,1,0,0,0,0,0,1,0,0,2,0,8,0,10,5,1,1,0,1,0,0,0,0,0,0,0,0,0,0,0,0,0,0,3,2,2,0,0,10,1,1,1,0,1,1,1,5,1,1,5,0,1,0,0,5,3,2,0,0,0,0,0,0,0,0,10,0,2,0,2,0,0,0,0,0,0,0,0,1,0,0,0,0,2,2,2,2,2,20804000,Adventist movement (Sunday observing)
Adventist movement (Sunday observing),304915,1,1,0,0,0,0,0,1,0,0,10,0,8,6,0,7,0,0,0,0,0,1,0,0,1,0,0,0,0,0,2,0,8,0,5,7,2,4,0,1,0,0,0,0,0,0,0,0,0,0,0,0,0,0,3,3,3,0,0,8,1,1,1,0,3,1,1,1,1,1,1,1,1,0,0,4,2,1,0,0,0,0,0,0,0,0,8,3,1,0,2,0,0,0,0,0,0,0,0,1,0,0,0,1,1,2,3,4,2,20804000,Adventist movement (Sunday observing)
Adventist movement (Sunday observing),306198,1,0,0,0,0,0,0,1,0,0,10,0,5,7,0,6,1,0,1,0,0,0,1,0,1,0,1,0,0,0,2,0,0,0,7,6,1,0,1,1,1,0,0,0,0,0,0,0,0,0,0,0,0,0,3,1,2,4,0,0,1,5,1,0,1,1,1,6,1,6,6,0,1,0,0,8,2,2,0,0,0,0,0,0,0,0,6,0,2,1,2,0,0,0,0,0,0,0,1,1,1,0,0,0,3,0,0,3,2,20804000,Adventist movement (Sunday observing)
Adventist movement (Sunday observing),111856,2,0,0,0,0,0,0,1,0,0,10,0,1,8,0,10,1,1,0,1,0,1,0,0,0,0,1,0,0,0,2,0,0,0,8,7,1,0,1,1,1,0,0,0,0,0,0,0,0,0,0,0,0,0,3,4,2,4,1,1,1,8,1,1,1,1,1,1,1,8,8,10,1,0,0,8,3,2,0,0,0,0,0,0,0,0,10,0,3,1,1,0,0,0,0,0,0,0,1,1,1,0,0,0,3,0,0,2,2,20804000,Adventist movement (Sunday observing)
Adventist movement (Sunday observing),304892,1,1,0,0,0,0,0,1,0,0,10,0,8,8,0,3,0,0,0,1,0,1,0,1,1,1,0,0,0,0,2,0,10,0,5,3,9,8,0,1,0,0,0,0,0,0,0,0,0,0,0,0,0,0,4,3,3,0,0,2,1,1,1,0,2,2,2,2,2,1,2,1,1,0,0,1,6,8,0,0,0,0,0,0,0,0,8,0,2,0,1,0,0,0,0,0,0,0,0,1,0,0,0,0,2,2,2,3,2,20804000,Adventist movement (Sunday observing)
Adventist movement (Sunday observing),304401,1,2,0,0,0,0,0,1,0,0,5,0,5,5,0,5,0,1,0,1,0,1,0,1,0,1,0,0,0,0,2,0,5,0,10,5,4,7,0,1,0,0,0,0,0,0,0,0,0,0,0,0,0,0,0,3,2,0,0,1,1,1,1,0,1,1,1,1,1,1,5,1,1,0,0,5,3,4,0,0,0,0,0,0,0,0,4,0,3,0,1,0,0,0,0,0,0,0,0,1,0,0,0,0,3,2,2,3,2,20804000,Adventist movement (Sunday observing)
Adventist movement (Sunday observing),306631,1,0,0,0,0,0,0,1,0,0,10,0,10,10,0,1,0,0,0,1,0,0,0,1,1,0,1,0,0,0,2,0,0,0,9,9,2,0,1,1,1,0,0,0,0,0,0,0,0,0,0,0,0,0,3,4,3,3,1,8,1,1,1,2,9,1,1,10,6,8,9,10,2,0,0,10,2,3,0,0,0,0,0,0,0,0,5,0,1,1,1,0,0,0,0,0,0,0,1,1,1,0,0,0,3,0,0,3,2,20804000,Adventist movement (Sunday observing)
African traditional religions Ethnic,50871,1,0,0,0,0,0,0,1,0,0,10,0,8,9,0,7,1,1,0,1,0,0,0,0,0,0,0,0,0,0,2,0,0,0,8,8,10,0,1,0,1,0,0,0,0,0,0,0,0,0,0,0,0,0,4,4,3,2,1,1,1,5,1,1,1,4,1,10,1,1,10,1,1,0,0,10,2,2,0,0,0,0,0,0,0,0,2,0,3,1,1,0,0,0,0,0,0,0,1,0,1,0,0,0,3,0,0,2,9,90300000,African traditional religions Ethnic
African traditional religions Ethnic,437763,0,1,0,0,0,0,0,1,0,0,10,0,5,3,0,2,0,1,0,1,0,1,0,1,1,0,0,0,0,0,2,0,1,0,6,9,3,3,0,1,0,0,0,0,0,0,0,0,0,0,0,0,0,0,2,2,4,0,0,4,5,1,1,0,3,2,1,3,1,2,5,2,3,0,0,3,2,1,0,0,0,0,0,0,0,0,5,2,2,0,0,0,0,0,0,0,0,0,0,1,0,0,0,0,2,3,4,3,9,90300000,African traditional religions Ethnic
African traditional religions Ethnic,437456,2,2,0,0,0,0,0,1,0,0,6,0,8,9,0,8,0,1,1,1,1,1,0,0,0,0,0,0,0,0,2,0,8,0,9,10,7,6,0,1,0,0,0,0,0,0,0,0,0,0,0,0,0,0,2,2,3,0,0,3,4,5,5,0,5,3,2,3,4,4,3,2,3,0,0,2,2,2,0,0,0,0,0,0,0,0,7,3,2,0,2,0,0,0,0,0,0,0,0,1,0,0,0,0,1,2,2,2,9,90300000,African traditional religions Ethnic
African traditional religions Ethnic,436330,2,1,0,0,0,0,0,1,0,0,9,0,9,8,0,8,0,1,1,0,0,1,0,1,0,0,1,0,0,0,2,0,2,0,8,8,1,8,0,0,0,0,0,0,0,0,0,0,0,0,0,0,0,0,1,2,2,0,0,1,1,5,1,0,1,1,1,3,2,5,4,5,1,0,0,6,2,3,0,0,0,0,0,0,0,0,9,3,2,0,2,0,0,0,0,0,0,0,0,0,0,0,0,0,1,1,1,4,9,90300000,African traditional religions Ethnic
African traditional religions Ethnic,435862,3,3,0,0,0,0,0,1,0,0,6,0,6,5,0,4,0,1,0,1,0,0,0,1,1,0,1,0,0,0,1,0,3,0,6,5,5,4,0,1,0,0,0,0,0,0,0,0,0,0,0,0,0,0,1,3,3,0,0,8,9,7,5,0,10,7,9,7,7,9,2,5,10,0,0,4,3,7,0,0,0,0,0,0,0,0,6,1,3,0,1,0,0,0,0,0,0,0,0,1,0,0,0,0,2,0,4,2,9,90300000,African traditional religions Ethnic
African traditional religions Ethnic,441376,2,2,0,0,0,0,0,1,0,0,8,0,10,10,0,4,0,0,1,0,0,0,0,1,1,1,1,0,0,0,2,0,2,0,6,10,1,9,0,0,0,0,0,0,0,0,0,0,0,0,0,0,0,0,2,3,3,0,0,1,1,8,1,0,1,1,6,1,5,1,5,0,1,0,0,3,4,4,0,0,0,0,0,0,0,0,7,2,0,0,0,0,0,0,0,0,0,0,0,0,0,0,0,0,2,3,2,2,9,90300000,African traditional religions Ethnic
African traditional religions Ethnic,435265,2,1,0,0,0,0,0,1,0,0,9,0,3,6,0,4,0,1,0,1,0,0,1,0,1,0,1,0,0,0,2,0,3,0,3,7,10,4,0,0,0,0,0,0,0,0,0,0,0,0,0,0,0,0,4,4,3,0,0,1,1,5,1,0,1,1,1,1,1,1,5,1,1,0,0,4,3,3,0,0,0,0,0,0,0,0,6,3,0,0,2,0,0,0,0,0,0,0,0,0,0,0,0,1,4,1,1,4,9,90300000,African traditional religions Ethnic
African traditional religions Ethnic,438022,1,2,0,0,0,0,0,1,0,0,10,0,8,7,0,7,0,1,0,0,1,0,0,0,1,0,1,1,0,0,2,0,6,0,5,4,9,3,0,0,0,0,0,0,0,0,0,0,0,0,0,0,0,0,4,4,3,0,0,8,1,1,1,0,9,1,1,10,2,2,2,3,1,0,0,4,1,2,0,0,0,0,0,0,0,0,9,3,1,0,2,0,0,0,0,0,0,0,0,0,0,0,0,0,1,3,2,2,9,90300000,African traditional religions Ethnic
African traditional religions Ethnic,49732,1,0,0,0,0,0,0,1,0,0,10,0,10,10,0,1,0,0,0,1,0,1,0,1,1,1,0,0,0,0,2,0,0,0,8,10,1,0,1,1,1,0,0,0,0,0,0,0,0,0,0,0,0,0,1,1,1,2,1,1,1,5,1,1,1,1,1,8,7,6,7,1,1,0,0,6,2,2,0,0,0,0,0,0,0,0,10,0,3,0,0,0,0,0,0,0,0,0,1,1,1,0,0,0,0,0,0,3,9,90300000,African traditional religions Ethnic
African traditional religions Ethnic,436585,1,1,0,0,0,0,0,1,0,0,10,0,6,8,0,8,0,0,0,1,0,1,0,1,0,1,0,1,0,0,2,0,7,0,6,8,1,10,0,0,0,0,0,0,0,0,0,0,0,0,0,0,0,0,3,3,3,0,0,1,1,1,1,0,1,1,1,1,1,1,1,1,1,0,0,1,2,1,0,0,0,0,0,0,0,0,6,3,1,0,2,0,0,0,0,0,0,0,0,0,0,0,0,0,4,1,1,3,9,90300000,African traditional religions Ethnic
African traditional religions Ethnic,437406,1,3,0,0,0,0,0,1,0,0,10,0,10,10,0,5,0,1,0,0,0,0,0,1,0,1,1,1,0,0,2,0,1,0,6,10,6,10,0,1,0,0,0,0,0,0,0,0,0,0,0,0,0,0,2,3,3,0,0,1,1,1,1,0,1,1,1,1,1,1,1,1,1,0,0,1,1,2,0,0,0,0,0,0,0,0,6,0,0,0,2,0,0,0,0,0,0,0,0,1,0,0,0,0,0,0,0,3,9,90300000,African traditional religions Ethnic
African traditional religions Ethnic,441051,2,3,0,0,0,0,0,1,0,0,10,0,4,6,0,5,0,0,0,1,0,1,0,1,0,0,1,1,0,0,2,0,3,0,2,10,2,9,0,1,0,0,0,0,0,0,0,0,0,0,0,0,0,0,1,1,2,0,0,1,2,9,3,0,5,4,1,1,4,4,7,0,2,0,0,3,1,2,0,0,0,0,0,0,0,0,3,3,3,0,1,0,0,0,0,0,0,0,0,1,0,0,0,1,1,2,3,3,9,90300000,African traditional religions Ethnic
African traditional religions Ethnic,437612,1,2,0,0,0,0,0,1,0,0,5,0,6,7,0,5,0,1,1,1,1,1,0,0,0,0,0,0,0,0,2,0,8,0,8,7,7,5,0,0,0,0,0,0,0,0,0,0,0,0,0,0,0,0,1,1,2,0,0,5,4,4,4,0,4,3,3,2,3,4,3,4,4,0,0,3,2,4,0,0,0,0,0,0,0,0,6,3,2,0,2,0,0,0,0,0,0,0,0,0,0,0,0,1,1,2,1,1,9,90300000,African traditional religions Ethnic
African traditional religions Ethnic,436373,1,1,0,0,0,0,0,1,0,0,10,0,10,6,0,6,0,0,1,0,0,0,0,1,1,0,1,1,0,0,2,0,10,0,3,8,7,1,0,1,0,0,0,0,0,0,0,0,0,0,0,0,0,0,3,4,2,0,0,1,1,1,2,0,1,4,2,1,1,4,4,2,1,0,0,1,2,1,0,0,0,0,0,0,0,0,10,2,1,0,2,0,0,0,0,0,0,0,0,1,0,0,0,0,2,2,2,3,9,90300000,African traditional religions Ethnic
African traditional religions Ethnic,50054,2,0,0,0,0,0,0,1,0,0,10,0,0,10,0,10,1,0,0,0,0,1,0,0,1,1,1,0,0,0,2,0,0,0,10,10,1,0,1,1,1,0,0,0,0,0,0,0,0,0,0,0,0,0,4,4,2,2,1,1,1,10,1,1,10,1,1,10,1,1,10,1,1,0,0,10,7,2,0,0,0,0,0,0,0,0,1,0,2,1,1,0,0,0,0,0,0,0,1,1,1,0,0,0,3,0,0,2,9,90300000,African traditional religions Ethnic
African traditional religions Ethnic,440887,3,2,0,0,0,0,0,1,0,0,10,0,6,5,0,5,0,0,1,0,0,1,1,1,0,1,0,0,0,0,1,0,6,0,7,6,5,6,0,0,0,0,0,0,0,0,0,0,0,0,0,0,0,0,4,4,4,0,0,6,6,7,4,0,6,5,6,5,5,5,5,0,6,0,0,5,7,7,0,0,0,0,0,0,0,0,6,1,1,0,1,0,0,0,0,0,0,0,0,0,0,0,0,0,4,0,0,3,9,90300000,African traditional religions Ethnic
African traditional religions Ethnic,437719,1,3,0,0,0,0,0,1,0,0,6,0,7,6,0,6,0,1,1,1,0,0,0,0,1,0,0,1,0,0,2,0,5,0,7,8,5,8,0,0,0,0,0,0,0,0,0,0,0,0,0,0,0,0,1,1,2,0,0,2,3,4,3,0,2,2,3,2,3,2,3,3,2,0,0,2,2,4,0,0,0,0,0,0,0,0,7,3,2,0,2,0,0,0,0,0,0,0,0,0,0,0,0,1,1,2,1,2,9,90300000,African traditional religions Ethnic
African traditional religions Ethnic,50171,1,0,0,0,0,0,0,1,0,0,10,0,7,8,0,7,0,1,0,1,0,1,0,1,0,0,0,0,0,0,2,0,0,0,9,10,4,0,1,0,0,0,0,0,0,0,0,0,0,0,0,0,0,0,3,3,2,2,3,1,1,3,2,1,10,1,1,9,7,1,10,8,3,0,0,10,4,4,0,0,0,0,0,0,0,0,6,0,3,1,1,0,0,0,0,0,0,0,1,0,0,0,0,0,3,0,0,2,9,90300000,African traditional religions Ethnic
African traditional religions Ethnic,441908,4,3,0,0,0,0,0,1,0,0,10,0,6,6,0,6,0,1,0,1,1,0,1,0,0,0,0,1,0,0,2,0,3,0,4,4,7,7,0,0,0,0,0,0,0,0,0,0,0,0,0,0,0,0,1,1,4,0,0,6,6,5,5,0,5,5,5,5,5,5,5,0,5,0,0,5,7,7,0,0,0,0,0,0,0,0,6,3,4,0,0,0,0,0,0,0,0,0,0,0,0,0,0,0,1,4,4,4,9,90300000,African traditional religions Ethnic
African traditional religions Ethnic,436425,2,2,0,0,0,0,0,1,0,0,5,0,5,5,0,6,0,1,0,0,1,0,1,1,0,0,0,1,0,0,2,0,8,0,6,8,6,6,0,0,0,0,0,0,0,0,0,0,0,0,0,0,0,0,2,2,2,0,0,6,5,5,5,0,6,5,6,5,5,6,6,6,6,0,0,6,4,4,0,0,0,0,0,0,0,0,6,2,2,0,2,0,0,0,0,0,0,0,0,0,0,0,0,0,2,2,2,2,9,90300000,African traditional religions Ethnic
African traditional religions Ethnic,436361,1,1,0,0,0,0,0,1,0,0,10,0,6,5,0,7,0,1,0,1,0,1,0,0,1,0,1,0,0,0,2,0,7,0,7,6,8,6,0,1,0,0,0,0,0,0,0,0,0,0,0,0,0,0,2,4,4,0,0,2,8,5,8,0,8,7,7,6,5,6,8,7,6,0,0,6,2,1,0,0,0,0,0,0,0,0,8,2,1,0,2,0,0,0,0,0,0,0,0,1,0,0,0,1,1,2,2,2,9,90300000,African traditional religions Ethnic
African traditional religions Ethnic,435709,2,2,0,0,0,0,0,1,0,0,9,0,10,7,0,9,0,1,0,1,0,0,1,1,0,0,0,1,0,0,2,0,1,0,3,8,2,4,0,0,0,0,0,0,0,0,0,0,0,0,0,0,0,0,2,4,1,0,0,5,2,1,1,0,4,2,4,1,1,4,7,4,1,0,0,9,2,3,0,0,0,0,0,0,0,0,8,3,0,0,2,0,0,0,0,0,0,0,0,0,0,0,0,0,3,2,3,2,9,90300000,African traditional religions Ethnic
African traditional religions Ethnic,437563,3,3,0,0,0,0,0,1,0,0,10,0,10,10,0,4,0,1,0,1,0,1,0,1,0,0,1,0,0,0,1,0,1,0,1,1,10,10,0,1,0,0,0,0,0,0,0,0,0,0,0,0,0,0,3,3,2,0,0,1,1,1,1,0,1,1,1,1,1,1,1,1,1,0,0,1,2,2,0,0,0,0,0,0,0,0,10,3,0,0,2,0,0,0,0,0,0,0,0,1,0,0,0,0,0,0,0,1,9,90300000,African traditional religions Ethnic
African traditional religions Ethnic,441247,1,3,0,0,0,0,0,1,0,0,10,0,7,7,0,7,0,0,0,0,0,1,0,0,1,1,1,0,0,0,2,0,4,0,5,6,1,3,0,1,0,0,0,0,0,0,0,0,0,0,0,0,0,0,2,4,4,0,0,3,2,5,3,0,2,3,3,1,1,1,1,0,1,0,0,1,6,8,0,0,0,0,0,0,0,0,8,3,2,0,1,0,0,0,0,0,0,0,0,1,0,0,0,0,0,0,0,2,9,90300000,African traditional religions Ethnic
African traditional religions Ethnic,437584,1,1,0,0,0,0,0,1,0,0,7,0,9,8,0,9,0,1,1,0,0,0,1,1,0,0,0,1,0,0,2,0,9,0,9,9,8,7,0,1,0,0,0,0,0,0,0,0,0,0,0,0,0,0,1,1,2,0,0,9,9,8,8,0,8,8,8,9,8,9,8,8,8,0,0,9,2,4,0,0,0,0,0,0,0,0,8,3,2,0,2,0,0,0,0,0,0,0,0,1,0,0,0,1,1,2,1,2,9,90300000,African traditional religions Ethnic
African traditional religions Ethnic,437480,1,1,0,0,0,0,0,1,0,0,10,0,7,6,0,6,0,0,1,1,0,0,0,0,1,1,1,0,0,0,1,0,10,0,7,10,1,1,0,0,0,0,0,0,0,0,0,0,0,0,0,0,0,0,4,4,4,0,0,1,1,9,1,0,1,6,1,1,1,7,9,1,1,0,0,1,2,1,0,0,0,0,0,0,0,0,5,3,1,0,0,0,0,0,0,0,0,0,0,0,0,0,0,1,4,1,3,3,9,90300000,African traditional religions Ethnic
African traditional religions Ethnic,50564,2,0,0,0,0,0,0,1,0,0,7,0,7,7,0,7,1,1,1,1,0,0,0,1,0,0,0,0,0,0,2,0,0,0,7,5,7,0,1,1,1,0,0,0,0,0,0,0,0,0,0,0,0,0,2,3,2,4,7,5,6,6,8,5,7,6,8,7,7,5,7,7,6,0,0,7,4,3,0,0,0,0,0,0,0,0,7,0,2,1,1,0,0,0,0,0,0,0,1,1,1,0,0,0,4,0,0,0,9,90300000,African traditional religions Ethnic
African traditional religions Ethnic,436610,2,1,0,0,0,0,0,1,0,0,9,0,0,8,0,0,0,0,1,0,0,1,1,1,0,1,0,0,0,0,2,0,5,0,3,4,7,4,0,0,0,0,0,0,0,0,0,0,0,0,0,0,0,0,0,3,3,0,0,1,3,5,3,0,3,3,2,0,2,0,3,1,2,0,0,2,7,3,0,0,0,0,0,0,0,0,8,1,0,0,0,0,0,0,0,0,0,0,0,0,0,0,0,0,3,1,2,2,9,90300000,African traditional religions Ethnic
African traditional religions Ethnic,50067,1,0,0,0,0,0,0,1,0,0,4,0,5,1,0,0,1,0,0,1,1,1,0,0,0,1,0,0,0,0,1,0,0,0,1,1,10,0,1,1,1,0,0,0,0,0,0,0,0,0,0,0,0,0,3,3,2,2,1,10,1,1,1,1,10,10,10,10,8,1,10,8,7,0,0,10,2,4,0,0,0,0,0,0,0,0,8,0,3,1,2,0,0,0,0,0,0,0,1,1,1,0,0,0,3,0,0,4,9,90300000,African traditional religions Ethnic
African traditional religions Ethnic,437887,1,2,0,0,0,0,0,1,0,0,10,0,10,7,0,6,0,1,0,0,1,0,1,0,0,1,1,0,0,0,2,0,9,0,10,7,8,8,0,1,0,0,0,0,0,0,0,0,0,0,0,0,0,0,3,3,1,0,0,7,4,8,5,0,5,6,3,7,1,1,2,4,6,0,0,1,7,2,0,0,0,0,0,0,0,0,10,2,1,0,2,0,0,0,0,0,0,0,0,1,0,0,0,0,1,2,1,2,9,90300000,African traditional religions Ethnic
African traditional religions Ethnic,437400,1,3,0,0,0,0,0,1,0,0,10,0,0,6,0,5,0,1,1,1,0,0,0,1,0,0,1,0,0,0,2,0,1,0,1,1,1,10,0,1,0,0,0,0,0,0,0,0,0,0,0,0,0,0,4,4,2,0,0,1,1,1,1,0,1,1,1,1,1,1,1,1,1,0,0,1,1,2,0,0,0,0,0,0,0,0,0,3,0,0,2,0,0,0,0,0,0,0,0,1,0,0,0,0,0,0,0,1,9,90300000,African traditional religions Ethnic
African traditional religions Ethnic,437294,1,1,0,0,0,0,0,1,0,0,10,0,10,10,0,0,0,1,1,0,0,1,0,0,1,1,0,0,0,0,2,0,10,0,10,10,1,5,0,0,0,0,0,0,0,0,0,0,0,0,0,0,0,0,4,4,4,0,0,3,1,6,1,0,1,1,1,1,4,1,6,1,4,0,0,1,2,2,0,0,0,0,0,0,0,0,0,3,2,0,0,0,0,0,0,0,0,0,0,0,0,0,0,1,2,2,2,3,9,90300000,African traditional religions Ethnic
African traditional religions Ethnic,436676,1,3,0,0,0,0,0,1,0,0,8,0,8,10,0,7,0,1,0,0,1,1,0,1,0,0,0,0,0,0,2,0,8,0,8,8,7,6,0,1,0,0,0,0,0,0,0,0,0,0,0,0,0,0,3,2,1,0,0,3,4,6,4,0,5,3,4,6,4,5,3,4,6,0,0,2,2,2,0,0,0,0,0,0,0,0,9,3,2,0,2,0,0,0,0,0,0,0,0,1,0,0,0,0,3,1,2,2,9,90300000,African traditional religions Ethnic
African traditional religions Ethnic,436025,1,1,0,0,0,0,0,1,0,0,6,0,5,6,0,5,0,1,1,1,0,1,0,0,1,0,0,0,0,0,1,0,6,0,5,5,5,5,0,1,0,0,0,0,0,0,0,0,0,0,0,0,0,0,4,4,4,0,0,1,1,1,1,0,1,1,1,5,3,4,2,1,2,0,0,1,2,2,0,0,0,0,0,0,0,0,5,2,0,0,2,0,0,0,0,0,0,0,0,1,0,0,0,0,4,1,3,4,9,90300000,African traditional religions Ethnic
African traditional religions Ethnic,436280,2,2,0,0,0,0,0,1,0,0,5,0,6,3,0,9,0,1,1,1,0,0,0,0,0,1,0,1,0,0,2,0,6,0,8,7,4,8,0,0,0,0,0,0,0,0,0,0,0,0,0,0,0,0,2,3,2,0,0,4,6,8,7,0,8,7,5,3,8,4,1,8,6,0,0,7,3,1,0,0,0,0,0,0,0,0,6,1,1,0,2,0,0,0,0,0,0,0,0,0,0,0,0,1,2,3,2,1,9,90300000,African traditional religions Ethnic
African traditional religions Ethnic,437556,2,2,0,0,0,0,0,1,0,0,8,0,7,8,0,0,0,1,1,1,1,1,0,0,0,0,0,0,0,0,2,0,7,0,8,8,8,7,0,1,0,0,0,0,0,0,0,0,0,0,0,0,0,0,3,2,1,0,0,2,3,3,4,0,1,4,3,2,4,5,4,2,3,0,0,3,2,2,0,0,0,0,0,0,0,0,7,3,2,0,2,0,0,0,0,0,0,0,0,1,0,0,0,0,1,2,2,4,9,90300000,African traditional religions Ethnic
African traditional religions Ethnic,437955,3,3,0,0,0,0,0,1,0,0,10,0,10,10,0,10,0,0,1,0,1,0,1,1,0,1,0,0,0,0,1,0,10,0,5,10,1,9,0,1,0,0,0,0,0,0,0,0,0,0,0,0,0,0,2,1,1,0,0,4,6,4,3,0,7,8,9,7,6,4,3,5,6,0,0,3,7,7,0,0,0,0,0,0,0,0,1,3,2,0,2,0,0,0,0,0,0,0,0,1,0,0,0,0,3,3,4,3,9,90300000,African traditional religions Ethnic
African traditional religions Ethnic,436564,1,1,0,0,0,0,0,1,0,0,10,0,9,6,0,8,0,1,0,1,1,1,0,0,1,0,0,0,0,0,2,0,4,0,4,7,6,4,0,1,0,0,0,0,0,0,0,0,0,0,0,0,0,0,4,4,4,0,0,2,3,1,2,0,4,1,3,1,1,1,4,5,1,0,0,7,2,1,0,0,0,0,0,0,0,0,7,3,2,0,2,0,0,0,0,0,0,0,0,1,0,0,0,0,4,1,3,2,9,90300000,African traditional religions Ethnic
African traditional religions Ethnic,438153,1,2,0,0,0,0,0,1,0,0,8,0,8,7,0,6,0,1,0,0,1,0,1,0,1,1,0,0,0,0,2,0,4,0,6,6,5,6,0,0,0,0,0,0,0,0,0,0,0,0,0,0,0,0,2,2,2,0,0,8,7,9,10,0,10,9,8,10,9,8,10,7,8,0,0,9,1,1,0,0,0,0,0,0,0,0,8,2,1,0,2,0,0,0,0,0,0,0,0,0,0,0,0,1,2,1,1,1,9,90300000,African traditional religions Ethnic
African traditional religions Ethnic,436494,1,2,0,0,0,0,0,1,0,0,7,0,9,8,0,10,0,1,1,1,0,1,0,0,0,0,0,1,0,0,2,0,8,0,7,9,3,1,0,0,0,0,0,0,0,0,0,0,0,0,0,0,0,0,2,4,2,0,0,10,10,8,9,0,10,9,8,7,8,8,8,6,6,0,0,7,7,4,0,0,0,0,0,0,0,0,7,0,2,0,1,0,0,0,0,0,0,0,0,0,0,0,0,0,1,2,3,1,9,90300000,African traditional religions Ethnic
African traditional religions Ethnic,436739,3,2,0,0,0,0,0,1,0,0,8,0,5,7,0,8,0,1,1,0,0,1,0,1,0,0,0,0,0,0,2,0,3,0,8,8,8,8,0,1,0,0,0,0,0,0,0,0,0,0,0,0,0,0,1,3,2,0,0,4,6,5,3,0,3,5,2,4,6,4,3,4,5,0,0,6,2,3,0,0,0,0,0,0,0,0,6,1,3,0,1,0,0,0,0,0,0,0,0,1,0,0,0,1,2,4,3,3,9,90300000,African traditional religions Ethnic
African traditional religions Ethnic,437692,1,2,0,0,0,0,0,1,0,0,7,0,7,7,0,7,0,1,0,0,1,1,1,0,0,0,0,1,0,0,2,0,10,0,8,9,8,8,0,0,0,0,0,0,0,0,0,0,0,0,0,0,0,0,1,2,2,0,0,9,9,4,3,0,8,8,9,8,8,4,3,4,3,0,0,4,4,5,0,0,0,0,0,0,0,0,6,3,1,0,1,0,0,0,0,0,0,0,0,0,0,0,0,1,2,1,1,2,9,90300000,African traditional religions Ethnic
African traditional religions Ethnic,438226,2,1,0,0,0,0,0,1,0,0,10,0,10,10,0,7,0,0,1,1,1,1,0,1,0,0,0,0,0,0,2,0,1,0,7,10,1,1,0,1,0,0,0,0,0,0,0,0,0,0,0,0,0,0,3,4,4,0,0,1,2,10,1,0,1,1,1,1,1,1,7,9,10,0,0,8,1,1,0,0,0,0,0,0,0,0,10,2,3,0,2,0,0,0,0,0,0,0,0,1,0,0,0,1,4,1,1,1,9,90300000,African traditional religions Ethnic
African traditional religions Ethnic,437304,1,2,0,0,0,0,0,1,0,0,10,0,7,7,0,9,0,0,0,0,1,0,0,1,0,1,1,1,0,0,2,0,7,0,9,6,6,7,0,0,0,0,0,0,0,0,0,0,0,0,0,0,0,0,4,4,2,0,0,1,1,1,2,0,1,1,1,1,1,1,6,2,2,0,0,3,3,2,0,0,0,0,0,0,0,0,9,3,1,0,2,0,0,0,0,0,0,0,0,0,0,0,0,0,2,2,2,2,9,90300000,African traditional religions Ethnic
African traditional religions Ethnic,436675,2,2,0,0,0,0,0,1,0,0,7,0,8,9,0,6,0,1,1,0,1,0,0,0,0,0,0,0,0,0,1,0,5,0,6,8,7,9,0,1,0,0,0,0,0,0,0,0,0,0,0,0,0,0,1,2,2,0,0,6,3,3,6,0,5,5,4,7,6,4,2,4,5,0,0,7,2,2,0,0,0,0,0,0,0,0,8,3,3,0,1,0,0,0,0,0,0,0,0,1,0,0,0,0,2,1,2,2,9,90300000,African traditional religions Ethnic
African traditional religions Ethnic,436092,1,1,0,0,0,0,0,1,0,0,10,0,6,7,0,5,0,1,1,1,0,1,0,0,1,0,0,0,0,0,2,0,5,0,1,9,1,2,0,0,0,0,0,0,0,0,0,0,0,0,0,0,0,0,2,4,4,0,0,9,8,10,9,0,6,10,9,1,9,5,10,9,10,0,0,6,7,7,0,0,0,0,0,0,0,0,8,3,1,0,1,0,0,0,0,0,0,0,0,0,0,0,0,0,4,2,1,1,9,90300000,African traditional religions Ethnic
African traditional religions Ethnic,436420,1,2,0,0,0,0,0,1,0,0,5,0,7,7,0,6,0,1,1,0,1,0,0,0,1,0,0,1,0,0,2,0,7,0,5,6,6,1,0,0,0,0,0,0,0,0,0,0,0,0,0,0,0,0,2,2,2,0,0,6,4,2,1,0,5,2,1,2,6,1,1,1,1,0,0,1,7,2,0,0,0,0,0,0,0,0,7,3,1,0,2,0,0,0,0,0,0,0,0,0,0,0,0,1,1,1,2,4,9,90300000,African traditional religions Ethnic
African traditional religions Ethnic,436567,2,1,0,0,0,0,0,1,0,0,9,0,5,4,0,4,0,1,1,0,0,1,0,0,1,0,0,1,0,0,2,0,5,0,6,8,2,4,0,1,0,0,0,0,0,0,0,0,0,0,0,0,0,0,4,4,4,0,0,2,4,2,10,0,2,1,2,2,2,1,1,4,1,0,0,5,2,2,0,0,0,0,0,0,0,0,8,2,2,0,2,0,0,0,0,0,0,0,0,1,0,0,0,0,3,1,2,1,9,90300000,African traditional religions Ethnic
African traditional religions Ethnic,436592,1,3,0,0,0,0,0,1,0,0,4,0,5,5,0,5,0,0,1,0,1,0,1,1,1,0,0,0,0,0,2,0,6,0,6,5,4,5,0,1,0,0,0,0,0,0,0,0,0,0,0,0,0,0,2,2,2,0,0,6,6,5,5,0,5,5,5,5,6,5,5,5,6,0,0,5,3,3,0,0,0,0,0,0,0,0,6,3,2,0,2,0,0,0,0,0,0,0,0,1,0,0,0,0,2,2,2,2,9,90300000,African traditional religions Ethnic
African traditional religions Ethnic,435070,4,1,0,0,0,0,0,0,0,0,9,0,7,10,0,9,0,0,1,0,1,0,1,0,0,1,0,1,0,0,2,0,10,0,8,10,9,9,0,0,0,0,0,0,0,0,0,0,0,0,0,0,0,0,2,1,2,0,0,9,7,5,5,0,10,7,8,9,6,6,7,8,9,0,0,9,4,2,0,0,0,0,0,0,0,0,9,1,2,0,1,0,0,0,0,0,0,0,0,0,0,0,0,0,2,1,1,3,9,90300000,African traditional religions Ethnic
Ahl-i Hadith,295919,1,2,0,0,0,0,0,1,1,0,10,0,0,0,0,0,0,1,0,0,1,0,0,1,0,1,1,0,0,0,2,0,0,0,7,0,0,0,1,1,1,1,0,1,1,0,0,0,0,1,0,1,0,0,3,3,0,0,0,1,0,0,0,0,1,1,1,1,1,2,5,1,1,1,0,0,1,0,0,0,0,0,0,0,0,0,0,0,0,0,0,0,1,2,5,0,0,0,1,1,1,0,0,0,0,0,0,0,5,50101015,Ahl-i Hadith
Ahl-i Hadith,296585,1,0,0,0,0,0,0,1,1,0,10,0,0,0,0,0,0,1,0,1,0,0,1,0,1,0,1,0,0,0,2,1,0,0,6,5,0,0,1,1,1,1,0,1,1,0,0,0,0,1,1,0,0,0,4,0,0,0,0,2,0,0,0,0,3,1,1,1,1,1,1,1,1,1,0,0,2,0,0,0,0,0,0,0,0,0,0,0,0,0,0,0,1,2,4,0,0,0,1,1,1,0,0,0,0,0,0,0,5,50101015,Ahl-i Hadith
Ahl-i Hadith,294112,1,0,0,0,0,0,0,1,1,0,10,2,0,0,0,0,0,0,0,1,0,1,0,1,1,1,0,0,0,0,2,0,0,0,0,0,0,0,1,1,1,1,0,1,2,0,0,0,0,0,0,0,0,0,4,4,0,0,0,0,0,0,0,0,0,0,0,0,0,0,0,0,0,0,0,0,0,0,0,0,0,0,0,0,0,0,0,0,0,0,0,0,0,0,0,0,2,0,1,1,1,0,0,0,0,0,0,0,5,50101015,Ahl-i Hadith
Ahl-i Hadith,296084,1,2,0,0,0,0,0,1,1,0,10,0,0,0,0,0,0,0,1,1,0,0,1,0,1,1,0,0,0,0,1,2,0,0,3,0,0,0,1,1,1,1,0,1,1,0,0,0,0,0,0,0,0,0,3,3,0,0,0,5,0,0,0,0,2,3,1,1,1,1,1,1,1,1,0,0,1,0,0,0,0,0,0,0,0,0,0,0,0,0,0,0,5,2,2,0,0,0,1,1,1,0,0,0,0,0,0,0,5,50101015,Ahl-i Hadith
Ahl-i Hadith,296013,1,2,0,0,0,0,0,1,1,0,10,0,0,0,0,0,1,0,1,1,0,0,1,0,1,0,0,0,0,0,0,1,0,0,6,4,0,0,1,1,1,1,0,1,1,0,0,0,0,1,0,0,0,0,3,4,0,0,0,1,0,0,0,0,1,1,1,1,1,1,1,1,1,1,0,0,2,0,0,0,0,0,0,0,0,0,0,0,0,0,0,0,1,2,3,0,0,0,1,1,1,0,0,0,0,0,0,0,5,50101015,Ahl-i Hadith
Ahl-i Hadith,295462,1,2,0,0,0,0,0,1,1,0,10,0,0,0,0,0,1,0,1,0,0,1,1,0,1,0,0,0,0,0,2,0,0,0,3,6,0,0,1,1,1,1,0,1,1,0,0,0,0,1,0,0,0,0,4,0,0,0,0,0,0,0,0,0,1,1,1,1,1,1,1,1,1,1,0,0,3,0,0,0,0,0,0,0,0,0,0,0,0,0,0,0,2,1,4,0,0,0,1,1,1,0,0,0,0,0,0,0,5,50101015,Ahl-i Hadith
Ahl-i Hadith,295056,1,2,0,0,0,0,0,1,1,0,10,0,0,0,0,0,1,0,1,0,0,0,1,0,1,0,1,0,0,0,2,1,0,0,2,6,0,0,1,1,1,1,0,1,1,0,0,0,0,0,1,0,0,0,4,0,0,0,0,1,0,0,0,0,0,1,1,1,1,5,1,1,1,1,0,0,2,0,0,0,0,0,0,0,0,0,0,0,0,0,0,0,2,3,5,0,0,0,1,1,1,0,0,0,0,0,0,0,5,50101015,Ahl-i Hadith
Ahl-i Hadith,294237,1,0,0,0,0,0,0,1,1,0,10,1,0,0,0,0,0,1,0,0,0,1,0,1,1,1,0,0,0,0,2,0,0,0,0,0,0,0,1,1,1,1,0,1,1,0,0,0,0,0,0,0,0,0,3,3,0,0,0,0,0,0,0,0,0,0,0,0,0,0,0,0,0,0,0,0,0,0,0,0,0,0,0,0,0,0,0,0,0,0,0,0,0,0,0,0,1,0,1,1,1,0,0,0,0,0,0,0,5,50101015,Ahl-i Hadith
Ahl-i Hadith,294532,1,0,0,0,0,0,0,1,1,0,8,1,0,0,0,0,1,0,0,1,0,0,1,1,0,1,0,0,0,0,2,0,0,0,0,0,0,0,1,1,1,1,0,1,1,0,0,0,0,0,0,0,0,0,2,3,0,0,0,0,0,0,0,0,0,0,0,0,0,0,0,0,0,0,0,0,0,0,0,0,0,0,0,0,0,0,0,0,0,0,0,0,0,0,0,0,2,0,1,1,1,0,0,0,0,0,0,0,5,50101015,Ahl-i Hadith
Ahl-i Hadith,294632,1,0,0,0,0,0,0,1,1,0,10,2,0,0,0,0,1,0,0,1,0,0,1,0,1,0,1,0,0,0,2,0,0,0,0,0,0,0,1,1,1,1,0,1,1,0,0,0,0,0,0,0,0,0,1,1,0,0,0,0,0,0,0,0,0,0,0,0,0,0,0,0,0,0,0,0,0,0,0,0,0,0,0,0,0,0,0,0,0,0,0,0,0,0,0,0,0,0,1,1,1,0,0,0,0,0,0,0,5,50101015,Ahl-i Hadith
Ahl-i Hadith,295471,1,2,0,0,0,0,0,1,1,0,10,0,0,0,0,0,0,0,0,1,0,0,1,0,1,1,1,0,0,0,2,1,0,0,3,6,0,0,1,1,1,1,0,1,1,0,0,0,0,1,1,0,0,0,4,0,0,0,0,0,0,0,0,0,1,1,1,1,1,2,1,1,1,1,0,0,3,0,0,0,0,0,0,0,0,0,0,0,0,0,0,0,2,1,4,0,0,0,1,1,1,0,0,0,0,0,0,0,5,50101015,Ahl-i Hadith
Ahl-i Hadith,296048,1,1,0,0,0,0,0,1,1,0,10,0,0,0,0,0,1,0,1,0,0,1,0,1,0,1,0,0,0,0,1,1,0,0,5,3,0,0,1,1,1,1,0,1,1,0,0,0,0,1,1,0,0,0,1,4,0,0,0,3,0,0,0,0,2,1,1,1,1,2,0,1,1,1,0,0,1,0,0,0,0,0,0,0,0,0,0,0,0,0,0,0,4,5,0,0,0,0,1,1,1,0,0,0,0,0,0,0,5,50101015,Ahl-i Hadith
Ahl-i Hadith,295775,1,2,0,0,0,0,0,1,1,0,10,0,0,0,0,0,1,0,0,0,0,1,0,0,1,1,1,0,0,0,2,1,0,0,6,6,0,0,1,1,1,1,0,1,1,0,0,0,0,0,1,0,0,0,4,0,0,0,0,0,0,0,0,0,1,1,1,1,1,1,1,1,1,1,0,0,3,0,0,0,0,0,0,0,0,0,0,0,0,0,0,0,2,3,1,0,0,0,1,1,1,0,0,0,0,0,0,0,5,50101015,Ahl-i Hadith
Ahl-i Hadith,295380,1,0,0,0,0,0,0,1,1,0,10,0,0,0,0,0,1,0,1,0,0,0,1,0,1,0,1,0,0,0,2,1,0,0,0,0,0,0,1,1,1,1,0,2,2,0,0,0,0,1,1,0,0,0,3,4,0,0,0,1,0,0,0,0,1,3,1,1,1,2,1,1,1,1,0,0,2,0,0,0,0,0,0,0,0,0,0,0,0,0,0,0,2,1,3,0,0,0,1,1,1,0,0,0,0,0,0,0,5,50101015,Ahl-i Hadith
Ahl-i Hadith,294375,1,0,0,0,0,0,0,1,1,0,10,2,0,0,0,0,0,0,1,1,0,0,1,0,1,0,1,0,0,0,1,0,0,0,0,0,0,0,1,1,1,1,0,1,1,0,0,0,0,0,0,0,0,0,2,2,0,0,0,0,0,0,0,0,0,0,0,0,0,0,0,0,0,0,0,0,0,0,0,0,0,0,0,0,0,0,0,0,0,0,0,0,0,0,0,0,1,0,1,1,1,0,0,0,0,0,0,0,5,50101015,Ahl-i Hadith
Ahl-i Hadith,294020,1,0,0,0,0,0,0,1,1,0,10,2,0,0,0,0,1,0,1,1,0,0,0,0,1,0,1,0,0,0,2,0,0,0,0,0,0,0,1,1,1,1,0,1,1,0,0,0,0,0,0,0,0,0,1,3,0,0,0,0,0,0,0,0,0,0,0,0,0,0,0,0,0,0,0,0,0,0,0,0,0,0,0,0,0,0,0,0,0,0,0,0,0,0,0,0,2,0,1,1,1,0,0,0,0,0,0,0,5,50101015,Ahl-i Hadith
Ahl-i Hadith,295101,1,2,0,0,0,0,0,1,1,0,10,0,0,0,0,0,1,0,1,1,0,0,1,0,1,0,0,0,0,0,2,0,0,0,0,9,0,0,1,1,1,1,0,1,1,0,0,0,0,1,1,0,0,0,3,3,0,0,0,1,0,0,0,0,1,1,1,1,1,1,1,1,1,1,0,0,1,0,0,0,0,0,0,0,0,0,0,0,0,0,0,0,2,2,3,0,0,0,1,1,1,0,0,0,0,0,0,0,5,50101015,Ahl-i Hadith
Ahl-i Hadith,295035,1,2,0,0,0,0,0,1,1,0,10,0,0,0,0,0,1,0,1,1,0,0,1,0,1,0,0,0,0,0,2,1,0,0,2,5,0,0,1,1,1,1,0,1,1,0,0,0,0,1,0,0,0,0,4,0,0,0,0,2,0,0,0,0,1,1,1,1,1,1,1,1,1,1,0,0,2,0,0,0,0,0,0,0,0,0,0,0,0,0,0,0,2,3,5,0,0,0,1,1,1,0,0,0,0,0,0,0,5,50101015,Ahl-i Hadith
Ahl-i Hadith,294170,3,0,0,0,0,0,0,1,1,0,7,1,0,0,0,0,1,0,0,1,0,1,1,0,0,0,1,0,0,0,2,0,0,0,0,0,0,0,1,1,1,0,0,1,1,0,0,0,0,0,0,0,0,0,2,2,0,0,0,0,0,0,0,0,0,0,0,0,0,0,0,0,0,0,0,0,0,0,0,0,0,0,0,0,0,0,0,0,0,0,0,0,0,0,0,0,1,0,1,1,1,0,0,0,0,0,0,0,5,50101015,Ahl-i Hadith
Ahl-i Hadith,296094,1,1,0,0,0,0,0,1,1,0,10,0,0,0,0,0,1,0,1,0,0,0,1,0,1,0,1,0,0,0,2,1,0,0,4,4,0,0,1,1,1,1,0,1,1,0,0,0,0,1,1,0,0,0,3,2,0,0,0,3,0,0,0,0,1,1,1,1,1,1,5,1,1,1,0,0,1,0,0,0,0,0,0,0,0,0,0,0,0,0,0,0,1,4,1,0,0,0,1,1,1,0,0,0,0,0,0,0,5,50101015,Ahl-i Hadith
Ahl-i Hadith,294845,1,2,0,0,0,0,0,1,1,0,10,0,0,0,0,0,1,0,1,0,0,0,1,0,1,1,0,0,0,0,2,1,0,0,3,6,0,0,1,1,1,1,0,1,1,0,0,0,0,1,1,0,0,0,4,0,0,0,0,2,0,0,0,0,3,1,1,1,1,1,1,1,1,1,0,0,2,0,0,0,0,0,0,0,0,0,0,0,0,0,0,0,2,3,4,0,0,0,1,1,1,0,0,1,0,0,0,0,5,50101015,Ahl-i Hadith
Ahl-i Hadith,294255,3,0,0,0,0,0,0,1,1,0,6,1,0,0,0,0,1,0,1,1,0,0,1,0,0,0,1,0,0,0,2,0,0,0,0,0,0,0,1,1,1,0,0,1,1,0,0,0,0,0,0,0,0,0,2,1,0,0,0,0,0,0,0,0,0,0,0,0,0,0,0,0,0,0,0,0,0,0,0,0,0,0,0,0,0,0,0,0,0,0,0,0,0,0,0,0,0,0,1,1,1,0,0,0,0,0,0,0,5,50101015,Ahl-i Hadith
Ahl-i Hadith,296143,1,2,0,0,0,0,0,1,1,0,10,0,0,0,0,0,1,0,1,0,0,0,1,0,1,0,1,0,0,0,1,2,0,0,5,5,0,0,1,1,1,1,0,1,1,0,0,0,0,1,0,0,0,0,3,3,0,0,0,5,0,0,0,0,2,1,1,1,1,1,1,1,1,1,0,0,1,0,0,0,0,0,0,0,0,0,0,0,0,0,0,0,1,2,2,0,0,0,1,1,1,0,0,0,0,0,0,0,5,50101015,Ahl-i Hadith
Ahl-i Hadith,294609,2,0,0,0,0,0,0,1,1,0,10,1,0,0,0,0,0,0,1,1,0,1,1,1,0,0,0,0,0,0,2,0,0,0,0,0,0,0,1,1,1,1,0,1,1,0,0,0,0,0,0,0,0,0,4,3,0,0,0,0,0,0,0,0,0,0,0,0,0,0,0,0,0,0,0,0,0,0,0,0,0,0,0,0,0,0,0,0,0,0,0,0,0,0,0,0,0,0,1,1,1,0,0,0,0,0,0,0,5,50101015,Ahl-i Hadith
Ahl-i Hadith,295286,2,1,0,0,0,0,0,1,1,0,10,0,0,0,0,0,1,0,0,1,0,0,1,0,1,0,1,0,0,0,1,2,0,0,3,3,0,0,1,1,1,1,0,1,1,0,0,0,0,1,1,0,0,0,2,2,0,0,0,1,0,0,0,0,1,1,1,1,1,0,1,1,1,1,0,0,3,0,0,0,0,0,0,0,0,0,0,0,0,0,0,0,1,0,2,0,0,0,1,1,1,0,0,0,0,0,0,0,5,50101015,Ahl-i Hadith
Ahl-i Hadith,294466,1,0,0,0,0,0,0,1,1,0,10,2,0,0,0,0,1,0,0,1,0,1,1,0,1,0,0,0,0,0,2,0,0,0,0,0,0,0,1,1,1,1,0,1,1,0,0,0,0,0,0,0,0,0,1,3,0,0,0,0,0,0,0,0,0,0,0,0,0,0,0,0,0,0,0,0,0,0,0,0,0,0,0,0,0,0,0,0,0,0,0,0,0,0,0,0,0,0,1,1,1,0,0,0,0,0,0,0,5,50101015,Ahl-i Hadith
Ahl-i Hadith,294617,1,0,0,0,0,0,0,1,1,0,10,2,0,0,0,0,1,0,1,0,0,1,1,1,0,0,0,0,0,0,2,0,0,0,0,0,0,0,1,1,1,1,0,1,1,0,0,0,0,0,0,0,0,0,1,1,0,0,0,0,0,0,0,0,0,0,0,0,0,0,0,0,0,0,0,0,0,0,0,0,0,0,0,0,0,0,0,0,0,0,0,0,0,0,0,0,2,0,1,1,1,0,0,0,0,0,0,0,5,50101015,Ahl-i Hadith
Ahl-i Hadith,296078,1,2,0,0,0,0,0,1,1,0,10,0,0,0,0,0,1,0,0,1,0,0,0,1,1,0,1,0,0,0,2,0,0,0,2,5,0,0,1,1,1,1,0,2,2,0,0,0,0,0,0,0,0,0,3,3,0,0,0,4,0,0,0,0,1,1,1,1,1,0,1,1,1,1,0,0,1,0,0,0,0,0,0,0,0,0,0,0,0,0,0,0,1,4,4,0,0,0,1,1,1,0,0,0,0,0,0,0,5,50101015,Ahl-i Hadith
Ahl-i Hadith,295403,1,2,0,0,0,0,0,1,1,0,10,0,0,0,0,0,1,0,1,0,0,1,0,0,1,0,1,0,0,0,2,1,0,0,3,6,0,0,1,1,1,1,0,1,1,0,0,0,0,1,0,0,0,0,4,0,0,0,0,0,0,0,0,0,3,1,3,1,1,2,1,1,1,1,0,0,3,0,0,0,0,0,0,0,0,0,0,0,0,0,0,0,2,3,1,0,0,0,1,1,1,0,0,1,0,0,0,0,5,50101015,Ahl-i Hadith
Ahl-i Hadith,294639,1,2,0,0,0,0,0,1,1,0,10,0,0,0,0,0,1,0,1,0,0,1,0,1,1,0,0,0,0,0,2,0,0,0,8,7,0,0,1,1,1,1,0,1,1,0,0,0,0,1,1,0,0,0,2,3,0,0,0,1,0,0,0,0,1,1,1,1,1,0,1,1,1,1,0,0,3,0,0,0,0,0,0,0,0,0,0,0,0,0,0,0,2,3,1,0,0,0,1,1,1,0,0,0,0,0,0,0,5,50101015,Ahl-i Hadith
Ahl-i Hadith,295000,1,2,0,0,0,0,0,1,1,0,10,0,0,0,0,0,1,0,1,1,0,0,0,0,1,0,1,0,0,0,2,2,0,0,2,6,0,0,1,1,1,1,0,1,1,0,0,0,0,0,1,0,0,0,4,0,0,0,0,1,0,0,0,0,1,1,1,1,1,5,5,1,1,1,0,0,2,0,0,0,0,0,0,0,0,0,0,0,0,0,0,0,2,1,5,0,0,0,1,1,1,0,0,0,0,0,0,0,5,50101015,Ahl-i Hadith
Ahl-i Hadith,294113,1,0,0,0,0,0,0,1,1,0,10,1,0,0,0,0,0,0,0,1,0,1,0,1,1,1,0,0,0,0,2,0,0,0,0,0,0,0,1,1,1,1,0,1,2,0,0,0,0,0,0,0,0,0,4,4,0,0,0,0,0,0,0,0,0,0,0,0,0,0,0,0,0,0,0,0,0,0,0,0,0,0,0,0,0,0,0,0,0,0,0,0,0,0,0,0,0,0,1,1,1,0,0,0,0,0,0,0,5,50101015,Ahl-i Hadith
Ahl-i Hadith,295251,1,2,0,0,0,0,0,1,1,0,10,0,0,0,0,0,1,0,1,1,0,0,1,0,0,1,0,0,0,0,2,0,0,0,2,6,0,0,1,1,1,1,0,1,2,0,0,0,0,1,0,0,0,0,4,0,0,0,0,0,0,0,0,0,1,1,3,1,1,1,1,1,1,1,0,0,3,0,0,0,0,0,0,0,0,0,0,0,0,0,0,0,2,3,3,0,0,0,1,1,1,0,0,0,0,0,0,0,5,50101015,Ahl-i Hadith
Ahl-i Hadith,295946,1,1,0,0,0,0,0,1,1,0,10,0,0,0,0,0,1,0,0,0,0,1,0,1,1,1,0,0,0,0,2,1,0,0,3,3,0,0,1,1,1,1,0,1,1,0,0,0,0,1,1,0,0,0,3,2,0,0,0,1,0,0,0,0,1,1,1,1,1,1,1,1,1,1,0,0,1,0,0,0,0,0,0,0,0,0,0,0,0,0,0,0,1,4,2,0,0,0,1,1,1,0,0,0,0,0,0,0,5,50101015,Ahl-i Hadith
Ahl-i Hadith,295289,1,2,0,0,0,0,0,1,1,0,10,0,0,0,0,0,1,0,1,1,0,0,1,0,1,0,0,0,0,0,2,0,0,0,0,0,0,0,1,1,1,1,0,1,1,0,0,0,0,1,1,0,0,0,3,3,0,0,0,1,0,0,0,0,1,1,1,1,1,1,4,1,1,1,0,0,1,0,0,0,0,0,0,0,0,0,0,0,0,0,0,0,2,3,4,0,0,0,1,1,1,0,0,0,0,0,0,0,5,50101015,Ahl-i Hadith
Ahl-i Hadith,295777,1,2,0,0,0,0,0,1,1,0,10,0,0,0,0,0,1,0,0,1,0,1,1,0,1,0,0,0,0,0,1,2,0,0,7,6,0,0,1,1,1,1,0,1,1,0,0,0,0,1,1,0,0,0,1,3,0,0,0,1,0,0,0,0,1,1,1,1,1,1,1,1,1,1,0,0,2,0,0,0,0,0,0,0,0,0,0,0,0,0,0,0,3,2,3,0,0,0,1,1,1,0,0,0,0,0,0,0,5,50101015,Ahl-i Hadith
Ahl-i Hadith,296222,1,4,0,0,0,0,0,1,1,0,10,0,0,0,0,0,0,1,0,1,0,0,1,0,1,1,0,0,0,0,0,2,0,0,3,3,0,0,1,1,1,1,0,1,1,0,0,0,0,1,1,0,0,0,2,4,0,0,0,3,0,0,0,0,2,2,1,1,1,2,0,1,1,1,0,0,1,0,0,0,0,0,0,0,0,0,0,0,0,0,0,0,1,5,1,0,0,0,1,1,1,0,0,0,0,0,0,0,5,50101015,Ahl-i Hadith
Ahl-i Hadith,296409,1,2,0,0,0,0,0,1,1,0,10,0,0,0,0,0,1,0,1,1,0,0,1,0,1,0,0,0,0,0,2,1,0,0,3,6,0,0,1,1,1,1,0,1,1,0,0,0,0,0,0,0,0,0,4,0,0,0,0,1,0,0,0,0,1,1,1,1,1,1,1,1,1,1,0,0,1,0,0,0,0,0,0,0,0,0,0,0,0,0,0,0,1,1,4,0,0,0,1,1,1,0,0,0,0,0,0,0,5,50101015,Ahl-i Hadith
Ahl-i Hadith,294836,1,2,0,0,0,0,0,1,1,0,10,0,0,0,0,0,1,0,0,0,0,1,1,0,1,0,1,0,0,0,2,1,0,0,3,6,0,0,1,1,1,1,0,1,1,0,0,0,0,0,1,0,0,0,4,0,0,0,0,1,0,0,0,0,1,1,1,1,1,1,1,1,1,1,0,0,2,0,0,0,0,0,0,0,0,0,0,0,0,0,0,0,2,0,4,0,0,0,1,1,1,0,0,0,0,0,0,0,5,50101015,Ahl-i Hadith
Ahl-i Hadith,295752,1,2,0,0,0,0,0,1,1,0,10,0,0,0,0,0,1,0,1,0,0,1,1,0,1,0,0,0,0,0,2,0,0,0,0,0,0,0,1,1,1,1,0,1,1,0,0,0,0,1,1,0,0,0,3,4,0,0,0,1,0,0,0,0,1,3,1,1,1,1,1,1,1,1,0,0,2,0,0,0,0,0,0,0,0,0,0,0,0,0,0,0,2,1,3,0,0,0,1,1,1,0,0,0,0,0,0,0,5,50101015,Ahl-i Hadith
Ahl-i Hadith,295755,1,3,0,0,0,0,0,1,1,0,10,0,0,0,0,0,1,0,0,1,0,1,0,0,1,1,0,0,0,0,2,1,0,0,0,4,0,0,1,1,1,1,0,1,1,0,0,0,0,1,0,0,0,0,3,4,0,0,0,1,0,0,0,0,1,1,1,1,1,1,1,1,1,1,0,0,3,0,0,0,0,0,0,0,0,0,0,0,0,0,0,0,1,2,4,0,0,0,1,1,1,0,0,0,0,0,0,0,5,50101015,Ahl-i Hadith
Ahl-i Hadith,295405,1,2,0,0,0,0,0,1,1,0,10,0,0,0,0,0,1,0,0,1,0,0,1,0,1,0,1,0,0,0,2,0,0,0,5,6,0,0,1,1,1,1,0,1,1,0,0,0,0,1,1,0,0,0,1,3,0,0,0,1,0,0,0,0,1,1,1,1,1,1,1,1,1,1,0,0,2,0,0,0,0,0,0,0,0,0,0,0,0,0,0,0,1,2,3,0,0,0,1,1,1,0,0,0,0,0,0,0,5,50101015,Ahl-i Hadith
Ahl-i Hadith,296603,1,0,0,0,0,0,0,1,1,0,10,0,0,0,0,0,0,0,0,1,0,0,1,1,1,1,0,0,0,0,2,1,0,0,3,0,0,0,1,1,1,1,0,1,1,0,0,0,0,1,1,0,0,0,4,0,0,0,0,0,0,0,0,0,0,1,1,1,1,3,1,1,1,1,0,0,1,0,0,0,0,0,0,0,0,0,0,0,0,0,0,0,1,3,4,0,0,0,1,1,1,0,0,0,0,0,0,0,5,50101015,Ahl-i Hadith
Ahl-i Hadith,294880,2,1,0,0,0,0,0,1,1,0,10,0,0,0,0,0,1,0,1,0,0,0,1,0,1,0,1,0,0,0,1,2,0,0,4,3,0,0,1,1,1,1,0,1,1,0,0,0,0,1,1,0,0,0,2,2,0,0,0,1,0,0,0,0,1,1,1,1,1,1,1,1,1,1,0,0,3,0,0,0,0,0,0,0,0,0,0,0,0,0,0,0,1,0,3,0,0,0,1,1,1,0,0,0,0,0,0,0,5,50101015,Ahl-i Hadith
Ahl-i Hadith,295450,1,2,0,0,0,0,0,1,1,0,10,0,0,0,0,0,1,0,1,0,0,1,1,0,1,0,0,0,0,0,2,1,0,0,3,3,0,0,1,1,1,1,0,1,1,0,0,0,0,1,0,0,0,0,4,0,0,0,0,0,0,0,0,0,3,1,1,1,1,1,1,1,1,1,0,0,3,0,0,0,0,0,0,0,0,0,0,0,0,0,0,0,2,3,1,0,0,0,1,1,1,0,0,1,0,0,0,0,5,50101015,Ahl-i Hadith
Ahl-i Hadith,294699,3,2,0,0,0,0,0,1,1,0,10,0,0,0,0,0,1,0,0,1,0,1,1,0,0,1,0,0,0,0,1,2,0,0,7,6,0,0,1,1,1,1,0,1,1,0,0,0,0,1,1,0,0,0,1,3,0,0,0,1,0,0,0,0,1,1,1,1,1,1,1,1,1,1,0,0,4,0,0,0,0,0,0,0,0,0,0,0,0,0,0,0,3,2,4,0,0,0,1,1,1,0,0,1,0,0,0,0,5,50101015,Ahl-i Hadith
Ahl-i Hadith,295876,2,3,0,0,0,0,0,1,1,0,10,0,0,0,0,0,1,0,1,0,0,0,1,0,1,0,1,0,0,0,1,2,0,0,6,3,0,0,1,1,1,1,0,1,1,0,0,0,0,1,1,0,0,0,3,0,0,0,0,1,0,0,0,0,1,1,1,1,1,1,2,1,1,1,0,0,2,0,0,0,0,0,0,0,0,0,0,0,0,0,0,0,1,0,2,0,0,0,1,1,1,0,0,0,0,0,0,0,5,50101015,Ahl-i Hadith
Ahl-i Hadith,295015,1,2,0,0,0,0,0,1,1,0,10,0,0,0,0,0,0,0,1,1,0,0,1,0,1,0,1,0,0,0,2,1,0,0,3,6,0,0,1,1,1,1,0,1,1,0,0,0,0,1,1,0,0,0,4,0,0,0,0,2,0,0,0,0,1,2,1,1,1,1,1,1,1,1,0,0,2,0,0,0,0,0,0,0,0,0,0,0,0,0,0,0,2,1,1,0,0,0,1,1,1,0,0,1,0,0,0,0,5,50101015,Ahl-i Hadith
Ahl-i Hadith,295401,1,3,0,0,0,0,0,1,1,0,10,0,0,0,0,0,0,0,1,1,0,0,1,0,1,0,1,0,0,0,2,0,0,0,5,5,0,0,1,1,1,1,0,1,1,0,0,0,0,0,1,0,0,0,1,3,0,0,0,1,0,0,0,0,1,0,1,1,1,1,1,1,1,1,0,0,3,0,0,0,0,0,0,0,0,0,0,0,0,0,0,0,1,1,0,0,0,0,1,1,1,0,0,0,0,0,0,0,5,50101015,Ahl-i Hadith
Ahl-i Hadith,294706,1,2,0,0,0,0,0,1,1,0,10,0,0,0,0,0,0,0,0,1,0,1,0,1,1,1,0,0,0,0,1,2,0,0,5,6,0,0,1,1,1,1,0,1,1,0,0,0,0,1,1,0,0,0,4,0,0,0,0,2,0,0,0,0,1,1,1,1,1,1,1,1,1,1,0,0,2,0,0,0,0,0,0,0,0,0,0,0,0,0,0,0,2,1,1,0,0,0,1,1,1,0,0,1,0,0,0,0,5,50101015,Ahl-i Hadith
Anglican,423190,3,1,0,0,0,0,0,1,1,0,8,0,0,0,0,0,0,1,0,0,1,0,0,1,0,1,0,0,0,0,2,0,0,1,7,8,3,9,1,0,1,1,0,2,1,1,1,1,1,0,1,0,2,2,0,0,0,0,0,8,0,0,0,0,0,8,1,6,3,9,9,9,5,0,5,0,0,0,1,1,1,1,1,0,0,0,0,0,0,0,0,0,0,0,0,0,0,0,1,0,1,0,1,0,0,0,0,0,2,20400000,Anglican
Anglican,21715,2,2,0,0,0,0,0,1,0,0,10,0,3,3,0,5,0,1,1,0,1,0,1,0,0,0,0,1,0,0,2,0,8,0,5,5,10,1,0,1,0,0,0,0,0,0,0,0,0,0,0,0,0,0,3,3,3,0,0,1,1,1,1,0,1,1,1,5,5,5,5,0,5,0,0,5,7,4,0,0,0,0,0,0,0,0,10,2,3,0,2,0,0,0,0,0,0,0,0,1,0,0,0,0,3,2,2,3,2,20400000,Anglican
Anglican,291468,4,3,0,0,0,0,0,0,0,0,1,0,0,0,0,0,0,1,0,0,0,1,0,1,0,1,0,0,0,0,1,0,0,0,8,8,1,9,0,0,0,0,0,0,0,0,0,0,0,1,0,0,1,0,4,4,0,0,0,1,0,0,0,0,1,1,1,6,6,6,9,4,1,0,0,0,8,0,0,0,0,0,0,0,0,0,0,0,0,0,0,0,4,1,4,1,0,0,0,0,0,0,0,0,0,0,0,0,2,20400000,Anglican
Anglican,291429,3,3,0,0,0,0,0,0,0,0,3,0,0,0,0,0,0,1,1,1,1,1,1,0,0,1,1,0,0,0,1,0,0,0,6,6,5,5,0,0,0,0,0,0,0,0,0,0,0,1,0,0,0,0,4,4,0,0,0,1,0,0,0,0,1,1,1,6,1,7,6,7,1,0,0,0,4,0,0,0,0,0,1,0,0,0,0,0,0,0,1,0,5,1,5,2,0,0,0,0,0,0,0,0,0,0,0,1,2,20400000,Anglican
Anglican,291585,4,3,0,0,0,0,0,0,0,0,5,0,0,0,0,0,0,1,0,1,0,1,1,0,0,0,0,0,0,0,2,0,0,0,5,5,10,7,0,0,0,0,0,0,0,0,0,0,0,1,0,0,2,0,4,3,0,0,0,10,0,0,0,0,5,1,1,1,1,5,3,10,5,0,0,0,7,0,0,0,0,0,0,0,0,0,0,0,0,0,0,0,3,1,3,1,0,0,0,0,0,0,0,0,0,0,0,4,2,20400000,Anglican
Anglican,291494,4,3,0,0,0,0,0,0,0,0,4,0,0,0,0,0,0,1,1,0,0,1,0,1,0,0,0,0,0,0,2,0,0,0,9,8,7,7,0,0,0,0,0,0,0,0,0,0,0,0,0,1,1,0,3,3,0,0,0,4,0,0,0,0,4,3,3,7,3,4,6,7,4,0,0,0,8,0,0,0,0,0,0,0,0,0,0,0,0,0,0,0,4,3,3,3,0,0,0,0,0,0,0,0,0,0,0,4,2,20400000,Anglican
Anglican,423260,0,2,0,0,0,0,0,1,1,0,10,0,0,0,0,0,1,0,0,1,0,0,1,0,0,1,0,0,0,0,1,0,0,1,10,8,1,10,1,0,1,1,0,2,1,1,1,0,0,1,1,0,0,3,0,0,0,0,0,1,0,0,0,0,0,5,1,1,5,5,5,5,5,0,5,0,0,0,1,1,1,1,1,0,0,0,0,0,0,0,0,0,0,0,0,0,0,0,1,0,1,0,1,0,0,0,0,0,2,20400000,Anglican
Anglican,292200,4,3,0,0,0,0,0,0,0,0,1,0,8,9,0,7,0,0,0,1,1,0,0,1,0,0,0,1,0,0,1,1,0,0,9,9,4,7,0,0,0,0,0,0,0,0,0,0,0,0,0,0,0,0,3,4,3,0,0,1,1,1,2,0,3,1,1,10,7,8,9,7,3,0,0,10,8,8,0,0,0,0,0,0,0,0,7,3,4,0,0,0,0,0,0,0,0,0,0,0,0,0,0,0,4,3,2,0,2,20400000,Anglican
Anglican,291870,3,3,0,0,0,0,0,0,0,0,0,0,0,0,0,0,0,0,1,1,0,1,0,0,0,1,0,0,0,0,1,0,0,0,9,8,3,9,0,0,0,0,0,0,0,0,0,0,0,1,0,0,2,0,3,3,0,0,0,1,0,0,0,0,1,1,1,6,2,6,6,6,1,0,0,0,7,0,0,0,0,0,1,0,0,0,0,0,0,0,0,0,3,2,4,2,0,0,0,0,0,0,0,0,0,0,0,0,2,20400000,Anglican
Anglican,291114,1,1,0,0,0,0,0,0,0,0,0,0,0,0,0,0,0,0,0,0,0,0,0,0,0,0,0,0,0,0,0,0,0,0,10,10,5,7,0,0,0,0,0,0,0,0,0,0,0,1,0,0,2,0,3,0,0,0,0,5,0,0,0,0,5,1,10,6,6,6,6,7,6,0,0,0,7,0,0,0,0,0,1,0,0,0,0,0,0,0,0,0,3,4,4,5,0,0,0,0,0,0,0,0,0,0,0,2,2,20400000,Anglican
Anglican,292034,3,3,0,0,0,0,0,0,0,0,1,0,7,8,0,7,0,0,0,0,0,1,1,0,0,0,1,0,0,0,2,2,0,0,8,6,2,7,0,0,0,0,0,0,0,0,0,0,0,0,0,0,0,0,3,3,3,0,0,1,1,3,1,0,1,1,1,1,4,5,2,8,1,0,0,7,8,8,0,0,0,0,0,0,0,0,9,3,4,0,0,0,0,0,0,0,0,0,0,0,0,0,0,0,3,3,2,0,2,20400000,Anglican
Anglican,291502,0,4,0,0,0,0,0,0,0,0,10,0,0,0,0,0,0,1,1,1,0,1,0,0,0,0,0,0,0,0,2,0,0,0,10,10,0,0,0,0,0,0,0,0,0,0,0,0,0,1,0,0,0,0,0,0,0,0,0,0,0,0,0,0,0,0,0,0,0,0,0,0,0,0,0,0,8,0,0,0,0,0,1,0,0,0,0,0,0,0,0,0,0,0,0,0,0,0,0,0,0,0,0,0,0,0,0,0,2,20400000,Anglican
Anglican,291301,3,3,0,0,0,0,0,0,0,0,10,0,0,0,0,0,0,1,0,0,1,1,0,1,0,0,0,0,0,0,1,0,0,0,9,8,3,9,0,0,0,0,0,0,0,0,0,0,0,1,0,0,0,0,3,3,0,0,0,1,0,0,0,0,1,1,1,0,0,0,0,9,1,0,0,0,8,0,0,0,0,0,1,0,0,0,0,0,0,0,0,0,5,1,5,1,0,0,0,0,0,0,0,0,0,0,0,0,2,20400000,Anglican
Anglican,292768,2,1,0,0,0,0,0,1,0,0,9,0,8,6,0,1,0,1,1,1,0,1,0,0,0,0,0,0,0,0,1,2,0,0,8,10,3,8,0,0,0,0,0,0,0,0,0,0,0,0,0,0,0,0,0,3,3,0,0,1,1,1,1,0,1,2,1,10,4,6,6,7,3,0,0,6,0,3,0,0,0,0,0,0,0,0,7,0,3,0,0,0,0,0,0,0,0,0,0,0,0,0,0,0,3,2,2,0,2,20400000,Anglican
Anglican,291257,4,3,0,0,0,0,0,0,0,0,3,0,0,0,0,0,0,0,0,1,0,1,1,1,0,0,0,0,0,0,1,0,0,0,8,7,9,9,0,0,0,0,0,0,0,0,0,0,0,1,0,0,0,0,0,2,0,0,0,10,0,0,0,0,0,0,2,4,4,6,0,10,0,0,0,0,8,0,0,0,0,0,0,0,0,0,0,0,0,0,0,0,4,4,5,4,0,0,0,0,0,0,0,0,0,0,0,0,2,20400000,Anglican
Anglican,23284,2,0,0,0,0,0,0,1,0,0,10,0,8,8,0,8,1,1,0,0,0,1,1,0,0,1,0,0,0,0,2,0,0,0,9,9,7,0,1,1,1,0,0,0,0,0,0,0,0,0,0,0,0,0,3,4,2,3,1,1,1,1,1,1,7,1,1,10,6,6,6,6,6,0,0,8,8,3,0,0,0,0,0,0,0,0,1,0,4,0,0,0,0,0,0,0,0,0,1,1,1,0,0,0,3,0,0,2,2,20400000,Anglican
Anglican,423101,1,2,0,0,0,0,0,1,1,0,10,0,0,0,0,0,0,0,0,0,0,1,0,0,1,1,0,0,0,0,2,0,0,2,3,9,2,3,1,1,1,1,0,2,1,1,1,0,0,1,1,0,0,3,0,0,0,0,0,1,0,0,0,0,0,1,1,1,1,3,3,8,0,0,1,0,0,0,1,1,1,1,1,0,0,0,0,0,0,0,0,0,0,0,0,0,0,0,1,1,1,0,1,0,0,0,0,0,2,20400000,Anglican
Anglican,292176,4,2,0,0,0,0,0,0,0,0,3,0,7,7,0,6,0,1,0,0,1,1,0,0,0,1,0,0,0,0,1,2,0,0,7,8,4,0,0,0,0,0,0,0,0,0,0,0,0,0,0,0,0,0,3,3,4,0,0,1,1,1,1,0,2,1,2,10,5,5,5,7,2,0,0,9,8,8,0,0,0,0,0,0,0,0,6,0,4,0,0,0,0,0,0,0,0,0,0,0,0,0,0,0,4,3,3,0,2,20400000,Anglican
Anglican,292769,2,2,0,0,0,0,0,1,0,0,8,0,8,8,0,3,0,0,0,0,0,1,1,1,0,0,1,0,0,0,2,2,0,0,9,0,0,0,0,0,0,0,0,0,0,0,0,0,0,0,0,0,0,0,4,4,4,0,0,3,10,10,10,0,2,0,0,5,7,2,9,0,0,0,0,10,4,3,0,0,0,0,0,0,0,0,7,3,3,0,2,0,0,0,0,0,0,0,0,0,0,0,0,0,2,3,2,0,2,20400000,Anglican
Anglican,425653,2,1,0,0,0,0,0,1,1,0,10,0,0,0,0,0,1,0,0,0,0,0,0,0,1,1,1,0,0,0,2,0,0,1,7,8,5,10,1,0,1,1,0,1,1,0,0,0,0,1,1,0,0,3,0,0,0,0,0,1,0,0,0,0,0,1,1,8,5,1,2,1,1,0,1,0,0,0,1,1,1,1,1,0,0,0,0,0,0,0,0,0,0,0,0,0,0,0,1,0,1,1,1,0,0,0,0,0,2,20400000,Anglican
Anglican,425491,1,2,0,0,0,0,0,1,1,0,10,0,0,0,0,0,1,0,0,0,0,1,0,0,1,0,1,0,0,0,1,0,0,1,8,8,1,10,1,1,1,1,0,1,1,1,0,0,0,1,0,0,0,3,0,0,0,0,0,1,0,0,0,0,0,1,1,1,1,1,1,5,2,0,1,0,0,0,1,1,1,1,1,0,0,0,0,0,0,0,0,0,0,0,0,0,0,0,1,1,1,0,1,0,0,0,0,0,2,20400000,Anglican
Anglican,424003,2,1,0,0,0,0,0,1,1,0,7,0,0,0,0,0,0,1,0,1,0,1,0,1,0,0,0,0,0,0,2,0,0,1,9,9,1,5,1,1,1,1,0,1,1,1,0,0,0,1,1,0,0,3,0,0,0,0,0,1,0,0,0,0,0,1,1,1,1,3,3,3,1,0,1,0,0,0,1,1,1,1,1,0,0,0,0,0,0,0,0,0,0,0,0,0,0,0,1,1,1,0,1,0,0,0,0,0,2,20400000,Anglican
Anglican,292580,3,1,0,0,0,0,0,1,0,0,6,0,4,4,0,4,0,1,1,0,0,1,0,1,0,0,0,0,0,0,2,2,0,0,6,6,5,2,0,1,0,0,0,0,0,0,0,0,0,0,0,0,0,0,3,3,3,0,0,1,1,1,1,0,3,1,1,5,1,2,6,4,1,0,0,3,6,3,0,0,0,0,0,0,0,0,5,3,0,0,1,0,0,0,0,0,0,0,0,1,0,0,0,0,3,0,2,0,2,20400000,Anglican
Anglican,292097,3,2,0,0,0,0,0,0,0,0,9,0,7,8,0,8,0,0,0,1,1,1,1,0,0,1,1,1,0,0,2,1,0,0,8,6,8,3,0,0,0,0,0,0,0,0,0,0,0,0,0,0,0,0,1,3,2,0,0,1,1,2,1,0,1,1,1,2,3,5,6,1,3,0,0,2,7,2,0,0,0,0,0,0,0,0,6,3,3,0,1,0,0,0,0,0,0,0,0,0,0,0,0,0,4,0,2,0,2,20400000,Anglican
Anglican,21245,2,2,0,0,0,0,0,1,0,0,10,0,8,8,0,6,0,1,1,1,0,1,0,0,1,0,0,1,0,0,2,0,5,0,9,9,2,8,0,1,0,0,0,0,0,0,0,0,0,0,0,0,0,0,3,3,3,0,0,1,1,1,3,0,2,1,1,5,5,3,9,0,3,0,0,5,6,3,0,0,0,0,0,0,0,0,6,0,3,0,1,0,0,0,0,0,0,0,0,1,0,0,0,0,3,3,2,2,2,20400000,Anglican
Anglican,291640,2,3,0,0,0,0,0,0,0,0,7,0,0,0,0,0,0,0,1,1,0,1,1,0,0,0,0,0,0,0,2,0,0,0,9,7,3,9,0,0,0,0,0,0,0,0,0,0,0,1,0,0,0,0,1,2,0,0,0,1,0,0,0,0,1,1,1,1,5,5,8,2,2,0,0,0,8,0,0,0,0,0,1,0,0,0,0,0,0,0,1,0,2,1,4,2,0,0,0,0,0,0,0,0,0,0,0,0,2,20400000,Anglican
Anglican,425179,1,4,0,0,0,0,0,1,1,0,10,0,0,0,0,0,1,0,0,0,1,1,0,0,0,1,0,0,0,0,1,0,0,2,10,10,1,10,1,0,0,1,0,1,1,1,0,0,0,1,1,0,0,3,0,0,0,0,0,10,0,0,0,0,0,10,1,10,10,10,10,1,1,0,10,0,0,0,1,1,1,1,0,0,0,0,0,0,0,0,0,0,0,0,0,0,0,0,1,0,0,0,0,0,0,0,0,0,2,20400000,Anglican
Anglican,424404,2,2,0,0,0,0,0,1,1,0,10,0,0,0,0,0,1,0,0,0,0,0,0,1,1,0,1,0,0,0,0,0,0,0,6,6,1,10,1,1,1,1,0,1,1,0,0,0,0,1,1,0,2,1,0,0,0,0,0,1,0,0,0,0,0,1,1,1,1,1,1,1,1,0,1,0,0,0,1,1,1,1,1,0,0,0,0,0,0,0,0,0,0,0,0,0,0,0,1,1,1,1,1,0,0,0,0,0,2,20400000,Anglican
Anglican,425573,1,1,0,0,0,0,0,1,1,0,10,0,0,0,0,0,1,0,0,0,0,1,0,0,1,1,0,0,0,0,2,0,0,1,10,10,9,10,1,1,1,1,0,1,1,1,0,0,0,1,0,0,2,3,0,0,0,0,0,1,0,0,0,0,0,1,1,1,1,1,0,0,1,0,1,0,0,0,1,1,1,1,1,0,0,0,0,0,0,0,0,0,0,0,0,0,0,0,1,1,1,1,1,0,0,0,0,0,2,20400000,Anglican
Anglican,308232,1,2,0,0,0,0,0,1,1,0,10,2,0,0,0,0,0,1,1,1,0,0,0,0,0,1,1,0,0,0,2,1,0,1,8,9,0,0,1,1,1,1,0,1,1,0,0,0,0,1,1,0,0,0,2,3,0,0,0,2,0,0,0,0,1,1,1,4,1,1,3,1,1,0,0,0,2,0,0,0,0,0,1,1,0,0,0,0,0,1,0,0,1,1,1,1,0,0,1,1,1,0,0,0,0,0,0,0,2,20400000,Anglican
Anglican,424210,2,1,0,0,0,0,0,1,1,0,9,0,0,0,0,0,0,0,0,1,0,1,0,0,1,1,0,0,0,0,2,0,0,2,7,8,3,4,1,1,1,1,0,1,1,1,1,1,0,1,0,1,2,1,0,0,0,0,0,1,0,0,0,0,0,1,1,1,2,2,2,5,2,0,1,0,0,0,1,1,1,1,1,0,0,0,0,0,0,0,0,0,0,0,0,0,0,0,1,1,1,0,1,0,0,0,0,0,2,20400000,Anglican
Anglican,425534,1,2,0,0,0,0,0,1,1,0,10,0,0,0,0,0,1,1,0,1,0,1,0,0,0,0,0,0,0,0,1,0,0,1,10,5,5,10,1,0,1,1,0,1,1,0,0,0,0,1,1,0,0,3,0,0,0,0,0,1,0,0,0,0,0,1,1,1,1,1,1,1,1,0,1,0,0,0,1,1,1,1,1,0,0,0,0,0,0,0,0,0,0,0,0,0,0,0,1,0,1,0,1,0,0,0,0,0,2,20400000,Anglican
Anglican,308534,1,3,0,0,0,0,0,1,1,0,10,1,0,0,0,0,0,1,1,0,0,0,0,1,1,0,1,0,0,0,1,2,0,2,10,7,0,0,1,0,0,1,0,1,1,0,0,0,0,1,1,0,0,0,2,3,0,0,0,7,0,0,0,0,5,1,10,1,1,1,1,1,1,0,0,0,1,0,0,0,0,0,1,1,0,0,0,0,0,0,0,0,2,2,2,2,0,0,1,0,0,0,0,0,0,0,0,0,2,20400000,Anglican
Anglican,423155,2,1,0,0,0,0,0,1,1,0,8,0,0,0,0,0,1,1,0,1,0,1,0,0,0,0,0,0,0,0,2,0,0,2,10,9,1,9,1,0,0,0,0,1,1,1,1,1,1,1,0,0,2,3,0,0,0,0,0,8,0,0,0,0,0,8,1,9,4,8,8,9,9,0,6,0,0,0,1,0,1,1,0,0,0,0,0,0,0,0,0,0,0,0,0,0,0,0,1,0,0,0,1,0,0,0,0,0,2,20400000,Anglican
Anglican,137776,2,2,0,0,0,0,0,0,0,0,8,0,0,0,0,0,0,1,0,1,0,1,1,1,0,0,0,0,0,0,1,0,8,0,8,9,5,0,0,0,0,0,0,0,0,0,0,0,0,0,0,0,2,0,3,2,0,0,0,1,0,0,0,0,2,1,1,5,7,5,6,5,2,0,0,0,4,0,0,0,0,0,0,0,0,0,0,0,0,0,0,0,0,0,0,0,0,0,0,0,0,0,0,0,0,0,0,2,2,20400000,Anglican
Anglican,292307,3,4,0,0,0,0,0,1,0,0,6,0,10,5,0,2,0,1,0,0,1,1,0,0,0,1,0,0,0,0,1,1,0,0,8,9,1,8,0,0,0,0,0,0,0,0,0,0,0,0,0,0,0,0,1,4,3,0,0,1,1,1,1,0,5,5,1,5,10,3,8,10,1,0,0,10,3,4,0,0,0,0,0,0,0,0,1,2,4,0,0,0,0,0,0,0,0,0,0,0,0,0,0,0,4,4,2,0,2,20400000,Anglican
Anglican,423631,3,2,0,0,0,0,0,1,1,0,9,0,0,0,0,0,1,0,0,1,0,1,1,0,0,0,0,0,0,0,1,0,0,3,8,9,2,6,1,0,1,1,0,2,3,1,1,1,0,1,1,0,0,1,0,0,0,0,0,1,0,0,0,0,0,1,1,5,4,7,7,2,2,0,2,0,0,0,1,0,1,1,1,0,0,0,0,0,0,0,0,0,0,0,0,0,0,0,1,0,1,0,1,0,0,0,0,0,2,20400000,Anglican
Anglican,423100,4,1,0,0,0,0,0,0,0,0,1,0,0,0,0,0,0,0,0,1,1,1,0,1,0,0,0,0,0,0,2,0,0,2,7,9,1,10,1,0,0,0,0,2,1,1,1,0,0,1,1,0,1,1,0,0,0,0,0,2,0,0,0,0,0,6,1,10,10,6,6,6,6,0,3,0,0,0,1,1,1,1,0,0,0,0,0,0,0,0,0,0,0,0,0,0,0,0,1,0,0,0,0,0,0,0,0,0,2,20400000,Anglican
Anglican,424615,1,2,0,0,0,0,0,1,1,0,10,0,0,0,0,0,1,0,0,1,0,1,0,0,1,0,0,0,0,0,2,0,0,2,5,1,10,10,0,0,1,1,0,1,1,0,1,0,0,1,0,0,0,3,0,0,0,0,0,1,0,0,0,0,0,1,1,5,1,1,1,1,1,0,1,0,0,0,1,1,1,1,1,0,0,0,0,0,0,0,0,0,0,0,0,0,0,0,0,0,1,1,1,0,0,0,0,0,2,20400000,Anglican
Anglican,291856,3,4,0,0,0,0,0,0,0,0,3,0,0,0,0,0,0,0,1,1,0,1,0,1,0,0,0,0,0,0,1,0,0,0,9,9,7,3,0,0,0,0,0,0,0,0,0,0,0,1,0,0,2,0,3,4,0,0,0,5,0,0,0,0,5,1,1,5,5,5,5,5,5,0,0,0,8,0,0,0,0,0,0,0,0,0,0,0,0,0,1,0,4,1,3,1,0,0,0,0,0,0,0,0,0,0,0,1,2,20400000,Anglican
Anglican,423436,3,1,0,0,0,0,0,1,1,0,10,0,0,0,0,0,1,0,0,1,0,1,0,0,0,1,0,0,0,0,1,0,0,1,8,8,2,8,1,0,1,1,0,2,1,0,0,0,0,1,0,0,1,3,0,0,0,0,0,1,0,0,0,0,0,1,1,6,1,1,6,7,1,0,1,0,0,0,0,1,1,1,1,0,0,0,0,0,0,0,0,0,0,0,0,0,0,0,1,0,1,1,0,0,0,0,0,0,2,20400000,Anglican
Anglican,292808,3,3,0,0,0,0,0,1,0,0,3,0,0,0,0,0,0,1,0,0,1,1,0,0,0,0,1,1,0,0,1,2,0,0,8,10,0,0,0,0,0,0,0,0,0,0,0,0,0,0,0,0,0,0,3,3,3,0,0,2,2,1,3,0,8,8,5,10,8,8,8,8,2,0,0,10,8,7,0,0,0,0,0,0,0,0,0,0,3,0,0,0,0,0,0,0,0,0,0,0,0,0,0,0,3,2,2,0,2,20400000,Anglican
Anglican,423610,1,1,0,0,0,0,0,1,1,0,10,0,0,0,0,0,1,0,0,0,0,1,1,0,0,1,0,0,0,0,1,0,0,1,8,8,3,3,0,1,1,1,0,1,1,1,0,0,0,1,0,0,0,3,0,0,0,0,0,1,0,0,0,0,0,2,2,1,1,1,1,10,1,0,1,0,0,0,1,1,1,0,1,0,0,0,0,0,0,0,0,0,0,0,0,0,0,0,0,1,1,0,0,0,0,0,0,0,2,20400000,Anglican
Anglican,424507,2,2,0,0,0,0,0,1,1,0,5,0,0,0,0,0,1,0,1,1,0,1,0,0,0,0,0,0,0,0,1,0,0,2,5,5,7,5,1,0,1,1,0,2,3,0,1,0,1,0,0,0,2,3,0,0,0,0,0,5,0,0,0,0,0,3,4,5,2,2,3,3,3,0,3,0,0,0,1,1,1,1,0,0,0,0,0,0,0,0,0,0,0,0,0,0,0,0,1,0,1,0,1,0,0,0,0,0,2,20400000,Anglican
Anglican,424225,2,1,0,0,0,0,0,1,1,0,8,0,0,0,0,0,1,0,1,1,0,0,0,1,0,0,0,0,0,0,2,0,0,1,5,6,5,4,1,1,1,1,0,1,1,1,1,0,1,1,0,0,0,2,0,0,0,0,0,1,0,0,0,0,0,1,2,1,3,6,5,4,3,0,1,0,0,0,0,1,1,1,1,0,0,0,0,0,0,0,0,0,0,0,0,0,0,0,1,1,1,0,1,0,0,0,0,0,2,20400000,Anglican
Anglican,292687,1,1,0,0,0,0,0,1,0,0,10,0,9,8,0,8,0,0,0,1,1,1,1,1,0,0,1,1,0,0,2,1,0,0,9,9,8,10,0,1,0,0,0,0,0,0,0,0,0,0,0,0,0,0,3,3,2,0,0,3,3,2,2,0,3,3,3,3,3,3,3,9,3,0,0,8,2,3,0,0,0,0,0,0,0,0,10,3,3,0,2,0,0,0,0,0,0,0,0,1,0,0,0,0,4,2,1,0,2,20400000,Anglican
Anglican,138535,1,2,0,0,0,0,0,0,0,0,10,0,0,0,0,0,0,0,0,1,1,1,0,0,0,1,1,0,0,0,1,0,10,0,10,6,1,6,0,0,0,0,0,0,0,0,0,0,0,0,0,0,1,0,1,1,0,0,0,1,0,0,0,0,1,1,1,10,10,0,4,0,0,0,0,0,4,0,0,0,0,0,0,0,0,0,0,0,0,0,2,0,0,0,0,0,0,0,0,0,0,0,0,0,0,0,0,1,2,20400000,Anglican
Anglican,52614,1,2,0,0,0,0,0,1,1,0,10,2,0,0,0,0,0,1,0,0,1,1,0,1,0,1,0,0,0,0,2,2,0,2,7,8,0,0,1,1,1,1,0,1,1,0,0,0,0,0,0,1,2,0,4,4,0,0,0,1,0,0,0,0,4,4,3,10,4,5,10,8,5,0,0,0,4,0,0,0,0,0,1,1,0,0,0,0,0,0,0,0,4,2,4,2,0,0,1,1,1,0,0,0,0,0,0,0,2,20400000,Anglican
Anglican,424226,2,2,0,0,0,0,0,1,1,0,8,0,0,0,0,0,1,0,0,1,0,0,0,1,1,0,0,0,0,0,2,0,0,1,6,7,4,8,1,1,1,1,0,2,1,1,1,1,0,1,0,0,0,1,0,0,0,0,0,3,0,0,0,0,0,2,4,1,3,3,4,4,4,0,3,0,0,0,1,1,1,1,1,0,0,0,0,0,0,0,0,0,0,0,0,0,0,0,1,1,1,0,1,0,0,0,0,0,2,20400000,Anglican
Anglican,51427,1,1,0,0,0,0,0,1,1,0,10,2,0,0,0,0,0,0,0,1,1,0,0,0,1,1,1,0,0,0,2,2,0,2,10,10,0,0,1,1,1,1,0,1,1,0,0,0,0,1,0,0,2,0,2,3,0,0,0,1,0,0,0,0,1,1,1,8,1,1,5,10,1,0,0,0,3,0,0,0,0,0,1,1,0,0,0,0,0,0,0,0,4,2,2,2,0,0,1,1,1,0,0,0,0,0,0,0,2,20400000,Anglican
Armenian Apostolic Church,14153,1,1,0,0,0,0,0,1,0,0,10,0,10,10,0,1,0,1,1,0,0,0,0,0,1,0,0,1,0,0,2,0,10,0,5,6,1,5,0,1,0,0,0,0,0,0,0,0,0,0,0,0,0,0,1,4,4,0,0,1,1,1,1,0,1,1,1,1,1,5,5,1,3,0,0,8,3,1,0,0,0,0,0,0,0,0,6,3,3,0,0,0,0,0,0,0,0,0,0,1,0,0,0,0,1,3,1,3,3,30202001,Armenian Apostolic Church
Armenian Apostolic Church,12888,2,1,0,0,0,0,0,1,0,0,10,0,0,0,0,0,0,0,1,1,0,1,0,1,0,1,0,0,3,1,2,0,0,2,3,2,10,8,0,0,0,1,0,1,2,0,0,0,0,1,0,1,2,1,1,2,0,0,0,4,0,0,0,0,5,1,0,0,1,3,8,10,1,0,0,0,7,0,1,0,0,0,0,0,0,0,0,0,0,0,1,0,0,0,0,0,1,0,0,0,0,0,0,0,0,0,0,0,3,30202001,Armenian Apostolic Church
Armenian Apostolic Church,14526,3,0,0,0,0,0,0,1,0,0,10,0,3,10,0,7,0,0,0,0,0,0,0,0,0,0,1,0,0,0,1,0,0,0,7,10,5,0,0,0,0,0,0,0,0,0,0,0,0,0,0,0,0,0,2,3,3,2,1,10,1,1,1,1,1,1,1,1,1,1,1,1,1,0,0,1,6,3,0,0,0,0,0,0,0,0,4,0,3,0,0,0,0,0,0,0,0,0,0,0,0,0,0,0,1,0,0,4,3,30202001,Armenian Apostolic Church
Armenian Apostolic Church,14231,1,1,0,0,0,0,0,1,0,0,10,0,7,9,0,7,0,0,1,1,0,0,0,0,1,0,0,1,0,0,2,0,1,0,5,7,5,6,0,1,0,0,0,0,0,0,0,0,0,0,0,0,0,0,2,3,2,0,0,1,1,1,1,0,1,1,1,1,1,1,1,1,1,0,0,1,3,1,0,0,0,0,0,0,0,0,7,3,3,0,0,0,0,0,0,0,0,0,0,1,0,0,0,0,2,4,2,2,3,30202001,Armenian Apostolic Church
Armenian Apostolic Church,15238,3,0,0,0,0,0,0,1,0,0,8,0,7,10,0,1,0,1,0,1,1,0,0,1,0,0,0,0,0,0,2,0,0,0,7,8,10,0,0,0,0,0,0,0,0,0,0,0,0,0,0,0,0,0,3,4,3,2,2,6,1,2,1,1,7,5,1,9,5,5,10,5,5,0,0,10,8,3,0,0,0,0,0,0,0,0,7,0,3,0,0,0,0,0,0,0,0,0,0,0,0,0,0,0,3,0,0,2,3,30202001,Armenian Apostolic Church
Armenian Apostolic Church,15391,1,0,0,0,0,0,0,1,0,0,10,0,10,10,0,8,0,0,1,1,0,0,0,0,1,1,0,0,0,0,2,0,0,0,7,10,5,0,0,0,0,0,0,0,0,0,0,0,0,0,0,0,0,0,2,3,3,5,1,1,1,1,1,1,1,1,1,1,1,1,1,1,1,0,0,1,3,1,0,0,0,0,0,0,0,0,7,0,2,0,0,0,0,0,0,0,0,0,0,0,0,0,0,1,1,0,0,2,3,30202001,Armenian Apostolic Church
Armenian Apostolic Church,12209,1,2,0,0,0,0,0,1,1,0,10,2,0,0,0,0,0,0,1,1,1,0,0,1,1,0,0,0,4,3,0,0,0,1,3,6,4,7,1,1,1,1,0,1,1,0,0,0,0,1,1,0,2,2,1,1,0,0,0,7,0,0,0,0,10,1,1,1,1,6,4,6,1,0,0,0,6,0,1,0,0,0,0,0,0,0,0,0,0,0,1,0,0,0,0,0,1,0,1,1,1,0,0,0,0,0,0,0,3,30202001,Armenian Apostolic Church
Armenian Apostolic Church,15327,1,0,0,0,0,0,0,1,0,0,10,0,7,7,0,1,0,0,0,1,1,1,0,1,1,0,0,0,0,0,2,0,0,0,6,5,5,0,1,1,1,0,0,0,0,0,0,0,0,0,0,0,0,0,4,4,3,5,1,5,1,1,1,1,1,1,1,1,1,1,5,1,1,0,0,1,2,1,0,0,0,0,0,0,0,0,10,0,1,0,0,0,0,0,0,0,0,0,1,1,1,0,0,1,1,0,0,3,3,30202001,Armenian Apostolic Church
Armenian Apostolic Church,15187,1,0,0,0,0,0,0,1,0,0,10,0,10,10,0,7,1,1,1,1,0,0,0,1,0,0,0,0,0,0,2,0,0,0,5,5,7,0,0,0,0,0,0,0,0,0,0,0,0,0,0,0,0,0,3,4,1,0,1,1,1,1,1,1,1,1,1,1,1,3,5,1,1,0,0,1,3,3,0,0,0,0,0,0,0,0,7,0,1,0,0,0,0,0,0,0,0,0,0,0,0,0,0,0,1,0,0,2,3,30202001,Armenian Apostolic Church
Armenian Apostolic Church,13489,1,1,0,0,0,0,0,1,0,0,10,0,10,10,0,8,0,1,1,1,0,1,0,1,0,0,0,0,0,0,2,0,8,0,5,10,10,1,0,1,0,0,0,0,0,0,0,0,0,0,0,0,0,0,1,4,3,0,0,1,1,1,1,0,1,1,1,1,1,1,1,1,1,0,0,1,4,1,0,0,0,0,0,0,0,0,5,3,2,0,1,0,0,0,0,0,0,0,0,1,0,0,0,1,1,4,3,4,3,30202001,Armenian Apostolic Church
Armenian Apostolic Church,11792,1,1,0,0,0,0,0,1,1,0,10,2,0,0,0,0,1,0,1,1,0,1,0,0,1,0,0,0,4,2,2,0,0,2,8,7,10,10,1,0,1,1,0,1,1,0,0,0,0,1,1,0,0,1,2,1,0,0,0,1,0,0,0,0,1,1,1,1,1,1,1,1,1,0,0,0,1,0,0,0,0,0,0,0,0,0,0,0,0,0,1,0,0,0,0,0,2,0,1,0,1,0,0,0,0,0,0,0,3,30202001,Armenian Apostolic Church
Armenian Apostolic Church,12914,4,3,0,0,0,0,0,0,0,0,5,0,0,0,0,0,1,0,1,1,0,0,0,1,0,1,0,0,3,1,0,0,0,2,3,7,10,5,0,0,0,0,0,1,2,0,0,0,0,1,1,0,0,2,1,2,0,0,0,9,0,0,0,0,9,9,5,2,1,8,5,4,2,0,0,0,6,0,0,0,0,0,0,0,0,0,0,0,0,0,1,0,0,0,0,0,1,0,0,0,0,0,0,0,0,0,0,0,3,30202001,Armenian Apostolic Church
Armenian Apostolic Church,13581,2,1,0,0,0,0,0,1,0,0,5,0,10,10,0,0,0,1,1,1,0,0,0,0,0,0,0,1,0,0,2,0,5,0,10,4,5,8,0,0,0,0,0,0,0,0,0,0,0,0,0,0,0,0,2,2,3,0,0,3,1,1,1,0,3,1,1,1,1,2,2,0,0,0,0,1,7,8,0,0,0,0,0,0,0,0,10,3,4,0,0,0,0,0,0,0,0,0,0,0,0,0,0,0,0,3,0,3,3,30202001,Armenian Apostolic Church
Armenian Apostolic Church,13331,1,1,0,0,0,0,0,1,0,0,8,0,0,0,0,0,1,0,1,0,1,0,1,1,0,0,0,0,1,3,2,0,0,1,6,6,2,4,0,0,0,1,0,1,1,0,0,0,0,1,1,0,0,2,1,2,0,0,0,4,0,0,0,0,4,4,4,1,5,8,0,0,0,0,0,0,6,0,0,0,0,0,0,0,0,0,0,0,0,0,1,0,0,0,0,0,1,0,0,0,0,0,0,0,0,0,0,0,3,30202001,Armenian Apostolic Church
Armenian Apostolic Church,13193,3,1,0,0,0,0,0,1,0,0,8,1,0,0,0,0,1,0,1,1,0,1,0,0,0,0,0,0,3,2,2,0,0,1,2,4,4,5,0,0,0,0,0,1,1,0,0,0,0,1,1,0,0,2,2,3,0,0,0,5,0,0,0,0,2,7,1,1,1,1,1,2,1,0,0,0,4,0,0,0,0,0,0,0,0,0,0,0,0,0,1,0,0,0,0,0,1,0,0,0,0,0,0,0,0,0,0,0,3,30202001,Armenian Apostolic Church
Armenian Apostolic Church,12495,2,4,0,0,0,0,0,1,0,0,5,2,0,0,0,0,1,0,1,1,0,0,0,1,0,1,0,0,3,1,2,0,0,1,5,7,5,10,0,0,0,0,0,1,2,0,0,0,0,1,1,0,0,3,2,3,0,0,0,1,0,0,0,0,1,1,1,1,1,5,5,1,1,0,0,0,7,0,0,0,0,0,0,0,0,0,0,0,0,0,1,0,0,0,0,0,1,0,0,0,0,0,0,0,0,0,0,0,3,30202001,Armenian Apostolic Church
Armenian Apostolic Church,233993,1,0,0,0,0,0,0,1,0,0,10,0,8,7,0,1,1,1,0,0,1,1,1,0,0,0,0,0,0,0,2,0,0,0,8,7,6,0,1,1,1,0,0,0,0,0,0,0,0,0,0,0,0,0,4,4,2,0,1,5,1,2,2,1,0,1,5,1,0,2,1,2,1,0,0,2,2,2,0,0,0,0,0,0,0,0,5,0,3,0,0,0,0,0,0,0,0,0,1,1,1,0,0,0,3,0,0,4,3,30202001,Armenian Apostolic Church
Armenian Apostolic Church,15471,1,0,0,0,0,0,0,1,0,0,10,0,8,8,0,5,0,0,1,1,0,0,0,1,1,1,0,0,0,0,2,0,0,0,7,9,9,0,0,0,0,0,0,0,0,0,0,0,0,0,0,0,0,0,1,3,2,5,1,1,5,3,10,1,1,5,1,1,6,1,5,3,1,0,0,1,8,3,0,0,0,0,0,0,0,0,6,0,2,0,0,0,0,0,0,0,0,0,0,0,0,0,0,0,1,0,0,2,3,30202001,Armenian Apostolic Church
Armenian Apostolic Church,15055,1,0,0,0,0,0,0,1,0,0,10,0,5,5,0,0,1,0,1,1,0,1,1,0,0,0,0,0,0,0,1,0,0,0,8,6,5,0,1,1,1,0,0,0,0,0,0,0,0,0,0,0,0,0,3,2,4,5,1,1,1,1,1,1,0,1,1,1,1,1,1,1,1,0,0,10,4,1,0,0,0,0,0,0,0,0,5,0,0,0,0,0,0,0,0,0,0,0,1,1,1,0,0,0,1,0,0,4,3,30202001,Armenian Apostolic Church
Armenian Apostolic Church,12714,2,2,0,0,0,0,0,1,0,0,7,2,0,0,0,0,1,0,1,1,1,0,1,0,0,0,0,0,1,3,2,0,0,2,5,10,5,10,0,0,0,1,0,1,2,0,0,0,0,1,1,0,0,2,2,2,0,0,0,8,0,0,0,0,1,1,1,2,1,5,5,1,2,0,0,0,6,0,0,0,0,0,0,0,0,0,0,0,0,0,1,0,0,0,0,0,2,0,0,0,0,0,0,0,0,0,0,0,3,30202001,Armenian Apostolic Church
Armenian Apostolic Church,14323,1,1,0,0,0,0,0,1,0,0,8,0,1,10,0,2,0,1,1,1,0,0,0,0,1,0,0,0,0,0,2,0,1,0,4,10,1,1,0,1,0,0,0,0,0,0,0,0,0,0,0,0,0,0,1,1,4,0,0,1,1,5,1,0,1,1,1,1,1,1,1,1,1,0,0,1,4,3,0,0,0,0,0,0,0,0,8,1,4,0,0,0,0,0,0,0,0,0,0,1,0,0,0,0,1,4,3,3,3,30202001,Armenian Apostolic Church
Armenian Apostolic Church,142166,3,1,0,0,0,0,0,1,1,0,7,1,0,0,0,0,0,0,1,1,0,1,1,0,0,0,1,0,1,2,2,0,0,3,2,10,2,3,0,1,1,0,0,1,1,0,0,0,0,1,1,0,2,3,2,1,0,0,0,1,0,0,0,0,1,1,1,1,1,4,2,1,1,0,0,0,4,0,0,0,0,0,0,0,0,0,0,0,0,0,0,0,0,0,0,0,2,0,0,1,1,0,0,1,0,0,0,0,3,30202001,Armenian Apostolic Church
Armenian Apostolic Church,12333,2,1,0,0,0,0,0,1,1,0,10,2,0,0,0,0,1,0,1,1,0,0,0,0,0,1,1,0,2,1,2,0,0,2,0,5,8,9,0,0,0,1,0,1,3,0,0,0,0,1,1,1,1,3,0,4,0,0,0,1,0,0,0,0,1,1,1,1,1,4,5,10,1,0,0,0,6,0,0,0,0,0,0,0,0,0,0,0,0,0,1,0,0,0,0,0,2,0,0,0,0,0,0,0,0,0,0,0,3,30202001,Armenian Apostolic Church
Armenian Apostolic Church,14303,1,1,0,0,0,0,0,1,0,0,10,0,5,5,0,10,0,1,1,0,0,0,0,1,1,0,0,1,0,0,2,0,1,0,7,10,1,1,0,1,0,0,0,0,0,0,0,0,0,0,0,0,0,0,4,4,3,0,0,5,1,1,1,0,1,1,1,1,1,1,1,5,1,0,0,5,3,1,0,0,0,0,0,0,0,0,10,3,3,0,0,0,0,0,0,0,0,0,0,1,0,0,0,0,1,4,1,4,3,30202001,Armenian Apostolic Church
Armenian Apostolic Church,142488,2,1,0,0,0,0,0,1,1,0,5,2,0,0,0,0,0,1,1,1,0,1,0,1,0,0,0,0,3,1,2,0,0,3,6,9,4,8,0,0,0,1,0,1,1,0,0,0,0,1,1,0,0,3,1,3,0,0,0,2,0,0,0,0,3,2,2,1,1,5,5,1,1,0,0,0,6,0,1,0,0,0,0,0,0,0,0,0,0,0,0,0,0,0,0,0,1,0,0,0,0,0,0,0,0,0,0,0,3,30202001,Armenian Apostolic Church
Armenian Apostolic Church,13585,3,1,0,0,0,0,0,1,0,0,7,0,0,0,0,0,0,0,1,0,0,0,0,0,0,0,0,0,0,0,2,0,1,0,3,3,7,3,0,0,0,0,0,0,0,0,0,0,0,0,0,0,0,0,2,3,3,0,0,8,1,1,1,0,8,3,1,1,1,1,1,0,0,0,0,1,8,8,0,0,0,0,0,0,0,0,0,3,4,0,0,0,0,0,0,0,0,0,0,0,0,0,0,0,4,4,3,2,3,30202001,Armenian Apostolic Church
Armenian Apostolic Church,12520,2,1,0,0,0,0,0,1,0,0,4,1,0,0,0,0,1,0,1,1,0,1,0,0,0,0,1,0,2,1,2,0,0,1,2,2,5,5,0,0,0,1,0,1,2,0,0,0,0,1,1,0,2,2,2,2,0,0,0,1,0,0,0,0,1,1,1,1,1,3,4,0,1,0,0,0,4,0,0,0,0,0,0,0,0,0,0,0,0,0,1,0,0,0,0,0,0,0,0,0,0,0,0,0,0,0,0,0,3,30202001,Armenian Apostolic Church
Armenian Apostolic Church,13149,2,0,0,0,0,0,0,0,0,0,1,2,0,0,0,0,1,0,1,1,0,0,1,1,0,0,0,0,3,1,1,0,0,3,3,3,5,2,0,0,0,0,0,1,1,0,0,0,0,0,0,1,0,3,3,3,0,0,0,0,0,0,0,0,1,1,1,1,0,10,1,10,1,0,0,0,7,0,0,0,0,0,0,0,0,0,0,0,0,0,1,0,0,0,0,0,0,0,0,0,0,0,0,0,0,0,0,0,3,30202001,Armenian Apostolic Church
Armenian Apostolic Church,14107,2,1,0,0,0,0,0,1,0,0,10,0,7,8,0,3,0,0,1,1,0,1,0,1,0,0,0,1,0,0,1,0,1,0,1,9,8,3,0,1,0,0,0,0,0,0,0,0,0,0,0,0,0,0,3,3,2,0,0,1,1,3,1,0,1,1,1,1,1,5,5,1,1,0,0,6,4,2,0,0,0,0,0,0,0,0,7,2,4,0,0,0,0,0,0,0,0,0,0,1,0,0,0,0,3,3,2,3,3,30202001,Armenian Apostolic Church
Armenian Apostolic Church,13197,2,1,0,0,0,0,0,1,1,0,8,2,0,0,0,0,0,1,1,0,0,0,1,1,0,1,0,0,3,1,2,0,0,1,7,9,3,8,1,1,1,1,0,1,1,0,0,0,0,1,1,1,1,1,1,3,0,0,0,2,0,0,0,0,9,8,2,1,2,8,7,2,1,0,0,0,3,0,0,0,0,0,0,0,0,0,0,0,0,0,1,0,0,0,0,0,2,0,1,1,1,0,0,0,0,0,0,0,3,30202001,Armenian Apostolic Church
Armenian Apostolic Church,11674,2,1,0,0,0,0,0,1,1,0,9,2,0,0,0,0,0,1,1,1,0,0,0,1,0,1,0,0,3,1,2,0,0,2,2,2,5,5,0,1,1,0,0,2,2,0,0,0,0,1,1,0,2,2,1,2,0,0,0,3,0,0,0,0,3,3,2,3,1,10,10,2,1,0,0,0,3,0,0,0,0,0,0,0,0,0,0,0,0,0,1,0,0,0,0,0,2,0,0,1,1,0,0,0,0,0,0,0,3,30202001,Armenian Apostolic Church
Armenian Apostolic Church,11427,0,1,0,0,0,0,0,0,1,0,0,2,0,0,0,0,0,0,1,1,0,1,0,1,0,1,0,0,3,1,2,0,0,2,5,8,7,6,1,0,0,0,0,1,2,0,0,0,0,1,1,0,2,3,1,4,0,0,0,10,0,0,0,0,1,1,1,5,2,5,5,5,1,0,0,0,0,0,0,0,0,0,0,0,0,0,0,0,0,0,1,0,0,0,0,0,0,0,1,0,0,0,0,0,0,0,0,0,3,30202001,Armenian Apostolic Church
Armenian Apostolic Church,15609,4,0,0,0,0,0,0,1,0,0,8,0,10,10,0,1,1,1,1,1,0,0,0,1,0,0,0,0,0,0,2,0,0,0,8,8,5,0,0,0,0,0,0,0,0,0,0,0,0,0,0,0,0,0,1,4,1,5,2,1,3,7,6,10,4,6,1,2,6,6,7,10,7,0,0,6,8,8,0,0,0,0,0,0,0,0,10,0,4,0,0,0,0,0,0,0,0,0,0,0,0,0,0,0,3,0,0,3,3,30202001,Armenian Apostolic Church
Armenian Apostolic Church,12700,3,1,0,0,0,0,0,1,1,0,9,2,0,0,0,0,1,1,1,0,0,1,1,0,0,0,0,0,1,2,2,0,0,2,4,7,6,5,0,0,1,1,0,2,2,0,0,0,0,1,0,1,0,2,2,3,0,0,0,8,0,0,0,0,5,5,4,8,2,9,7,9,5,0,0,0,4,0,1,0,0,0,0,0,0,0,0,0,0,0,1,0,0,0,0,0,2,0,0,0,1,0,0,0,0,0,0,0,3,30202001,Armenian Apostolic Church
Armenian Apostolic Church,15276,1,0,0,0,0,0,0,1,0,0,10,0,10,10,0,10,1,0,1,0,0,0,0,1,0,0,1,0,0,0,2,0,0,0,5,10,1,0,0,0,0,0,0,0,0,0,0,0,0,0,0,0,0,0,3,2,2,5,1,1,1,1,1,1,1,1,1,1,1,5,5,5,1,0,0,1,8,3,0,0,0,0,0,0,0,0,10,0,3,0,0,0,0,0,0,0,0,0,0,0,0,0,0,1,2,0,0,3,3,30202001,Armenian Apostolic Church
Armenian Apostolic Church,11668,1,1,0,0,0,0,0,1,1,0,1,2,0,0,0,0,1,0,1,1,0,0,0,0,0,1,1,0,2,3,2,0,0,2,6,6,6,8,1,1,0,0,0,1,1,0,0,0,0,1,1,0,0,2,2,3,0,0,0,1,0,0,0,0,1,1,6,6,4,6,8,7,5,0,0,0,1,0,0,0,0,0,0,0,0,0,0,0,0,0,1,0,0,0,0,0,1,0,1,1,0,0,0,0,0,0,0,0,3,30202001,Armenian Apostolic Church
Armenian Apostolic Church,15227,1,0,0,0,0,0,0,1,0,0,10,0,10,10,0,10,1,1,1,1,0,0,0,1,0,0,0,0,0,0,2,0,0,0,7,7,10,0,0,0,0,0,0,0,0,0,0,0,0,0,0,0,0,0,3,2,2,5,10,1,1,1,1,1,1,1,1,1,1,3,1,1,1,0,0,1,6,2,0,0,0,0,0,0,0,0,10,0,2,0,0,0,0,0,0,0,0,0,0,0,0,0,0,0,3,0,0,3,3,30202001,Armenian Apostolic Church
Armenian Apostolic Church,15217,1,0,0,0,0,0,0,1,0,0,10,0,10,10,0,10,1,0,1,0,0,1,0,0,0,0,0,0,0,0,2,0,0,0,5,0,10,0,1,1,1,0,0,0,0,0,0,0,0,0,0,0,0,0,1,1,4,5,1,1,1,1,1,1,1,1,1,1,1,10,1,1,1,0,0,1,8,8,0,0,0,0,0,0,0,0,10,0,1,0,0,0,0,0,0,0,0,0,1,1,1,0,0,1,1,0,0,4,3,30202001,Armenian Apostolic Church
Armenian Apostolic Church,11664,2,1,0,0,0,0,0,1,1,0,10,2,0,0,0,0,1,0,1,1,0,0,0,1,0,1,0,0,3,0,2,0,0,1,6,8,7,7,1,1,1,0,0,1,1,0,0,0,0,0,1,1,1,2,1,3,0,0,0,3,0,0,0,0,8,3,5,1,1,6,10,10,7,0,0,0,8,0,0,0,0,0,0,0,0,0,0,0,0,0,1,0,0,0,0,0,1,0,1,1,1,0,0,0,0,0,0,0,3,30202001,Armenian Apostolic Church
Armenian Apostolic Church,14861,1,0,0,0,0,0,0,1,0,0,10,0,5,1,0,10,1,0,1,1,0,1,0,0,1,0,0,0,0,0,2,0,0,0,9,5,2,0,0,0,0,0,0,0,0,0,0,0,0,0,0,0,0,0,2,4,3,5,1,4,1,1,1,1,1,1,1,1,1,9,5,1,1,0,0,8,7,2,0,0,0,0,0,0,0,0,1,0,0,0,0,0,0,0,0,0,0,0,0,0,0,0,0,0,2,0,0,2,3,30202001,Armenian Apostolic Church
Armenian Apostolic Church,12835,1,1,0,0,0,0,0,1,0,0,7,1,0,0,0,0,1,0,1,1,0,0,1,1,0,0,0,0,3,1,2,0,0,0,3,6,8,3,0,0,0,0,0,1,1,0,0,0,0,1,1,0,0,0,3,4,0,0,0,4,0,0,0,0,6,6,1,1,3,8,8,0,5,0,0,0,0,0,0,0,0,0,0,0,0,0,0,0,0,0,1,0,0,0,0,0,0,0,0,0,0,0,0,0,0,0,0,0,3,30202001,Armenian Apostolic Church
Armenian Apostolic Church,12677,2,1,0,0,0,0,0,1,0,0,5,2,0,0,0,0,1,0,1,1,0,0,1,0,0,1,0,0,1,3,1,0,0,1,8,3,7,8,0,0,0,1,0,1,1,0,0,0,0,1,1,0,1,2,2,1,0,0,0,2,0,0,0,0,3,2,5,1,1,6,3,2,2,0,0,0,7,0,0,0,0,0,0,0,0,0,0,0,0,0,1,0,0,0,0,0,1,0,0,0,0,0,0,0,0,0,0,0,3,30202001,Armenian Apostolic Church
Armenian Apostolic Church,14071,1,1,0,0,0,0,0,1,0,0,8,0,10,10,0,0,0,0,1,1,0,1,0,1,1,0,0,0,0,0,2,0,5,0,1,1,2,4,0,0,0,0,0,0,0,0,0,0,0,0,0,0,0,0,3,3,2,0,0,1,1,1,1,0,1,1,1,1,1,1,1,1,1,0,0,1,4,4,0,0,0,0,0,0,0,0,5,3,0,0,0,0,0,0,0,0,0,0,0,0,0,0,0,1,2,3,2,4,3,30202001,Armenian Apostolic Church
Armenian Apostolic Church,12430,1,1,0,0,0,0,0,1,1,0,10,2,0,0,0,0,1,1,1,1,1,0,0,0,0,0,0,0,3,4,1,0,0,2,5,0,5,9,1,1,1,1,0,1,1,0,0,0,0,1,1,0,1,2,0,3,0,0,0,2,0,0,0,0,3,2,1,1,1,3,5,7,1,0,0,0,3,0,1,0,0,0,0,0,0,0,0,0,0,0,1,0,0,0,0,0,1,0,1,1,1,0,0,0,0,0,0,0,3,30202001,Armenian Apostolic Church
Armenian Apostolic Church,15585,1,0,0,0,0,0,0,1,0,0,10,0,10,10,0,10,0,1,1,1,0,0,0,1,0,1,0,0,0,0,2,0,0,0,5,6,5,0,1,1,1,0,0,0,0,0,0,0,0,0,0,0,0,0,3,3,2,5,3,10,1,1,1,3,1,8,1,1,1,1,4,2,4,0,0,4,4,3,0,0,0,0,0,0,0,0,1,0,2,0,0,0,0,0,0,0,0,0,1,1,1,0,0,0,3,0,0,2,3,30202001,Armenian Apostolic Church
Armenian Apostolic Church,12066,1,1,0,0,0,0,0,1,1,0,10,2,0,0,0,0,0,0,1,1,0,1,0,1,1,0,0,0,3,4,1,0,0,2,4,5,3,7,1,1,1,1,0,1,2,0,0,0,0,1,1,0,0,2,1,2,0,0,0,4,0,0,0,0,1,1,1,1,1,1,1,1,1,0,0,0,3,0,1,0,0,0,0,0,0,0,0,0,0,0,1,0,0,0,0,0,1,0,1,1,1,0,0,0,0,0,0,0,3,30202001,Armenian Apostolic Church
Armenian Apostolic Church,15476,1,0,0,0,0,0,0,1,0,0,10,0,10,10,0,0,1,0,1,0,0,1,0,0,0,1,1,0,0,0,2,0,0,0,5,10,1,0,0,1,1,0,0,0,0,0,0,0,0,0,0,0,0,0,0,2,2,5,1,1,1,3,1,1,1,1,1,1,1,1,1,1,1,0,0,1,2,1,0,0,0,0,0,0,0,0,10,0,1,0,0,0,0,0,0,0,0,0,0,1,1,0,0,1,1,0,0,4,3,30202001,Armenian Apostolic Church
Armenian Apostolic Church,14931,1,0,0,0,0,0,0,1,0,0,10,0,10,10,0,6,0,0,0,1,0,1,1,1,0,1,0,0,0,0,2,0,0,0,5,8,1,0,1,0,0,0,0,0,0,0,0,0,0,0,0,0,0,0,4,4,2,0,1,1,1,5,1,1,1,1,1,1,1,1,6,1,1,0,0,3,4,1,0,0,0,0,0,0,0,0,7,0,2,0,0,0,0,0,0,0,0,0,1,0,0,0,0,1,1,0,0,4,3,30202001,Armenian Apostolic Church
Armenian Apostolic Church,15662,1,0,0,0,0,0,0,1,0,0,10,0,9,3,0,9,0,1,1,0,0,1,0,1,1,0,0,0,0,0,2,0,0,0,9,6,6,0,0,0,0,0,0,0,0,0,0,0,0,0,0,0,0,0,2,4,3,0,1,1,1,1,1,1,1,1,1,1,1,5,5,1,1,0,0,8,3,5,0,0,0,0,0,0,0,0,2,0,2,0,0,0,0,0,0,0,0,0,0,0,0,0,0,1,1,0,0,2,3,30202001,Armenian Apostolic Church
Armenian Apostolic Church,13742,2,1,0,0,0,0,0,1,0,0,8,0,5,9,0,1,0,0,1,0,0,0,0,1,0,0,0,1,0,0,2,0,3,0,10,8,1,5,0,0,0,0,0,0,0,0,0,0,0,0,0,0,0,0,2,2,1,0,0,1,1,1,1,0,1,1,1,1,1,1,3,2,1,0,0,3,2,4,0,0,0,0,0,0,0,0,9,2,3,0,0,0,0,0,0,0,0,0,0,0,0,0,0,0,3,4,2,0,3,30202001,Armenian Apostolic Church
Baptist,311270,1,0,0,0,0,0,0,1,0,0,10,0,6,6,0,7,1,1,1,1,1,0,0,0,0,0,0,0,0,0,2,0,0,0,3,5,3,0,1,1,1,0,0,0,0,0,0,0,0,0,0,0,0,0,2,2,2,3,1,3,3,3,3,3,3,3,2,2,2,2,2,3,3,0,0,3,2,1,0,0,0,0,0,0,0,0,7,0,3,1,2,0,0,0,0,0,0,0,1,1,1,0,0,1,3,0,0,4,2,20600000,Baptist
Baptist,310959,1,0,0,0,0,0,0,1,0,0,10,0,10,10,0,10,1,1,1,0,0,0,0,0,0,0,0,0,0,0,2,0,0,0,5,5,1,0,1,1,1,0,0,0,0,0,0,0,0,0,0,0,0,0,1,1,3,4,2,5,0,6,6,2,5,4,4,7,7,7,8,8,8,0,0,8,1,1,0,0,0,0,0,0,0,0,10,0,4,1,2,0,0,0,0,0,0,0,1,1,1,0,0,0,1,0,0,4,2,20600000,Baptist
Baptist,306941,2,1,0,0,0,0,0,1,1,0,10,2,0,0,0,0,0,1,1,1,0,1,0,0,1,0,0,0,4,2,2,0,0,1,10,1,1,1,1,1,1,0,0,1,1,0,0,0,0,1,0,0,1,2,4,4,0,0,0,1,0,0,0,0,10,1,1,9,10,7,10,1,1,0,0,0,2,0,0,0,0,0,0,0,0,0,0,0,0,0,2,0,0,0,0,0,1,0,1,1,1,0,0,0,0,0,0,0,2,20600000,Baptist
Baptist,310481,1,0,0,0,0,0,0,1,0,0,10,0,3,8,0,10,0,1,0,1,0,1,1,0,1,0,0,0,0,0,2,0,0,0,10,10,5,0,1,1,1,0,0,0,0,0,0,0,0,0,0,0,0,0,3,3,3,2,10,4,10,1,10,10,10,10,9,1,9,10,1,1,1,0,0,1,1,1,0,0,0,0,0,0,0,0,10,0,2,1,2,0,0,0,0,0,0,0,1,1,1,0,0,0,3,0,0,2,2,20600000,Baptist
Baptist,310892,1,0,0,0,0,0,0,1,0,0,10,0,9,7,0,8,1,0,0,1,0,1,0,0,1,0,1,0,0,0,2,0,0,0,9,8,2,0,1,1,1,0,0,0,0,0,0,0,0,0,0,0,0,0,2,2,1,4,2,4,3,1,1,2,2,2,6,2,1,1,4,4,4,0,0,5,1,1,0,0,0,0,0,0,0,0,3,0,1,1,2,0,0,0,0,0,0,0,1,1,1,0,0,0,1,0,0,4,2,20600000,Baptist
Baptist,310701,1,0,0,0,0,0,0,1,0,0,10,0,8,10,0,10,0,1,0,0,0,1,0,1,1,0,1,0,0,0,2,0,0,0,9,6,4,0,1,0,1,0,0,0,0,0,0,0,0,0,0,0,0,0,2,3,3,4,10,10,4,10,9,10,1,7,5,5,5,10,10,8,5,0,0,5,2,1,0,0,0,0,0,0,0,0,5,0,3,1,2,0,0,0,0,0,0,0,1,0,1,0,0,0,3,0,0,2,2,20600000,Baptist
Baptist,139565,2,0,0,0,0,0,0,1,0,0,10,0,10,10,0,0,1,1,0,0,0,1,1,0,0,1,0,0,0,0,2,0,0,0,9,10,5,0,0,0,0,0,0,0,0,0,0,0,0,0,0,0,0,0,1,4,4,0,1,1,1,1,1,1,1,1,1,6,6,6,6,10,1,0,0,6,3,2,0,0,0,0,0,0,0,0,10,0,3,1,2,0,0,0,0,0,0,0,0,0,0,0,0,0,4,0,0,0,2,20600000,Baptist
Baptist,42131,1,0,0,0,0,0,0,1,0,0,10,0,6,7,0,5,1,0,1,1,0,1,0,0,0,0,1,0,0,0,2,0,0,0,9,9,6,0,1,1,1,0,0,0,0,0,0,0,0,0,0,0,0,0,3,3,2,2,1,8,1,1,1,1,3,1,1,5,3,1,6,1,1,0,0,5,1,2,0,0,0,0,0,0,0,0,8,0,2,1,2,0,0,0,0,0,0,0,1,1,1,0,0,0,1,0,0,3,2,20600000,Baptist
Baptist,310441,1,0,0,0,0,0,0,1,0,0,10,0,5,5,0,1,1,0,1,0,0,1,0,1,1,0,0,0,0,0,2,0,0,0,10,2,2,0,0,0,1,0,0,0,0,0,0,0,0,0,0,0,0,0,3,3,3,3,1,9,1,1,1,2,10,1,1,5,1,1,1,1,1,0,0,1,2,1,0,0,0,0,0,0,0,0,5,0,2,1,2,0,0,0,0,0,0,0,0,0,1,0,0,0,3,0,0,4,2,20600000,Baptist
Baptist,291804,1,1,0,0,0,0,0,0,0,0,10,0,0,0,0,0,0,0,0,1,1,1,0,0,1,1,0,0,0,0,2,0,0,0,10,8,5,3,0,0,0,0,0,0,0,0,0,0,0,1,0,0,2,0,0,3,0,0,0,1,0,0,0,0,1,1,1,1,1,2,2,2,1,0,0,0,2,0,0,0,0,0,1,0,0,0,0,0,0,0,2,0,3,3,1,3,0,0,0,0,0,0,0,0,0,0,0,2,2,20600000,Baptist
Baptist,308458,1,1,0,0,0,0,0,1,1,0,10,1,0,0,0,0,0,0,1,1,0,0,0,0,0,0,0,0,0,0,1,2,0,2,6,7,0,0,1,1,1,1,0,1,1,0,0,0,0,1,1,0,1,0,1,3,0,0,0,2,0,0,0,0,1,1,1,1,1,1,1,1,1,0,0,0,2,0,0,0,0,0,1,2,0,0,0,0,0,1,0,0,1,1,1,1,0,0,1,1,1,0,0,0,0,0,0,0,2,20600000,Baptist
Baptist,291465,1,1,0,0,0,0,0,0,0,0,10,0,0,0,0,0,0,1,0,0,1,0,0,1,1,0,0,0,0,0,1,0,0,0,8,8,5,3,0,0,0,0,0,0,0,0,0,0,0,1,0,0,0,0,4,4,0,0,0,1,0,0,0,0,1,1,1,1,1,1,1,1,1,0,0,0,2,0,0,0,0,0,1,0,0,0,0,0,0,0,2,0,4,2,2,2,0,0,0,0,0,0,0,0,0,0,0,0,2,20600000,Baptist
Baptist,162200,1,1,0,0,0,0,0,0,0,0,10,0,8,8,7,0,0,1,1,1,0,1,0,0,1,0,0,0,0,0,2,0,5,0,8,7,3,10,0,0,0,0,8,0,0,0,0,0,0,1,0,0,0,0,4,4,0,0,0,1,0,0,0,0,1,1,1,1,1,1,4,1,1,0,0,0,2,0,0,0,0,0,1,0,0,0,10,3,0,0,2,0,5,1,3,3,0,0,0,0,0,0,0,0,0,0,0,1,2,20600000,Baptist
Baptist,283502,1,1,0,0,0,0,0,0,0,0,10,0,0,0,0,0,0,1,0,1,0,1,0,1,1,0,0,0,0,0,1,0,6,0,8,6,3,8,0,0,0,0,0,0,0,0,0,0,0,0,0,0,2,0,4,4,0,0,0,1,0,0,0,0,1,1,1,8,1,1,5,1,5,0,0,0,2,0,0,0,0,0,0,0,0,0,0,0,0,0,2,0,0,0,0,0,0,0,0,0,0,0,0,0,0,0,0,2,2,20600000,Baptist
Baptist,51953,1,1,0,0,0,0,0,1,1,0,9,2,0,0,0,0,0,1,0,0,1,1,0,1,0,0,1,0,0,0,1,1,0,1,9,7,0,0,1,1,1,1,0,1,1,0,0,0,0,1,0,0,0,0,3,3,0,0,0,1,0,0,0,0,1,1,1,1,1,1,2,2,1,0,0,0,3,0,0,0,0,0,1,2,0,0,0,0,0,1,0,0,2,4,1,4,0,0,1,1,1,0,0,0,0,0,0,0,2,20600000,Baptist
Baptist,21801,2,1,0,0,0,0,0,1,0,0,10,0,1,3,0,9,0,1,1,1,0,0,0,0,1,1,0,0,0,0,2,0,1,0,10,7,3,6,0,1,0,0,0,0,0,0,0,0,0,0,0,0,0,0,2,4,4,0,0,4,1,8,10,0,1,2,10,2,0,1,1,0,7,0,0,1,2,1,0,0,0,0,0,0,0,0,9,3,2,0,1,0,0,0,0,0,0,0,0,1,0,0,0,1,2,0,1,2,2,20600000,Baptist
Baptist,308487,1,3,0,0,0,0,0,1,1,0,10,1,0,0,0,0,0,1,1,1,0,0,0,1,0,1,0,0,0,0,2,0,0,1,9,0,0,0,1,1,1,1,0,1,1,0,0,0,0,1,1,0,0,0,3,3,0,0,0,10,0,0,0,0,10,1,1,1,1,1,10,1,1,0,0,0,2,0,0,0,0,0,1,1,0,0,0,0,0,1,0,0,2,2,2,2,0,0,1,1,1,0,0,0,0,0,0,0,2,20600000,Baptist
Baptist,291268,1,1,0,0,0,0,0,0,0,0,10,0,0,0,0,0,0,0,0,1,0,0,0,0,0,0,0,0,0,0,1,0,0,0,5,8,3,7,0,0,0,0,0,0,0,0,0,0,0,1,0,0,0,0,2,2,0,0,0,1,0,0,0,0,1,1,1,1,1,1,5,1,1,0,0,0,2,0,0,0,0,0,1,0,0,0,0,0,0,0,2,0,3,2,1,3,0,0,0,0,0,0,0,0,0,0,0,0,2,20600000,Baptist
Baptist,51654,1,1,0,0,0,0,0,1,1,0,10,2,0,0,0,0,0,0,0,0,1,1,1,1,1,0,0,0,0,0,2,1,0,1,5,8,0,0,1,1,1,1,0,2,1,0,0,0,0,1,0,0,0,0,3,4,0,0,0,1,0,0,0,0,1,1,1,1,1,1,5,1,1,0,0,0,2,0,0,0,0,0,1,1,0,0,0,0,0,1,0,0,1,3,2,3,0,0,1,1,1,0,0,0,0,0,0,0,2,20600000,Baptist
Baptist,311251,1,0,0,0,0,0,0,1,0,0,10,0,4,10,0,6,1,0,1,1,0,1,1,0,0,0,0,0,0,0,2,0,0,0,4,5,4,0,0,1,1,0,0,0,0,0,0,0,0,0,0,0,0,0,2,3,2,4,9,10,9,10,10,10,10,10,10,10,10,8,7,8,9,0,0,5,1,2,0,0,0,0,0,0,0,0,9,0,1,0,0,0,0,0,0,0,0,0,0,1,1,0,0,0,2,0,0,3,2,20600000,Baptist
Baptist,310696,1,0,0,0,0,0,0,1,0,0,10,0,10,6,0,6,1,0,1,1,0,1,0,0,1,0,0,0,0,0,2,0,0,0,10,6,1,0,1,0,1,0,0,0,0,0,0,0,0,0,0,0,0,0,3,3,3,4,10,2,5,9,9,2,5,8,1,1,2,8,10,10,5,0,0,5,2,1,0,0,0,0,0,0,0,0,5,0,3,1,1,0,0,0,0,0,0,0,1,0,1,0,0,0,3,0,0,2,2,20600000,Baptist
Baptist,331340,1,1,0,0,0,0,0,0,0,0,10,0,0,0,0,0,0,0,1,1,0,1,1,1,1,1,1,0,0,0,2,0,1,0,10,6,10,7,0,0,0,0,0,0,0,0,0,0,0,0,0,0,0,0,3,2,0,0,0,1,0,0,0,0,1,1,1,1,1,1,1,1,1,0,0,0,0,0,0,0,0,0,0,0,0,0,0,0,0,0,2,0,0,0,0,0,0,0,0,0,0,0,0,0,0,0,0,3,2,20600000,Baptist
Baptist,310518,1,0,0,0,0,0,0,1,0,0,10,0,5,5,0,5,1,1,1,1,0,0,0,0,0,0,1,0,0,0,2,0,0,0,7,8,5,0,1,1,1,0,0,0,0,0,0,0,0,0,0,0,0,0,2,3,3,4,1,4,1,1,1,1,5,1,1,1,1,1,1,1,1,0,0,1,2,2,0,0,0,0,0,0,0,0,3,0,2,1,2,0,0,0,0,0,0,0,1,1,1,0,0,0,3,0,0,2,2,20600000,Baptist
Baptist,51765,2,1,0,0,0,0,0,1,1,0,9,2,0,0,0,0,0,1,1,1,0,0,0,0,1,0,1,0,0,0,2,1,0,1,10,10,0,0,1,1,1,1,0,1,2,0,0,0,0,1,0,0,0,0,3,3,0,0,0,1,0,0,0,0,1,5,1,6,6,6,6,5,1,0,0,0,3,0,0,0,0,0,1,1,0,0,0,0,0,0,0,0,4,2,4,2,0,0,1,1,1,0,0,0,0,0,0,0,2,20600000,Baptist
Baptist,291359,1,1,0,0,0,0,0,0,0,0,10,0,0,0,0,0,0,0,0,1,0,0,1,1,1,0,0,0,0,0,1,0,0,0,9,10,3,7,0,0,0,0,0,0,0,0,0,0,0,1,0,0,0,0,3,3,0,0,0,1,0,0,0,0,1,1,1,1,1,1,5,1,4,0,0,0,1,0,0,0,0,0,1,0,0,0,0,0,0,0,2,0,3,2,1,3,0,0,0,0,0,0,0,0,0,0,0,2,2,20600000,Baptist
Baptist,53210,1,1,0,0,0,0,0,1,1,0,10,2,0,0,0,0,0,1,0,0,0,1,0,1,1,0,1,0,0,0,1,2,0,1,8,8,0,0,1,1,1,1,0,1,1,0,0,0,0,0,0,0,1,0,3,3,0,0,0,1,0,0,0,0,1,1,1,1,1,1,4,10,1,0,0,0,1,0,0,0,0,0,1,1,0,0,0,0,0,1,0,0,1,1,2,2,0,0,1,1,1,0,0,0,0,0,0,0,2,20600000,Baptist
Baptist,308039,1,2,0,0,0,0,0,1,1,0,10,2,0,0,0,0,0,0,1,1,0,0,0,0,1,1,1,0,0,0,2,2,0,2,8,7,0,0,1,1,1,1,0,1,1,0,0,0,0,1,1,0,1,0,3,3,0,0,0,4,0,0,0,0,4,4,3,4,4,3,3,3,3,0,0,0,2,0,0,0,0,0,1,2,0,0,0,0,0,0,0,0,3,3,3,3,0,0,1,1,1,0,0,0,0,0,0,0,2,20600000,Baptist
Baptist,43189,1,0,0,0,0,0,0,1,0,0,9,0,3,8,0,5,1,0,0,1,0,0,1,1,1,0,0,0,0,0,2,0,0,0,8,10,3,0,0,1,1,0,0,0,0,0,0,0,0,0,0,0,0,0,3,3,2,4,1,2,1,3,1,1,1,1,2,2,1,1,4,2,1,0,0,3,2,4,0,0,0,0,0,0,0,0,6,0,2,1,2,0,0,0,0,0,0,0,0,1,1,0,0,0,2,0,0,2,2,20600000,Baptist
Baptist,42501,1,0,0,0,0,0,0,1,0,0,10,0,6,6,0,4,0,0,1,1,0,1,0,0,0,0,1,0,0,0,2,0,0,0,10,5,2,0,1,1,1,0,0,0,0,0,0,0,0,0,0,0,0,0,3,3,2,3,1,8,1,4,1,6,1,1,2,1,1,1,6,9,1,0,0,1,2,1,0,0,0,0,0,0,0,0,6,0,2,1,2,0,0,0,0,0,0,0,1,1,1,0,0,0,3,0,0,2,2,20600000,Baptist
Baptist,292195,1,1,0,0,0,0,0,1,0,0,10,0,10,10,0,10,0,0,1,1,0,1,1,0,0,0,0,0,0,0,2,2,0,0,5,8,10,10,0,0,0,0,0,0,0,0,0,0,0,0,0,0,0,0,1,1,1,0,0,7,1,10,10,0,5,1,1,1,1,1,1,8,10,0,0,10,7,1,0,0,0,0,0,0,0,0,10,3,1,0,1,0,0,0,0,0,0,0,0,0,0,0,0,0,1,1,1,0,2,20600000,Baptist
Baptist,51911,1,2,0,0,0,0,0,1,1,0,10,2,0,0,0,0,0,0,1,1,0,1,1,1,0,0,0,0,0,0,1,2,0,1,10,8,0,0,1,1,1,1,0,1,2,0,0,0,0,1,0,0,2,0,2,2,0,0,0,1,0,0,0,0,1,1,1,5,1,5,8,8,1,0,0,0,2,0,0,0,0,0,1,1,0,0,0,0,0,1,0,0,2,2,2,2,0,0,1,1,1,0,0,0,0,0,0,0,2,20600000,Baptist
Baptist,42883,1,0,0,0,0,0,0,1,0,0,10,0,1,1,0,1,1,0,1,0,0,0,0,0,0,0,0,0,0,0,1,0,0,0,0,10,6,0,1,0,1,0,0,0,0,0,0,0,0,0,0,0,0,0,2,0,2,4,1,1,1,3,4,0,1,1,1,1,0,5,3,1,1,0,0,3,2,2,0,0,0,0,0,0,0,0,6,0,2,1,2,0,0,0,0,0,0,0,1,0,1,0,0,0,3,0,0,2,2,20600000,Baptist
Baptist,23130,1,0,0,0,0,0,0,1,0,0,10,0,10,10,0,10,1,0,0,0,1,1,0,0,1,0,1,0,0,0,2,0,0,0,10,10,2,0,1,1,1,0,0,0,0,0,0,0,0,0,0,0,0,0,2,3,2,4,1,1,1,1,1,1,1,1,1,1,1,1,4,1,1,0,0,5,2,1,0,0,0,0,0,0,0,0,10,0,1,1,2,0,0,0,0,0,0,0,1,1,1,0,0,0,1,0,0,1,2,20600000,Baptist
Baptist,291805,2,1,0,0,0,0,0,0,0,0,0,0,0,0,0,0,0,1,1,1,0,1,0,0,0,0,0,0,0,0,1,0,0,0,9,10,7,10,0,0,0,0,0,0,0,0,0,0,0,0,0,0,1,0,4,3,0,0,0,0,0,0,0,0,0,0,0,10,2,8,8,10,1,0,0,0,6,0,0,0,0,0,0,0,0,0,0,0,0,0,0,0,0,0,0,0,0,0,0,0,0,0,0,0,0,0,0,1,2,20600000,Baptist
Baptist,308875,1,1,0,0,0,0,0,1,1,0,10,2,0,0,0,0,0,0,1,0,0,1,1,0,1,1,0,0,0,0,2,2,0,1,7,6,0,0,1,1,1,0,0,1,1,0,0,0,0,1,1,0,0,0,2,2,0,0,0,1,0,0,0,0,1,1,1,1,1,1,1,1,1,0,0,0,2,0,0,0,0,0,1,1,0,0,0,0,0,0,0,0,1,1,1,1,0,0,1,1,1,0,0,0,0,0,0,0,2,20600000,Baptist
Baptist,308933,1,1,0,0,0,0,0,1,1,0,10,2,0,0,0,0,0,1,1,1,0,1,0,0,0,0,1,0,0,0,2,1,0,2,10,6,0,0,1,1,1,1,0,1,1,0,0,0,0,1,1,0,0,0,2,3,0,0,0,2,0,0,0,0,1,1,2,3,2,1,1,1,2,0,0,0,2,0,0,0,0,0,1,1,0,0,0,0,0,1,0,0,3,3,2,3,0,0,1,1,1,0,0,0,0,0,0,0,2,20600000,Baptist
Baptist,310956,1,0,0,0,0,0,0,1,0,0,10,0,8,6,0,6,1,0,1,1,0,0,1,0,1,0,0,0,0,0,2,0,0,0,8,5,4,0,1,1,1,0,0,0,0,0,0,0,0,0,0,0,0,0,3,3,3,2,5,5,4,6,8,2,4,5,6,1,3,1,4,7,2,0,0,8,2,2,0,0,0,0,0,0,0,0,4,0,2,1,2,0,0,0,0,0,0,0,1,1,1,0,0,0,4,0,0,2,2,20600000,Baptist
Baptist,327075,1,2,1,1,1,0,3,1,0,0,5,0,0,0,0,0,1,1,1,1,0,0,0,0,1,1,0,0,0,0,2,0,0,0,5,7,1,2,0,0,0,1,0,2,3,1,1,1,1,1,1,1,1,0,0,0,2,0,0,1,0,0,0,0,1,1,1,1,1,6,6,10,1,0,5,0,8,0,0,1,1,1,1,0,4,0,0,0,0,0,0,0,0,0,0,0,0,2,0,0,0,0,0,0,0,0,0,0,2,20600000,Baptist
Baptist,52699,2,3,0,0,0,0,0,1,1,0,10,2,0,0,0,0,0,1,1,0,1,1,0,0,0,0,1,0,0,0,1,2,0,2,10,10,0,0,1,1,1,1,0,1,1,0,0,0,0,1,0,0,0,0,3,3,0,0,0,1,0,0,0,0,7,1,1,1,1,5,1,1,1,0,0,0,8,0,0,0,0,0,1,1,0,0,0,0,0,0,0,0,2,2,4,2,0,0,1,1,1,0,0,0,0,0,0,0,2,20600000,Baptist
Baptist,310640,1,0,0,0,0,0,0,1,0,0,5,0,6,7,0,5,1,1,1,1,0,0,1,0,0,0,0,0,0,0,2,0,0,0,7,7,5,0,1,1,1,0,0,0,0,0,0,0,0,0,0,0,0,0,3,3,3,2,3,5,1,1,3,2,5,2,3,1,1,1,3,2,1,0,0,3,6,1,0,0,0,0,0,0,0,0,7,0,3,1,1,0,0,0,0,0,0,0,1,1,1,0,0,0,3,0,0,2,2,20600000,Baptist
Baptist,307653,2,1,0,0,0,0,0,1,1,0,10,2,0,0,0,0,1,1,1,1,0,0,1,0,0,0,0,0,2,1,2,0,0,2,6,7,1,5,1,1,1,1,0,1,1,0,0,0,0,1,0,0,0,3,4,4,0,0,0,5,0,0,0,0,1,1,1,1,1,1,1,1,1,0,0,0,2,0,1,0,0,0,0,0,0,0,0,0,0,0,1,0,0,0,0,0,1,0,1,1,1,0,0,0,0,0,0,0,2,20600000,Baptist
Baptist,291810,1,1,0,0,0,0,0,0,0,0,10,0,0,0,0,0,0,0,0,0,0,1,0,1,1,1,0,0,0,0,2,0,0,0,8,8,0,3,0,0,0,0,0,0,0,0,0,0,0,1,0,0,0,0,3,3,0,0,0,1,0,0,0,0,1,1,1,3,1,1,5,1,2,0,0,0,1,0,0,0,0,0,1,0,0,0,0,0,0,0,2,0,4,4,2,4,0,0,0,0,0,0,0,0,0,0,0,0,2,20600000,Baptist
Baptist,311222,1,0,0,0,0,0,0,1,0,0,10,0,10,5,0,5,1,1,1,0,0,0,0,0,1,1,0,0,0,0,2,0,0,0,5,4,1,0,1,0,1,0,0,0,0,0,0,0,0,0,0,0,0,0,2,2,3,4,4,10,4,7,5,1,4,5,4,3,5,5,4,10,6,0,0,6,7,2,0,0,0,0,0,0,0,0,10,0,2,0,0,0,0,0,0,0,0,0,1,0,1,0,0,0,2,0,0,1,2,20600000,Baptist
Baptist,12039,2,1,0,0,0,0,0,1,1,0,10,2,0,0,0,0,0,1,1,1,0,0,1,1,0,0,0,0,1,3,2,0,0,1,7,2,4,7,1,0,1,0,0,1,1,0,0,0,0,1,0,0,0,1,2,3,0,0,0,2,0,0,0,0,8,1,1,1,2,5,8,1,1,0,0,0,8,0,1,0,0,0,0,0,0,0,0,0,0,0,1,0,0,0,0,0,1,0,1,0,1,0,0,0,0,0,0,0,2,20600000,Baptist
Baptist,306745,2,1,0,0,0,0,0,1,1,0,10,1,0,0,0,0,1,0,0,0,0,1,1,0,1,0,1,0,2,4,2,0,0,1,6,5,1,1,1,1,1,1,0,1,1,0,0,0,0,1,1,0,1,2,2,2,0,0,0,1,0,0,0,0,1,1,1,3,1,1,5,2,1,0,0,0,2,0,1,0,0,0,0,0,0,0,0,0,0,0,0,0,0,0,0,0,1,0,1,1,1,0,0,0,0,0,0,0,2,20600000,Baptist
Baptist,311245,1,0,0,0,0,0,0,1,0,0,4,0,5,4,0,4,1,0,1,0,0,1,1,0,1,0,0,0,0,0,2,0,0,0,10,3,2,0,0,1,1,0,0,0,0,0,0,0,0,0,0,0,0,0,1,3,2,4,6,4,5,7,7,5,4,5,5,3,3,2,2,7,7,0,0,2,1,1,0,0,0,0,0,0,0,0,3,0,3,1,2,0,0,0,0,0,0,0,0,1,1,0,0,0,3,0,0,2,2,20600000,Baptist
Baptist,323984,1,1,0,0,0,0,0,1,0,0,10,0,7,10,0,10,0,0,1,1,0,1,0,1,1,0,0,0,0,0,2,0,5,0,9,8,1,10,0,1,0,0,0,0,0,0,0,0,0,0,0,0,0,0,4,4,3,0,0,9,1,1,1,0,6,5,2,1,1,1,3,0,1,0,0,1,1,3,0,0,0,0,0,0,0,0,10,3,1,0,2,0,0,0,0,0,0,0,0,1,0,0,0,1,4,1,4,1,2,20600000,Baptist
Baptist,292128,2,2,0,0,0,0,0,1,0,0,10,0,8,8,0,4,0,0,1,0,0,1,0,0,1,1,0,0,0,0,2,2,0,0,8,7,1,4,0,1,0,0,0,0,0,0,0,0,0,0,0,0,0,0,4,4,3,0,0,3,3,1,1,0,2,2,2,7,7,7,8,9,9,0,0,8,4,3,0,0,0,0,0,0,0,0,5,2,3,0,2,0,0,0,0,0,0,0,0,1,0,0,0,0,3,3,3,0,2,20600000,Baptist
Baptist,307923,2,1,0,0,0,0,0,1,1,0,10,2,0,0,0,0,0,1,1,1,0,1,1,0,0,0,0,0,0,0,2,1,0,1,3,8,0,0,1,1,1,1,0,1,1,0,0,0,0,1,1,0,0,0,1,3,0,0,0,5,0,0,0,0,5,3,3,5,5,5,5,2,2,0,0,0,6,0,0,0,0,0,1,1,0,0,0,0,0,1,0,0,1,1,1,1,0,0,1,1,1,0,0,0,0,0,0,0,2,20600000,Baptist
Baptist,51719,1,1,0,0,0,0,0,1,1,0,10,2,0,0,0,0,0,1,1,1,0,1,0,0,1,0,0,0,0,0,2,2,0,2,10,8,0,0,1,1,1,1,0,1,1,0,0,0,0,1,1,0,1,0,3,3,0,0,0,5,0,0,0,0,5,3,3,0,0,0,0,1,1,0,0,0,2,0,0,0,0,0,1,1,0,0,0,0,0,1,0,0,4,2,4,2,0,0,1,1,1,0,0,0,0,0,0,0,2,20600000,Baptist
Brotherhood of the Cross and Star,275742,1,1,0,0,0,0,0,1,0,0,10,2,0,0,0,0,1,0,1,0,0,1,0,1,0,0,1,0,4,1,2,0,0,3,4,10,4,10,0,0,1,0,0,1,1,0,0,0,0,1,1,0,2,2,2,3,0,0,0,1,0,0,0,0,1,1,1,1,1,1,1,1,6,0,0,0,4,0,1,0,0,0,0,0,0,0,0,0,0,0,2,0,0,0,0,0,1,0,0,0,1,0,0,0,0,0,0,0,2,21603100,Brotherhood of the Cross and Star
Brotherhood of the Cross and Star,275919,1,3,0,0,0,0,0,1,1,0,10,3,0,0,0,0,1,0,1,0,0,1,0,0,1,0,1,0,2,3,2,0,0,1,9,3,1,2,1,1,1,0,0,1,1,0,0,0,0,1,1,0,2,2,3,4,0,0,0,1,0,0,0,0,1,1,1,1,1,1,1,1,1,0,0,0,1,0,1,0,0,0,0,0,0,0,0,0,0,0,2,0,0,0,0,0,3,0,1,1,1,0,0,0,0,0,0,0,2,21603100,Brotherhood of the Cross and Star
Brotherhood of the Cross and Star,273991,1,3,0,0,0,0,0,1,1,0,10,2,0,0,0,0,1,0,1,0,0,1,0,0,1,0,1,0,2,4,0,0,0,0,6,0,2,6,1,1,1,0,0,1,1,0,0,0,0,1,0,0,1,1,2,4,0,0,0,4,0,0,0,0,0,0,0,0,2,1,6,6,6,0,0,0,2,0,1,0,0,0,0,0,0,0,0,0,0,0,2,0,0,0,0,0,3,0,1,1,1,0,0,0,0,0,0,0,2,21603100,Brotherhood of the Cross and Star
Brotherhood of the Cross and Star,275418,1,2,0,0,0,0,0,1,1,0,10,1,0,0,0,0,1,0,1,0,0,0,0,0,1,1,1,0,2,4,2,0,0,1,6,5,5,8,1,1,1,0,0,1,2,0,0,0,0,1,1,0,2,3,2,2,0,0,0,3,0,0,0,0,2,3,2,2,3,2,2,2,1,0,0,0,1,0,1,0,0,0,0,0,0,0,0,0,0,0,2,0,0,0,0,0,1,0,1,1,1,0,0,0,0,0,0,0,2,21603100,Brotherhood of the Cross and Star
Brotherhood of the Cross and Star,274140,1,2,0,0,0,0,0,1,1,0,10,1,0,0,0,0,1,0,1,0,0,1,0,0,1,0,1,0,4,2,2,0,0,1,10,10,1,1,1,1,1,0,0,1,1,0,0,0,0,1,1,1,0,2,1,3,0,0,0,1,0,0,0,0,2,1,1,2,1,1,1,1,2,0,0,0,1,0,1,0,0,0,0,0,0,0,0,0,0,0,2,0,0,0,0,0,1,0,1,1,1,0,0,0,0,0,0,0,2,21603100,Brotherhood of the Cross and Star
Brotherhood of the Cross and Star,279772,1,0,0,0,0,0,0,1,0,0,10,0,10,10,0,1,1,0,0,0,0,1,0,1,1,0,1,0,0,0,2,0,0,0,6,10,1,0,0,0,0,0,0,0,0,0,0,0,0,0,0,0,0,0,1,4,4,0,1,1,1,3,1,1,1,1,1,1,1,1,6,1,1,0,0,10,3,1,0,0,0,0,0,0,0,0,10,0,1,1,1,0,0,0,0,0,0,0,0,0,0,0,0,0,2,0,0,3,2,21603100,Brotherhood of the Cross and Star
Brotherhood of the Cross and Star,274547,1,2,0,0,0,0,0,1,1,0,10,1,0,0,0,0,1,0,1,0,0,1,0,0,1,0,1,0,2,4,2,0,0,1,8,8,3,8,1,1,1,0,0,1,2,0,0,0,0,1,1,0,0,1,2,2,0,0,0,5,0,0,0,0,5,5,5,1,1,1,1,1,1,0,0,0,1,0,1,0,0,0,0,0,0,0,0,0,0,0,2,0,0,0,0,0,1,0,1,1,1,0,0,0,0,0,0,0,2,21603100,Brotherhood of the Cross and Star
Brotherhood of the Cross and Star,274437,1,2,0,0,0,0,0,1,1,0,10,1,0,0,0,0,1,0,1,0,0,0,1,0,1,0,1,0,2,4,2,0,0,1,6,8,1,8,1,1,1,0,0,1,1,0,0,0,0,1,1,0,0,2,1,1,0,0,0,1,0,0,0,0,3,2,1,1,1,1,1,4,1,0,0,0,1,0,1,0,0,0,0,0,0,0,0,0,0,0,2,0,0,0,0,0,1,0,1,1,1,0,0,0,0,0,0,0,2,21603100,Brotherhood of the Cross and Star
Brotherhood of the Cross and Star,280449,2,0,0,0,0,0,0,1,0,0,10,0,10,10,0,1,1,0,0,0,0,1,0,0,1,1,0,0,0,0,2,0,0,0,8,6,1,0,1,1,1,0,0,0,0,0,0,0,0,0,0,0,0,0,1,4,4,5,1,1,1,1,1,6,1,1,1,1,10,1,10,1,1,0,0,6,1,1,0,0,0,0,0,0,0,0,1,0,1,1,2,0,0,0,0,0,0,0,1,1,1,0,0,0,1,0,0,2,2,21603100,Brotherhood of the Cross and Star
Brotherhood of the Cross and Star,274852,2,1,0,0,0,0,0,1,1,0,10,1,0,0,0,0,1,0,1,0,0,1,0,0,1,0,1,0,2,4,2,0,0,2,8,5,1,8,1,1,1,0,0,1,1,0,0,0,0,1,1,0,0,2,2,3,0,0,0,1,0,0,0,0,1,1,1,1,1,1,1,1,1,0,0,0,1,0,1,0,0,0,0,0,0,0,0,0,0,0,2,0,0,0,0,0,1,0,1,1,1,0,0,0,0,0,0,0,2,21603100,Brotherhood of the Cross and Star
Brotherhood of the Cross and Star,274933,1,2,0,0,0,0,0,1,1,0,10,1,0,0,0,0,1,0,1,0,0,1,0,1,1,0,0,0,4,3,2,0,0,1,8,9,1,2,1,1,1,0,0,1,1,0,0,0,0,0,1,0,0,2,1,1,0,0,0,1,0,0,0,0,2,1,3,1,1,1,2,1,1,0,0,0,1,0,1,0,0,0,0,0,0,0,0,0,0,0,0,0,0,0,0,0,1,0,1,1,1,0,0,0,0,0,0,0,2,21603100,Brotherhood of the Cross and Star
Brotherhood of the Cross and Star,274326,2,1,0,0,0,0,0,1,1,0,10,1,0,0,0,0,1,1,1,0,0,0,0,0,1,0,1,0,2,4,2,0,0,2,8,6,10,10,1,1,1,0,0,1,1,0,0,0,0,1,1,0,0,2,4,4,0,0,0,1,0,0,0,0,1,1,1,1,1,1,1,1,1,0,0,0,1,0,1,0,0,0,0,0,0,0,0,0,0,0,2,0,0,0,0,0,2,0,1,1,1,0,0,0,0,0,0,0,2,21603100,Brotherhood of the Cross and Star
Brotherhood of the Cross and Star,275081,1,1,0,0,0,0,0,1,1,0,9,1,0,0,0,0,1,0,1,0,0,1,0,0,1,0,1,0,4,2,1,0,0,1,9,10,1,1,1,1,1,0,0,1,1,0,0,0,0,1,1,0,0,1,1,1,0,0,0,2,0,0,0,0,1,1,1,1,1,1,4,1,2,0,0,0,1,0,1,0,0,0,0,0,0,0,0,0,0,0,2,0,0,0,0,0,1,0,1,1,1,0,0,0,0,0,0,0,2,21603100,Brotherhood of the Cross and Star
Brotherhood of the Cross and Star,274442,1,2,0,0,0,0,0,1,1,0,10,2,0,0,0,0,1,0,1,0,0,1,0,0,1,1,0,0,2,4,2,0,0,2,7,8,6,7,1,1,1,0,0,2,2,0,0,0,0,1,1,0,0,2,2,3,0,0,0,2,0,0,0,0,2,3,1,1,1,1,1,1,1,0,0,0,1,0,1,0,0,0,0,0,0,0,0,0,0,0,2,0,0,0,0,0,1,0,1,1,1,0,0,0,0,0,0,0,2,21603100,Brotherhood of the Cross and Star
Brotherhood of the Cross and Star,274957,1,2,0,0,0,0,0,1,1,0,10,2,0,0,0,0,1,0,1,1,0,0,0,0,1,0,1,0,2,4,2,0,0,2,3,8,2,9,1,1,1,0,0,1,1,0,0,0,0,1,1,0,0,2,1,3,0,0,0,1,0,0,0,0,2,1,1,1,1,1,1,8,1,0,0,0,1,0,1,0,0,0,0,0,0,0,0,0,0,0,2,0,0,0,0,0,1,0,1,1,1,0,0,0,0,0,0,0,2,21603100,Brotherhood of the Cross and Star
Brotherhood of the Cross and Star,274719,1,2,0,0,0,0,0,1,1,0,10,1,0,0,0,0,1,0,1,0,0,0,1,0,1,1,0,0,2,4,2,0,0,2,8,8,1,6,1,1,1,0,0,1,1,0,0,0,0,1,1,0,0,2,1,1,0,0,0,1,0,0,0,0,2,1,1,5,1,5,2,2,1,0,0,0,1,0,1,0,0,0,0,0,0,0,0,0,0,0,0,0,0,0,0,0,1,0,1,1,1,0,0,0,0,0,0,0,2,21603100,Brotherhood of the Cross and Star
Brotherhood of the Cross and Star,274070,1,1,0,0,0,0,0,1,1,0,10,1,0,0,0,0,1,0,1,0,0,1,0,0,1,0,1,0,2,4,2,0,0,1,7,8,4,10,1,1,1,0,0,1,1,0,0,0,0,1,1,0,0,2,1,1,0,0,0,2,0,0,0,0,3,1,1,2,1,1,1,1,1,0,0,0,1,0,1,0,0,0,0,0,0,0,0,0,0,0,2,0,0,0,0,0,1,0,1,1,1,0,0,0,0,0,0,0,2,21603100,Brotherhood of the Cross and Star
Brotherhood of the Cross and Star,274573,1,2,0,0,0,0,0,1,1,0,10,1,0,0,0,0,1,0,0,1,0,0,0,0,1,1,1,0,4,2,2,0,0,0,6,7,9,6,1,0,1,0,0,0,2,0,0,0,0,1,1,0,0,1,1,0,0,0,0,2,0,0,0,0,3,4,4,3,5,5,5,5,3,0,0,0,2,0,1,0,0,0,0,0,0,0,0,0,0,0,2,0,0,0,0,0,1,0,1,0,1,0,0,0,0,0,0,0,2,21603100,Brotherhood of the Cross and Star
Brotherhood of the Cross and Star,275036,1,4,0,0,0,0,0,1,1,0,10,1,0,0,0,0,1,1,1,0,0,1,0,0,0,0,1,0,4,2,2,0,0,0,7,9,1,1,1,1,1,0,0,1,1,0,0,0,0,0,1,0,2,2,1,1,0,0,0,1,0,0,0,0,1,1,1,1,1,1,0,0,0,0,0,0,1,0,1,0,0,0,0,0,0,0,0,0,0,0,1,0,0,0,0,0,1,0,1,1,1,0,0,0,0,0,0,0,2,21603100,Brotherhood of the Cross and Star
Brotherhood of the Cross and Star,274318,2,1,0,0,0,0,0,1,0,0,8,1,0,0,0,0,1,1,1,0,0,0,0,0,0,1,1,0,2,1,2,0,0,1,6,7,7,2,1,1,1,0,0,1,2,0,0,0,0,1,0,0,0,1,2,3,0,0,0,5,0,0,0,0,1,4,6,1,3,3,3,3,2,0,0,0,7,0,0,0,0,0,0,0,0,0,0,0,0,0,1,0,0,0,0,0,1,0,1,1,1,0,0,0,0,0,0,0,2,21603100,Brotherhood of the Cross and Star
Brotherhood of the Cross and Star,274160,1,1,0,0,0,0,0,1,1,0,10,2,0,0,0,0,1,0,1,1,0,1,1,0,0,0,0,0,1,4,0,0,0,2,8,8,2,9,1,1,1,0,0,1,1,0,0,0,0,1,1,0,0,2,1,4,0,0,0,2,0,0,0,0,1,1,1,1,1,1,6,1,1,0,0,0,1,0,1,0,0,0,0,0,0,0,0,0,0,0,2,0,0,0,0,0,1,0,1,1,1,0,0,0,0,0,0,0,2,21603100,Brotherhood of the Cross and Star
Brotherhood of the Cross and Star,280308,1,0,0,0,0,0,0,1,0,0,10,0,7,9,0,2,1,0,1,1,0,0,0,0,1,0,1,0,0,0,2,0,0,0,8,7,1,0,0,1,1,0,0,0,0,0,0,0,0,0,0,0,0,0,4,1,3,5,1,8,1,9,7,1,1,1,2,2,3,4,5,1,1,0,0,10,2,2,0,0,0,0,0,0,0,0,6,0,1,1,2,0,0,0,0,0,0,0,0,1,1,0,0,0,1,0,0,3,2,21603100,Brotherhood of the Cross and Star
Brotherhood of the Cross and Star,274080,1,1,0,0,0,0,0,1,1,0,10,2,0,0,0,0,1,0,1,0,0,1,0,0,0,1,1,0,2,4,2,0,0,2,8,6,5,9,1,1,1,0,0,1,1,0,0,0,0,1,1,0,0,2,1,2,0,0,0,2,0,0,0,0,2,2,1,1,1,1,1,2,2,0,0,0,1,0,1,0,0,0,0,0,0,0,0,0,0,0,2,0,0,0,0,0,1,0,1,1,1,0,0,0,0,0,0,0,2,21603100,Brotherhood of the Cross and Star
Brotherhood of the Cross and Star,275445,2,3,0,0,0,0,0,1,1,0,10,2,0,0,0,0,1,0,1,0,0,1,0,1,0,0,1,0,3,2,2,0,0,2,7,8,9,8,0,0,1,0,0,1,1,0,0,0,0,1,1,0,2,1,1,3,0,0,0,7,0,0,0,0,6,6,10,1,5,5,6,1,5,0,0,0,7,0,0,0,0,0,0,0,0,0,0,0,0,0,0,0,0,0,0,0,2,0,0,0,1,0,0,0,0,0,0,0,2,21603100,Brotherhood of the Cross and Star
Brotherhood of the Cross and Star,274979,1,0,0,0,0,0,0,1,1,0,10,3,0,0,0,0,1,1,1,0,0,1,1,0,0,0,0,0,3,2,2,0,0,2,7,7,4,7,1,1,1,0,0,1,1,0,0,0,0,1,0,0,0,2,1,3,0,0,0,3,0,0,0,0,3,3,2,1,1,2,2,1,3,0,0,0,1,0,1,0,0,0,0,0,0,0,0,0,0,0,2,0,0,0,0,0,3,0,1,1,1,0,0,0,0,0,0,0,2,21603100,Brotherhood of the Cross and Star
Brotherhood of the Cross and Star,274580,1,1,0,0,0,0,0,1,1,0,10,1,0,0,0,0,1,0,1,0,0,0,0,0,1,1,1,0,2,4,2,0,0,0,6,6,3,4,1,1,1,0,0,1,3,0,0,0,0,1,0,0,2,3,2,2,0,0,0,3,0,0,0,0,1,2,4,3,3,3,2,3,2,0,0,0,1,0,1,0,0,0,0,0,0,0,0,0,0,0,2,0,0,0,0,0,1,0,1,1,1,0,0,0,0,0,0,0,2,21603100,Brotherhood of the Cross and Star
Brotherhood of the Cross and Star,275768,1,2,0,0,0,0,0,1,1,0,10,1,0,0,0,0,1,0,1,0,0,0,0,1,1,0,1,0,4,3,2,0,0,1,5,6,1,3,1,1,1,0,0,1,1,0,0,0,0,1,1,0,0,2,1,1,0,0,0,1,0,0,0,0,1,1,1,1,1,1,1,1,1,0,0,0,1,0,1,0,0,0,0,0,0,0,0,0,0,0,2,0,0,0,0,0,1,0,1,1,1,0,0,0,0,0,0,0,2,21603100,Brotherhood of the Cross and Star
Brotherhood of the Cross and Star,275829,1,1,0,0,0,0,0,1,1,0,10,1,0,0,0,0,1,0,1,0,0,1,0,1,1,0,0,0,4,2,2,0,0,1,10,10,4,1,1,1,1,0,0,1,1,0,0,0,0,1,1,0,0,2,1,3,0,0,0,1,0,0,0,0,1,1,1,1,1,1,1,1,1,0,0,0,2,0,1,0,0,0,0,0,0,0,0,0,0,0,1,0,0,0,0,0,1,0,1,1,1,0,0,0,0,0,0,0,2,21603100,Brotherhood of the Cross and Star
Brotherhood of the Cross and Star,275775,1,1,0,0,0,0,0,1,1,0,10,1,0,0,0,0,1,0,1,1,0,0,0,0,1,0,0,0,1,4,1,0,0,1,10,10,1,10,0,0,1,0,0,1,1,0,0,0,0,1,1,0,0,2,4,4,0,0,0,1,0,0,0,0,1,1,1,1,1,1,1,1,1,0,0,0,2,0,0,0,0,0,0,0,0,0,0,0,0,0,1,0,0,0,0,0,2,0,0,0,1,0,0,0,0,0,0,0,2,21603100,Brotherhood of the Cross and Star
Brotherhood of the Cross and Star,275595,2,1,0,0,0,0,0,1,1,0,10,1,0,0,0,0,1,0,0,0,0,1,0,1,1,0,1,0,2,3,2,0,0,1,6,6,1,1,1,1,1,0,0,1,1,0,0,0,0,1,1,0,0,2,1,4,0,0,0,1,0,0,0,0,1,1,1,1,1,1,1,1,1,0,0,0,1,0,1,0,0,0,0,0,0,0,0,0,0,0,2,0,0,0,0,0,1,0,1,1,1,0,0,0,0,0,0,0,2,21603100,Brotherhood of the Cross and Star
Brotherhood of the Cross and Star,274887,1,1,0,0,0,0,0,1,1,0,9,2,0,0,0,0,0,1,1,0,0,1,0,1,0,0,1,0,2,3,1,0,0,1,4,3,2,10,1,1,1,0,0,1,1,0,0,0,0,1,1,1,2,1,1,1,0,0,0,1,0,0,0,0,1,1,1,1,2,5,2,1,1,0,0,0,7,0,1,0,0,0,0,0,0,0,0,0,0,0,1,0,0,0,0,0,1,0,1,1,1,0,0,0,0,0,0,0,2,21603100,Brotherhood of the Cross and Star
Brotherhood of the Cross and Star,275413,1,3,0,0,0,0,0,1,1,0,10,2,0,0,0,0,1,0,1,1,0,1,0,0,0,0,1,0,4,2,2,0,0,2,7,7,1,8,1,1,1,0,0,1,1,0,0,0,0,1,1,0,0,2,2,3,0,0,0,1,0,0,0,0,1,1,1,1,1,1,1,1,1,0,0,0,1,0,1,0,0,0,0,0,0,0,0,0,0,0,2,0,0,0,0,0,1,0,1,1,1,0,0,0,0,0,0,0,2,21603100,Brotherhood of the Cross and Star
Brotherhood of the Cross and Star,279873,1,0,0,0,0,0,0,1,0,0,10,0,9,9,0,7,1,1,0,0,0,0,0,0,1,1,1,0,0,0,2,0,0,0,4,10,4,0,1,0,1,0,0,0,0,0,0,0,0,0,0,0,0,0,3,3,3,4,5,3,2,8,4,4,3,5,3,8,7,5,4,1,1,0,0,7,1,1,0,0,0,0,0,0,0,0,8,0,1,1,2,0,0,0,0,0,0,0,1,0,1,0,0,0,1,0,0,4,2,21603100,Brotherhood of the Cross and Star
Brotherhood of the Cross and Star,274462,1,2,0,0,0,0,0,1,0,0,10,1,0,0,0,0,1,0,1,0,0,1,0,1,1,0,0,0,3,4,2,0,0,2,9,9,1,6,1,1,1,0,0,1,1,0,0,0,0,1,1,0,0,1,3,1,0,0,0,6,0,0,0,0,7,6,7,5,6,6,6,4,1,0,0,0,1,0,1,0,0,0,0,0,0,0,0,0,0,0,2,0,0,0,0,0,1,0,1,1,1,0,0,0,0,0,0,0,2,21603100,Brotherhood of the Cross and Star
Brotherhood of the Cross and Star,274762,1,1,0,0,0,0,0,1,1,0,10,2,0,0,0,0,1,0,1,0,0,0,0,0,0,1,1,0,1,4,0,0,0,1,7,6,5,6,1,0,1,0,0,1,2,0,0,0,0,1,0,1,0,1,1,1,0,0,0,4,0,0,0,0,4,6,7,5,4,5,4,2,3,0,0,0,1,0,1,0,0,0,0,0,0,0,0,0,0,0,2,0,0,0,0,0,1,0,1,0,1,0,0,0,0,0,0,0,2,21603100,Brotherhood of the Cross and Star
Brotherhood of the Cross and Star,274720,1,2,0,0,0,0,0,1,1,0,10,1,0,0,0,0,1,1,1,0,0,0,1,0,0,1,1,0,2,4,2,0,0,1,9,9,3,3,1,1,1,0,0,1,2,0,0,0,0,1,1,0,0,1,3,3,0,0,0,3,0,0,0,0,3,3,3,3,1,2,2,2,2,0,0,0,7,0,0,0,0,0,0,0,0,0,0,0,0,0,2,0,0,0,0,0,1,0,1,1,1,0,0,0,0,0,0,0,2,21603100,Brotherhood of the Cross and Star
Brotherhood of the Cross and Star,274715,1,1,0,0,0,0,0,1,1,0,10,1,0,0,0,0,1,0,1,0,0,1,0,1,1,0,0,0,2,4,2,0,0,2,3,3,9,10,1,1,1,0,0,1,1,0,0,0,0,1,1,0,0,2,2,1,0,0,0,1,0,0,0,0,1,1,1,9,1,1,1,8,1,0,0,0,1,0,1,0,0,0,0,0,0,0,0,0,0,0,1,0,0,0,0,0,1,0,1,1,1,0,0,0,0,0,0,0,2,21603100,Brotherhood of the Cross and Star
Brotherhood of the Cross and Star,275439,1,1,0,0,0,0,0,1,1,0,10,1,0,0,0,0,1,0,1,0,0,1,0,1,1,0,0,0,4,2,2,0,0,1,9,10,8,5,1,1,1,0,0,1,1,0,0,0,0,1,1,1,1,1,1,1,0,0,0,1,0,0,0,0,4,3,1,1,2,3,4,2,3,0,0,0,4,0,1,0,0,0,0,0,0,0,0,0,0,0,0,0,0,0,0,0,1,0,1,1,1,0,0,0,0,0,0,0,2,21603100,Brotherhood of the Cross and Star
Brotherhood of the Cross and Star,274423,1,1,0,0,0,0,0,1,1,0,10,1,0,0,0,0,1,1,1,0,0,0,0,0,1,0,1,0,4,2,2,0,0,2,9,9,2,1,1,1,1,0,0,1,1,0,0,0,0,1,1,0,0,2,1,4,0,0,0,1,0,0,0,0,1,1,1,1,1,1,1,1,1,0,0,0,1,0,1,0,0,0,0,0,0,0,0,0,0,0,2,0,0,0,0,0,1,0,1,1,1,0,0,0,0,0,0,0,2,21603100,Brotherhood of the Cross and Star
Brotherhood of the Cross and Star,274914,1,1,0,0,0,0,0,1,1,0,9,2,0,0,0,0,1,0,1,1,0,1,0,0,0,0,1,0,2,3,2,0,0,1,7,8,2,9,0,1,1,0,0,1,2,0,0,0,0,1,0,0,2,2,2,3,0,0,0,9,0,0,0,0,2,8,1,3,2,3,2,3,2,0,0,0,1,0,1,0,0,0,0,0,0,0,0,0,0,0,2,0,0,0,0,0,1,0,0,1,1,0,0,0,0,0,0,0,2,21603100,Brotherhood of the Cross and Star
Brotherhood of the Cross and Star,275852,1,1,0,0,0,0,0,1,1,0,10,1,0,0,0,0,1,0,1,0,0,1,0,1,1,0,0,0,4,2,2,0,0,1,10,10,5,3,1,1,1,0,0,1,1,0,0,0,0,1,1,1,0,2,2,3,0,0,0,1,0,0,0,0,2,3,2,1,2,2,1,1,1,0,0,0,1,0,1,0,0,0,0,0,0,0,0,0,0,0,2,0,0,0,0,0,1,0,1,1,1,0,0,0,0,0,0,0,2,21603100,Brotherhood of the Cross and Star
Brotherhood of the Cross and Star,275425,1,2,0,0,0,0,0,1,1,0,10,1,0,0,0,0,1,1,0,1,0,0,0,0,1,0,1,0,4,1,1,0,0,0,9,7,9,9,1,1,1,0,0,1,1,0,0,0,0,1,1,1,0,2,3,3,0,0,0,2,0,0,0,0,2,2,1,1,1,1,1,2,1,0,0,0,1,0,1,0,0,0,0,0,0,0,0,0,0,0,2,0,0,0,0,0,1,0,1,1,1,0,0,0,0,0,0,0,2,21603100,Brotherhood of the Cross and Star
Brotherhood of the Cross and Star,274983,1,1,0,0,0,0,0,1,1,0,10,1,0,0,0,0,1,0,1,1,0,0,0,1,0,0,1,0,2,4,2,0,0,1,5,7,2,6,1,1,1,0,0,1,2,0,0,0,0,1,1,0,0,2,1,4,0,0,0,1,0,0,0,0,1,1,1,1,1,1,1,1,1,0,0,0,1,0,1,0,0,0,0,0,0,0,0,0,0,0,2,0,0,0,0,0,1,0,1,1,1,0,0,0,0,0,0,0,2,21603100,Brotherhood of the Cross and Star
Brotherhood of the Cross and Star,274784,1,1,0,0,0,0,0,1,1,0,10,1,0,0,0,0,0,1,0,0,1,0,1,0,0,1,1,0,4,2,2,0,0,2,10,10,1,10,1,1,1,0,0,1,1,0,0,0,0,1,1,0,0,2,3,4,0,0,0,1,0,0,0,0,1,1,1,1,1,1,1,1,1,0,0,0,1,0,1,0,0,0,0,0,0,0,0,0,0,0,2,0,0,0,0,0,1,0,1,1,1,0,0,0,0,0,0,0,2,21603100,Brotherhood of the Cross and Star
Brotherhood of the Cross and Star,275118,1,2,0,0,0,0,0,1,1,0,10,2,0,0,0,0,1,0,1,1,0,1,0,0,1,0,0,0,3,2,2,0,0,0,7,10,1,1,0,1,1,0,0,1,1,0,0,0,0,1,1,0,0,3,0,3,0,0,0,1,0,0,0,0,1,1,1,1,1,1,1,0,1,0,0,0,1,0,1,0,0,0,0,0,0,0,0,0,0,0,1,0,0,0,0,0,1,0,0,1,1,0,0,0,0,0,0,0,2,21603100,Brotherhood of the Cross and Star
Brotherhood of the Cross and Star,275475,1,1,0,0,0,0,0,1,1,0,10,2,0,0,0,0,1,1,0,0,0,1,0,1,1,0,0,0,4,2,2,0,0,1,5,8,8,9,1,1,1,0,0,1,1,0,0,0,0,1,1,0,0,2,1,3,0,0,0,1,0,0,0,0,2,1,1,1,1,1,1,1,1,0,0,0,1,0,1,0,0,0,0,0,0,0,0,0,0,0,2,0,0,0,0,0,1,0,1,1,1,0,0,0,0,0,0,0,2,21603100,Brotherhood of the Cross and Star
Brotherhood of the Cross and Star,274009,1,1,0,0,0,0,0,1,1,0,10,2,0,0,0,0,1,0,1,0,0,1,0,0,1,0,1,0,4,1,0,0,0,2,8,5,2,8,1,1,1,0,0,1,1,0,0,0,0,0,1,0,2,3,3,4,0,0,0,2,0,0,0,0,2,3,1,1,5,4,5,5,2,0,0,0,2,0,1,0,0,0,0,0,0,0,0,0,0,0,2,0,0,0,0,0,1,0,1,1,1,0,0,0,0,0,0,0,2,21603100,Brotherhood of the Cross and Star
Brotherhood of the Cross and Star,274583,1,1,0,0,0,0,0,1,1,0,10,2,0,0,0,0,1,0,1,0,0,0,0,1,1,0,1,0,4,2,1,0,0,0,6,6,3,4,1,1,1,0,0,1,1,0,0,0,0,1,0,0,2,3,2,2,0,0,0,3,0,0,0,0,1,2,4,3,3,3,2,3,2,0,0,0,1,0,1,0,0,0,0,0,0,0,0,0,0,0,2,0,0,0,0,0,1,0,1,1,1,0,0,0,0,0,0,0,2,21603100,Brotherhood of the Cross and Star
Brotherhood of the Cross and Star,274065,1,2,0,0,0,0,0,1,1,0,10,1,0,0,0,0,1,0,1,0,0,1,0,0,1,0,1,0,2,4,2,0,0,2,4,3,2,6,1,1,1,0,0,1,1,0,0,0,0,1,0,0,0,2,1,2,0,0,0,1,0,0,0,0,1,1,1,1,1,1,1,1,1,0,0,0,1,0,1,0,0,0,0,0,0,0,0,0,0,0,1,0,0,0,0,0,1,0,1,1,1,0,0,0,0,0,0,0,2,21603100,Brotherhood of the Cross and Star
Brotherhood of the Cross and Star,275741,1,1,0,0,0,0,0,1,0,0,10,2,0,0,0,0,1,0,0,0,0,1,0,1,1,0,1,0,2,4,2,0,0,1,1,2,1,1,0,0,1,0,0,1,1,0,0,0,0,1,1,0,0,2,2,3,0,0,0,2,0,0,0,0,1,1,1,1,1,1,1,1,1,0,0,0,4,0,1,0,0,0,0,0,0,0,0,0,0,0,2,0,0,0,0,0,3,0,0,0,1,0,0,0,0,0,0,0,2,21603100,Brotherhood of the Cross and Star
Buddhist,207698,2,1,0,0,0,0,0,1,0,0,9,2,0,0,0,0,1,1,0,1,0,0,0,1,0,1,0,0,3,1,2,0,0,2,8,5,7,2,0,1,1,1,0,1,2,0,0,0,0,1,1,0,1,1,2,3,0,0,0,1,0,0,0,0,1,1,2,5,1,7,8,8,1,0,0,0,3,0,1,0,0,0,0,0,0,0,0,0,0,0,0,0,0,0,0,0,2,0,0,1,1,0,0,0,0,0,0,0,7,70000000,Buddhist
Buddhist,265322,1,0,0,0,0,0,0,1,0,0,7,0,10,10,0,1,0,0,1,0,0,1,0,1,1,0,1,0,0,0,1,0,0,0,10,7,1,0,0,0,1,0,0,0,0,0,0,0,0,0,0,0,0,0,2,2,1,2,1,8,1,1,1,1,1,1,1,1,1,1,1,1,1,0,0,1,1,1,0,0,0,0,0,0,0,0,1,0,1,0,0,0,0,0,0,0,0,0,0,0,1,0,0,0,1,0,0,2,7,70000000,Buddhist
Buddhist,272030,3,0,0,0,0,0,0,1,0,0,5,0,8,7,0,5,0,1,0,1,0,1,1,1,0,0,0,0,0,0,2,0,0,0,5,6,6,0,1,1,1,0,0,0,0,0,0,0,0,0,0,0,0,0,2,3,3,3,2,2,2,8,2,2,2,2,2,7,6,6,6,8,6,0,0,6,3,3,0,0,0,0,0,0,0,0,6,0,3,0,0,0,0,0,0,0,0,0,1,1,1,0,0,0,3,0,0,3,7,70000000,Buddhist
Buddhist,363214,2,2,0,0,0,0,0,0,0,0,7,0,6,6,6,0,0,1,0,1,1,0,1,0,0,0,1,0,0,0,1,0,7,0,6,7,7,7,0,0,0,0,7,0,0,0,0,0,0,1,0,0,1,0,3,3,0,0,0,4,0,0,0,0,2,2,2,2,2,2,2,2,2,0,0,0,3,0,0,0,0,0,0,0,0,0,6,3,0,0,0,0,3,3,3,3,0,0,0,0,0,0,0,0,0,0,0,3,7,70000000,Buddhist
Buddhist,266170,1,0,0,0,0,0,0,1,0,0,10,0,5,5,0,5,1,0,1,0,1,1,0,0,0,0,1,0,0,0,2,0,0,0,8,8,1,0,1,1,1,0,0,0,0,0,0,0,0,0,0,0,0,0,2,3,1,4,1,5,1,3,1,1,4,1,2,1,1,1,1,8,1,0,0,1,1,2,0,0,0,0,0,0,0,0,5,0,1,0,0,0,0,0,0,0,0,0,1,1,1,0,0,1,1,0,0,2,7,70000000,Buddhist
Buddhist,208721,3,2,0,0,0,0,0,1,0,0,6,2,0,0,0,0,0,1,0,1,0,0,1,1,0,1,0,0,0,0,1,1,0,1,8,4,0,0,0,0,0,0,0,2,2,0,0,0,0,1,0,0,2,0,2,3,0,0,0,1,0,0,0,0,1,1,1,5,1,5,7,1,9,0,0,0,3,0,0,0,0,0,1,1,0,0,0,0,0,0,0,0,3,2,3,1,0,0,0,0,0,0,0,0,0,0,0,0,7,70000000,Buddhist
Buddhist,386677,2,2,0,0,0,0,0,1,0,0,7,0,8,8,0,5,0,0,1,1,1,0,1,0,0,0,0,1,0,0,2,0,6,0,6,6,1,10,0,1,0,0,0,0,0,0,0,0,0,0,0,0,0,0,2,3,2,0,0,5,3,2,1,0,5,1,1,1,2,5,2,9,1,0,0,2,2,1,0,0,0,0,0,0,0,0,4,0,3,0,2,0,0,0,0,0,0,0,0,1,0,0,0,0,2,3,2,1,7,70000000,Buddhist
Buddhist,265049,1,0,0,0,0,0,0,1,0,0,10,0,1,5,0,5,1,0,1,0,0,1,0,1,0,0,1,0,0,0,2,0,0,0,7,4,1,0,1,1,1,0,0,0,0,0,0,0,0,0,0,0,0,0,3,1,1,2,1,1,1,5,1,1,1,1,1,1,1,1,5,5,1,0,0,1,4,2,0,0,0,0,0,0,0,0,5,0,2,0,0,0,0,0,0,0,0,0,1,1,1,0,0,1,2,0,0,4,7,70000000,Buddhist
Buddhist,222661,0,2,0,0,0,0,0,0,0,0,0,0,0,0,0,0,1,0,0,1,0,0,1,1,0,0,0,0,0,0,2,0,0,1,6,8,0,0,0,0,0,0,0,1,2,0,0,0,0,1,0,0,2,3,0,0,0,0,0,1,0,0,0,0,1,1,1,4,4,5,3,1,3,0,0,0,8,0,0,0,0,0,0,0,0,0,0,0,0,0,1,0,0,0,0,0,0,0,0,0,0,0,0,0,0,0,0,0,7,70000000,Buddhist
Buddhist,341821,2,2,0,0,0,0,0,1,1,0,7,0,0,0,0,0,0,1,1,1,0,0,1,0,0,0,0,0,0,0,2,2,0,1,8,7,0,0,1,1,1,1,0,1,1,0,0,0,0,1,1,0,0,0,3,3,0,0,0,1,0,0,0,0,1,1,1,1,1,1,1,1,1,0,0,0,1,0,0,0,0,0,1,4,0,0,0,0,0,0,0,0,0,0,0,0,0,0,1,1,1,0,0,0,0,0,0,0,7,70000000,Buddhist
Buddhist,266063,2,0,0,0,0,0,0,1,0,0,7,0,8,8,0,8,1,1,0,1,0,0,0,0,1,1,0,0,0,0,2,0,0,0,10,10,5,0,1,1,1,0,0,0,0,0,0,0,0,0,0,0,0,0,4,2,2,2,1,3,5,3,1,1,5,1,1,1,1,1,8,1,1,0,0,1,4,2,0,0,0,0,0,0,0,0,8,0,3,0,0,0,0,0,0,0,0,0,1,1,1,0,0,0,1,0,0,2,7,70000000,Buddhist
Buddhist,366262,2,0,0,0,0,0,0,1,0,0,7,0,6,5,0,4,1,1,0,0,0,0,0,0,0,0,0,0,0,0,1,0,0,0,6,5,4,0,0,0,1,0,0,0,0,0,0,0,0,0,0,0,0,0,2,3,3,4,3,3,2,2,2,1,3,2,3,4,3,2,3,2,3,0,0,4,7,2,0,0,0,0,0,0,0,0,7,0,3,1,2,0,0,0,0,0,0,0,0,0,1,0,0,1,2,0,0,2,7,70000000,Buddhist
Buddhist,365674,3,0,0,0,0,0,0,1,0,0,8,0,5,5,0,5,1,0,0,1,0,1,0,1,0,1,0,0,0,0,2,0,0,0,8,6,6,0,1,1,1,0,0,0,0,0,0,0,0,0,0,0,0,0,2,4,2,2,3,3,1,1,1,1,1,1,1,6,3,3,6,1,1,0,0,4,2,7,0,0,0,0,0,0,0,0,5,0,4,0,0,0,0,0,0,0,0,0,1,1,1,0,0,0,4,0,0,2,7,70000000,Buddhist
Buddhist,265269,1,0,0,0,0,0,0,1,0,0,10,0,1,6,0,6,1,1,1,1,1,0,0,0,0,0,0,0,0,0,2,0,0,0,10,10,1,0,0,0,1,0,0,0,0,0,0,0,0,0,0,0,0,0,2,3,4,5,1,1,1,1,1,1,1,1,1,1,1,1,1,1,1,0,0,1,2,2,0,0,0,0,0,0,0,0,5,0,1,1,2,0,0,0,0,0,0,0,0,0,1,0,0,1,1,0,0,3,7,70000000,Buddhist
Buddhist,363073,1,1,0,0,0,0,0,0,0,0,8,0,5,5,5,0,0,1,0,1,0,1,1,0,0,0,1,0,0,0,2,0,7,0,8,8,6,10,0,0,0,0,8,0,0,0,0,0,0,1,0,0,0,0,2,2,0,0,0,2,0,0,0,0,2,1,1,2,2,2,2,2,1,0,0,0,1,0,0,0,0,0,1,0,0,0,5,3,0,0,0,0,4,4,4,2,0,0,0,0,0,0,0,1,0,0,0,3,7,70000000,Buddhist
Buddhist,154872,3,0,0,0,0,0,0,1,0,0,7,0,8,8,0,3,1,1,1,1,1,0,0,0,0,0,0,0,0,0,2,0,0,0,5,2,3,0,1,1,1,0,0,0,0,0,0,0,0,0,0,0,0,0,3,3,3,3,3,3,2,4,3,3,4,2,2,6,2,2,2,6,3,0,0,2,6,8,0,0,0,0,0,0,0,0,7,0,3,0,0,0,0,0,0,0,0,0,1,1,1,0,0,0,4,0,0,2,7,70000000,Buddhist
Buddhist,388812,2,0,0,0,0,0,0,1,0,0,3,0,8,7,0,9,1,1,0,1,0,1,0,0,0,1,0,0,0,0,1,0,0,0,8,8,2,0,0,0,0,0,0,0,0,0,0,0,0,0,0,0,0,0,4,4,4,2,1,3,1,1,1,1,2,1,1,6,3,4,8,8,3,0,0,6,2,4,0,0,0,0,0,0,0,0,8,0,3,1,1,0,0,0,0,0,0,0,0,0,0,0,0,0,3,0,0,2,7,70000000,Buddhist
Buddhist,212284,2,2,0,0,0,0,0,0,0,0,1,0,8,8,0,3,0,1,1,1,0,1,0,0,0,1,0,0,0,0,1,0,5,0,8,7,4,7,0,0,0,0,0,0,0,0,0,0,0,0,0,0,0,0,2,3,2,0,0,1,1,1,1,0,1,1,1,3,0,7,10,0,1,0,0,5,4,5,0,0,0,0,0,0,0,0,3,3,3,0,0,0,0,0,0,0,0,0,0,0,0,0,0,0,3,4,3,3,7,70000000,Buddhist
Buddhist,366553,1,0,0,0,0,0,0,0,0,0,1,0,8,9,0,5,1,0,1,0,0,1,1,1,0,0,0,0,0,0,2,0,0,0,9,8,3,0,0,1,1,0,0,0,0,0,0,0,0,0,0,0,0,0,3,1,3,1,1,1,1,8,1,1,1,1,1,10,1,1,8,7,7,0,0,7,4,4,0,0,0,0,0,0,0,0,5,0,3,0,0,0,0,0,0,0,0,0,0,1,1,0,0,0,3,0,0,3,7,70000000,Buddhist
Buddhist,363644,2,2,0,0,0,0,0,0,0,0,9,0,6,6,6,0,0,0,0,1,0,1,1,1,0,0,0,0,0,0,1,0,6,0,7,6,6,7,0,0,0,0,5,0,0,0,0,0,0,1,0,0,0,0,3,3,0,0,0,3,0,0,0,0,3,2,3,2,3,2,4,3,2,0,0,0,2,0,0,0,0,0,1,0,0,0,6,3,0,0,2,0,2,2,2,2,0,0,0,0,0,0,0,0,0,0,0,2,7,70000000,Buddhist
Buddhist,345561,2,0,0,0,0,0,0,1,0,0,7,0,5,7,0,5,1,0,1,0,0,1,1,0,0,1,0,0,0,0,2,0,0,0,4,5,8,0,1,1,1,0,0,0,0,0,0,0,0,0,0,0,0,0,3,3,3,3,4,5,5,5,4,5,5,5,5,5,5,5,5,7,4,0,0,5,7,4,0,0,0,0,0,0,0,0,5,0,3,0,0,0,0,0,0,0,0,0,1,1,1,0,0,0,3,0,0,3,7,70000000,Buddhist
Buddhist,210005,2,2,0,0,0,0,0,0,0,0,6,0,6,6,6,0,0,1,0,1,0,1,1,1,0,0,0,0,0,0,2,0,0,0,6,6,5,0,0,0,0,0,0,0,0,0,0,0,0,0,0,0,0,0,0,0,0,0,0,1,0,0,0,0,1,1,1,1,1,1,6,6,3,0,0,0,6,0,0,0,0,0,1,0,0,0,0,0,0,0,1,0,3,3,3,3,0,0,0,0,0,0,0,0,0,0,0,0,7,70000000,Buddhist
Buddhist,345030,1,0,0,0,0,0,0,1,0,0,6,0,7,8,0,7,1,1,1,0,0,0,1,0,0,0,1,0,0,0,2,0,0,0,5,5,3,0,1,1,1,0,0,0,0,0,0,0,0,0,0,0,0,0,2,2,3,3,3,3,3,5,4,3,5,3,1,7,5,8,8,7,7,0,0,8,7,3,0,0,0,0,0,0,0,0,3,0,3,1,1,0,0,0,0,0,0,0,1,1,1,0,0,0,3,0,0,3,7,70000000,Buddhist
Buddhist,346211,2,0,0,0,0,0,0,1,0,0,6,0,1,2,0,8,1,1,1,1,0,1,0,0,0,0,0,0,0,0,2,0,0,0,5,5,5,0,1,1,1,0,0,0,0,0,0,0,0,0,0,0,0,0,3,3,3,3,1,1,1,1,1,1,1,1,1,1,1,1,1,5,1,0,0,1,4,5,0,0,0,0,0,0,0,0,5,0,3,0,0,0,0,0,0,0,0,0,1,1,1,0,0,0,3,0,0,2,7,70000000,Buddhist
Buddhist,265287,1,0,0,0,0,0,0,1,0,0,10,0,8,7,0,2,1,0,1,0,0,1,0,1,0,0,1,0,0,0,2,0,0,0,10,10,3,0,1,1,1,0,0,0,0,0,0,0,0,0,0,0,0,0,1,1,1,5,1,10,5,1,1,1,10,1,1,1,1,1,1,1,1,0,0,1,2,3,0,0,0,0,0,0,0,0,2,0,1,1,2,0,0,0,0,0,0,0,1,1,1,0,0,1,1,0,0,4,7,70000000,Buddhist
Buddhist,153735,3,1,0,0,0,0,0,0,0,0,7,0,0,0,0,0,0,0,0,0,0,0,0,1,0,0,0,0,0,0,2,0,0,0,3,4,0,0,0,0,0,0,0,0,0,0,0,0,0,1,0,0,0,0,4,4,0,0,0,6,0,0,0,0,1,1,1,1,1,1,5,1,1,0,0,0,7,0,0,0,0,0,0,0,0,0,0,0,0,0,0,0,0,0,0,0,0,0,0,0,0,0,0,0,0,0,0,0,7,70000000,Buddhist
Buddhist,365525,2,1,0,0,0,0,0,1,0,0,7,0,9,8,0,3,0,0,1,1,0,0,1,0,0,1,1,0,0,0,2,0,8,0,7,9,5,9,0,1,0,0,0,0,0,0,0,0,0,0,0,0,0,0,3,3,3,0,0,7,8,3,3,0,6,3,8,5,2,2,2,7,6,0,0,6,4,5,0,0,0,0,0,0,0,0,5,3,3,0,0,0,0,0,0,0,0,0,0,1,0,0,0,0,3,1,2,3,7,70000000,Buddhist
Buddhist,366078,1,0,0,0,0,0,0,0,0,0,8,0,4,5,0,4,1,1,1,0,0,0,1,1,0,0,0,0,0,0,1,0,0,0,6,5,8,0,0,0,0,0,0,0,0,0,0,0,0,0,0,0,0,0,4,2,3,3,4,5,7,3,4,3,6,5,4,5,4,4,5,5,4,0,0,4,7,3,0,0,0,0,0,0,0,0,3,0,2,1,2,0,0,0,0,0,0,0,0,0,0,0,0,0,2,0,0,3,7,70000000,Buddhist
Buddhist,272072,2,0,0,0,0,0,0,1,0,0,5,0,5,5,0,5,1,1,1,1,0,0,1,0,0,0,0,0,0,0,1,0,0,0,5,5,5,0,1,1,1,0,0,0,0,0,0,0,0,0,0,0,0,0,2,2,2,2,10,10,10,6,10,10,10,10,10,7,10,10,9,5,10,0,0,8,8,8,0,0,0,0,0,0,0,0,5,0,3,0,0,0,0,0,0,0,0,0,1,1,1,0,0,0,3,0,0,3,7,70000000,Buddhist
Buddhist,76214,1,2,0,0,0,0,0,1,0,0,8,0,8,5,0,6,0,1,1,1,0,0,1,0,1,0,0,0,0,0,1,0,5,0,6,7,3,5,0,1,0,0,0,0,0,0,0,0,0,0,0,0,0,0,2,2,2,0,0,3,1,1,1,0,1,1,1,1,1,1,1,5,1,0,0,1,2,2,0,0,0,0,0,0,0,0,9,0,3,0,1,0,0,0,0,0,0,0,0,1,0,0,0,1,3,2,2,3,7,70000000,Buddhist
Buddhist,58913,3,0,0,0,0,0,0,1,0,0,3,0,10,10,0,3,0,1,1,0,0,1,1,1,0,0,0,0,0,0,2,0,0,0,7,7,5,0,1,1,1,0,0,0,0,0,0,0,0,0,0,0,0,0,3,4,3,2,2,1,2,5,5,1,1,3,3,10,5,10,9,7,3,0,0,10,8,4,0,0,0,0,0,0,0,0,3,0,3,0,0,0,0,0,0,0,0,0,1,1,1,0,0,0,4,0,0,2,7,70000000,Buddhist
Buddhist,208311,3,2,0,0,0,0,0,0,0,0,5,2,0,0,0,0,0,1,0,1,0,1,0,1,0,1,0,0,0,0,2,1,0,2,8,7,0,0,0,0,0,0,0,2,3,0,0,0,0,1,1,0,0,0,0,0,0,0,0,1,0,0,0,0,1,1,1,5,6,6,6,10,5,0,0,0,4,0,0,0,0,0,0,6,0,0,0,0,0,0,0,0,3,2,4,2,0,0,0,0,0,0,0,0,0,0,0,0,7,70000000,Buddhist
Buddhist,266034,2,0,0,0,0,0,0,1,0,0,10,0,10,10,0,10,1,0,1,1,0,1,1,0,0,0,0,0,0,0,2,0,0,0,10,1,1,0,1,1,1,0,0,0,0,0,0,0,0,0,0,0,0,0,2,1,1,2,1,1,1,1,1,1,2,1,1,1,1,1,1,6,1,0,0,1,4,5,0,0,0,0,0,0,0,0,10,0,1,0,0,0,0,0,0,0,0,0,1,1,1,0,0,1,1,0,0,4,7,70000000,Buddhist
Buddhist,363770,2,2,0,0,0,0,0,0,0,0,7,0,5,6,5,0,0,0,0,1,0,1,0,1,0,1,0,0,0,0,2,0,3,0,7,6,7,6,0,0,0,0,7,0,0,0,0,0,0,1,0,1,0,0,3,3,0,0,0,3,0,0,0,0,2,3,3,5,4,2,7,4,5,0,0,0,3,0,0,0,0,0,1,0,0,0,5,3,0,0,0,0,2,2,2,2,0,0,0,0,0,0,0,0,0,0,0,2,7,70000000,Buddhist
Buddhist,268381,2,0,0,0,0,0,0,1,0,0,7,0,7,8,0,7,1,1,0,0,0,0,1,1,0,0,0,0,0,0,2,0,0,0,7,5,6,0,1,1,1,0,0,0,0,0,0,0,0,0,0,0,0,0,3,3,3,4,3,4,4,3,3,3,4,4,4,4,4,4,4,3,4,0,0,4,2,1,0,0,0,0,0,0,0,0,8,0,1,1,1,0,0,0,0,0,0,0,1,1,1,0,0,0,2,0,0,2,7,70000000,Buddhist
Buddhist,385196,2,2,0,0,0,0,0,0,0,0,6,0,8,5,9,0,0,1,0,1,0,1,1,0,0,0,1,0,0,0,1,0,8,0,5,8,5,6,0,0,0,0,8,0,0,0,0,0,0,1,0,0,0,0,2,3,0,0,0,1,0,0,0,0,1,1,3,1,3,3,2,6,1,0,0,0,7,0,0,0,0,0,1,0,0,0,5,0,0,0,0,0,4,2,3,2,0,0,0,0,0,0,0,0,0,0,0,2,7,70000000,Buddhist
Buddhist,316880,1,1,0,0,0,0,0,1,1,0,10,2,0,0,0,0,0,0,1,0,0,1,0,0,0,0,0,0,0,0,2,2,0,1,10,5,0,0,1,1,1,1,0,1,1,0,0,0,0,1,0,0,0,0,4,3,0,0,0,2,0,0,0,0,1,2,1,4,0,1,5,1,1,0,0,0,1,0,0,0,0,0,1,1,0,0,0,0,0,1,0,0,2,4,2,2,0,0,1,1,1,0,0,0,0,0,0,0,7,70000000,Buddhist
Buddhist,268964,3,0,0,0,0,0,0,1,0,0,1,0,6,6,0,2,1,0,1,1,0,0,1,1,0,0,0,0,0,0,2,0,0,0,8,5,3,0,0,0,0,0,0,0,0,0,0,0,0,0,0,0,0,0,3,4,2,5,3,3,3,3,3,3,3,3,3,3,3,3,3,1,3,0,0,3,8,8,0,0,0,0,0,0,0,0,6,0,3,0,0,0,0,0,0,0,0,0,0,0,0,0,0,1,3,0,0,4,7,70000000,Buddhist
Buddhist,18437,2,1,0,0,0,0,0,1,1,0,7,2,0,0,0,0,0,1,0,1,1,1,0,1,0,0,0,0,3,2,2,0,0,2,7,7,3,5,0,0,0,0,0,1,1,0,0,0,0,1,0,0,0,1,3,3,0,0,0,3,0,0,0,0,3,3,1,5,5,7,7,7,5,0,0,0,6,0,0,0,0,0,0,0,0,0,0,0,0,0,0,0,0,0,0,0,1,0,0,0,0,0,0,0,0,0,0,0,7,70000000,Buddhist
Buddhist,227255,1,2,0,0,0,0,0,0,0,0,9,0,9,9,9,0,0,1,0,1,0,1,1,1,0,0,0,0,0,0,2,0,3,0,7,9,2,9,0,0,0,0,9,0,0,0,0,0,0,1,0,0,0,0,3,3,0,0,0,1,0,0,0,0,1,1,1,3,2,5,8,5,1,0,0,0,3,0,0,0,0,0,1,0,0,0,8,3,0,0,1,0,3,3,3,3,0,0,0,0,0,0,0,0,0,0,0,3,7,70000000,Buddhist
Buddhist,223550,2,1,0,0,0,0,0,0,0,0,0,0,0,0,0,0,0,0,1,1,0,1,1,1,0,0,0,0,0,0,1,0,0,3,6,8,3,4,0,0,0,0,0,1,3,0,0,0,0,0,1,0,0,0,0,0,1,0,0,1,0,0,0,0,1,1,1,1,1,6,1,0,1,0,1,0,3,0,0,0,0,0,0,0,0,0,0,0,0,0,0,0,0,0,0,0,0,0,0,0,0,0,0,0,0,0,0,0,7,70000000,Buddhist
Buddhist,342904,1,1,0,0,0,0,0,1,0,0,10,0,10,10,0,8,0,1,1,1,1,0,0,0,0,1,0,0,0,0,2,0,5,0,5,5,7,7,0,1,0,0,0,0,0,0,0,0,0,0,0,0,0,0,3,3,2,0,0,6,1,10,6,0,3,1,4,9,7,7,7,0,5,0,0,7,4,5,0,0,0,0,0,0,0,0,1,0,2,0,0,0,0,0,0,0,0,0,0,1,0,0,0,0,3,2,3,2,7,70000000,Buddhist
Buddhist,268124,3,0,0,0,0,0,0,1,0,0,4,0,7,7,0,6,1,1,1,1,1,0,1,1,1,1,1,0,0,0,2,0,0,0,6,5,3,0,1,1,1,0,0,0,0,0,0,0,0,0,0,0,0,0,2,4,3,5,4,5,7,5,5,5,5,4,5,6,5,5,5,5,6,0,0,6,7,6,0,0,0,0,0,0,0,0,5,0,4,1,1,0,0,0,0,0,0,0,1,1,1,0,0,1,3,0,0,4,7,70000000,Buddhist
Buddhist,269073,2,0,0,0,0,0,0,0,0,0,1,0,1,1,0,1,0,1,1,1,0,0,0,0,1,0,0,0,0,0,2,0,0,0,6,6,1,0,0,0,0,0,0,0,0,0,0,0,0,0,0,0,0,0,3,3,2,4,1,1,1,1,1,1,1,1,1,1,1,1,1,1,1,0,0,1,8,8,0,0,0,0,0,0,0,0,5,0,4,1,1,0,0,0,0,0,0,0,0,0,0,0,0,0,4,0,0,3,7,70000000,Buddhist
Buddhist,271853,2,0,0,0,0,0,0,1,0,0,5,0,7,7,0,1,1,0,0,1,0,1,0,1,0,1,0,0,0,0,2,0,0,0,5,10,5,0,0,0,0,0,0,0,0,0,0,0,0,0,0,0,0,0,3,4,3,2,1,7,1,5,1,1,1,5,5,1,1,1,1,5,1,0,0,5,7,7,0,0,0,0,0,0,0,0,1,0,3,0,0,0,0,0,0,0,0,0,0,0,0,0,0,0,3,0,0,3,7,70000000,Buddhist
Buddhist,366654,1,0,0,0,0,0,0,0,0,0,1,0,3,8,0,1,1,0,0,1,0,1,1,0,0,0,0,0,0,0,1,0,0,0,8,8,9,0,1,1,1,0,0,0,0,0,0,0,0,0,0,0,0,0,2,3,0,1,3,10,3,3,2,2,7,3,1,9,5,2,8,8,2,0,0,9,3,5,0,0,0,0,0,0,0,0,3,0,0,1,2,0,0,0,0,0,0,0,1,1,1,0,0,0,4,0,0,3,7,70000000,Buddhist
Buddhist,366331,1,0,0,0,0,0,0,0,0,0,1,0,7,4,0,4,1,1,1,0,0,1,1,0,0,0,0,0,0,0,2,0,0,0,8,6,10,0,0,1,1,0,0,0,0,0,0,0,0,0,0,0,0,0,2,1,2,3,1,1,1,1,1,1,1,1,1,2,2,2,2,2,2,0,0,2,2,2,0,0,0,0,0,0,0,0,5,0,4,1,1,0,0,0,0,0,0,0,0,1,1,0,0,0,2,0,0,2,7,70000000,Buddhist
Buddhist,365436,1,2,0,0,0,0,0,0,0,0,8,0,6,8,0,9,0,0,1,0,1,1,0,1,1,0,0,0,0,0,1,0,8,0,10,7,5,7,0,1,0,0,0,0,0,0,0,0,0,0,0,0,0,0,1,2,3,0,0,5,0,1,1,0,0,0,0,0,1,1,1,2,1,0,0,0,0,3,0,0,0,0,0,0,0,0,0,2,2,0,1,0,0,0,0,0,0,0,0,1,0,0,0,1,3,4,1,3,7,70000000,Buddhist
Buddhist,268655,3,0,0,0,0,0,0,1,0,0,6,0,8,6,0,5,1,0,1,1,0,0,1,0,0,0,0,0,0,0,2,0,0,0,8,8,6,0,1,1,1,0,0,0,0,0,0,0,0,0,0,0,0,0,3,3,3,3,1,1,1,4,4,1,1,1,1,1,1,1,4,4,1,0,0,4,8,7,0,0,0,0,0,0,0,0,5,0,3,0,0,0,0,0,0,0,0,0,1,1,1,0,0,0,4,0,0,3,7,70000000,Buddhist
Buddhist,208681,3,2,0,0,0,0,0,0,0,0,6,2,0,0,0,0,0,1,0,1,0,1,0,1,0,1,0,0,0,0,1,1,0,2,6,6,0,0,0,0,0,1,0,1,2,0,0,0,0,0,1,0,2,0,0,0,0,0,0,1,0,0,0,0,1,1,1,5,5,6,6,6,1,0,0,0,4,0,0,0,0,0,1,1,0,0,0,0,0,0,0,0,3,3,3,3,0,0,0,0,0,0,0,0,0,0,0,0,7,70000000,Buddhist
Byzantine Rite,397291,2,0,0,0,0,0,0,1,0,0,10,0,4,8,0,6,1,1,0,1,0,0,0,0,1,1,0,0,0,0,1,0,0,0,5,8,3,0,0,0,0,0,0,0,0,0,0,0,0,0,0,0,0,0,2,2,4,4,2,2,3,1,2,1,6,6,5,7,3,6,8,5,3,0,0,6,2,2,0,0,0,0,0,0,0,0,9,0,2,1,2,0,0,0,0,0,0,0,0,0,0,0,0,0,4,0,0,3,1,10203000,Byzantine Rite
Byzantine Rite,396649,3,0,0,0,0,0,0,1,0,0,0,0,10,10,0,1,0,1,1,1,1,0,0,1,0,0,0,0,0,0,2,0,0,0,8,7,1,0,0,0,0,0,0,0,0,0,0,0,0,0,0,0,0,0,2,2,2,3,6,1,1,1,1,1,3,1,1,0,5,0,0,0,1,0,0,0,3,0,0,0,0,0,0,0,0,0,0,0,0,0,0,0,0,0,0,0,0,0,0,0,0,0,0,0,0,0,0,0,1,10203000,Byzantine Rite
Byzantine Rite,397313,2,0,0,0,0,0,0,1,0,0,5,0,8,8,0,5,1,0,0,1,0,0,0,0,0,0,0,0,0,0,2,0,0,0,7,5,0,0,0,0,0,0,0,0,0,0,0,0,0,0,0,0,0,0,1,2,3,0,0,10,1,5,5,1,1,0,10,0,0,7,5,0,1,0,0,0,4,4,0,0,0,0,0,0,0,0,0,0,0,1,1,0,0,0,0,0,0,0,0,0,0,0,0,0,0,0,0,4,1,10203000,Byzantine Rite
Byzantine Rite,397314,1,0,0,0,0,0,0,1,0,0,0,0,5,5,0,10,1,0,0,0,0,1,1,0,1,1,0,0,0,0,1,0,0,0,0,0,0,0,1,1,1,0,0,0,0,0,0,0,0,0,0,0,0,0,4,4,2,0,0,1,1,5,0,0,1,0,2,0,0,1,1,1,1,0,0,1,1,1,0,0,0,0,0,0,0,0,10,0,1,1,2,0,0,0,0,0,0,0,1,1,1,0,0,1,2,0,0,3,1,10203000,Byzantine Rite
Byzantine Rite,325796,2,0,0,0,0,0,0,1,0,0,7,0,6,7,0,7,1,1,1,1,0,0,0,0,0,1,0,0,0,0,2,0,0,0,8,8,2,0,1,1,1,0,0,0,0,0,0,0,0,0,0,0,0,0,3,3,2,4,1,1,1,1,1,1,2,6,1,6,5,1,5,1,1,0,0,5,2,2,0,0,0,0,0,0,0,0,5,0,3,0,0,0,0,0,0,0,0,0,1,1,1,0,0,0,3,0,0,3,1,10203000,Byzantine Rite
Byzantine Rite,396703,1,0,0,0,0,0,0,1,0,0,7,0,10,8,0,8,1,0,0,1,0,0,1,0,1,1,0,0,0,0,1,0,0,0,9,4,5,0,1,1,1,0,0,0,0,0,0,0,0,0,0,0,0,0,3,3,0,4,1,2,1,1,1,4,3,1,2,1,1,1,10,1,2,0,0,0,2,3,0,0,0,0,0,0,0,0,7,0,2,0,0,0,0,0,0,0,0,0,1,1,1,0,0,0,2,0,0,2,1,10203000,Byzantine Rite
Byzantine Rite,397024,2,0,0,0,0,0,0,1,0,0,10,0,0,0,0,0,1,0,1,1,0,1,0,0,1,0,0,0,0,0,1,0,0,0,6,6,0,0,1,1,1,0,0,0,0,0,0,0,0,0,0,0,0,0,2,3,2,4,1,1,1,1,1,1,1,1,1,1,1,1,1,1,1,0,0,1,4,1,0,0,0,0,0,0,0,0,0,0,0,0,0,0,0,0,0,0,0,0,1,1,1,0,0,0,0,0,0,2,1,10203000,Byzantine Rite
Byzantine Rite,397027,2,0,0,0,0,0,0,1,0,0,10,0,0,0,0,0,1,1,0,1,0,0,0,0,0,0,0,0,0,0,1,0,0,0,5,6,1,0,1,1,1,0,0,0,0,0,0,0,0,0,0,0,0,0,3,0,2,4,1,1,1,1,1,1,1,1,1,1,1,1,1,1,1,0,0,1,2,2,0,0,0,0,0,0,0,0,0,0,0,0,0,0,0,0,0,0,0,0,1,1,1,0,0,1,0,0,0,2,1,10203000,Byzantine Rite
Byzantine Rite,396502,1,0,0,0,0,0,0,1,0,0,10,0,9,8,0,7,1,0,1,0,0,1,0,0,1,0,1,0,0,0,1,0,0,0,7,7,3,0,0,1,0,0,0,0,0,0,0,0,0,0,0,0,0,0,0,3,1,4,2,9,2,5,4,4,5,2,1,0,0,2,0,5,2,0,0,0,2,2,0,0,0,0,0,0,0,0,7,0,3,0,0,0,0,0,0,0,0,0,0,1,0,0,0,0,2,0,0,1,1,10203000,Byzantine Rite
Byzantine Rite,397030,2,0,0,0,0,0,0,1,0,0,10,0,7,0,0,0,1,0,1,1,0,0,1,0,1,0,0,0,0,0,2,0,0,0,0,0,0,0,1,1,1,0,0,0,0,0,0,0,0,0,0,0,0,0,2,3,2,4,5,1,1,1,1,1,1,1,1,1,1,4,4,1,1,0,0,5,4,5,0,0,0,0,0,0,0,0,0,0,2,0,0,0,0,0,0,0,0,0,1,1,1,0,0,1,2,0,0,2,1,10203000,Byzantine Rite
Byzantine Rite,397398,2,0,0,0,0,0,0,1,0,0,10,0,8,10,0,2,0,1,1,1,0,0,0,1,1,0,0,0,0,0,1,0,0,0,9,4,4,0,0,0,0,0,0,0,0,0,0,0,0,0,0,0,0,0,4,3,2,2,1,1,1,1,1,1,1,6,4,7,1,4,8,0,1,0,0,0,1,4,0,0,0,0,0,0,0,0,2,0,3,1,1,0,0,0,0,0,0,0,0,0,0,0,0,0,3,0,0,2,1,10203000,Byzantine Rite
Byzantine Rite,397256,1,0,0,0,0,0,0,1,0,0,10,0,0,0,0,0,0,1,1,1,0,1,1,0,0,0,0,0,0,0,1,0,0,0,1,1,0,0,1,1,1,0,0,0,0,0,0,0,0,0,0,0,0,0,4,4,1,0,2,1,1,1,1,1,2,1,1,1,1,1,1,1,1,0,0,1,4,2,0,0,0,0,0,0,0,0,0,0,4,1,1,0,0,0,0,0,0,0,1,1,1,0,0,0,0,0,0,0,1,10203000,Byzantine Rite
Byzantine Rite,397332,1,0,0,0,0,0,0,1,0,0,10,0,10,10,0,10,1,1,1,0,0,0,0,0,0,1,0,0,0,0,2,0,0,0,6,9,7,0,1,1,1,0,0,0,0,0,0,0,0,0,0,0,0,0,1,4,2,5,6,10,1,6,4,3,10,10,5,1,1,4,4,9,1,0,0,4,2,1,0,0,0,0,0,0,0,0,10,0,1,1,1,0,0,0,0,0,0,0,1,1,1,0,0,0,1,0,0,3,1,10203000,Byzantine Rite
Byzantine Rite,397110,3,0,0,0,0,0,0,1,0,0,3,0,8,8,0,5,0,1,1,1,0,0,0,1,0,1,0,0,0,0,2,0,0,0,5,8,5,0,0,0,0,0,0,0,0,0,0,0,0,0,0,0,0,0,2,3,2,0,2,2,2,2,2,2,2,2,2,5,5,5,5,5,2,0,0,5,4,4,0,0,0,0,0,0,0,0,5,0,3,0,0,0,0,0,0,0,0,0,0,0,0,0,0,0,3,0,0,3,1,10203000,Byzantine Rite
Byzantine Rite,396506,2,0,0,0,0,0,0,1,0,0,10,0,9,9,0,9,1,0,1,0,0,0,1,0,1,0,1,0,0,0,1,0,0,0,5,9,2,0,1,1,1,0,0,0,0,0,0,0,0,0,0,0,0,0,1,0,3,5,0,5,5,0,5,3,5,4,5,0,0,3,0,0,3,0,0,0,2,1,0,0,0,0,0,0,0,0,9,0,3,0,0,0,0,0,0,0,0,0,1,1,1,0,0,0,2,0,0,2,1,10203000,Byzantine Rite
Byzantine Rite,396496,1,0,0,0,0,0,0,1,0,0,10,0,8,6,0,7,0,0,1,0,0,1,1,0,1,1,0,0,0,0,1,0,0,0,7,5,2,0,0,1,0,0,0,0,0,0,0,0,0,0,0,0,0,0,2,0,1,5,4,5,2,2,3,1,5,2,3,3,3,2,0,4,2,0,0,0,2,2,0,0,0,0,0,0,0,0,10,0,3,0,0,0,0,0,0,0,0,0,0,1,0,0,0,0,0,0,0,2,1,10203000,Byzantine Rite
Byzantine Rite,396586,2,0,0,0,0,0,0,1,0,0,8,0,5,10,0,5,1,1,1,0,0,1,1,0,0,0,0,0,0,0,2,0,0,0,8,9,1,0,0,0,1,0,0,0,0,0,0,0,0,0,0,0,0,0,2,4,2,5,2,3,2,8,2,3,4,5,3,1,2,5,7,3,2,0,0,7,4,3,0,0,0,0,0,0,0,0,5,0,3,0,0,0,0,0,0,0,0,0,0,0,1,0,0,1,3,0,0,2,1,10203000,Byzantine Rite
Byzantine Rite,396718,1,0,0,0,0,0,0,1,0,0,10,0,10,10,0,10,1,1,1,0,0,0,0,0,1,0,1,0,0,0,1,0,0,0,5,7,3,0,1,1,1,0,0,0,0,0,0,0,0,0,0,0,0,0,2,2,3,4,3,5,3,4,4,4,4,3,4,3,5,4,6,4,3,0,0,7,2,1,0,0,0,0,0,0,0,0,10,0,3,0,0,0,0,0,0,0,0,0,1,1,1,0,0,0,3,0,0,2,1,10203000,Byzantine Rite
Byzantine Rite,397023,2,0,0,0,0,0,0,1,0,0,10,0,0,0,0,0,1,0,1,0,0,1,0,0,0,0,0,0,0,0,2,0,0,0,9,9,0,0,1,1,1,0,0,0,0,0,0,0,0,0,0,0,0,0,0,3,2,4,1,0,1,3,1,1,1,4,1,1,1,1,6,1,1,0,0,5,2,2,0,0,0,0,0,0,0,0,0,0,0,0,0,0,0,0,0,0,0,0,1,1,1,0,0,0,3,0,0,2,1,10203000,Byzantine Rite
Byzantine Rite,397268,1,0,0,0,0,0,0,1,0,0,9,0,9,8,0,8,1,0,0,0,0,1,1,0,1,0,1,0,0,0,2,0,0,0,10,3,3,0,0,0,0,0,0,0,0,0,0,0,0,0,0,0,0,0,3,3,3,0,5,8,2,3,2,2,4,2,2,0,1,0,4,7,4,0,0,2,2,2,0,0,0,0,0,0,0,0,8,0,0,0,0,0,0,0,0,0,0,0,0,0,0,0,0,1,3,0,0,2,1,10203000,Byzantine Rite
Byzantine Rite,396509,2,0,0,0,0,0,0,1,0,0,10,0,8,9,0,9,1,1,1,0,0,1,0,0,0,1,0,0,0,0,1,0,0,0,7,6,2,0,0,0,0,0,0,0,0,0,0,0,0,0,0,0,0,0,2,3,3,4,3,9,2,3,2,3,5,3,4,7,3,4,3,3,3,0,0,2,4,0,0,0,0,0,0,0,0,0,10,0,3,0,0,0,0,0,0,0,0,0,0,0,0,0,0,0,0,0,0,2,1,10203000,Byzantine Rite
Byzantine Rite,397325,1,0,0,0,0,0,0,1,0,0,9,0,8,8,0,8,1,1,0,0,0,0,0,0,1,0,1,0,0,0,2,0,0,0,5,5,2,0,1,1,1,0,0,0,0,0,0,0,0,0,0,0,0,0,4,3,2,1,8,9,1,6,3,2,9,4,4,1,1,1,5,7,7,0,0,5,3,2,0,0,0,0,0,0,0,0,9,0,1,0,0,0,0,0,0,0,0,0,1,1,1,0,0,1,1,0,0,0,1,10203000,Byzantine Rite
Byzantine Rite,397327,1,0,0,0,0,0,0,1,0,0,10,0,9,8,0,1,1,0,0,1,0,0,0,0,0,0,0,0,0,0,2,0,0,0,1,9,6,0,1,1,1,0,0,0,0,0,0,0,0,0,0,0,0,0,4,3,2,5,7,7,7,6,8,7,4,7,6,7,7,7,6,7,7,0,0,7,4,3,0,0,0,0,0,0,0,0,1,0,1,1,1,0,0,0,0,0,0,0,1,1,1,0,0,1,1,0,0,4,1,10203000,Byzantine Rite
Byzantine Rite,396757,1,0,0,0,0,0,0,1,0,0,10,0,10,9,0,10,0,1,0,1,0,1,0,1,0,0,1,0,0,0,1,0,0,0,8,9,3,0,1,1,1,0,0,0,0,0,0,0,0,0,0,0,0,0,3,2,2,5,3,6,5,2,2,2,5,6,4,4,4,4,0,3,2,0,0,3,2,2,0,0,0,0,0,0,0,0,9,0,0,0,0,0,0,0,0,0,0,0,1,1,1,0,0,0,0,0,0,2,1,10203000,Byzantine Rite
Byzantine Rite,396969,1,0,0,0,0,0,0,1,0,0,10,0,9,10,0,9,1,0,1,1,0,0,1,1,0,0,0,0,0,0,1,0,0,0,8,7,8,0,1,1,1,0,0,0,0,0,0,0,0,0,0,0,0,0,2,1,4,3,1,8,2,1,1,2,9,5,3,0,0,0,0,1,1,0,0,0,4,5,0,0,0,0,0,0,0,0,0,0,4,0,0,0,0,0,0,0,0,0,1,1,1,0,0,0,4,0,0,4,1,10203000,Byzantine Rite
Byzantine Rite,396505,3,0,0,0,0,0,0,1,0,0,10,0,10,10,0,6,1,0,1,0,0,1,0,1,0,0,1,0,0,0,2,0,0,0,8,7,4,0,1,1,1,0,0,0,0,0,0,0,0,0,0,0,0,0,2,2,3,5,4,6,4,3,3,3,4,0,7,0,0,0,0,4,4,0,0,0,0,0,0,0,0,0,0,0,0,0,9,0,0,0,0,0,0,0,0,0,0,0,1,1,1,0,0,0,2,0,0,3,1,10203000,Byzantine Rite
Byzantine Rite,397029,2,0,0,0,0,0,0,1,0,0,0,0,0,0,0,0,1,0,1,1,0,0,0,0,0,0,0,0,0,0,1,0,0,0,0,0,0,0,1,1,1,0,0,0,0,0,0,0,0,0,0,0,0,0,3,3,2,0,1,1,1,1,1,1,1,1,1,1,1,1,5,1,1,0,0,5,2,2,0,0,0,0,0,0,0,0,0,0,2,0,0,0,0,0,0,0,0,0,1,1,1,0,0,1,2,0,0,3,1,10203000,Byzantine Rite
Byzantine Rite,397114,1,0,0,0,0,0,0,1,0,0,9,0,9,9,0,7,1,0,1,0,0,1,1,0,0,0,1,0,0,0,2,0,0,0,5,2,8,0,1,1,1,0,0,0,0,0,0,0,0,0,0,0,0,0,2,3,2,0,3,2,1,3,2,0,3,2,3,3,2,5,7,0,1,0,0,5,2,1,0,0,0,0,0,0,0,0,7,0,0,1,1,0,0,0,0,0,0,0,1,1,1,0,0,0,0,0,0,3,1,10203000,Byzantine Rite
Byzantine Rite,396758,1,0,0,0,0,0,0,1,0,0,10,0,10,9,0,9,1,1,1,1,0,1,0,0,0,0,0,0,0,0,2,0,0,0,4,7,2,0,1,1,1,0,0,0,0,0,0,0,0,0,0,0,0,0,0,2,2,5,3,5,4,3,3,3,5,4,3,3,4,4,4,2,3,0,0,4,2,2,0,0,0,0,0,0,0,0,9,0,0,0,0,0,0,0,0,0,0,0,1,1,1,0,0,0,0,0,0,3,1,10203000,Byzantine Rite
Byzantine Rite,397288,1,0,0,0,0,0,0,1,0,0,10,0,9,8,0,3,0,0,1,0,0,0,1,0,1,0,1,0,0,0,2,0,0,0,8,5,5,0,1,0,1,0,0,0,0,0,0,0,0,0,0,0,0,0,3,3,3,2,3,7,1,5,2,4,5,7,4,5,3,6,8,3,3,0,0,7,1,2,0,0,0,0,0,0,0,0,3,0,3,1,2,0,0,0,0,0,0,0,1,0,1,0,0,0,3,0,0,2,1,10203000,Byzantine Rite
Byzantine Rite,396501,1,0,0,0,0,0,0,1,0,0,10,0,10,9,0,9,1,0,1,1,0,1,0,0,0,0,1,0,0,0,2,0,0,0,5,6,2,0,1,0,0,0,0,0,0,0,0,0,0,0,0,0,0,0,0,2,1,4,5,10,5,4,5,4,9,4,4,3,5,4,3,2,3,0,0,0,2,2,0,0,0,0,0,0,0,0,9,0,3,0,0,0,0,0,0,0,0,0,1,0,0,0,0,0,0,0,0,2,1,10203000,Byzantine Rite
Byzantine Rite,397524,2,0,0,0,0,0,0,1,0,0,3,0,8,8,0,3,0,1,1,1,0,1,0,1,0,0,0,0,0,0,2,0,0,0,7,7,5,0,0,0,0,0,0,0,0,0,0,0,0,0,0,0,0,0,2,3,2,4,5,3,1,5,5,5,3,2,2,1,1,5,5,5,1,0,0,5,4,4,0,0,0,0,0,0,0,0,4,0,3,0,0,0,0,0,0,0,0,0,0,0,0,0,0,0,3,0,0,3,1,10203000,Byzantine Rite
Byzantine Rite,396497,2,0,0,0,0,0,0,1,0,0,10,0,9,9,0,10,1,0,1,0,0,1,1,0,1,0,0,0,0,0,1,0,0,0,5,5,2,0,0,0,0,0,0,0,0,0,0,0,0,0,0,0,0,0,0,0,1,5,1,8,3,2,1,3,3,3,4,4,3,5,3,0,3,0,0,0,3,0,0,0,0,0,0,0,0,0,9,0,3,0,0,0,0,0,0,0,0,0,0,0,0,0,0,0,3,0,0,2,1,10203000,Byzantine Rite
Byzantine Rite,397523,2,0,0,0,0,0,0,1,0,0,10,0,0,0,0,0,0,0,1,1,0,1,1,1,0,0,0,0,0,0,1,0,0,0,5,5,7,0,1,1,1,0,0,0,0,0,0,0,0,0,0,0,0,0,2,0,3,0,1,1,1,0,1,0,1,1,1,1,1,0,0,0,1,0,0,1,2,1,0,0,0,0,0,0,0,0,0,0,0,1,2,0,0,0,0,0,0,0,1,1,1,0,0,0,2,0,0,3,1,10203000,Byzantine Rite
Byzantine Rite,397311,2,0,0,0,0,0,0,1,0,0,10,0,10,9,0,5,0,1,1,1,0,0,1,1,0,0,0,0,0,0,1,0,0,0,6,7,4,0,0,0,0,0,0,0,0,0,0,0,0,0,0,0,0,0,3,3,1,4,6,2,2,2,2,3,1,7,5,7,2,0,8,2,2,0,0,7,2,4,0,0,0,0,0,0,0,0,2,0,3,1,1,0,0,0,0,0,0,0,0,0,0,0,0,0,4,0,0,2,1,10203000,Byzantine Rite
Byzantine Rite,397019,1,0,0,0,0,0,0,1,0,0,10,0,10,9,0,9,1,0,1,1,0,1,1,0,0,0,0,0,0,0,1,0,0,0,8,7,2,0,1,1,1,0,0,0,0,0,0,0,0,0,0,0,0,0,0,0,2,4,3,0,4,5,5,6,0,4,4,0,6,3,0,3,3,0,0,5,2,2,0,0,0,0,0,0,0,0,10,0,0,0,0,0,0,0,0,0,0,0,1,1,1,0,0,0,2,0,0,2,1,10203000,Byzantine Rite
Byzantine Rite,396510,2,0,0,0,0,0,0,1,0,0,10,0,9,9,0,10,1,0,1,0,0,1,0,1,0,0,1,0,0,0,2,0,0,0,5,0,2,0,0,0,0,0,0,0,0,0,0,0,0,0,0,0,0,0,2,2,3,5,0,0,4,3,4,3,0,4,3,0,0,3,0,3,2,0,0,0,4,0,0,0,0,0,0,0,0,0,9,0,0,0,0,0,0,0,0,0,0,0,0,0,0,0,0,0,2,0,0,2,1,10203000,Byzantine Rite
Byzantine Rite,397323,2,0,0,0,0,0,0,1,0,0,10,0,10,10,0,1,1,0,1,1,0,0,0,1,0,0,1,0,0,0,2,0,0,0,10,9,10,0,1,1,1,0,0,0,0,0,0,0,0,0,0,0,0,0,1,3,4,4,3,1,6,10,3,1,10,7,5,8,8,4,9,10,4,0,0,10,4,3,0,0,0,0,0,0,0,0,2,0,1,1,1,0,0,0,0,0,0,0,1,1,1,0,0,1,1,0,0,1,1,10203000,Byzantine Rite
Byzantine Rite,396970,2,0,0,0,0,0,0,1,0,0,9,0,9,8,0,8,1,0,1,1,0,1,0,1,0,0,0,0,0,0,2,0,0,0,7,7,5,0,1,1,1,0,0,0,0,0,0,0,0,0,0,0,0,0,3,3,0,2,1,9,3,1,1,3,8,5,4,0,0,0,0,0,0,0,0,8,4,8,0,0,0,0,0,0,0,0,7,0,0,0,0,0,0,0,0,0,0,0,1,1,1,0,0,0,0,0,0,0,1,10203000,Byzantine Rite
Byzantine Rite,396499,1,0,0,0,0,0,0,1,0,0,10,0,8,0,0,0,1,0,1,0,0,1,0,0,1,0,1,0,0,0,1,0,0,0,7,6,4,0,1,1,1,0,0,0,0,0,0,0,0,0,0,0,0,0,0,0,2,5,4,0,2,3,3,2,0,0,3,0,0,2,0,0,2,0,0,0,2,2,0,0,0,0,0,0,0,0,0,0,2,0,0,0,0,0,0,0,0,0,1,1,1,0,0,0,2,0,0,2,1,10203000,Byzantine Rite
Byzantine Rite,397254,1,0,0,0,0,0,0,1,0,0,7,0,0,0,0,0,1,1,1,1,0,0,0,1,0,0,0,0,0,0,0,0,0,0,0,0,0,0,1,1,1,0,0,0,0,0,0,0,0,0,0,0,0,0,4,4,1,5,1,1,1,1,1,1,1,1,1,1,2,1,1,1,1,0,0,1,4,2,0,0,0,0,0,0,0,0,7,0,3,0,0,0,0,0,0,0,0,0,1,1,1,0,0,0,4,0,0,2,1,10203000,Byzantine Rite
Byzantine Rite,396704,1,0,0,0,0,0,0,1,0,0,10,0,7,6,0,0,1,0,1,0,0,0,1,0,1,1,0,0,0,0,2,0,0,0,6,7,5,0,1,1,1,0,0,0,0,0,0,0,0,0,0,0,0,0,3,3,0,5,2,4,1,4,2,2,5,1,4,1,1,1,0,1,1,0,0,0,2,1,0,0,0,0,0,0,0,0,0,0,1,0,0,0,0,0,0,0,0,0,1,1,1,0,0,0,2,0,0,0,1,10203000,Byzantine Rite
Byzantine Rite,396627,1,0,0,0,0,0,0,1,0,0,5,0,7,5,0,8,0,0,0,1,0,0,1,0,1,0,0,0,0,0,1,0,0,0,4,7,7,0,1,1,1,0,0,0,0,0,0,0,0,0,0,0,0,0,2,2,3,5,1,5,4,3,2,2,1,5,4,4,3,3,2,3,2,0,0,2,4,5,0,0,0,0,0,0,0,0,7,0,1,0,0,0,0,0,0,0,0,0,1,1,1,0,0,0,1,0,0,2,1,10203000,Byzantine Rite
Byzantine Rite,397324,2,0,0,0,0,0,0,1,0,0,10,0,10,10,0,5,1,1,1,0,0,0,0,0,1,1,0,0,0,0,2,0,0,0,5,5,5,0,1,1,1,0,0,0,0,0,0,0,0,0,0,0,0,0,1,1,1,1,8,10,3,10,1,1,8,7,7,1,1,7,9,10,2,0,0,7,1,2,0,0,0,0,0,0,0,0,5,0,1,1,2,0,0,0,0,0,0,0,1,1,1,0,0,0,1,0,0,1,1,10203000,Byzantine Rite
Byzantine Rite,396702,1,0,0,0,0,0,0,1,0,0,10,0,9,7,0,8,0,1,1,0,0,0,0,0,1,0,1,0,0,0,2,0,0,0,7,3,5,0,1,1,1,0,0,0,0,0,0,0,0,0,0,0,0,0,3,3,0,4,7,1,3,1,1,3,1,3,1,1,1,1,1,1,1,0,0,0,0,3,0,0,0,0,0,0,0,0,7,0,2,0,0,0,0,0,0,0,0,0,1,1,1,0,0,0,0,0,0,1,1,10203000,Byzantine Rite
Byzantine Rite,397295,1,0,0,0,0,0,0,1,0,0,10,0,4,8,0,6,0,1,0,1,0,0,0,1,1,1,0,0,0,0,1,0,0,0,8,7,5,0,0,0,0,0,0,0,0,0,0,0,0,0,0,0,0,0,4,3,1,1,5,1,1,3,3,3,4,6,6,6,7,7,10,7,3,0,0,8,3,3,0,0,0,0,0,0,0,0,7,0,3,0,0,0,0,0,0,0,0,0,0,0,0,0,0,0,3,0,0,3,1,10203000,Byzantine Rite
Byzantine Rite,396507,2,0,0,0,0,0,0,1,0,0,10,0,9,8,0,0,1,0,1,0,0,1,0,1,0,0,1,0,0,0,1,0,0,0,5,6,3,0,1,1,1,0,0,0,0,0,0,0,0,0,0,0,0,0,2,1,2,5,2,4,3,3,2,4,4,3,4,0,3,3,0,4,2,0,0,0,2,2,0,0,0,0,0,0,0,0,9,0,3,0,0,0,0,0,0,0,0,0,1,1,1,0,0,0,2,0,0,2,1,10203000,Byzantine Rite
Byzantine Rite,396651,2,0,0,0,0,0,0,1,0,0,8,0,7,7,0,0,0,0,1,1,0,0,0,1,1,0,1,0,0,0,2,0,0,0,6,6,5,0,0,1,1,0,0,0,0,0,0,0,0,0,0,0,0,0,0,2,2,4,4,5,1,3,3,1,3,4,3,0,5,0,6,0,1,0,0,0,3,3,0,0,0,0,0,0,0,0,5,0,2,1,1,0,0,0,0,0,0,0,0,1,1,0,0,0,3,0,0,3,1,10203000,Byzantine Rite
Byzantine Rite,396495,2,0,0,0,0,0,0,1,0,0,8,0,8,10,0,9,1,0,0,0,0,1,1,1,0,0,1,0,0,0,2,0,0,0,8,7,1,0,0,0,0,0,0,0,0,0,0,0,0,0,0,0,0,0,1,1,2,4,2,8,3,2,3,3,4,5,3,5,7,3,6,5,2,0,0,5,4,0,0,0,0,0,0,0,0,0,9,0,3,0,0,0,0,0,0,0,0,0,0,0,0,0,0,0,3,0,0,4,1,10203000,Byzantine Rite
Byzantine Rite,396511,2,0,0,0,0,0,0,1,0,0,10,0,9,9,0,10,1,0,0,0,0,1,1,1,0,0,1,0,0,0,1,0,0,0,6,7,3,0,0,1,0,0,0,0,0,0,0,0,0,0,0,0,0,0,3,3,2,5,3,5,3,3,4,2,5,6,4,4,3,3,3,3,3,0,0,3,2,1,0,0,0,0,0,0,0,0,9,0,2,0,0,0,0,0,0,0,0,0,0,1,0,0,0,0,0,0,0,2,1,10203000,Byzantine Rite
Catholic,90665,2,1,0,0,0,0,0,1,0,0,10,0,7,6,0,5,0,1,0,1,0,1,1,0,0,0,0,1,0,0,2,0,5,0,8,10,2,0,0,1,0,0,0,0,0,0,0,0,0,0,0,0,0,0,4,4,4,0,0,2,2,2,2,0,1,3,1,4,2,5,9,0,5,0,0,7,6,2,0,0,0,0,0,0,0,0,6,2,3,0,0,0,0,0,0,0,0,0,0,1,0,0,0,0,2,2,2,4,1,10000000,Catholic
Catholic,354707,2,0,0,0,0,0,0,1,0,0,8,0,10,8,0,8,0,1,0,1,1,1,0,1,0,0,0,0,0,0,1,0,0,0,9,10,4,0,1,1,1,0,0,0,0,0,0,0,0,0,0,0,0,0,2,3,4,3,1,1,1,1,1,1,5,1,1,1,1,5,5,1,1,0,0,5,3,2,0,0,0,0,0,0,0,0,7,0,0,0,0,0,0,0,0,0,0,0,1,1,1,0,0,0,1,0,0,2,1,10000000,Catholic
Catholic,97572,2,1,0,0,0,0,0,0,0,0,3,1,0,0,0,0,1,0,1,0,0,0,1,0,0,1,1,0,2,1,2,0,0,1,6,9,5,4,0,0,0,0,0,1,1,0,0,0,0,1,1,0,1,3,3,1,0,0,0,5,0,0,0,0,4,4,5,1,3,7,7,0,0,0,0,0,4,0,1,0,0,0,0,0,0,0,0,0,0,0,0,0,0,0,0,0,2,0,0,0,0,0,0,0,0,0,0,0,1,10000000,Catholic
Catholic,358011,2,2,0,0,0,0,0,1,0,0,10,0,6,7,0,8,0,1,1,1,0,1,1,1,1,1,1,1,0,0,2,0,2,0,6,9,8,3,0,1,0,0,0,0,0,0,0,0,0,0,0,0,0,0,3,3,3,0,0,2,1,3,2,0,2,1,1,1,1,1,6,0,6,0,0,6,2,2,0,0,0,0,0,0,0,0,6,0,3,0,2,0,0,0,0,0,0,0,0,1,0,0,0,1,2,2,2,4,1,10000000,Catholic
Catholic,315284,3,1,0,0,0,0,0,1,0,0,5,0,10,10,0,8,0,1,0,1,1,1,0,0,0,0,0,0,0,0,2,0,5,0,8,6,1,0,0,1,0,0,0,0,0,0,0,0,0,0,0,0,0,0,2,0,0,0,0,0,2,1,3,0,5,4,1,0,0,4,6,0,0,0,0,9,4,0,0,0,0,0,0,0,0,0,3,2,0,0,0,0,0,0,0,0,0,0,0,1,0,0,0,0,2,2,2,0,1,10000000,Catholic
Catholic,83905,1,3,0,0,0,0,0,1,1,0,6,0,0,0,0,0,1,0,0,0,1,0,0,0,1,0,1,0,2,3,2,0,0,1,8,10,0,0,0,0,1,1,0,1,1,0,0,0,0,1,1,1,1,1,3,2,0,0,0,2,0,0,0,0,1,1,1,1,2,2,3,4,1,0,0,0,6,0,1,0,0,0,0,0,0,0,0,0,0,0,0,0,0,0,0,0,2,0,0,0,1,0,0,0,0,0,0,0,1,10000000,Catholic
Catholic,84910,1,1,0,0,0,0,0,1,1,0,10,0,0,0,0,0,1,1,0,1,0,0,0,0,0,1,0,0,2,1,2,0,0,1,10,8,0,0,0,0,0,1,0,1,1,0,0,0,0,1,0,0,1,2,3,4,0,0,0,1,0,0,0,0,1,1,1,8,5,5,5,10,1,0,0,0,3,0,1,0,0,0,0,0,0,0,0,0,0,0,0,0,0,0,0,0,1,0,0,0,0,0,0,0,0,0,0,0,1,10000000,Catholic
Catholic,357798,2,3,0,0,0,0,0,1,0,0,8,0,8,8,0,6,0,1,0,1,0,1,1,1,0,0,0,0,0,0,1,0,9,0,10,10,2,8,0,1,0,0,0,0,0,0,0,0,0,0,0,0,0,0,3,3,3,0,0,4,1,1,1,0,3,1,1,1,1,8,8,1,1,0,0,10,7,3,0,0,0,0,0,0,0,0,4,3,3,0,0,0,0,0,0,0,0,0,0,1,0,0,0,0,3,3,2,3,1,10000000,Catholic
Catholic,395782,1,1,0,0,0,0,0,1,0,0,10,0,5,6,0,6,0,0,1,1,0,0,0,0,0,1,1,0,0,0,2,0,5,0,5,8,8,2,0,1,0,0,0,0,0,0,0,0,0,0,0,0,0,0,4,3,4,0,0,1,1,5,1,0,1,2,1,5,1,1,7,0,1,0,0,5,2,3,0,0,0,0,0,0,0,0,8,2,3,0,0,0,0,0,0,0,0,0,0,1,0,0,0,0,3,3,4,3,1,10000000,Catholic
Catholic,84178,1,2,0,0,0,0,0,1,1,0,10,0,0,0,0,0,1,0,1,0,0,1,1,0,0,0,0,0,1,2,2,0,0,2,10,10,0,0,0,0,1,1,0,1,1,0,0,0,0,1,1,0,0,1,1,3,0,0,0,1,0,0,0,0,1,1,1,1,1,1,5,1,1,0,0,0,1,0,0,0,0,0,0,0,0,0,0,0,0,0,0,0,0,0,0,0,2,0,0,0,1,0,0,0,0,0,0,0,1,10000000,Catholic
Catholic,407189,1,1,0,0,0,0,0,1,0,0,10,0,7,8,0,4,0,0,0,1,1,1,0,0,1,0,1,0,0,0,2,0,5,0,8,8,6,7,0,1,0,0,0,0,0,0,0,0,0,0,0,0,0,0,3,3,2,0,0,3,2,2,2,0,6,2,2,7,0,3,3,0,2,0,0,3,2,1,0,0,0,0,0,0,0,0,5,0,3,0,1,0,0,0,0,0,0,0,0,1,0,0,0,0,3,3,2,2,1,10000000,Catholic
Catholic,339670,1,2,0,0,0,0,0,1,0,0,10,0,10,10,0,3,0,0,1,1,1,0,0,0,0,1,1,0,0,0,2,0,4,0,4,3,4,2,0,0,0,0,0,0,0,0,0,0,0,0,0,0,0,0,2,4,3,0,0,3,1,6,1,0,1,2,2,1,2,3,3,1,1,0,0,4,1,3,0,0,0,0,0,0,0,0,6,3,1,0,2,0,0,0,0,0,0,0,0,0,0,0,0,0,3,0,2,2,1,10000000,Catholic
Catholic,307583,1,1,0,0,0,0,0,1,1,0,10,2,0,0,0,0,1,0,1,0,0,1,0,0,1,1,0,0,4,1,2,0,0,3,9,6,1,5,1,1,1,1,0,1,1,0,0,0,0,1,1,0,0,2,2,3,0,0,0,2,0,0,0,0,1,1,9,7,1,1,1,1,1,0,0,0,2,0,1,0,0,0,0,0,0,0,0,0,0,0,2,0,0,0,0,0,1,0,1,1,1,0,0,0,0,0,0,0,1,10000000,Catholic
Catholic,232337,1,4,0,0,0,0,0,1,0,0,10,0,7,8,0,8,0,1,1,1,1,0,0,0,0,0,0,1,0,0,0,0,7,0,7,7,5,7,0,1,0,0,0,0,0,0,0,0,0,0,0,0,0,0,3,3,2,0,0,4,1,1,1,0,3,1,1,1,0,1,1,2,2,0,0,0,1,2,0,0,0,0,0,0,0,0,8,0,1,0,2,0,0,0,0,0,0,0,0,1,0,0,0,0,1,1,1,4,1,10000000,Catholic
Catholic,157520,4,1,0,0,0,0,0,0,0,0,1,2,0,0,0,0,1,1,0,1,0,1,1,0,0,0,0,0,1,3,2,0,0,2,8,9,3,2,0,0,0,0,0,1,1,0,0,0,0,0,0,1,1,1,2,2,0,0,0,8,0,0,0,0,8,8,9,10,10,8,10,10,7,0,0,0,8,0,0,0,0,0,0,0,0,0,0,0,0,0,0,0,0,0,0,0,1,0,0,0,0,0,0,0,0,0,0,0,1,10000000,Catholic
Catholic,126637,2,1,0,0,0,0,0,1,0,0,7,0,6,7,0,8,0,0,1,1,0,0,0,1,1,0,1,0,0,0,2,0,2,0,10,10,1,6,0,1,0,0,0,0,0,0,0,0,0,0,0,0,0,0,2,4,0,0,0,1,1,1,1,0,1,1,1,0,0,1,7,0,1,0,0,8,4,3,0,0,0,0,0,0,0,0,7,0,0,0,1,0,0,0,0,0,0,0,0,1,0,0,0,0,0,4,2,0,1,10000000,Catholic
Catholic,48837,1,3,0,0,0,0,0,1,0,0,10,0,10,7,0,1,0,0,1,1,0,0,0,1,1,0,1,0,0,0,2,0,7,0,10,6,1,4,0,1,0,0,0,0,0,0,0,0,0,0,0,0,0,0,3,4,3,0,0,3,1,4,1,0,1,5,1,7,3,1,4,1,1,0,0,7,2,1,0,0,0,0,0,0,0,0,5,3,3,0,1,0,0,0,0,0,0,0,0,1,0,0,0,0,3,3,1,2,1,10000000,Catholic
Catholic,406275,1,1,0,0,0,0,0,1,0,0,10,0,9,9,0,5,0,0,1,1,0,1,1,0,1,0,0,0,0,0,1,0,10,0,6,6,7,5,0,1,0,0,0,0,0,0,0,0,0,0,0,0,0,0,2,4,3,0,0,2,2,1,1,0,2,2,2,5,0,2,5,0,1,0,0,5,2,1,0,0,0,0,0,0,0,0,4,2,2,0,2,0,0,0,0,0,0,0,0,1,0,0,0,0,4,2,2,2,1,10000000,Catholic
Catholic,338998,1,3,0,0,0,0,0,1,0,0,10,0,9,7,0,4,0,0,1,1,0,1,0,0,1,1,0,0,0,0,2,0,3,0,3,2,5,2,0,0,0,0,0,0,0,0,0,0,0,0,0,0,0,0,1,2,3,0,0,1,1,7,2,0,1,2,4,1,1,2,3,1,1,0,0,4,1,3,0,0,0,0,0,0,0,0,4,3,1,0,2,0,0,0,0,0,0,0,0,0,0,0,0,0,3,2,2,2,1,10000000,Catholic
Catholic,103514,2,1,0,0,0,0,0,1,0,0,8,0,3,5,0,10,0,1,0,1,1,1,0,1,0,0,0,0,0,0,1,0,8,0,5,5,6,10,0,0,0,0,0,0,0,0,0,0,0,0,0,0,0,0,3,4,4,0,0,1,1,1,1,0,1,0,1,8,4,2,8,0,5,0,0,10,2,3,0,0,0,0,0,0,0,0,7,2,4,0,2,0,0,0,0,0,0,0,0,0,0,0,0,0,4,3,1,3,1,10000000,Catholic
Catholic,308138,2,1,0,0,0,0,0,1,0,0,7,2,0,0,0,0,0,1,1,0,0,0,0,0,0,0,0,0,0,0,2,2,0,1,4,5,0,0,0,0,0,1,0,1,1,0,0,0,0,1,0,1,1,0,3,3,0,0,0,5,0,0,0,0,6,7,6,6,3,3,4,5,5,0,0,0,7,0,0,0,0,0,1,1,0,0,0,0,0,0,0,0,4,1,4,1,0,0,0,0,0,0,0,0,0,0,0,0,1,10000000,Catholic
Catholic,258347,4,3,0,0,0,0,0,1,0,0,10,0,10,10,0,1,0,0,1,1,1,1,1,0,0,0,0,0,0,0,2,0,6,0,7,6,1,10,0,0,0,0,0,0,0,0,0,0,0,0,0,0,0,0,2,1,2,0,0,7,6,6,7,0,7,5,7,0,5,7,7,0,6,0,0,0,3,4,0,0,0,0,0,0,0,0,7,3,2,0,0,0,0,0,0,0,0,0,0,0,0,0,0,0,2,2,2,4,1,10000000,Catholic
Catholic,104110,2,2,0,0,0,0,0,1,0,0,7,0,7,8,0,8,0,1,0,0,0,1,1,1,0,1,0,0,0,0,2,0,3,0,8,10,3,4,0,0,0,0,0,0,0,0,0,0,0,0,0,0,0,0,4,4,3,0,0,3,2,1,2,0,3,0,2,10,6,7,8,0,8,0,0,10,3,3,0,0,0,0,0,0,0,0,5,2,3,0,1,0,0,0,0,0,0,0,0,0,0,0,0,0,4,3,2,3,1,10000000,Catholic
Catholic,98410,2,0,0,0,0,0,0,0,0,0,7,0,8,6,0,6,1,1,1,0,0,1,0,1,0,0,0,0,0,0,1,0,0,0,6,7,1,0,0,0,0,0,0,0,0,0,0,0,0,0,0,0,0,0,2,3,2,1,1,1,1,1,1,1,1,1,1,1,1,1,1,1,1,0,0,1,8,8,0,0,0,0,0,0,0,0,8,0,4,0,0,0,0,0,0,0,0,0,0,0,0,0,0,0,1,0,0,4,1,10000000,Catholic
Catholic,110613,1,1,0,0,0,0,0,1,0,0,10,0,8,5,0,7,0,1,0,0,1,0,1,0,0,1,1,0,0,0,1,0,2,0,8,7,2,5,0,1,0,0,0,0,0,0,0,0,0,0,0,0,0,0,4,4,4,0,0,4,2,1,2,0,4,2,2,2,2,2,7,1,2,0,0,6,2,2,0,0,0,0,0,0,0,0,3,3,2,0,0,0,0,0,0,0,0,0,0,1,0,0,0,0,3,2,2,1,1,10000000,Catholic
Catholic,315202,1,2,0,0,0,0,0,1,0,0,10,0,10,10,0,1,0,1,0,1,1,1,0,0,0,0,0,0,0,0,2,0,1,0,6,10,10,10,0,1,0,0,0,0,0,0,0,0,0,0,0,0,0,0,4,4,2,0,0,1,1,5,1,0,1,1,1,0,0,5,5,0,1,0,0,10,2,1,0,0,0,0,0,0,0,0,1,2,4,0,0,0,0,0,0,0,0,0,0,1,0,0,0,0,4,4,1,2,1,10000000,Catholic
Catholic,304762,1,1,0,0,0,0,0,1,0,0,10,0,1,1,0,1,0,0,0,1,0,1,0,0,1,0,1,0,0,0,2,0,1,0,1,10,1,10,0,1,0,0,0,0,0,0,0,0,0,0,0,0,0,0,3,3,3,0,0,1,1,1,1,0,1,1,1,1,1,1,5,1,1,0,0,5,2,1,0,0,0,0,0,0,0,0,1,0,2,0,0,0,0,0,0,0,0,0,0,1,0,0,0,1,3,3,2,3,1,10000000,Catholic
Catholic,9808,3,2,0,0,0,0,0,1,0,0,8,0,7,6,0,8,0,0,0,1,0,1,1,1,0,0,0,0,0,0,2,0,1,0,8,8,3,8,0,0,0,0,0,0,0,0,0,0,0,0,0,0,0,0,3,3,0,0,0,1,1,1,1,0,1,1,1,8,1,5,7,0,1,0,0,9,7,7,0,0,0,0,0,0,0,0,9,3,3,0,0,0,0,0,0,0,0,0,0,0,0,0,0,0,3,2,2,2,1,10000000,Catholic
Catholic,338565,3,2,0,0,0,0,0,1,0,0,6,0,10,8,0,2,0,1,0,1,1,1,0,1,0,0,0,0,0,0,2,0,5,0,6,5,4,5,0,0,0,0,0,0,0,0,0,0,0,0,0,0,0,0,1,2,2,0,0,1,2,7,2,0,2,1,3,1,1,1,2,1,1,0,0,4,2,3,0,0,0,0,0,0,0,0,9,3,4,0,0,0,0,0,0,0,0,0,0,0,0,0,0,0,3,4,3,4,1,10000000,Catholic
Catholic,309451,1,1,0,0,0,0,0,1,0,0,9,0,2,7,0,5,0,1,1,1,0,1,1,0,0,0,0,0,0,0,2,0,7,0,6,6,4,8,0,1,0,0,0,0,0,0,0,0,0,0,0,0,0,0,3,3,2,0,0,5,6,7,6,0,7,8,3,7,8,9,10,8,6,0,0,7,1,1,0,0,0,0,0,0,0,0,6,2,3,0,0,0,0,0,0,0,0,0,0,1,0,0,0,0,2,2,3,2,1,10000000,Catholic
Catholic,305057,1,2,0,0,0,0,0,1,0,0,10,0,2,2,0,6,0,0,0,1,1,1,0,0,1,1,0,0,0,0,2,0,4,0,10,6,2,8,0,0,0,0,0,0,0,0,0,0,0,0,0,0,0,0,3,3,1,0,0,7,4,4,7,0,8,8,8,0,0,4,4,0,8,0,0,8,3,1,0,0,0,0,0,0,0,0,3,0,2,0,1,0,0,0,0,0,0,0,0,0,0,0,0,0,0,1,0,4,1,10000000,Catholic
Catholic,358135,3,2,0,0,0,0,0,1,0,0,7,0,7,10,0,1,0,0,0,0,0,0,0,0,0,0,0,0,0,0,2,0,5,0,8,8,1,5,0,1,0,0,0,0,0,0,0,0,0,0,0,0,0,0,3,3,0,0,0,1,1,1,1,0,1,1,1,6,10,10,10,10,1,0,0,10,4,4,0,0,0,0,0,0,0,0,7,3,3,0,0,0,0,0,0,0,0,0,0,1,0,0,0,0,2,3,2,4,1,10000000,Catholic
Catholic,84337,1,1,0,0,0,0,0,1,1,0,10,0,0,0,0,0,1,0,0,1,0,1,0,0,0,0,1,0,1,3,2,0,0,2,7,6,0,0,0,0,1,1,0,1,1,0,0,0,0,1,0,0,1,2,3,3,0,0,0,1,0,0,0,0,2,9,1,1,1,1,1,8,1,0,0,0,3,0,1,0,0,0,0,0,0,0,0,0,0,0,0,0,0,0,0,0,1,0,0,0,1,0,0,0,0,0,0,0,1,10000000,Catholic
Catholic,48201,2,2,0,0,0,0,0,1,0,0,10,0,8,7,0,10,0,0,1,1,1,0,0,0,1,0,1,0,0,0,2,0,7,0,8,8,2,9,0,0,0,0,0,0,0,0,0,0,0,0,0,0,0,0,2,3,2,0,0,1,1,1,1,0,1,1,1,1,1,1,7,1,1,0,0,1,2,2,0,0,0,0,0,0,0,0,9,2,2,0,2,0,0,0,0,0,0,0,0,0,0,0,0,0,2,3,2,3,1,10000000,Catholic
Catholic,308110,1,1,0,0,0,0,0,1,1,0,10,1,0,0,0,0,0,1,1,1,0,1,1,0,0,0,0,0,0,0,2,1,0,1,9,8,0,0,1,1,1,1,0,1,1,0,0,0,0,1,1,0,0,0,2,4,0,0,0,5,0,0,0,0,6,4,3,2,1,1,1,1,1,0,0,0,2,0,0,0,0,0,1,1,0,0,0,0,0,0,0,0,2,2,3,2,0,0,1,1,1,0,0,0,0,0,0,0,1,10000000,Catholic
Catholic,308029,1,1,0,0,0,0,0,1,0,0,10,1,0,0,0,0,0,0,1,1,0,1,0,1,1,0,0,0,0,0,2,2,0,2,9,9,0,0,0,0,1,1,0,1,1,0,0,0,0,1,1,0,0,0,2,2,0,0,0,8,0,0,0,0,8,9,10,5,8,10,8,10,8,0,0,0,2,0,0,0,0,0,1,1,0,0,0,0,0,0,0,0,1,1,1,1,0,0,0,0,1,0,0,0,0,0,0,0,1,10000000,Catholic
Catholic,157757,1,4,0,0,0,0,0,1,1,0,5,2,0,0,0,0,1,1,1,0,0,0,1,0,0,0,0,0,3,1,2,0,0,2,3,2,10,7,0,0,0,0,0,2,1,0,0,0,0,0,0,0,1,1,4,4,0,0,0,1,0,0,0,0,1,1,1,1,1,7,7,1,1,0,0,0,2,0,1,0,0,0,0,0,0,0,0,0,0,0,0,0,0,0,0,0,2,0,0,0,0,0,0,0,0,0,0,0,1,10000000,Catholic
Catholic,315294,1,2,0,0,0,0,0,1,0,0,10,0,9,9,0,7,0,0,0,1,0,1,0,0,1,1,1,0,0,0,2,0,5,0,10,5,1,10,0,1,0,0,0,0,0,0,0,0,0,0,0,0,0,0,3,3,2,0,0,5,8,10,10,0,8,9,1,1,1,10,8,0,1,0,0,1,2,3,0,0,0,0,0,0,0,0,7,2,2,0,1,0,0,0,0,0,0,0,0,1,0,0,0,0,2,3,2,2,1,10000000,Catholic
Catholic,65665,1,1,0,0,0,0,0,1,1,0,10,2,0,0,0,0,1,0,0,1,0,1,0,1,1,0,0,0,4,2,2,0,0,1,6,5,10,5,1,1,1,1,0,1,1,0,0,0,0,1,0,0,1,2,3,3,0,0,0,1,0,0,0,0,5,1,1,6,6,1,6,1,1,0,0,0,3,0,1,0,0,0,0,0,0,0,0,0,0,0,2,0,0,0,0,0,2,0,1,1,1,0,0,0,0,0,0,0,1,10000000,Catholic
Catholic,309446,1,1,0,0,0,0,0,1,0,0,10,0,10,10,0,1,0,0,0,0,0,1,0,1,1,1,1,0,0,0,2,0,8,0,10,10,1,1,0,0,0,0,0,0,0,0,0,0,0,0,0,0,0,0,2,1,1,0,0,5,10,1,1,0,5,1,1,1,1,1,1,1,1,0,0,10,3,2,0,0,0,0,0,0,0,0,1,3,3,0,0,0,0,0,0,0,0,0,0,0,0,0,0,1,1,3,3,3,1,10000000,Catholic
Catholic,401165,1,0,0,0,0,0,0,1,0,0,10,0,6,6,0,9,1,0,0,1,0,1,0,0,0,1,0,0,0,0,2,0,0,0,9,6,5,0,1,0,0,0,0,0,0,0,0,0,0,0,0,0,0,0,3,4,1,3,1,1,1,1,1,1,1,1,1,6,1,6,9,1,1,0,0,8,7,2,0,0,0,0,0,0,0,0,8,0,3,0,0,0,0,0,0,0,0,0,1,0,0,0,0,0,3,0,0,3,1,10000000,Catholic
Catholic,126750,3,3,0,0,0,0,0,1,0,0,6,0,5,6,0,7,0,1,1,1,0,0,1,1,0,0,0,0,0,0,2,0,5,0,5,5,5,4,0,0,0,0,0,0,0,0,0,0,0,0,0,0,0,0,2,2,3,0,0,5,5,1,2,0,4,5,6,5,0,5,5,0,2,0,0,7,8,7,0,0,0,0,0,0,0,0,3,0,2,0,0,0,0,0,0,0,0,0,0,0,0,0,0,0,2,3,2,3,1,10000000,Catholic
Catholic,338964,1,2,0,0,0,0,0,1,0,0,10,0,9,8,0,4,0,1,0,0,1,0,1,1,0,0,1,0,0,0,2,0,5,0,8,5,3,5,0,0,0,0,0,0,0,0,0,0,0,0,0,0,0,0,3,3,4,0,0,1,1,6,3,0,1,2,1,2,2,2,3,1,2,0,0,3,1,4,0,0,0,0,0,0,0,0,4,3,0,0,1,0,0,0,0,0,0,0,0,0,0,0,0,0,3,0,1,3,1,10000000,Catholic
Catholic,437627,2,2,0,0,0,0,0,1,0,0,5,0,6,6,0,7,0,1,1,0,0,0,0,0,1,1,1,0,0,0,2,0,6,0,7,6,5,5,0,1,0,0,0,0,0,0,0,0,0,0,0,0,0,0,1,2,2,0,0,6,6,7,6,0,6,6,6,6,6,6,6,6,7,0,0,6,3,3,0,0,0,0,0,0,0,0,7,2,3,0,0,0,0,0,0,0,0,0,0,1,0,0,0,0,2,2,2,2,1,10000000,Catholic
Catholic,274029,1,2,0,0,0,0,0,1,1,0,7,1,0,0,0,0,1,1,0,1,0,1,0,1,0,0,0,0,4,1,1,0,0,2,7,5,5,9,1,1,1,0,0,1,1,0,0,0,0,1,1,0,0,2,2,2,0,0,0,5,0,0,0,0,3,2,5,2,1,4,7,6,3,0,0,0,1,0,1,0,0,0,0,0,0,0,0,0,0,0,2,0,0,0,0,0,1,0,1,1,1,0,0,0,0,0,0,0,1,10000000,Catholic
Catholic,304199,2,2,0,0,0,0,0,1,0,0,10,0,6,9,0,9,0,1,0,1,1,1,1,0,0,0,0,0,0,0,2,0,1,0,5,5,1,10,0,1,0,0,0,0,0,0,0,0,0,0,0,0,0,0,3,3,2,0,0,6,4,6,6,0,6,1,1,10,5,4,10,1,1,0,0,10,3,2,0,0,0,0,0,0,0,0,6,0,3,0,2,0,0,0,0,0,0,0,0,1,0,0,0,0,3,2,2,3,1,10000000,Catholic
Catholic,401104,2,0,0,0,0,0,0,1,0,0,10,0,10,10,0,1,1,1,0,1,0,1,0,1,0,0,0,0,0,0,2,0,0,0,10,8,0,0,1,1,1,0,0,0,0,0,0,0,0,0,0,0,0,0,4,4,0,3,1,1,1,1,1,1,1,1,1,0,0,1,0,1,1,0,0,0,8,2,0,0,0,0,0,0,0,0,1,0,2,0,0,0,0,0,0,0,0,0,1,1,1,0,0,0,3,0,0,2,1,10000000,Catholic
Catholic,285278,2,1,0,0,0,0,0,1,0,0,9,0,9,9,0,3,0,1,1,1,0,1,1,0,0,0,0,0,0,0,1,0,8,0,9,5,8,3,0,0,0,0,0,0,0,0,0,0,0,0,0,0,0,0,3,3,3,0,0,1,1,1,1,0,1,2,1,3,3,5,3,6,3,0,0,8,2,1,0,0,0,0,0,0,0,0,8,0,3,0,2,0,0,0,0,0,0,0,0,0,0,0,0,0,3,2,2,2,1,10000000,Catholic
Catholic,314824,2,2,0,0,0,0,0,1,0,0,10,0,10,10,0,8,0,1,0,1,0,1,1,0,0,0,0,1,0,0,2,0,7,0,8,8,9,8,0,1,0,0,0,0,0,0,0,0,0,0,0,0,0,0,4,3,3,0,0,1,1,1,1,0,1,1,1,0,0,6,5,0,1,0,0,8,2,2,0,0,0,0,0,0,0,0,7,3,3,0,2,0,0,0,0,0,0,0,0,1,0,0,0,0,2,2,2,2,1,10000000,Catholic
Catholic,96920,2,2,0,0,0,0,0,1,1,0,8,2,0,0,0,0,1,0,1,1,0,1,0,1,0,0,0,0,2,3,2,0,0,3,9,8,4,8,1,0,1,1,0,1,1,0,0,0,0,1,0,0,2,3,2,3,0,0,0,4,0,0,0,0,7,2,2,0,0,8,9,10,8,0,0,0,7,0,1,0,0,0,0,0,0,0,0,0,0,0,0,0,0,0,0,0,2,0,1,0,1,0,0,0,0,0,0,0,1,10000000,Catholic
Chinese traditional religion,387557,3,3,0,0,0,0,0,1,0,0,2,0,7,5,0,10,0,1,0,1,0,1,0,1,0,1,0,0,0,0,2,0,8,0,7,10,4,3,0,1,0,0,0,0,0,0,0,0,0,0,0,0,0,0,3,4,4,0,0,1,1,3,1,0,1,1,1,10,6,5,10,8,3,0,0,7,8,5,0,0,0,0,0,0,0,0,2,0,3,0,0,0,0,0,0,0,0,0,0,1,0,0,0,0,3,2,2,3,9,90100000,Chinese traditional religion
Chinese traditional religion,387609,2,2,0,0,0,0,0,0,0,0,5,0,7,3,0,2,0,1,0,1,1,1,0,0,0,0,0,1,0,0,1,0,7,0,8,7,1,7,0,1,0,0,0,0,0,0,0,0,0,0,0,0,0,0,3,4,4,0,0,1,1,7,1,0,1,1,1,10,6,4,10,10,1,0,0,10,8,7,0,0,0,0,0,0,0,0,3,0,3,0,0,0,0,0,0,0,0,0,0,1,0,0,0,0,4,3,2,3,9,90100000,Chinese traditional religion
Chinese traditional religion,387232,3,3,0,0,0,0,0,1,0,0,2,0,0,0,0,0,0,1,1,0,0,1,1,0,0,1,0,0,0,0,2,0,1,0,6,0,1,10,0,0,0,0,0,0,0,0,0,0,0,0,0,0,0,0,0,0,2,0,0,0,0,5,2,0,0,0,0,0,0,0,0,0,0,0,0,0,8,5,0,0,0,0,0,0,0,0,0,0,0,0,0,0,0,0,0,0,0,0,0,0,0,0,0,0,0,0,0,2,9,90100000,Chinese traditional religion
Chinese traditional religion,387401,2,3,0,0,0,0,0,1,0,0,0,0,0,0,0,0,0,0,1,0,0,0,1,0,0,0,0,0,0,0,1,0,0,0,0,0,0,0,0,0,0,0,0,0,0,0,0,0,0,0,0,0,0,0,0,3,3,0,0,0,0,0,0,0,0,0,0,0,0,0,0,0,0,0,0,0,8,8,0,0,0,0,0,0,0,0,0,0,0,0,0,0,0,0,0,0,0,0,0,0,0,0,0,0,0,2,0,2,9,90100000,Chinese traditional religion
Chinese traditional religion,386456,3,1,0,0,0,0,0,1,0,0,3,0,8,10,0,5,0,1,0,1,0,1,0,1,0,0,0,1,0,0,2,0,4,0,4,9,4,3,0,1,0,0,0,0,0,0,0,0,0,0,0,0,0,0,3,3,4,0,0,1,1,8,1,0,10,1,1,6,2,2,8,7,1,0,0,7,8,5,0,0,0,0,0,0,0,0,10,0,3,0,0,0,0,0,0,0,0,0,0,1,0,0,0,0,4,3,2,3,9,90100000,Chinese traditional religion
Chinese traditional religion,387038,3,2,0,0,0,0,0,1,0,0,5,0,10,10,0,5,0,1,0,1,1,0,1,0,0,0,0,1,0,0,1,0,7,0,8,6,9,10,0,1,0,0,0,0,0,0,0,0,0,0,0,0,0,0,4,1,4,0,0,1,1,3,1,0,4,1,1,1,1,1,1,4,1,0,0,1,8,8,0,0,0,0,0,0,0,0,4,0,3,0,0,0,0,0,0,0,0,0,0,1,0,0,0,0,3,3,2,4,9,90100000,Chinese traditional religion
Chinese traditional religion,387422,3,2,0,0,0,0,0,1,0,0,5,0,8,10,0,1,0,1,1,0,0,1,1,0,0,0,0,1,0,0,2,0,8,0,7,8,1,10,0,0,0,0,0,0,0,0,0,0,0,0,0,0,0,0,3,3,3,0,0,1,1,3,1,0,1,1,1,1,3,1,8,8,1,0,0,5,4,5,0,0,0,0,0,0,0,0,7,0,3,0,0,0,0,0,0,0,0,0,0,0,0,0,0,0,3,3,2,3,9,90100000,Chinese traditional religion
Chinese traditional religion,386816,2,1,0,0,0,0,0,1,0,0,9,0,9,9,0,8,0,0,0,1,0,1,1,1,0,1,0,0,0,0,2,0,9,0,8,8,1,10,0,1,0,0,0,0,0,0,0,0,0,0,0,0,0,0,2,2,2,0,0,1,1,5,2,0,1,1,1,2,5,5,5,2,1,0,0,5,4,2,0,0,0,0,0,0,0,0,8,0,2,0,2,0,0,0,0,0,0,0,0,1,0,0,0,0,3,3,2,2,9,90100000,Chinese traditional religion
Chinese traditional religion,387564,3,1,0,0,0,0,0,1,0,0,7,0,8,8,0,7,0,1,0,1,1,1,0,1,0,0,0,0,0,0,2,0,4,0,7,7,4,8,0,1,0,0,0,0,0,0,0,0,0,0,0,0,0,0,3,4,3,0,0,2,1,5,1,0,1,1,1,8,2,4,7,7,1,0,0,8,4,5,0,0,0,0,0,0,0,0,7,0,3,0,1,0,0,0,0,0,0,0,0,1,0,0,0,0,3,2,2,2,9,90100000,Chinese traditional religion
Chinese traditional religion,387238,3,2,0,0,0,0,0,0,0,0,1,0,8,6,0,5,0,1,0,1,0,1,1,1,0,0,0,0,0,0,2,0,7,0,6,5,10,5,0,0,0,0,0,0,0,0,0,0,0,0,0,0,0,0,2,3,3,0,0,3,1,8,3,0,3,3,1,5,5,5,5,8,5,0,0,5,8,5,0,0,0,0,0,0,0,0,5,0,3,0,0,0,0,0,0,0,0,0,0,0,0,0,0,0,3,3,2,2,9,90100000,Chinese traditional religion
Chinese traditional religion,387301,2,2,0,0,0,0,0,1,0,0,9,0,10,9,0,6,0,1,1,1,0,0,0,0,0,1,0,1,0,0,2,0,9,0,8,6,8,9,0,1,0,0,0,0,0,0,0,0,0,0,0,0,0,0,4,4,3,0,0,1,1,1,1,0,1,1,1,1,1,1,2,1,1,0,0,5,7,5,0,0,0,0,0,0,0,0,7,0,3,0,0,0,0,0,0,0,0,0,0,1,0,0,0,0,3,3,2,3,9,90100000,Chinese traditional religion
Chinese traditional religion,386529,3,2,0,0,0,0,0,1,0,0,5,0,7,8,0,5,0,0,0,1,0,1,0,1,0,0,0,1,0,0,2,0,7,0,8,6,2,7,0,1,0,0,0,0,0,0,0,0,0,0,0,0,0,0,2,3,3,0,0,3,1,7,3,0,1,1,1,5,5,2,5,5,2,0,0,5,4,5,0,0,0,0,0,0,0,0,5,0,3,0,0,0,0,0,0,0,0,0,0,1,0,0,0,0,3,3,2,3,9,90100000,Chinese traditional religion
Chinese traditional religion,387473,2,3,0,0,0,0,0,1,0,0,10,0,5,0,0,0,0,0,1,0,0,1,0,1,0,0,1,1,0,0,0,0,7,0,0,6,1,0,0,1,0,0,0,0,0,0,0,0,0,0,0,0,0,0,3,3,3,0,0,0,1,5,0,0,0,1,1,0,0,1,0,0,1,0,0,0,4,2,0,0,0,0,0,0,0,0,0,0,0,0,0,0,0,0,0,0,0,0,0,1,0,0,0,0,3,0,0,0,9,90100000,Chinese traditional religion
Chinese traditional religion,386437,2,2,0,0,0,0,0,1,0,0,8,0,10,3,0,9,0,0,1,0,0,1,1,0,0,0,0,1,0,0,2,0,10,0,9,5,1,9,0,1,0,0,0,0,0,0,0,0,0,0,0,0,0,0,4,3,3,0,0,1,1,5,1,0,5,1,1,5,1,1,6,8,1,0,0,5,8,5,0,0,0,0,0,0,0,0,8,0,3,0,0,0,0,0,0,0,0,0,0,1,0,0,0,0,3,2,2,2,9,90100000,Chinese traditional religion
Chinese traditional religion,386802,3,1,0,0,0,0,0,1,0,0,5,0,5,5,0,5,0,1,1,1,0,0,0,1,0,0,0,1,0,0,2,0,5,0,6,5,3,6,0,1,0,0,0,0,0,0,0,0,0,0,0,0,0,0,4,4,3,0,0,1,1,3,1,0,2,1,1,5,1,1,1,3,3,0,0,3,8,5,0,0,0,0,0,0,0,0,6,0,3,0,1,0,0,0,0,0,0,0,0,1,0,0,0,0,4,3,1,2,9,90100000,Chinese traditional religion
Chinese traditional religion,387397,3,4,0,0,0,0,0,1,0,0,5,0,10,10,0,9,0,1,1,1,0,1,0,0,0,0,0,1,0,0,2,0,10,0,10,10,1,10,0,0,0,0,0,0,0,0,0,0,0,0,0,0,0,0,2,3,3,0,0,1,1,5,1,0,1,1,1,9,1,5,5,5,1,0,0,5,4,4,0,0,0,0,0,0,0,0,9,0,3,0,0,0,0,0,0,0,0,0,0,0,0,0,0,0,3,3,2,3,9,90100000,Chinese traditional religion
Chinese traditional religion,387383,2,1,0,0,0,0,0,1,0,0,6,0,10,3,0,5,0,1,1,1,0,1,1,0,0,0,0,0,0,0,2,0,6,0,8,10,1,8,0,0,0,0,0,0,0,0,0,0,0,0,0,0,0,0,2,3,3,0,0,1,1,5,1,0,1,1,1,1,5,1,6,6,1,0,0,6,7,5,0,0,0,0,0,0,0,0,3,0,3,0,0,0,0,0,0,0,0,0,0,0,0,0,0,0,3,2,2,3,9,90100000,Chinese traditional religion
Chinese traditional religion,386464,3,3,0,0,0,0,0,1,0,0,8,0,7,7,0,8,0,1,0,1,0,1,1,0,0,0,0,1,0,0,1,0,6,0,8,8,1,7,0,1,0,0,0,0,0,0,0,0,0,0,0,0,0,0,2,3,3,0,0,2,1,5,1,0,1,1,1,1,3,4,5,9,5,0,0,5,7,2,0,0,0,0,0,0,0,0,6,0,3,0,2,0,0,0,0,0,0,0,0,1,0,0,0,0,3,2,2,2,9,90100000,Chinese traditional religion
Chinese traditional religion,387288,3,1,0,0,0,0,0,1,0,0,10,0,10,8,0,4,0,1,0,1,1,1,0,0,0,0,0,0,0,0,2,0,5,0,8,6,6,6,0,1,0,0,0,0,0,0,0,0,0,0,0,0,0,0,2,2,2,0,0,1,1,4,1,0,1,1,1,5,1,5,5,5,1,0,0,5,7,2,0,0,0,0,0,0,0,0,6,0,3,0,0,0,0,0,0,0,0,0,0,1,0,0,0,0,3,3,3,2,9,90100000,Chinese traditional religion
Chinese traditional religion,386787,1,2,0,0,0,0,0,1,0,0,8,0,10,10,0,4,0,0,0,1,0,0,0,0,0,0,0,0,0,0,2,0,5,0,10,9,4,5,0,1,0,0,0,0,0,0,0,0,0,0,0,0,0,0,1,3,3,0,0,1,1,10,5,0,1,1,1,1,1,1,4,1,1,0,0,3,4,1,0,0,0,0,0,0,0,0,6,0,4,0,2,0,0,0,0,0,0,0,0,1,0,0,0,0,4,4,2,2,9,90100000,Chinese traditional religion
Chinese traditional religion,387445,2,1,0,0,0,0,0,1,0,0,8,0,9,9,0,3,0,1,0,1,0,1,1,0,0,1,0,0,0,0,1,0,5,0,7,7,3,4,0,1,0,0,0,0,0,0,0,0,0,0,0,0,0,0,3,3,3,0,0,5,1,7,1,0,1,1,1,3,5,5,5,5,1,0,0,5,7,5,0,0,0,0,0,0,0,0,3,0,3,0,0,0,0,0,0,0,0,0,0,1,0,0,0,0,4,3,2,3,9,90100000,Chinese traditional religion
Chinese traditional religion,387245,3,2,0,0,0,0,0,1,0,0,5,0,9,6,0,5,0,1,0,1,0,1,0,0,0,1,0,1,0,0,1,0,5,0,10,5,5,5,0,1,0,0,0,0,0,0,0,0,0,0,0,0,0,0,3,3,3,0,0,3,1,1,1,0,3,1,1,5,5,6,6,6,1,0,0,6,7,7,0,0,0,0,0,0,0,0,5,0,3,0,0,0,0,0,0,0,0,0,0,1,0,0,0,0,3,3,2,3,9,90100000,Chinese traditional religion
Chinese traditional religion,386866,1,3,0,0,0,0,0,1,0,0,9,0,5,5,0,6,0,1,0,1,0,0,0,0,0,0,0,0,0,0,1,0,7,0,6,7,7,6,0,1,0,0,0,0,0,0,0,0,0,0,0,0,0,0,3,3,0,0,0,6,2,9,2,0,6,4,1,1,7,8,6,7,3,0,0,8,6,3,0,0,0,0,0,0,0,0,6,0,1,0,1,0,0,0,0,0,0,0,0,1,0,0,0,1,2,2,2,2,9,90100000,Chinese traditional religion
Chinese traditional religion,386488,2,4,0,0,0,0,0,1,0,0,8,0,6,8,0,6,0,1,1,1,0,1,1,0,0,0,0,0,0,0,2,0,10,0,7,8,2,9,0,0,0,0,0,0,0,0,0,0,0,0,0,0,0,0,3,3,3,0,0,3,1,1,1,0,3,2,2,5,3,2,5,2,3,0,0,5,4,5,0,0,0,0,0,0,0,0,5,0,0,0,0,0,0,0,0,0,0,0,0,0,0,0,0,0,3,2,2,2,9,90100000,Chinese traditional religion
Chinese traditional religion,387012,3,2,0,0,0,0,0,1,0,0,5,0,5,5,0,10,0,1,0,1,0,1,1,1,0,0,0,0,0,0,2,0,5,0,5,5,4,5,0,0,0,0,0,0,0,0,0,0,0,0,0,0,0,0,4,3,3,0,0,5,10,10,5,0,1,1,10,10,5,5,5,5,5,0,0,5,8,7,0,0,0,0,0,0,0,0,5,0,4,0,0,0,0,0,0,0,0,0,0,0,0,0,0,1,2,2,3,3,9,90100000,Chinese traditional religion
Chinese traditional religion,387257,2,2,0,0,0,0,0,1,0,0,7,0,7,8,0,7,0,0,1,1,0,1,0,0,0,1,0,1,0,0,1,0,9,0,9,9,3,7,0,1,0,0,0,0,0,0,0,0,0,0,0,0,0,0,2,4,4,0,0,3,2,3,2,0,3,2,2,5,4,5,5,7,3,0,0,5,4,5,0,0,0,0,0,0,0,0,6,0,3,0,1,0,0,0,0,0,0,0,0,1,0,0,0,0,4,2,2,2,9,90100000,Chinese traditional religion
Chinese traditional religion,387306,3,1,0,0,0,0,0,1,0,0,7,0,6,9,0,5,0,1,1,1,0,1,0,0,0,0,0,1,0,0,2,0,10,0,8,8,2,8,0,0,0,0,0,0,0,0,0,0,0,0,0,0,0,0,3,3,3,0,0,4,1,3,1,0,2,1,1,1,1,1,1,8,1,0,0,1,3,2,0,0,0,0,0,0,0,0,7,0,3,0,0,0,0,0,0,0,0,0,0,0,0,0,0,0,3,3,2,2,9,90100000,Chinese traditional religion
Chinese traditional religion,386458,3,3,0,0,0,0,0,1,0,0,5,0,7,6,0,7,0,1,0,1,0,1,0,0,0,0,0,1,0,0,2,0,9,0,8,8,2,8,0,1,0,0,0,0,0,0,0,0,0,0,0,0,0,0,3,3,3,0,0,2,1,5,1,0,1,1,1,8,7,6,7,8,3,0,0,7,7,8,0,0,0,0,0,0,0,0,6,0,3,0,1,0,0,0,0,0,0,0,0,1,0,0,0,0,3,2,2,2,9,90100000,Chinese traditional religion
Chinese traditional religion,386663,2,2,0,0,0,0,0,1,0,0,5,0,5,9,0,8,0,0,1,1,0,1,1,0,1,0,0,0,0,0,2,0,10,0,1,10,1,10,0,1,0,0,0,0,0,0,0,0,0,0,0,0,0,0,2,2,2,0,0,10,1,1,1,0,10,1,1,1,7,1,5,1,1,0,0,2,7,1,0,0,0,0,0,0,0,0,6,0,2,0,0,0,0,0,0,0,0,0,0,1,0,0,0,0,3,3,2,2,9,90100000,Chinese traditional religion
Chinese traditional religion,387524,2,2,0,0,0,0,0,1,0,0,8,0,7,7,0,6,0,0,1,1,1,1,0,0,0,0,0,1,0,0,1,0,7,0,9,7,3,5,0,1,0,0,0,0,0,0,0,0,0,0,0,0,0,0,2,3,3,0,0,5,4,7,5,0,6,4,5,4,6,6,6,5,5,0,0,6,3,1,0,0,0,0,0,0,0,0,6,0,3,0,1,0,0,0,0,0,0,0,0,1,0,0,0,0,4,3,1,2,9,90100000,Chinese traditional religion
Chinese traditional religion,387031,3,2,0,0,0,0,0,1,0,0,7,0,8,8,0,8,0,1,0,0,1,1,0,0,0,0,0,0,0,0,1,0,8,0,8,8,4,8,0,0,0,0,0,0,0,0,0,0,0,0,0,0,0,0,3,4,4,0,0,1,1,5,1,0,10,1,1,9,7,9,9,9,8,0,0,9,8,5,0,0,0,0,0,0,0,0,7,0,3,0,1,0,0,0,0,0,0,0,0,0,0,0,0,0,3,3,2,3,9,90100000,Chinese traditional religion
Chinese traditional religion,386736,2,3,0,0,0,0,0,1,0,0,8,0,8,8,0,3,0,0,1,1,0,1,1,0,0,0,0,1,0,0,2,0,7,0,5,9,3,8,0,1,0,0,0,0,0,0,0,0,0,0,0,0,0,0,3,3,3,0,0,6,1,6,1,0,3,8,1,8,6,6,6,5,1,0,0,8,8,2,0,0,0,0,0,0,0,0,8,0,3,0,0,0,0,0,0,0,0,0,0,1,0,0,0,0,3,2,2,2,9,90100000,Chinese traditional religion
Chinese traditional religion,387040,2,1,0,0,0,0,0,1,0,0,8,0,10,9,0,3,0,1,0,1,1,1,0,0,0,0,0,0,0,0,1,0,9,0,9,10,3,10,0,1,0,0,0,0,0,0,0,0,0,0,0,0,0,0,4,4,3,0,0,1,1,8,1,0,1,1,1,10,9,8,9,1,1,0,0,10,3,2,0,0,0,0,0,0,0,0,7,0,3,0,2,0,0,0,0,0,0,0,0,1,0,0,0,0,4,2,1,2,9,90100000,Chinese traditional religion
Chinese traditional religion,387490,0,0,0,0,0,0,0,1,0,0,0,0,0,0,0,0,0,0,0,0,0,0,0,0,0,0,0,0,0,0,2,0,0,0,0,0,0,0,0,0,0,0,0,0,0,0,0,0,0,0,0,0,0,0,0,0,0,0,0,0,0,0,0,0,0,0,0,0,0,0,0,0,0,0,0,0,8,5,0,0,0,0,0,0,0,0,0,0,0,0,0,0,0,0,0,0,0,0,0,0,0,0,0,0,0,0,0,0,9,90100000,Chinese traditional religion
Chinese traditional religion,387123,2,2,0,0,0,0,0,1,0,0,9,0,8,8,0,7,0,1,1,1,0,1,1,0,0,0,0,0,0,0,2,0,8,0,9,8,6,8,0,1,0,0,0,0,0,0,0,0,0,0,0,0,0,0,3,3,3,0,0,5,1,1,1,0,1,1,1,6,3,4,4,1,1,0,0,4,7,5,0,0,0,0,0,0,0,0,7,0,3,0,0,0,0,0,0,0,0,0,0,1,0,0,0,0,2,3,1,3,9,90100000,Chinese traditional religion
Chinese traditional religion,387144,1,3,0,0,0,0,0,1,0,0,8,0,3,3,0,5,0,1,1,0,0,1,1,0,0,1,0,0,0,0,2,0,5,0,5,8,6,6,0,1,0,0,0,0,0,0,0,0,0,0,0,0,0,0,2,2,2,0,0,5,1,10,1,0,6,1,1,5,1,5,5,10,5,0,0,5,4,5,0,0,0,0,0,0,0,0,5,0,3,0,1,0,0,0,0,0,0,0,0,1,0,0,0,0,3,2,2,2,9,90100000,Chinese traditional religion
Chinese traditional religion,386819,2,2,0,0,0,0,0,1,0,0,5,0,5,6,0,10,0,1,0,1,0,1,1,1,0,0,0,0,0,0,2,0,5,0,5,5,5,8,0,1,0,0,0,0,0,0,0,0,0,0,0,0,0,0,3,3,2,0,0,5,1,5,1,0,1,1,1,5,4,3,5,5,1,0,0,5,7,5,0,0,0,0,0,0,0,0,6,0,3,0,1,0,0,0,0,0,0,0,0,1,0,0,0,0,3,2,2,3,9,90100000,Chinese traditional religion
Chinese traditional religion,387215,2,2,0,0,0,0,0,1,0,0,8,0,8,8,0,7,0,1,0,1,0,1,0,0,0,1,0,1,0,0,2,0,6,0,7,8,4,8,0,1,0,0,0,0,0,0,0,0,0,0,0,0,0,0,2,3,3,0,0,6,1,3,1,0,4,3,2,8,5,5,7,5,4,0,0,7,3,5,0,0,0,0,0,0,0,0,7,0,3,0,0,0,0,0,0,0,0,0,0,1,0,0,0,0,4,2,2,2,9,90100000,Chinese traditional religion
Chinese traditional religion,387079,3,2,0,0,0,0,0,1,0,0,8,0,8,8,0,2,0,1,0,1,0,1,1,1,0,0,0,0,0,0,1,0,8,0,8,8,3,5,0,1,0,0,0,0,0,0,0,0,0,0,0,0,0,0,3,3,3,0,0,3,1,5,3,0,3,1,3,5,3,5,5,5,3,0,0,5,8,5,0,0,0,0,0,0,0,0,8,0,4,0,0,0,0,0,0,0,0,0,0,1,0,0,0,0,4,3,4,3,9,90100000,Chinese traditional religion
Chinese traditional religion,386997,3,1,0,0,0,0,0,1,0,0,1,0,9,5,0,7,0,1,0,1,1,1,0,0,0,1,0,0,0,0,2,0,6,0,7,5,2,8,0,0,0,0,0,0,0,0,0,0,0,0,0,0,0,0,3,3,3,0,0,2,1,3,1,0,1,1,1,9,8,3,5,6,2,0,0,9,4,7,0,0,0,0,0,0,0,0,7,0,3,0,0,0,0,0,0,0,0,0,0,0,0,0,0,0,4,3,3,2,9,90100000,Chinese traditional religion
Chinese traditional religion,386993,3,2,0,0,0,0,0,1,0,0,10,0,4,8,0,5,0,0,1,1,0,1,0,1,0,0,0,1,0,0,1,0,10,0,7,8,6,7,0,1,0,0,0,0,0,0,0,0,0,0,0,0,0,0,3,2,3,0,0,3,1,3,1,0,1,1,1,10,8,0,8,10,1,0,0,5,7,8,0,0,0,0,0,0,0,0,3,0,3,0,0,0,0,0,0,0,0,0,0,1,0,0,0,0,3,3,2,1,9,90100000,Chinese traditional religion
Chinese traditional religion,387428,3,3,0,0,0,0,0,1,0,0,1,0,7,5,0,5,0,1,0,1,1,0,0,1,0,0,0,1,0,0,1,0,7,0,8,5,4,5,0,1,0,0,0,0,0,0,0,0,0,0,0,0,0,0,3,3,3,0,0,1,1,5,3,0,1,3,1,10,5,6,7,10,1,0,0,7,8,8,0,0,0,0,0,0,0,0,7,0,3,0,0,0,0,0,0,0,0,0,0,1,0,0,0,0,4,2,2,4,9,90100000,Chinese traditional religion
Chinese traditional religion,387077,3,3,0,0,0,0,0,1,0,0,6,0,8,6,0,2,0,1,0,1,0,1,0,1,0,0,0,0,0,0,1,0,7,0,8,8,2,8,0,0,0,0,0,0,0,0,0,0,0,0,0,0,0,0,2,3,2,0,0,1,1,3,1,0,1,1,1,5,5,5,5,7,2,0,0,5,7,4,0,0,0,0,0,0,0,0,2,0,3,0,0,0,0,0,0,0,0,0,0,0,0,0,0,0,3,2,2,3,9,90100000,Chinese traditional religion
Chinese traditional religion,386982,1,1,0,0,0,0,0,1,0,0,10,0,8,7,0,3,0,1,1,1,0,1,1,0,0,0,0,0,0,0,2,0,5,0,9,8,1,8,0,1,0,0,0,0,0,0,0,0,0,0,0,0,0,0,3,3,3,0,0,7,1,8,1,0,2,1,1,1,1,1,7,7,1,0,0,7,4,5,0,0,0,0,0,0,0,0,2,0,3,0,0,0,0,0,0,0,0,0,0,1,0,0,0,0,3,3,1,3,9,90100000,Chinese traditional religion
Chinese traditional religion,386917,2,4,0,0,0,0,0,1,0,0,5,0,7,7,0,0,0,0,1,1,0,1,1,0,0,0,0,0,0,0,2,0,5,0,8,8,1,5,0,1,0,0,0,0,0,0,0,0,0,0,0,0,0,0,2,3,3,0,0,1,1,6,1,0,1,1,1,1,1,1,1,9,1,0,0,1,4,1,0,0,0,0,0,0,0,0,0,0,0,0,0,0,0,0,0,0,0,0,0,1,0,0,0,0,4,3,2,3,9,90100000,Chinese traditional religion
Chinese traditional religion,386988,2,2,0,0,0,0,0,0,0,0,6,0,1,2,0,0,0,1,0,1,0,0,1,1,0,1,0,0,0,0,2,0,0,0,7,6,0,0,0,0,0,0,0,0,0,0,0,0,0,0,0,0,0,0,0,3,4,0,0,0,1,0,0,0,1,0,1,0,0,0,0,7,0,0,0,0,0,1,0,0,0,0,0,0,0,0,0,0,0,0,1,0,0,0,0,0,0,0,0,0,0,0,0,1,0,0,0,0,9,90100000,Chinese traditional religion
Chinese traditional religion,387230,3,1,0,0,0,0,0,1,0,0,5,0,6,5,0,7,0,0,0,1,0,1,1,0,0,0,1,1,0,0,1,0,8,0,9,8,6,5,0,1,0,0,0,0,0,0,0,0,0,0,0,0,0,0,3,2,3,0,0,4,1,2,1,0,1,1,1,9,1,1,2,1,1,0,0,7,7,3,0,0,0,0,0,0,0,0,6,0,3,0,0,0,0,0,0,0,0,0,0,1,0,0,0,0,4,2,2,3,9,90100000,Chinese traditional religion
Chinese traditional religion,387598,3,2,0,0,0,0,0,1,0,0,7,0,9,4,0,4,0,1,0,1,0,1,0,1,0,1,0,0,0,0,1,0,7,0,5,9,1,10,0,1,0,0,0,0,0,0,0,0,0,0,0,0,0,0,2,3,3,0,0,6,1,3,1,0,1,2,5,5,3,6,7,10,5,0,0,8,4,5,0,0,0,0,0,0,0,0,5,0,3,0,1,0,0,0,0,0,0,0,0,1,0,0,0,0,3,3,1,2,9,90100000,Chinese traditional religion
Chinese traditional religion,386932,1,3,0,0,0,0,0,1,0,0,10,0,10,10,0,5,0,1,1,1,0,0,1,1,0,0,0,0,0,0,2,0,5,0,6,10,9,10,0,1,0,0,0,0,0,0,0,0,0,0,0,0,0,0,3,3,2,0,0,10,1,5,1,0,1,1,1,1,1,1,5,1,1,0,0,1,4,1,0,0,0,0,0,0,0,0,0,0,0,0,0,0,0,0,0,0,0,0,0,1,0,0,0,0,1,3,3,3,9,90100000,Chinese traditional religion
Chinese traditional religion,387317,3,1,0,0,0,0,0,1,0,0,7,0,10,10,0,3,0,1,1,1,1,1,0,0,0,0,0,0,0,0,1,0,8,0,8,7,3,8,0,1,0,0,0,0,0,0,0,0,0,0,0,0,0,0,2,3,3,0,0,1,1,8,1,0,1,1,1,2,2,2,8,6,6,0,0,6,7,4,0,0,0,0,0,0,0,0,7,0,3,0,0,0,0,0,0,0,0,0,0,1,0,0,0,0,3,2,2,2,9,90100000,Chinese traditional religion
Church of Sweden,358669,3,2,0,0,0,0,0,0,1,0,1,2,0,0,0,0,1,0,0,1,0,1,1,0,0,0,0,0,2,1,0,0,0,3,6,8,3,3,1,1,1,0,0,2,1,0,0,0,0,0,1,0,0,1,2,3,0,0,0,1,0,0,0,0,1,1,1,10,1,8,10,8,1,0,0,0,7,0,0,0,0,0,0,0,0,0,0,0,0,0,0,0,0,0,0,0,2,0,1,1,1,0,0,0,0,0,0,0,2,20222080,Church of Sweden
Church of Sweden,359287,3,3,0,0,0,0,0,0,1,0,3,2,0,0,0,0,1,0,0,1,1,1,0,0,0,1,0,0,1,3,1,0,0,3,9,8,7,5,0,0,0,0,0,2,1,0,0,0,0,1,0,0,1,1,2,4,0,0,0,3,0,0,0,0,7,4,2,8,2,9,6,6,4,0,0,0,7,0,0,0,0,0,0,0,0,0,0,0,0,0,0,0,0,0,0,0,2,0,0,0,0,0,0,0,0,0,0,0,2,20222080,Church of Sweden
Church of Sweden,359499,3,1,0,0,0,0,0,1,1,0,3,2,0,0,0,0,1,0,0,1,1,1,1,0,0,0,0,0,3,1,1,0,0,3,9,9,6,7,1,0,1,1,0,2,2,0,0,0,0,1,0,0,2,3,2,3,0,0,0,6,0,0,0,0,8,8,1,4,6,8,6,6,6,0,0,0,7,0,0,0,0,0,0,0,0,0,0,0,0,0,1,0,0,0,0,0,1,0,1,0,1,0,0,0,0,0,0,0,2,20222080,Church of Sweden
Church of Sweden,360221,4,4,0,0,0,0,0,0,0,0,1,2,0,0,0,0,0,1,0,0,1,1,0,0,0,1,0,0,0,0,2,2,0,2,9,8,0,0,0,0,0,0,0,1,1,0,0,0,0,1,1,0,0,0,3,4,0,0,0,3,0,0,0,0,0,3,1,2,0,8,7,5,2,0,0,0,8,0,0,0,0,0,0,0,0,0,0,0,0,1,0,0,5,1,4,2,0,0,0,0,0,0,0,0,0,0,0,0,2,20222080,Church of Sweden
Church of Sweden,361197,3,2,0,0,0,0,0,0,0,0,1,0,7,8,4,0,0,1,0,1,1,0,0,1,0,0,0,0,0,0,2,0,9,0,9,9,3,4,0,0,0,0,8,0,0,0,0,0,0,1,0,0,2,0,3,3,0,0,0,1,0,0,0,0,1,1,1,9,1,10,10,8,3,0,0,0,8,0,0,0,0,0,1,0,0,0,1,0,0,0,1,0,5,2,4,2,0,0,0,0,0,0,0,0,0,0,0,2,2,20222080,Church of Sweden
Church of Sweden,359572,4,2,0,0,0,0,0,1,0,0,2,2,0,0,0,0,1,0,0,1,1,1,1,0,0,0,0,0,2,1,1,0,0,3,9,7,2,5,0,0,1,0,0,2,1,0,0,0,0,1,0,0,2,3,2,0,0,0,0,8,0,0,0,0,1,2,1,6,6,1,3,1,1,0,0,0,8,0,0,0,0,0,0,0,0,0,0,0,0,0,1,0,0,0,0,0,2,0,0,0,1,0,0,0,0,0,0,0,2,20222080,Church of Sweden
Church of Sweden,360656,3,1,0,0,0,0,0,0,0,0,4,0,8,8,10,0,0,1,0,1,0,1,1,0,0,1,0,0,0,0,2,0,3,0,8,9,8,7,0,0,0,0,7,0,0,0,0,0,0,0,0,0,1,0,3,2,0,0,0,3,0,0,0,0,5,2,2,8,1,10,9,10,9,0,0,0,8,0,0,0,0,0,1,0,0,0,7,0,0,0,1,0,4,2,4,2,0,0,0,0,0,0,0,0,0,0,0,2,2,20222080,Church of Sweden
Church of Sweden,360495,4,2,0,0,0,0,0,0,0,0,2,2,0,0,0,0,0,1,0,1,1,1,0,0,0,1,0,0,0,0,1,2,0,2,7,8,0,0,0,0,0,0,0,1,1,0,0,0,0,1,1,0,0,0,3,4,0,0,0,3,0,0,0,0,0,1,1,10,0,8,9,3,1,0,0,0,8,0,0,0,0,0,1,0,0,0,0,0,0,1,0,0,5,2,4,2,0,0,0,0,0,0,0,0,0,0,0,0,2,20222080,Church of Sweden
Church of Sweden,361181,3,1,0,0,0,0,0,0,0,0,7,0,8,10,6,0,0,1,0,1,0,1,0,1,0,1,0,0,0,0,1,0,5,0,8,10,4,3,0,0,0,0,8,0,0,0,0,0,0,1,0,0,0,0,3,4,0,0,0,1,0,0,0,0,1,1,3,10,1,5,5,1,1,0,0,0,8,0,0,0,0,0,1,0,0,0,9,0,0,0,1,0,4,2,4,1,0,0,0,0,0,0,0,0,0,0,0,2,2,20222080,Church of Sweden
Church of Sweden,361224,1,4,0,0,0,0,0,0,0,0,10,0,6,6,8,0,0,0,1,1,0,1,0,1,0,1,0,0,0,0,2,0,6,0,8,9,2,6,0,0,0,0,2,0,0,0,0,0,0,1,0,0,1,0,4,4,0,0,0,1,0,0,0,0,1,1,1,3,1,10,10,1,1,0,0,0,2,0,0,0,0,0,1,0,0,0,7,2,0,0,2,0,4,2,4,2,0,0,0,0,0,0,0,0,0,0,0,2,2,20222080,Church of Sweden
Church of Sweden,359028,3,3,0,0,0,0,0,1,0,0,8,2,0,0,0,0,1,0,0,1,0,1,1,0,0,0,1,0,2,1,2,0,0,1,6,7,3,4,0,0,0,0,0,1,1,0,0,0,0,1,0,0,2,3,3,0,0,0,0,1,0,0,0,0,1,1,1,1,6,9,9,9,1,0,0,0,7,0,0,0,0,0,0,0,0,0,0,0,0,0,0,0,0,0,0,0,1,0,0,0,0,0,0,0,0,0,0,0,2,20222080,Church of Sweden
Church of Sweden,358686,1,1,0,0,0,0,0,1,1,0,8,2,0,0,0,0,0,1,0,1,0,1,0,0,1,1,0,0,4,3,1,0,0,1,7,6,6,4,1,1,1,1,0,1,1,0,0,0,0,1,0,0,2,3,3,4,0,0,0,4,0,0,0,0,5,3,1,10,3,6,7,5,6,0,0,0,1,0,1,0,0,0,0,0,0,0,0,0,0,0,2,0,0,0,0,0,1,0,1,1,1,0,0,0,0,0,0,0,2,20222080,Church of Sweden
Church of Sweden,358942,2,1,0,0,0,0,0,1,1,0,6,2,0,0,0,0,1,0,0,1,0,1,0,1,0,1,0,0,1,3,2,0,0,3,5,7,6,6,1,0,0,1,0,1,1,0,0,0,0,1,1,0,0,3,2,4,0,0,0,1,0,0,0,0,1,4,6,6,6,6,6,8,1,0,0,0,7,0,1,0,0,0,0,0,0,0,0,0,0,0,0,0,0,0,0,0,2,0,1,0,0,0,0,0,0,0,0,0,2,20222080,Church of Sweden
Church of Sweden,359117,4,2,0,0,0,0,0,0,0,0,2,2,0,0,0,0,1,0,0,1,0,1,0,0,0,1,0,0,1,3,1,0,0,3,7,6,6,3,0,0,0,0,0,1,2,0,0,0,0,1,0,1,2,3,3,4,0,0,0,3,0,0,0,0,5,6,3,9,0,8,10,9,2,0,0,0,8,0,0,0,0,0,0,0,0,0,0,0,0,0,1,0,0,0,0,0,1,0,0,0,0,0,0,0,0,0,0,0,2,20222080,Church of Sweden
Church of Sweden,360872,3,3,0,0,0,0,0,0,0,0,1,0,6,7,5,0,0,1,0,1,1,1,0,1,0,0,0,0,0,0,1,0,8,0,9,10,2,8,0,0,0,0,6,0,0,0,0,0,0,1,0,0,2,0,3,3,0,0,0,1,0,0,0,0,1,1,1,10,1,7,10,10,1,0,0,0,8,0,0,0,0,0,0,0,0,0,1,0,0,0,0,0,5,1,5,1,0,0,0,0,0,0,0,0,0,0,0,2,2,20222080,Church of Sweden
Church of Sweden,360253,2,1,0,0,0,0,0,0,0,0,8,2,0,0,0,0,0,1,0,0,0,1,1,0,0,1,0,0,0,0,2,1,0,1,10,7,0,0,1,0,1,1,0,2,1,0,0,0,0,0,0,0,2,0,4,4,0,0,0,2,0,0,0,0,0,1,1,10,0,7,10,1,7,0,0,0,4,0,0,0,0,0,1,0,0,0,0,0,0,1,0,0,3,4,3,4,0,0,1,0,1,0,0,0,0,0,0,0,2,20222080,Church of Sweden
Church of Sweden,360174,3,2,0,0,0,0,0,1,0,0,3,2,0,0,0,0,0,0,0,1,0,1,1,0,0,0,0,0,0,0,2,1,0,2,8,7,0,0,1,0,1,0,0,1,2,0,0,0,0,0,0,1,2,0,3,4,0,0,0,1,0,0,0,0,0,1,1,10,0,10,10,1,1,0,0,0,8,0,0,0,0,0,0,0,0,0,0,0,0,1,0,0,3,2,4,3,0,0,1,0,1,0,0,0,0,0,0,0,2,20222080,Church of Sweden
Church of Sweden,358716,4,1,0,0,0,0,0,0,1,0,2,2,0,0,0,0,1,1,0,1,1,1,0,0,0,0,0,0,3,1,2,0,0,3,2,5,8,6,0,0,0,0,0,2,0,0,0,0,0,1,0,0,0,3,4,4,0,0,0,1,0,0,0,0,1,2,1,10,4,8,8,8,8,0,0,0,8,0,0,0,0,0,0,0,0,0,0,0,0,0,0,0,0,0,0,0,0,0,0,0,0,0,0,0,0,0,0,0,2,20222080,Church of Sweden
Church of Sweden,359535,4,2,0,0,0,0,0,0,1,0,1,2,0,0,0,0,1,0,0,0,1,1,0,1,0,1,0,0,2,3,2,0,0,3,9,4,8,4,1,0,0,0,0,1,0,0,0,0,0,0,0,0,2,3,4,4,0,0,0,7,0,0,0,0,10,4,3,10,8,7,10,10,6,0,0,0,8,0,0,0,0,0,0,0,0,0,0,0,0,0,0,0,0,0,0,0,2,0,1,0,0,0,0,0,0,0,0,0,2,20222080,Church of Sweden
Church of Sweden,358952,4,1,0,0,0,0,0,1,1,0,5,2,0,0,0,0,1,1,0,1,0,1,0,0,0,1,0,0,0,0,0,0,0,3,10,10,5,10,0,0,0,0,0,2,1,0,0,0,0,0,0,0,1,2,0,4,0,0,0,6,0,0,0,0,6,6,1,10,6,10,10,10,10,0,0,0,8,0,0,0,0,0,0,0,0,0,0,0,0,0,0,0,0,0,0,0,2,0,0,0,0,0,0,0,0,0,0,0,2,20222080,Church of Sweden
Church of Sweden,359005,1,1,0,0,0,0,0,1,1,0,8,2,0,0,0,0,1,0,0,0,1,0,0,0,0,0,1,0,2,1,1,0,0,1,6,8,8,5,1,1,1,1,0,1,1,0,0,0,0,1,1,0,2,3,3,3,0,0,0,1,0,0,0,0,1,1,1,6,1,6,6,6,6,0,0,0,4,0,0,0,0,0,0,0,0,0,0,0,0,0,1,0,0,0,0,0,0,0,1,1,1,0,0,0,0,0,0,0,2,20222080,Church of Sweden
Church of Sweden,359104,1,1,0,0,0,0,0,1,1,0,9,2,0,0,0,0,1,1,0,1,0,1,0,0,0,1,0,0,3,1,1,0,0,1,9,9,6,8,1,1,1,1,0,1,1,0,0,0,0,1,0,0,2,3,0,4,0,0,0,2,0,0,0,0,3,3,5,9,4,9,8,8,9,0,0,0,7,0,1,0,0,0,0,0,0,0,0,0,0,0,1,0,0,0,0,0,1,0,1,1,1,0,0,0,0,0,0,0,2,20222080,Church of Sweden
Church of Sweden,360337,3,1,0,0,0,0,0,0,0,0,2,2,0,0,0,0,0,0,0,1,0,1,1,0,0,1,0,0,0,0,2,2,0,2,2,10,0,0,0,0,0,0,0,2,1,0,0,0,0,1,0,0,1,0,4,4,0,0,0,1,0,0,0,0,0,1,1,10,0,7,7,6,8,0,0,0,8,0,0,0,0,0,0,0,0,0,0,0,0,1,0,0,5,1,5,1,0,0,0,0,0,0,0,0,0,0,0,0,2,20222080,Church of Sweden
Church of Sweden,359114,2,2,0,0,0,0,0,1,0,0,4,2,0,0,0,0,1,0,0,0,0,1,1,0,0,1,0,0,1,3,2,0,0,3,7,8,7,8,0,0,1,1,0,1,1,0,0,0,0,1,0,0,2,3,3,3,0,0,0,1,0,0,0,0,1,1,1,1,6,8,8,6,6,0,0,0,8,0,0,0,0,0,0,0,0,0,0,0,0,0,0,0,0,0,0,0,1,0,0,0,1,0,0,0,0,0,0,0,2,20222080,Church of Sweden
Church of Sweden,359308,2,2,0,0,0,0,0,0,0,0,5,2,0,0,0,0,1,0,0,1,1,1,0,0,0,1,0,0,3,1,0,0,0,0,10,8,7,6,0,0,0,0,0,1,3,0,0,0,0,1,0,0,0,0,0,0,0,0,0,1,0,0,0,0,1,1,1,9,0,1,0,0,0,0,0,0,7,0,1,0,0,0,0,0,0,0,0,0,0,0,0,0,0,0,0,0,0,0,0,0,0,0,0,0,0,0,0,0,2,20222080,Church of Sweden
Church of Sweden,360625,3,1,0,0,0,0,0,0,0,0,5,2,0,0,0,0,0,1,0,1,0,1,0,0,0,1,0,0,0,0,1,1,0,2,3,7,0,0,1,0,0,1,0,1,1,0,0,0,0,0,1,0,0,0,2,3,0,0,0,3,0,0,0,0,0,7,1,4,0,8,8,5,1,0,0,0,6,0,0,0,0,0,1,0,0,0,0,0,0,1,0,0,3,4,4,3,0,0,1,0,0,0,0,0,0,0,0,0,2,20222080,Church of Sweden
Church of Sweden,359529,1,1,0,0,0,0,0,1,1,0,10,2,0,0,0,0,0,1,0,1,1,1,0,1,0,0,0,0,3,1,2,0,0,1,9,7,5,8,1,1,1,1,0,2,2,0,0,0,0,1,0,0,2,2,4,0,0,0,0,1,0,0,0,0,1,1,1,5,0,6,6,1,6,0,0,0,3,0,1,0,0,0,0,0,0,0,0,0,0,0,1,0,0,0,0,0,0,0,1,1,1,0,0,0,0,0,0,0,2,20222080,Church of Sweden
Church of Sweden,361488,3,3,0,0,0,0,0,0,0,0,5,0,8,8,10,0,0,1,0,1,1,1,0,1,0,0,0,0,0,0,1,0,8,0,8,8,5,5,0,0,0,0,5,0,0,0,0,0,0,1,0,1,1,0,3,3,0,0,0,1,0,0,0,0,1,10,5,5,1,5,10,5,1,0,0,0,8,0,0,0,0,0,0,0,0,0,5,0,0,0,1,0,4,4,4,2,0,0,0,0,0,0,0,0,0,0,0,2,2,20222080,Church of Sweden
Church of Sweden,361178,3,2,0,0,0,0,0,0,0,0,9,0,9,10,6,0,0,1,0,1,1,1,0,1,0,0,0,0,0,0,1,0,5,0,3,7,7,5,0,0,0,0,6,0,0,0,0,0,0,1,0,0,0,0,3,3,0,0,0,1,0,0,0,0,4,4,2,5,8,8,8,9,9,0,0,0,7,0,0,0,0,0,1,0,0,0,1,0,0,0,1,0,5,1,3,3,0,0,0,0,0,0,0,0,0,0,0,0,2,20222080,Church of Sweden
Church of Sweden,359410,3,1,0,0,0,0,0,1,1,0,4,2,0,0,0,0,0,1,0,1,0,1,0,0,0,0,0,0,3,0,1,0,0,3,7,10,2,9,0,0,0,1,0,1,1,0,0,0,0,1,0,0,0,3,1,4,0,0,0,1,0,0,0,0,4,1,1,6,8,7,9,4,1,0,0,0,4,0,1,0,0,0,0,0,0,0,0,0,0,0,0,0,0,0,0,0,1,0,0,0,0,0,0,0,0,0,0,0,2,20222080,Church of Sweden
Church of Sweden,358736,3,2,0,0,0,0,0,1,1,0,2,2,0,0,0,0,1,1,0,1,1,1,0,0,0,0,0,0,1,3,1,0,0,1,8,8,4,6,0,0,1,1,0,2,1,0,0,0,0,0,0,0,1,3,3,4,0,0,0,2,0,0,0,0,8,3,4,1,10,8,8,4,3,0,0,0,7,0,0,0,0,0,0,0,0,0,0,0,0,0,0,0,0,0,0,0,1,0,0,0,1,0,0,0,0,0,0,0,2,20222080,Church of Sweden
Church of Sweden,358834,3,2,0,0,0,0,0,0,0,0,1,2,0,0,0,0,0,1,0,0,0,1,0,0,0,0,1,0,2,3,2,0,0,3,10,10,1,5,0,0,0,0,0,1,2,0,0,0,0,1,0,0,1,3,3,4,0,0,0,3,0,0,0,0,1,1,1,0,1,6,6,1,3,0,0,0,7,0,0,0,0,0,0,0,0,0,0,0,0,0,0,0,0,0,0,0,1,0,0,0,0,0,0,0,0,0,0,0,2,20222080,Church of Sweden
Church of Sweden,360891,3,3,0,0,0,0,0,0,0,0,1,0,5,5,3,0,0,1,0,1,1,1,0,0,0,1,0,0,0,0,1,0,8,0,8,8,6,10,0,0,0,0,6,0,0,0,0,0,0,0,0,0,1,0,3,3,0,0,0,1,0,0,0,0,1,1,1,10,3,10,10,5,9,0,0,0,8,0,0,0,0,0,0,0,0,0,3,0,0,0,0,0,4,2,4,2,0,0,0,0,0,0,0,0,0,0,0,2,2,20222080,Church of Sweden
Church of Sweden,360634,4,3,0,0,0,0,0,0,0,0,1,0,9,9,6,0,0,1,0,1,1,1,0,0,0,1,0,0,0,0,1,0,8,0,8,9,1,10,0,0,0,0,10,0,0,0,0,0,0,0,0,1,1,0,4,4,0,0,0,1,0,0,0,0,1,1,2,10,2,10,9,10,5,0,0,0,7,0,0,0,0,0,0,0,0,0,1,0,0,0,1,0,1,1,5,3,0,0,0,0,0,0,0,0,0,0,0,2,2,20222080,Church of Sweden
Church of Sweden,360944,3,4,0,0,0,0,0,0,0,0,3,0,3,4,8,0,0,1,1,1,0,1,1,0,0,0,0,0,0,0,2,0,3,0,4,10,2,7,0,0,0,0,10,0,0,0,0,0,0,1,0,0,1,0,4,3,0,0,0,1,0,0,0,0,1,1,1,4,1,4,7,8,6,0,0,0,8,0,0,0,0,0,0,0,0,0,5,0,0,0,1,0,5,1,5,5,0,0,0,0,0,0,0,0,0,0,0,2,2,20222080,Church of Sweden
Church of Sweden,361465,2,1,0,0,0,0,0,0,0,0,9,0,9,6,6,0,0,0,1,1,0,0,1,1,0,0,0,0,0,0,1,0,8,0,8,8,3,8,0,0,0,0,8,0,0,0,0,0,0,1,0,0,0,0,3,3,0,0,0,1,0,0,0,0,1,5,3,9,5,5,8,5,5,0,0,0,8,0,0,0,0,0,1,0,0,0,2,0,0,0,1,0,4,2,3,3,0,0,0,0,0,0,0,0,0,0,0,2,2,20222080,Church of Sweden
Church of Sweden,361062,4,2,0,0,0,0,0,0,0,0,2,0,8,9,2,0,0,1,0,1,0,1,0,0,0,1,1,0,0,0,1,0,7,0,8,7,7,0,0,0,0,0,9,0,0,0,0,0,0,0,0,0,1,0,4,4,0,0,0,1,0,0,0,0,1,1,3,10,1,10,10,6,5,0,0,0,8,0,0,0,0,0,1,0,0,0,1,0,0,0,1,0,5,1,3,2,0,0,0,0,0,0,0,0,0,0,0,2,2,20222080,Church of Sweden
Church of Sweden,361612,4,2,0,0,0,0,0,0,0,0,2,0,4,8,7,0,0,1,0,1,0,1,1,0,0,0,0,0,0,0,1,0,7,0,8,8,6,7,0,0,0,0,8,0,0,0,0,0,0,0,0,0,1,0,4,4,0,0,0,2,0,0,0,0,2,1,3,8,2,9,7,5,3,0,0,0,8,0,0,0,0,0,0,0,0,0,4,0,0,0,1,0,5,1,5,1,0,0,0,0,0,0,0,0,0,0,0,3,2,20222080,Church of Sweden
Church of Sweden,360014,3,2,0,0,0,0,0,0,0,0,3,2,0,0,0,0,0,1,0,1,0,1,0,0,0,0,0,0,0,0,1,2,0,2,9,8,0,0,0,0,0,0,0,2,1,0,0,0,0,0,0,0,2,0,4,4,0,0,0,1,0,0,0,0,0,1,1,10,0,9,9,6,4,0,0,0,8,0,0,0,0,0,0,0,0,0,0,0,0,1,0,0,1,5,1,1,0,0,0,0,0,0,0,0,0,0,0,0,2,20222080,Church of Sweden
Church of Sweden,361125,3,2,0,0,0,0,0,0,0,0,6,0,7,8,6,0,0,1,0,1,0,1,1,1,0,0,0,0,0,0,1,0,8,0,8,8,5,8,0,0,0,0,7,0,0,0,0,0,0,1,0,0,1,0,3,4,0,0,0,1,0,0,0,0,1,3,3,8,2,5,8,8,6,0,0,0,6,0,0,0,0,0,0,0,0,0,6,3,0,0,0,0,4,2,4,2,0,0,0,0,0,0,0,0,0,0,0,2,2,20222080,Church of Sweden
Church of Sweden,361414,2,1,0,0,0,0,0,0,0,0,7,0,3,5,9,0,0,1,0,1,1,1,0,1,0,0,0,0,0,0,1,0,8,0,7,8,8,8,0,0,0,0,8,0,0,0,0,0,0,0,0,0,1,0,3,4,0,0,0,3,0,0,0,0,5,3,1,10,1,8,8,5,5,0,0,0,6,0,0,0,0,0,1,0,0,0,3,0,0,0,1,0,4,3,4,3,0,0,0,0,0,0,0,0,0,0,0,1,2,20222080,Church of Sweden
Church of Sweden,359362,3,1,0,0,0,0,0,1,0,0,5,2,0,0,0,0,1,0,0,1,0,1,1,1,0,0,0,0,3,1,2,0,0,3,8,4,7,3,0,0,1,0,0,1,1,0,0,0,0,1,0,0,2,3,3,2,0,0,0,0,0,0,0,0,1,1,1,10,10,5,10,0,0,0,0,0,4,0,1,0,0,0,0,0,0,0,0,0,0,0,1,0,0,0,0,0,2,0,0,0,1,0,0,0,0,0,0,0,2,20222080,Church of Sweden
Church of Sweden,359419,2,1,0,0,0,0,0,1,1,0,3,2,0,0,0,0,1,0,0,0,1,1,0,0,0,0,0,0,3,2,1,0,0,3,9,8,8,2,0,0,1,0,0,2,2,0,0,0,0,1,0,0,2,3,4,3,0,0,0,1,0,0,0,0,1,1,1,4,1,8,8,8,8,0,0,0,7,0,1,0,0,0,0,0,0,0,0,0,0,0,1,0,0,0,0,0,1,0,0,0,1,0,0,0,0,0,0,0,2,20222080,Church of Sweden
Church of Sweden,361146,2,1,0,0,0,0,0,0,0,0,1,0,1,3,10,0,0,1,0,1,1,0,0,1,0,1,0,0,0,0,0,0,8,0,7,10,1,5,0,0,0,0,10,0,0,0,0,0,0,0,0,0,1,0,4,4,0,0,0,1,0,0,0,0,2,1,1,10,5,10,5,10,1,0,0,0,6,0,0,0,0,0,1,0,0,0,5,2,0,0,0,0,4,2,4,3,0,0,0,0,0,0,0,0,0,0,0,1,2,20222080,Church of Sweden
Church of Sweden,360758,1,4,0,0,0,0,0,0,0,0,10,0,5,5,5,0,0,1,0,1,0,1,1,0,1,0,0,0,0,0,2,0,1,0,10,10,1,10,0,0,0,0,10,0,0,0,0,0,0,1,0,0,0,0,2,4,0,0,0,1,0,0,0,0,5,1,1,10,1,10,10,5,10,0,0,0,2,0,0,0,0,0,0,0,0,0,1,0,0,0,2,0,4,3,0,4,0,0,0,0,0,0,0,0,0,0,0,2,2,20222080,Church of Sweden
Church of Sweden,360817,3,1,0,0,0,0,0,0,0,0,7,0,7,9,9,0,0,1,0,1,1,1,0,1,0,0,0,0,0,0,1,0,5,0,8,8,5,6,0,0,0,0,7,0,0,0,0,0,0,1,0,0,1,0,3,3,0,0,0,1,0,0,0,0,10,6,6,10,3,10,10,10,10,0,0,0,4,0,0,0,0,0,1,0,0,0,9,0,0,0,1,0,4,4,4,4,0,0,0,0,0,0,0,0,0,0,0,2,2,20222080,Church of Sweden
Church of Sweden,361147,2,2,0,0,0,0,0,0,0,0,5,0,10,10,8,0,0,1,0,1,1,1,0,0,0,1,0,0,0,0,2,0,8,0,10,10,2,0,0,0,0,0,8,0,0,0,0,0,0,1,0,0,0,0,4,4,0,0,0,1,0,0,0,0,1,1,1,10,1,10,10,10,1,0,0,0,7,0,0,0,0,0,1,0,0,0,3,0,0,0,1,0,4,5,4,1,0,0,0,0,0,0,0,0,0,0,0,2,2,20222080,Church of Sweden
Church of Sweden,359785,4,3,0,0,0,0,0,0,0,0,1,0,0,0,0,0,0,0,0,0,0,0,0,0,0,0,0,0,0,0,1,2,0,2,8,9,0,0,0,0,0,0,0,1,2,0,0,0,0,0,0,0,0,0,4,4,0,0,0,3,0,0,0,0,0,2,4,10,0,10,10,4,0,0,0,0,8,0,0,0,0,0,0,0,0,0,0,0,0,1,0,0,5,1,3,2,0,0,0,0,0,0,0,0,0,0,0,0,2,20222080,Church of Sweden
Church of Sweden,361215,4,2,0,0,0,0,0,0,0,0,1,0,5,10,10,0,0,1,0,1,1,1,1,0,0,0,0,0,0,0,2,0,9,0,10,9,2,5,0,0,0,0,9,0,0,0,0,0,0,0,0,0,1,0,4,4,0,0,0,9,0,0,0,0,5,9,8,10,1,9,9,8,1,0,0,0,8,0,0,0,0,0,0,0,0,0,2,0,0,0,1,0,5,1,3,2,0,0,0,0,0,0,0,0,0,0,0,2,2,20222080,Church of Sweden
Church of Sweden,360745,3,2,0,0,0,0,0,0,0,0,1,0,8,10,3,0,0,1,0,1,1,1,0,1,0,0,0,0,0,0,1,0,8,0,9,10,4,9,0,0,0,0,9,0,0,0,0,0,0,0,0,0,0,0,4,4,0,0,0,1,0,0,0,0,1,1,3,10,1,10,10,10,1,0,0,0,6,0,0,0,0,0,0,0,0,0,1,0,0,0,1,0,5,1,5,3,0,0,0,0,0,0,0,0,0,0,0,2,2,20222080,Church of Sweden
Confucianists,228334,3,1,0,0,0,0,0,0,0,0,5,0,10,10,0,1,0,1,1,1,0,0,1,1,0,0,0,0,0,0,2,0,7,0,7,8,2,9,0,0,0,0,0,0,0,0,0,0,0,0,0,0,0,0,3,4,4,0,0,1,1,1,1,0,1,1,1,1,0,5,5,0,1,0,0,5,4,8,0,0,0,0,0,0,0,0,10,0,3,0,0,0,0,0,0,0,0,0,0,0,0,0,0,1,4,4,0,4,9,90102000,Confucianists
Confucianists,167071,1,0,0,0,0,0,0,1,0,0,10,0,10,10,0,1,1,1,1,1,0,0,0,0,1,0,0,0,0,0,2,0,0,0,10,10,1,0,1,1,1,0,0,0,0,0,0,0,0,0,0,0,0,0,1,1,3,1,1,1,1,1,1,1,1,1,1,1,1,1,1,1,1,0,0,1,2,1,0,0,0,0,0,0,0,0,10,0,1,1,2,0,0,0,0,0,0,0,1,1,1,0,0,0,2,0,0,2,9,90102000,Confucianists
Confucianists,225094,2,0,0,0,0,0,0,0,0,0,0,1,0,0,0,0,1,0,1,1,0,0,1,1,0,0,0,0,3,1,1,0,0,0,0,0,6,8,0,0,0,0,0,1,2,0,0,0,0,1,1,0,0,3,1,3,0,0,0,0,0,0,0,0,10,10,1,1,1,1,1,5,1,0,0,0,3,0,0,0,0,0,0,0,0,0,0,0,0,0,0,0,0,0,0,0,1,0,0,0,0,0,0,0,0,0,0,0,9,90102000,Confucianists
Confucianists,228433,3,2,0,0,0,0,0,0,0,0,5,0,10,10,0,5,0,0,1,1,0,1,1,0,0,0,0,1,0,0,2,0,5,0,8,7,10,5,0,0,0,0,0,0,0,0,0,0,0,0,0,0,0,0,4,4,3,0,0,3,1,1,1,0,2,1,1,1,0,5,5,0,1,0,0,8,7,7,0,0,0,0,0,0,0,0,8,2,3,0,0,0,0,0,0,0,0,0,0,0,0,0,0,0,0,3,0,3,9,90102000,Confucianists
Confucianists,224922,3,0,0,0,0,0,0,0,0,0,0,2,0,0,0,0,1,1,1,1,0,0,1,0,0,0,0,0,1,2,1,0,0,0,0,0,1,9,0,0,0,0,0,1,2,0,0,0,0,1,1,0,0,2,2,3,0,0,0,0,0,0,0,0,1,1,1,1,1,1,1,1,1,0,0,0,8,0,0,0,0,0,0,0,0,0,0,0,0,0,0,0,0,0,0,0,1,0,0,0,0,0,0,0,0,0,0,0,9,90102000,Confucianists
Confucianists,225612,0,0,0,0,0,0,0,0,0,0,0,2,0,0,0,0,1,1,1,1,0,0,1,0,0,0,0,0,1,3,2,0,0,0,0,0,7,6,0,0,0,0,0,1,1,0,0,0,0,1,1,0,0,3,3,2,0,0,0,0,0,0,0,0,1,1,1,1,1,3,3,1,2,0,0,0,7,0,0,0,0,0,0,0,0,0,0,0,0,0,0,0,0,0,0,0,2,0,0,0,0,0,0,0,0,0,0,0,9,90102000,Confucianists
Confucianists,224517,3,0,0,0,0,0,0,0,0,0,0,2,0,0,0,0,1,1,1,1,0,0,1,0,0,0,0,0,3,1,1,0,0,0,0,0,1,4,0,0,0,0,0,1,1,0,0,0,0,1,1,0,0,3,2,1,0,0,0,0,0,0,0,0,1,1,1,1,1,1,1,1,1,0,0,0,4,0,0,0,0,0,0,0,0,0,0,0,0,0,2,0,0,0,0,0,1,0,0,0,0,0,0,0,0,0,0,0,9,90102000,Confucianists
Confucianists,271182,1,2,0,0,0,0,0,1,0,0,10,0,10,10,0,8,0,1,0,0,0,1,1,1,1,0,0,0,0,0,2,0,6,0,5,8,1,8,0,1,0,0,0,0,0,0,0,0,0,0,0,0,0,0,3,1,3,0,0,4,4,1,1,0,4,2,2,2,1,1,1,0,1,0,0,1,2,3,0,0,0,0,0,0,0,0,8,3,2,0,0,0,0,0,0,0,0,0,0,1,0,0,0,0,2,2,3,3,9,90102000,Confucianists
Confucianists,167079,1,0,0,0,0,0,0,1,0,0,10,0,10,10,0,1,1,1,0,0,0,0,0,1,1,0,1,0,0,0,2,0,0,0,10,7,1,0,1,1,1,0,0,0,0,0,0,0,0,0,0,0,0,0,1,2,4,5,1,1,1,1,1,1,1,1,1,1,1,1,1,1,1,0,0,1,1,1,0,0,0,0,0,0,0,0,1,0,3,1,1,0,0,0,0,0,0,0,1,1,1,0,0,0,1,0,0,2,9,90102000,Confucianists
Confucianists,224623,4,0,0,0,0,0,0,0,0,0,0,2,0,0,0,0,1,0,1,1,0,1,1,0,0,0,0,0,1,3,2,0,0,0,0,0,1,10,0,0,0,0,0,1,1,0,0,0,0,1,1,0,0,3,1,1,0,0,0,0,0,0,0,0,1,1,1,1,1,1,1,1,1,0,0,0,1,0,0,0,0,0,0,0,0,0,0,0,0,0,0,0,0,0,0,0,1,0,0,0,0,0,0,0,0,0,0,0,9,90102000,Confucianists
Confucianists,270828,2,2,0,0,0,0,0,1,0,0,6,0,8,8,0,2,0,1,1,1,0,0,1,0,0,0,0,1,0,0,2,0,5,0,6,6,6,2,0,1,0,0,0,0,0,0,0,0,0,0,0,0,0,0,2,3,3,0,0,2,1,3,2,0,1,2,1,5,5,5,5,0,5,0,0,5,2,3,0,0,0,0,0,0,0,0,2,3,2,0,0,0,0,0,0,0,0,0,0,1,0,0,0,0,2,2,2,3,9,90102000,Confucianists
Confucianists,228690,3,4,0,0,0,0,0,0,0,0,6,0,4,6,0,4,0,0,1,0,0,0,0,0,0,0,0,0,0,0,2,0,5,0,7,7,6,5,0,1,0,0,0,0,0,0,0,0,0,0,0,0,0,0,3,0,2,0,0,4,6,7,6,0,6,8,7,6,0,5,6,0,7,0,0,7,7,3,0,0,0,0,0,0,0,0,5,2,2,0,0,0,0,0,0,0,0,0,0,1,0,0,0,1,3,4,2,3,9,90102000,Confucianists
Confucianists,271144,2,1,0,0,0,0,0,1,0,0,8,0,7,8,0,2,0,0,1,1,0,1,0,1,0,0,1,0,0,0,2,0,6,0,8,6,6,8,0,1,0,0,0,0,0,0,0,0,0,0,0,0,0,0,3,4,4,0,0,1,1,1,1,0,1,1,1,1,5,1,5,0,1,0,0,10,7,2,0,0,0,0,0,0,0,0,2,3,3,0,0,0,0,0,0,0,0,0,0,1,0,0,0,0,2,2,2,3,9,90102000,Confucianists
Confucianists,228853,4,2,0,0,0,0,0,0,0,0,3,0,6,6,0,3,0,0,1,1,0,0,1,0,0,1,0,1,0,0,2,0,8,0,7,6,3,7,0,0,0,0,0,0,0,0,0,0,0,0,0,0,0,0,2,4,2,0,0,1,2,1,1,0,3,2,2,4,0,5,7,0,1,0,0,8,4,7,0,0,0,0,0,0,0,0,3,2,3,0,1,0,0,0,0,0,0,0,0,0,0,0,0,0,3,3,2,2,9,90102000,Confucianists
Confucianists,271150,1,1,0,0,0,0,0,1,0,0,10,0,6,9,0,2,0,1,0,1,0,1,0,1,0,0,1,0,0,0,2,0,7,0,8,6,6,8,0,1,0,0,0,0,0,0,0,0,0,0,0,0,0,0,3,3,4,0,0,1,1,1,1,0,1,1,1,1,1,1,3,0,1,0,0,1,4,1,0,0,0,0,0,0,0,0,4,3,2,0,0,0,0,0,0,0,0,0,0,1,0,0,0,0,2,2,2,3,9,90102000,Confucianists
Confucianists,270784,1,2,0,0,0,0,0,1,0,0,7,0,9,9,0,2,0,1,0,1,0,0,0,1,0,0,1,0,0,0,2,0,1,0,7,7,4,6,0,1,0,0,0,0,0,0,0,0,0,0,0,0,0,0,3,3,3,0,0,1,1,2,2,0,1,1,1,3,4,2,6,0,2,0,0,4,8,1,0,0,0,0,0,0,0,0,7,3,3,0,0,0,0,0,0,0,0,0,0,1,0,0,0,0,3,2,3,3,9,90102000,Confucianists
Confucianists,271368,1,1,0,0,0,0,0,1,0,0,6,0,5,6,0,6,0,0,0,1,0,1,0,0,1,1,1,0,0,0,2,0,6,0,7,8,3,8,0,1,0,0,0,0,0,0,0,0,0,0,0,0,0,0,4,3,4,0,0,7,7,8,9,0,6,7,7,7,9,8,8,0,9,0,0,9,4,2,0,0,0,0,0,0,0,0,6,3,1,0,0,0,0,0,0,0,0,0,0,1,0,0,0,0,3,1,1,4,9,90102000,Confucianists
Confucianists,271025,1,1,0,0,0,0,0,1,0,0,9,0,10,10,0,4,0,0,0,0,0,0,0,1,1,1,1,1,0,0,2,0,4,0,5,5,5,5,0,1,0,0,0,0,0,0,0,0,0,0,0,0,0,0,3,2,3,0,0,1,1,3,1,0,1,1,1,1,2,1,2,0,1,0,0,1,1,1,0,0,0,0,0,0,0,0,3,3,2,0,0,0,0,0,0,0,0,0,0,1,0,0,0,1,2,2,2,3,9,90102000,Confucianists
Confucianists,270853,1,1,0,0,0,0,0,1,0,0,10,0,10,10,0,8,0,1,1,1,1,1,0,0,0,0,0,0,0,0,2,0,10,0,10,10,8,6,0,0,0,0,0,0,0,0,0,0,0,0,0,0,0,0,3,3,1,0,0,8,4,1,1,0,2,6,3,5,10,5,5,0,1,0,0,10,2,2,0,0,0,0,0,0,0,0,5,3,4,0,0,0,0,0,0,0,0,0,0,0,0,0,0,1,4,3,2,4,9,90102000,Confucianists
Confucianists,270779,1,1,0,0,0,0,0,1,0,0,9,0,8,3,0,7,0,0,0,1,0,1,0,1,1,0,1,0,0,0,1,0,5,0,9,6,7,1,0,1,0,0,0,0,0,0,0,0,0,0,0,0,0,0,3,4,4,0,0,4,4,2,2,0,2,2,2,3,4,5,7,0,2,0,0,4,1,1,0,0,0,0,0,0,0,0,3,3,3,0,2,0,0,0,0,0,0,0,0,1,0,0,0,0,4,1,1,2,9,90102000,Confucianists
Confucianists,224471,3,0,0,0,0,0,0,0,0,0,0,2,0,0,0,0,1,1,0,1,0,1,0,1,0,0,0,0,3,1,2,0,0,0,0,0,3,8,0,0,0,0,0,1,1,0,0,0,0,1,1,1,0,2,2,3,0,0,0,0,0,0,0,0,1,1,1,1,1,6,7,10,8,0,0,0,7,0,0,0,0,0,0,0,0,0,0,0,0,0,0,0,0,0,0,0,1,0,0,0,0,0,0,0,0,0,0,0,9,90102000,Confucianists
Confucianists,271040,2,2,0,0,0,0,0,1,0,0,5,0,10,10,0,1,0,1,1,1,1,1,0,0,0,0,0,0,0,0,2,0,3,0,5,9,1,10,0,1,0,0,0,0,0,0,0,0,0,0,0,0,0,0,1,3,3,0,0,1,1,5,1,0,1,1,1,5,1,1,5,0,1,0,0,5,4,4,0,0,0,0,0,0,0,0,10,3,3,0,0,0,0,0,0,0,0,0,0,1,0,0,0,0,3,2,1,4,9,90102000,Confucianists
Confucianists,168652,1,0,0,0,0,0,0,1,0,0,10,0,10,10,0,5,1,0,0,0,0,1,0,0,1,0,0,0,0,0,2,0,0,0,9,8,1,0,1,1,1,0,0,0,0,0,0,0,0,0,0,0,0,0,4,3,3,2,1,1,1,7,1,1,1,1,1,8,1,1,6,5,1,0,0,1,2,3,0,0,0,0,0,0,0,0,6,0,2,1,1,0,0,0,0,0,0,0,1,1,1,0,0,0,4,0,0,2,9,90102000,Confucianists
Confucianists,270807,1,1,0,0,0,0,0,1,0,0,8,0,9,9,0,2,0,0,1,1,0,1,0,0,1,1,0,0,0,0,2,0,7,0,6,5,8,2,0,1,0,0,0,0,0,0,0,0,0,0,0,0,0,0,3,3,3,0,0,2,2,3,1,0,2,2,2,4,4,4,4,0,4,0,0,4,1,3,0,0,0,0,0,0,0,0,2,3,4,0,0,0,0,0,0,0,0,0,0,1,0,0,0,0,4,2,2,2,9,90102000,Confucianists
Confucianists,228796,3,3,0,0,0,0,0,0,0,0,5,0,5,5,0,5,0,0,0,1,0,1,1,0,0,0,1,1,0,0,2,0,5,0,3,5,3,6,0,0,0,0,0,0,0,0,0,0,0,0,0,0,0,0,2,2,4,0,0,3,0,3,2,0,2,1,1,3,0,2,2,0,4,0,0,4,7,7,0,0,0,0,0,0,0,0,5,2,4,0,0,0,0,0,0,0,0,0,0,0,0,0,0,0,0,4,0,3,9,90102000,Confucianists
Confucianists,271026,1,1,0,0,0,0,0,1,0,0,10,0,10,9,0,4,0,0,0,0,0,0,0,1,1,1,1,1,0,0,2,0,6,0,7,6,4,5,0,1,0,0,0,0,0,0,0,0,0,0,0,0,0,0,2,3,3,0,0,3,1,3,4,0,4,1,1,1,1,4,3,0,1,0,0,1,1,1,0,0,0,0,0,0,0,0,5,3,2,0,0,0,0,0,0,0,0,0,0,1,0,0,0,1,2,2,2,2,9,90102000,Confucianists
Confucianists,270781,1,2,0,0,0,0,0,1,0,0,7,0,4,4,0,3,0,1,0,1,0,0,0,1,0,0,1,0,0,0,2,0,1,0,7,7,4,6,0,1,0,0,0,0,0,0,0,0,0,0,0,0,0,0,3,3,3,0,0,3,5,4,5,0,4,3,5,3,3,4,2,0,3,0,0,4,8,1,0,0,0,0,0,0,0,0,5,3,3,0,0,0,0,0,0,0,0,0,0,1,0,0,0,0,3,2,3,3,9,90102000,Confucianists
Confucianists,270852,1,2,0,0,0,0,0,1,0,0,10,0,8,7,0,5,0,1,1,1,1,1,0,0,0,0,0,0,0,0,2,0,5,0,7,7,4,3,0,1,0,0,0,0,0,0,0,0,0,0,0,0,0,0,3,2,3,0,0,2,2,2,2,0,3,1,1,1,1,1,2,0,1,0,0,3,3,2,0,0,0,0,0,0,0,0,5,3,3,0,0,0,0,0,0,0,0,0,0,1,0,0,0,1,2,3,2,3,9,90102000,Confucianists
Confucianists,224852,3,0,0,0,0,0,0,0,0,0,0,2,0,0,0,0,1,0,1,0,0,0,1,1,0,1,0,0,1,3,1,0,0,0,0,0,1,3,0,0,0,0,0,2,1,0,0,0,0,1,0,0,0,3,1,2,0,0,0,0,0,0,0,0,1,1,1,1,1,1,1,8,1,0,0,0,6,0,0,0,0,0,0,0,0,0,0,0,0,0,1,0,0,0,0,0,1,0,0,0,0,0,0,0,0,0,0,0,9,90102000,Confucianists
Confucianists,270778,1,2,0,0,0,0,0,1,0,0,3,0,7,7,0,2,0,1,1,1,0,1,0,0,1,0,0,0,0,0,1,0,6,0,8,7,8,1,0,0,0,0,0,0,0,0,0,0,0,0,0,0,0,0,1,1,3,0,0,4,1,2,1,0,4,5,1,7,7,2,6,0,4,0,0,3,7,3,0,0,0,0,0,0,0,0,2,3,0,0,0,0,0,0,0,0,0,0,0,0,0,0,0,0,4,2,2,2,9,90102000,Confucianists
Confucianists,270918,1,2,0,0,0,0,0,1,0,0,9,0,6,7,0,5,0,1,0,1,1,1,1,0,0,0,0,0,0,0,2,0,3,0,4,4,5,5,0,1,0,0,0,0,0,0,0,0,0,0,0,0,0,0,2,2,2,0,0,10,8,1,1,0,10,9,7,1,1,1,1,0,1,0,0,1,1,1,0,0,0,0,0,0,0,0,3,3,3,0,0,0,0,0,0,0,0,0,0,1,0,0,0,1,2,3,3,3,9,90102000,Confucianists
Confucianists,271488,2,2,0,0,0,0,0,1,0,0,5,0,8,7,0,4,0,1,1,0,1,0,0,0,0,1,1,0,0,0,2,0,3,0,6,5,6,4,0,1,0,0,0,0,0,0,0,0,0,0,0,0,0,0,3,4,1,0,0,5,5,5,5,0,5,5,5,5,5,5,5,0,5,0,0,5,2,2,0,0,0,0,0,0,0,0,5,1,2,0,2,0,0,0,0,0,0,0,0,1,0,0,0,1,1,3,2,1,9,90102000,Confucianists
Confucianists,168839,1,0,0,0,0,0,0,1,0,0,10,0,4,2,0,3,1,1,0,1,0,1,0,0,1,0,0,0,0,0,2,0,0,0,9,10,8,0,1,1,1,0,0,0,0,0,0,0,0,0,0,0,0,0,3,3,3,4,2,5,1,1,1,1,3,1,1,1,1,1,5,1,1,0,0,1,2,2,0,0,0,0,0,0,0,0,2,0,3,0,0,0,0,0,0,0,0,0,1,1,1,0,0,0,2,0,0,3,9,90102000,Confucianists
Confucianists,270835,2,2,0,0,0,0,0,1,0,0,4,0,6,6,0,3,0,1,1,1,0,0,0,1,0,0,0,1,0,0,1,0,5,0,6,5,2,8,0,1,0,0,0,0,0,0,0,0,0,0,0,0,0,0,4,3,4,0,0,1,1,5,2,0,1,1,1,1,6,6,5,0,6,0,0,2,0,0,0,0,0,0,0,0,0,0,3,3,1,0,0,0,0,0,0,0,0,0,0,1,0,0,0,0,1,2,4,4,9,90102000,Confucianists
Confucianists,270850,1,2,0,0,0,0,0,1,0,0,10,0,10,10,0,7,0,1,1,1,1,1,0,0,0,0,0,0,0,0,2,0,6,0,10,10,7,6,0,1,0,0,0,0,0,0,0,0,0,0,0,0,0,0,2,2,3,0,0,6,6,1,1,0,6,6,6,1,1,1,1,0,1,0,0,1,2,2,0,0,0,0,0,0,0,0,1,3,4,0,0,0,0,0,0,0,0,0,0,1,0,0,0,1,4,2,2,4,9,90102000,Confucianists
Confucianists,224977,2,0,0,0,0,0,0,0,0,0,0,1,0,0,0,0,1,0,0,1,1,0,1,1,0,0,0,0,1,3,2,0,0,0,0,0,7,4,0,0,0,0,0,1,1,0,0,0,0,1,1,0,0,3,2,2,0,0,0,0,0,0,0,0,2,3,5,5,4,6,5,4,6,0,0,0,8,0,0,0,0,0,0,0,0,0,0,0,0,0,1,0,0,0,0,0,1,0,0,0,0,0,0,0,0,0,0,0,9,90102000,Confucianists
Confucianists,271111,1,2,0,0,0,0,0,1,0,0,10,0,8,10,0,9,0,1,1,1,0,1,0,0,0,1,0,0,0,0,2,0,9,0,8,8,6,10,0,1,0,0,0,0,0,0,0,0,0,0,0,0,0,0,1,1,4,0,0,1,1,1,1,0,1,1,1,1,5,5,5,0,5,0,0,5,1,1,0,0,0,0,0,0,0,0,8,3,1,0,0,0,0,0,0,0,0,0,0,1,0,0,0,0,2,1,1,3,9,90102000,Confucianists
Confucianists,225243,2,0,0,0,0,0,0,0,0,0,0,2,0,0,0,0,1,1,0,1,0,0,1,1,0,0,0,0,1,3,2,0,0,0,0,0,2,9,0,0,0,0,0,1,1,0,0,0,0,1,1,0,0,3,2,3,0,0,0,0,0,0,0,0,1,2,1,1,1,5,4,8,1,0,0,0,8,0,0,0,0,0,0,0,0,0,0,0,0,0,0,0,0,0,0,0,2,0,0,0,0,0,0,0,0,0,0,0,9,90102000,Confucianists
Confucianists,270783,1,2,0,0,0,0,0,1,0,0,7,0,4,4,0,3,0,1,1,0,1,0,0,0,0,1,0,1,0,0,2,0,1,0,6,7,4,6,0,1,0,0,0,0,0,0,0,0,0,0,0,0,0,0,3,3,3,0,0,3,5,4,5,0,4,3,1,3,3,4,2,0,4,0,0,4,8,1,0,0,0,0,0,0,0,0,5,3,3,0,2,0,0,0,0,0,0,0,0,1,0,0,0,0,3,2,3,3,9,90102000,Confucianists
Confucianists,224706,4,0,0,0,0,0,0,0,0,0,0,2,0,0,0,0,1,1,1,1,0,0,0,1,0,0,0,0,2,3,1,0,0,0,0,0,1,10,0,0,0,0,0,1,1,0,0,0,0,1,1,0,0,3,1,4,0,0,0,0,0,0,0,0,1,1,1,1,1,1,1,1,1,0,0,0,4,0,0,0,0,0,0,0,0,0,0,0,0,0,0,0,0,0,0,0,1,0,0,0,0,0,0,0,0,0,0,0,9,90102000,Confucianists
Confucianists,271373,1,1,0,0,0,0,0,1,0,0,9,0,8,9,0,7,0,0,0,1,0,0,1,0,1,1,0,1,0,0,2,0,8,0,8,8,9,10,0,1,0,0,0,0,0,0,0,0,0,0,0,0,0,0,2,1,1,0,0,7,7,7,8,0,6,8,8,8,8,8,9,0,8,0,0,9,3,2,0,0,0,0,0,0,0,0,8,3,1,0,0,0,0,0,0,0,0,0,0,1,0,0,0,1,3,2,2,2,9,90102000,Confucianists
Confucianists,167078,1,0,0,0,0,0,0,1,0,0,10,0,8,8,0,4,1,1,0,1,0,0,0,0,1,0,1,0,0,0,2,0,0,0,8,8,8,0,0,0,0,0,0,0,0,0,0,0,0,0,0,0,0,0,3,3,3,4,4,4,4,6,4,4,4,4,4,5,5,4,4,4,4,0,0,4,4,3,0,0,0,0,0,0,0,0,4,0,2,0,0,0,0,0,0,0,0,0,0,0,0,0,0,0,3,0,0,2,9,90102000,Confucianists
Confucianists,224908,3,0,0,0,0,0,0,0,0,0,0,2,0,0,0,0,1,1,1,1,0,0,1,0,0,0,0,0,1,3,2,0,0,0,0,0,7,4,0,0,0,0,0,1,2,0,0,0,0,1,1,0,0,2,2,3,0,0,0,0,0,0,0,0,5,1,1,1,1,0,4,4,4,0,0,0,7,0,0,0,0,0,0,0,0,0,0,0,0,0,0,0,0,0,0,0,2,0,0,0,0,0,0,0,0,0,0,0,9,90102000,Confucianists
Confucianists,270765,2,1,0,0,0,0,0,1,0,0,7,0,10,10,0,10,0,1,0,0,1,1,1,0,0,0,1,0,0,0,2,0,6,0,8,6,2,9,0,0,0,0,0,0,0,0,0,0,0,0,0,0,0,0,3,3,3,0,0,1,2,2,3,0,3,3,3,1,1,2,1,0,4,0,0,1,4,3,0,0,0,0,0,0,0,0,10,3,3,0,2,0,0,0,0,0,0,0,0,0,0,0,0,1,3,2,1,4,9,90102000,Confucianists
Confucianists,224462,3,0,0,0,0,0,0,0,0,0,0,2,0,0,0,0,1,1,1,1,0,1,0,0,0,0,0,0,3,1,2,0,0,0,0,0,4,8,0,0,0,0,0,1,2,0,0,0,0,1,1,0,0,2,3,3,0,0,0,0,0,0,0,0,1,1,1,1,1,3,4,4,6,0,0,0,8,0,0,0,0,0,0,0,0,0,0,0,0,0,0,0,0,0,0,0,2,0,0,0,0,0,0,0,0,0,0,0,9,90102000,Confucianists
Confucianists,271085,1,2,0,0,0,0,0,1,0,0,5,0,10,10,0,1,0,1,1,0,1,0,0,1,0,1,0,0,0,0,2,0,1,0,5,8,2,10,0,1,0,0,0,0,0,0,0,0,0,0,0,0,0,0,1,3,3,0,0,1,1,6,1,0,1,1,1,1,1,1,6,0,1,0,0,6,3,5,0,0,0,0,0,0,0,0,5,3,3,0,0,0,0,0,0,0,0,0,0,1,0,0,0,0,3,1,1,4,9,90102000,Confucianists
Confucianists,168838,1,0,0,0,0,0,0,1,0,0,10,0,6,8,0,6,1,0,0,1,0,1,0,0,1,0,1,0,0,0,2,0,0,0,5,10,1,0,0,0,0,0,0,0,0,0,0,0,0,0,0,0,0,0,3,3,3,4,1,3,1,1,1,1,1,1,1,1,1,1,4,1,1,0,0,1,2,2,0,0,0,0,0,0,0,0,7,0,4,1,1,0,0,0,0,0,0,0,0,0,0,0,0,0,4,0,0,2,9,90102000,Confucianists
Confucianists,228857,2,2,0,0,0,0,0,0,0,0,1,0,10,10,0,4,0,1,1,1,0,0,1,0,0,0,0,1,0,0,2,0,7,0,7,5,4,6,0,0,0,0,0,0,0,0,0,0,0,0,0,0,0,0,2,3,4,0,0,1,1,1,1,0,1,1,1,1,0,1,1,0,1,0,0,1,6,7,0,0,0,0,0,0,0,0,5,0,3,0,0,0,0,0,0,0,0,0,0,0,0,0,0,0,3,3,2,2,9,90102000,Confucianists
Confucianists,271358,3,2,0,0,0,0,0,1,0,0,8,0,9,9,0,3,0,1,1,1,0,0,0,0,1,0,1,0,0,0,2,0,5,0,7,7,9,1,0,1,0,0,0,0,0,0,0,0,0,0,0,0,0,0,2,3,3,0,0,1,1,3,1,0,1,1,1,6,7,8,9,0,1,0,0,6,2,3,0,0,0,0,0,0,0,0,3,3,4,0,0,0,0,0,0,0,0,0,0,1,0,0,0,0,4,2,2,2,9,90102000,Confucianists
Confucianists,270921,1,1,0,0,0,0,0,1,0,0,10,0,10,10,0,5,0,1,1,1,1,1,0,0,0,0,0,0,0,0,2,0,6,0,5,7,5,5,0,1,0,0,0,0,0,0,0,0,0,0,0,0,0,0,3,3,3,0,0,4,1,2,2,0,2,1,1,1,1,2,3,0,1,0,0,1,1,3,0,0,0,0,0,0,0,0,1,3,2,0,0,0,0,0,0,0,0,0,0,1,0,0,0,1,2,2,2,3,9,90102000,Confucianists
Cypriot Orthodox Church,95393,1,0,0,0,0,0,0,1,0,0,10,0,5,6,0,6,1,0,0,1,0,1,0,0,1,0,1,0,0,0,2,0,0,0,4,5,1,0,1,1,1,0,0,0,0,0,0,0,0,0,0,0,0,0,3,3,3,0,1,1,1,1,1,1,1,1,1,1,1,1,1,1,1,0,0,1,2,1,0,0,0,0,0,0,0,0,3,0,2,1,2,0,0,0,0,0,0,0,1,1,1,0,0,0,1,0,0,0,3,30111000,Cypriot Orthodox Church
Cypriot Orthodox Church,95450,3,0,0,0,0,0,0,1,0,0,4,0,8,8,0,6,1,1,0,0,1,0,0,1,0,1,0,0,0,0,0,0,0,0,7,0,8,0,0,0,0,0,0,0,0,0,0,0,0,0,0,0,0,0,0,4,2,3,1,0,1,1,1,1,1,0,0,6,0,0,5,4,1,0,0,8,4,3,0,0,0,0,0,0,0,0,0,0,0,0,0,0,0,0,0,0,0,0,0,0,0,0,0,0,0,0,0,3,3,30111000,Cypriot Orthodox Church
Cypriot Orthodox Church,95148,1,0,0,0,0,0,0,1,0,0,10,0,10,10,0,9,1,1,1,1,0,0,0,0,1,0,0,0,0,0,2,0,0,0,7,7,10,0,0,0,1,0,0,0,0,0,0,0,0,0,0,0,0,0,1,3,3,3,1,10,1,1,1,1,1,1,1,1,1,1,6,1,1,0,0,10,4,4,0,0,0,0,0,0,0,0,10,0,3,0,0,0,0,0,0,0,0,0,0,0,1,0,0,0,2,0,0,4,3,30111000,Cypriot Orthodox Church
Cypriot Orthodox Church,95422,1,0,0,0,0,0,0,1,0,0,10,0,5,5,0,5,0,0,1,1,0,1,1,0,1,0,0,0,0,0,2,0,0,0,8,5,8,0,1,1,1,0,0,0,0,0,0,0,0,0,0,0,0,0,3,3,2,5,2,1,1,1,1,1,1,1,2,2,3,4,5,2,2,0,0,5,2,1,0,0,0,0,0,0,0,0,8,0,2,1,1,0,0,0,0,0,0,0,1,1,1,0,0,0,2,0,0,3,3,30111000,Cypriot Orthodox Church
Cypriot Orthodox Church,95270,3,0,0,0,0,0,0,1,0,0,6,0,8,4,0,8,0,1,1,1,0,1,0,0,0,0,1,0,0,0,2,0,0,0,6,5,5,0,0,0,0,0,0,0,0,0,0,0,0,0,0,0,0,0,3,3,3,2,1,5,8,1,1,1,10,10,1,5,1,1,5,1,1,0,0,6,8,7,0,0,0,0,0,0,0,0,8,0,3,0,0,0,0,0,0,0,0,0,0,0,0,0,0,0,4,0,0,4,3,30111000,Cypriot Orthodox Church
Cypriot Orthodox Church,95114,2,0,0,0,0,0,0,1,0,0,7,0,6,5,0,5,1,0,1,1,0,1,1,0,0,0,0,0,0,0,2,0,0,0,7,7,5,0,1,1,1,0,0,0,0,0,0,0,0,0,0,0,0,0,3,3,3,4,1,1,1,1,1,1,1,1,1,6,1,1,5,1,1,0,0,7,4,4,0,0,0,0,0,0,0,0,7,0,3,0,0,0,0,0,0,0,0,0,1,1,1,0,0,0,2,0,0,3,3,30111000,Cypriot Orthodox Church
Cypriot Orthodox Church,95354,1,0,0,0,0,0,0,1,0,0,10,0,10,3,0,1,0,0,1,1,0,0,1,0,1,1,0,0,0,0,2,0,0,0,9,6,4,0,1,1,1,0,0,0,0,0,0,0,0,0,0,0,0,0,2,0,3,5,1,1,1,1,1,1,1,1,1,1,1,1,1,6,1,0,0,5,3,3,0,0,0,0,0,0,0,0,2,0,2,0,0,0,0,0,0,0,0,0,1,1,1,0,0,0,1,0,0,3,3,30111000,Cypriot Orthodox Church
Cypriot Orthodox Church,95396,3,0,0,0,0,0,0,0,0,0,6,0,7,10,0,1,1,0,1,1,0,1,0,1,0,0,0,0,0,0,2,0,0,0,8,9,5,0,0,0,0,0,0,0,0,0,0,0,0,0,0,0,0,0,3,4,3,0,1,1,1,1,1,1,1,1,1,0,1,1,8,3,1,0,0,10,7,7,0,0,0,0,0,0,0,0,1,0,4,0,0,0,0,0,0,0,0,0,0,0,0,0,0,0,4,0,0,4,3,30111000,Cypriot Orthodox Church
Cypriot Orthodox Church,95455,2,0,0,0,0,0,0,1,0,0,7,0,7,7,0,3,1,0,1,1,0,1,0,0,1,0,0,0,0,0,2,0,0,0,6,8,4,0,1,1,1,0,0,0,0,0,0,0,0,0,0,0,0,0,3,3,2,4,1,1,1,3,1,1,1,1,1,5,5,5,4,3,3,0,0,6,3,2,0,0,0,0,0,0,0,0,6,0,3,0,0,0,0,0,0,0,0,0,1,1,1,0,0,0,2,0,0,2,3,30111000,Cypriot Orthodox Church
Cypriot Orthodox Church,95198,3,0,0,0,0,0,0,1,0,0,1,0,10,9,0,8,1,0,0,1,0,1,0,0,0,0,0,0,0,0,2,0,0,0,8,10,7,0,0,0,0,0,0,0,0,0,0,0,0,0,0,0,0,0,4,3,2,0,1,1,1,1,1,1,1,1,1,10,1,5,5,1,1,0,0,10,3,2,0,0,0,0,0,0,0,0,10,0,4,1,2,0,0,0,0,0,0,0,0,0,0,0,0,0,4,0,0,2,3,30111000,Cypriot Orthodox Church
Cypriot Orthodox Church,94969,3,0,0,0,0,0,0,1,0,0,5,0,5,6,0,5,1,1,1,1,0,1,0,0,0,0,0,0,0,0,2,0,0,0,7,4,7,0,0,0,0,0,0,0,0,0,0,0,0,0,0,0,0,0,3,3,2,2,6,5,4,8,6,6,5,5,7,0,5,6,7,8,6,0,0,7,1,2,0,0,0,0,0,0,0,0,7,0,0,0,0,0,0,0,0,0,0,0,0,0,0,0,0,0,0,0,0,2,3,30111000,Cypriot Orthodox Church
Cypriot Orthodox Church,95142,2,0,0,0,0,0,0,1,0,0,9,0,9,2,0,4,0,1,1,1,0,1,0,1,0,0,0,0,0,0,2,0,0,0,5,4,8,0,0,0,0,0,0,0,0,0,0,0,0,0,0,0,0,0,3,3,3,0,1,1,1,2,1,1,1,1,1,8,1,9,9,5,1,0,0,10,4,3,0,0,0,0,0,0,0,0,8,0,3,0,0,0,0,0,0,0,0,0,0,0,0,0,0,0,3,0,0,4,3,30111000,Cypriot Orthodox Church
Cypriot Orthodox Church,95454,3,0,0,0,0,0,0,0,0,0,2,0,9,9,0,5,1,1,0,0,0,1,0,0,0,1,1,0,0,0,2,0,0,0,5,7,7,0,0,0,0,0,0,0,0,0,0,0,0,0,0,0,0,0,3,3,2,3,2,1,1,1,1,1,1,1,1,2,2,0,0,2,2,0,0,9,8,8,0,0,0,0,0,0,0,0,6,0,3,0,0,0,0,0,0,0,0,0,0,0,0,0,0,1,3,0,0,4,3,30111000,Cypriot Orthodox Church
Cypriot Orthodox Church,95296,1,0,0,0,0,0,0,1,0,0,10,0,10,10,0,5,1,0,1,0,0,1,0,0,1,0,1,0,0,0,2,0,0,0,8,10,5,0,1,1,1,0,0,0,0,0,0,0,0,0,0,0,0,0,3,3,2,0,1,5,1,1,1,1,1,1,3,2,2,2,4,1,2,0,0,8,2,1,0,0,0,0,0,0,0,0,6,0,2,1,2,0,0,0,0,0,0,0,1,1,1,0,0,0,2,0,0,0,3,30111000,Cypriot Orthodox Church
Cypriot Orthodox Church,95180,1,0,0,0,0,0,0,1,0,0,10,0,9,9,0,3,1,0,1,0,0,1,0,0,1,1,0,0,0,0,2,0,0,0,7,4,2,0,1,1,1,0,0,0,0,0,0,0,0,0,0,0,0,0,3,3,3,5,3,2,2,1,1,1,2,1,1,4,1,9,9,1,1,0,0,8,3,1,0,0,0,0,0,0,0,0,8,0,3,1,1,0,0,0,0,0,0,0,1,1,1,0,0,0,3,0,0,3,3,30111000,Cypriot Orthodox Church
Cypriot Orthodox Church,95403,2,0,0,0,0,0,0,1,0,0,7,0,10,9,0,3,1,1,0,0,1,0,0,0,0,0,1,0,0,0,2,0,0,0,7,7,5,0,0,0,0,0,0,0,0,0,0,0,0,0,0,0,0,0,2,2,0,2,2,2,1,1,1,1,2,1,1,1,1,5,5,2,2,0,0,7,4,4,0,0,0,0,0,0,0,0,8,0,3,0,0,0,0,0,0,0,0,0,0,0,0,0,0,0,3,0,0,3,3,30111000,Cypriot Orthodox Church
Cypriot Orthodox Church,95047,3,0,0,0,0,0,0,0,0,0,5,0,9,9,0,6,1,0,0,1,0,1,0,1,0,0,1,0,0,0,2,0,0,0,8,8,6,0,0,0,0,0,0,0,0,0,0,0,0,0,0,0,0,0,3,2,3,0,2,1,1,2,2,2,2,1,1,2,2,5,5,2,2,0,0,8,3,3,0,0,0,0,0,0,0,0,6,0,2,0,0,0,0,0,0,0,0,0,0,0,0,0,0,0,2,0,0,3,3,30111000,Cypriot Orthodox Church
Cypriot Orthodox Church,94991,1,0,0,0,0,0,0,1,0,0,9,0,8,4,0,3,0,0,1,0,0,0,0,0,1,0,1,0,0,0,2,0,0,0,9,8,2,0,1,0,0,0,0,0,0,0,0,0,0,0,0,0,0,0,0,1,3,3,1,6,1,3,3,0,1,1,1,1,1,1,5,1,1,0,0,5,3,2,0,0,0,0,0,0,0,0,0,0,2,1,2,0,0,0,0,0,0,0,1,0,0,0,0,0,1,0,0,2,3,30111000,Cypriot Orthodox Church
Cypriot Orthodox Church,95209,1,0,0,0,0,0,0,1,0,0,10,0,9,9,0,5,1,0,1,0,0,1,0,0,1,0,1,0,0,0,2,0,0,0,8,7,6,0,1,1,1,0,0,0,0,0,0,0,0,0,0,0,0,0,3,2,2,0,1,1,1,1,1,2,1,1,1,5,5,1,6,1,1,0,0,6,2,1,0,0,0,0,0,0,0,0,1,0,2,1,1,0,0,0,0,0,0,0,1,1,1,0,0,0,2,0,0,2,3,30111000,Cypriot Orthodox Church
Cypriot Orthodox Church,95054,2,0,0,0,0,0,0,1,0,0,9,0,5,4,0,4,1,1,0,0,0,1,0,0,1,0,1,0,0,0,1,0,0,0,5,5,9,0,1,0,0,0,0,0,0,0,0,0,0,0,0,0,0,0,2,2,1,3,2,3,2,2,2,2,2,2,2,2,1,6,6,2,1,0,0,7,2,2,0,0,0,0,0,0,0,0,4,0,2,0,0,0,0,0,0,0,0,0,1,0,0,0,0,0,2,0,0,2,3,30111000,Cypriot Orthodox Church
Cypriot Orthodox Church,95218,2,0,0,0,0,0,0,1,0,0,10,0,8,3,0,8,1,0,1,0,0,1,1,0,1,0,0,0,0,0,2,0,0,0,5,9,3,0,0,0,0,0,0,0,0,0,0,0,0,0,0,0,0,0,3,4,2,5,1,1,1,1,1,1,1,1,1,1,1,1,5,1,1,0,0,1,3,2,0,0,0,0,0,0,0,0,8,0,2,0,0,0,0,0,0,0,0,0,0,0,0,0,0,1,1,0,0,3,3,30111000,Cypriot Orthodox Church
Cypriot Orthodox Church,95453,4,0,0,0,0,0,0,0,0,0,3,0,5,5,0,5,1,0,1,1,0,1,0,1,0,0,0,0,0,0,2,0,0,0,7,7,5,0,0,0,0,0,0,0,0,0,0,0,0,0,0,0,0,0,4,4,2,4,1,1,1,2,2,2,1,3,3,5,5,5,5,1,1,0,0,7,4,4,0,0,0,0,0,0,0,0,5,0,3,0,0,0,0,0,0,0,0,0,0,0,0,0,0,0,4,0,0,3,3,30111000,Cypriot Orthodox Church
Cypriot Orthodox Church,95254,1,0,0,0,0,0,0,1,0,0,10,0,10,10,0,10,1,0,1,1,0,0,0,0,1,0,1,0,0,0,2,0,0,0,9,10,10,0,0,0,1,0,0,0,0,0,0,0,0,0,0,0,0,0,3,1,1,5,1,1,1,1,1,1,1,1,1,1,1,1,5,1,1,0,0,10,4,3,0,0,0,0,0,0,0,0,10,0,1,0,0,0,0,0,0,0,0,0,0,0,1,0,0,1,1,0,0,4,3,30111000,Cypriot Orthodox Church
Cypriot Orthodox Church,95439,1,0,0,0,0,0,0,1,0,0,8,0,9,8,0,9,1,0,1,0,0,0,0,1,0,0,1,0,0,0,2,0,0,0,6,9,5,0,0,0,0,0,0,0,0,0,0,0,0,0,0,0,0,0,3,3,0,2,1,1,1,1,1,1,1,5,1,2,1,5,5,1,1,0,0,9,4,4,0,0,0,0,0,0,0,0,8,0,3,0,0,0,0,0,0,0,0,0,0,0,0,0,0,0,0,0,0,3,3,30111000,Cypriot Orthodox Church
Cypriot Orthodox Church,94995,1,0,0,0,0,0,0,1,0,0,10,0,7,7,0,6,1,0,1,1,0,1,0,0,0,0,1,0,0,0,2,0,0,0,7,5,10,0,1,1,1,0,0,0,0,0,0,0,0,0,0,0,0,0,0,4,2,0,1,1,1,1,1,1,1,1,1,1,1,1,1,1,1,0,0,1,2,2,0,0,0,0,0,0,0,0,7,0,1,1,2,0,0,0,0,0,0,0,1,1,1,0,0,0,1,0,0,3,3,30111000,Cypriot Orthodox Church
Cypriot Orthodox Church,95119,3,0,0,0,0,0,0,1,0,0,4,0,7,5,0,4,1,1,0,1,0,1,0,1,0,0,0,0,0,0,2,0,0,0,9,10,10,0,1,1,1,0,0,0,0,0,0,0,0,0,0,0,0,0,3,3,3,4,1,1,1,1,1,1,1,1,1,4,1,1,6,1,1,0,0,5,7,3,0,0,0,0,0,0,0,0,5,0,3,0,0,0,0,0,0,0,0,0,1,1,1,0,0,0,3,0,0,3,3,30111000,Cypriot Orthodox Church
Cypriot Orthodox Church,95451,1,0,0,0,0,0,0,1,0,0,10,0,10,10,0,3,1,1,1,1,0,0,0,1,0,0,0,0,0,0,2,0,0,0,9,5,1,0,0,0,0,0,0,0,0,0,0,0,0,0,0,0,0,0,4,4,3,5,1,1,1,1,1,1,1,1,1,10,1,1,10,1,1,0,0,10,4,4,0,0,0,0,0,0,0,0,3,0,3,0,0,0,0,0,0,0,0,0,0,0,0,0,0,0,3,0,0,3,3,30111000,Cypriot Orthodox Church
Cypriot Orthodox Church,95445,1,0,0,0,0,0,0,1,0,0,8,0,6,7,0,6,1,0,1,1,0,1,0,0,1,0,0,0,0,0,2,0,0,0,5,5,7,0,0,0,0,0,0,0,0,0,0,0,0,0,0,0,0,0,3,3,2,3,2,1,1,1,1,1,1,1,1,1,1,5,4,1,1,0,0,4,4,2,0,0,0,0,0,0,0,0,7,0,0,0,0,0,0,0,0,0,0,0,0,0,0,0,0,0,2,0,0,2,3,30111000,Cypriot Orthodox Church
Cypriot Orthodox Church,95040,1,0,0,0,0,0,0,1,0,0,10,0,7,0,0,0,1,1,1,0,0,1,0,0,0,0,0,0,0,0,2,0,0,0,3,1,10,0,1,1,1,0,0,0,0,0,0,0,0,0,0,0,0,0,0,3,1,2,4,1,1,3,1,1,1,1,1,1,1,1,5,0,1,0,0,0,3,3,0,0,0,0,0,0,0,0,1,0,2,0,0,0,0,0,0,0,0,0,1,1,1,0,0,0,2,0,0,4,3,30111000,Cypriot Orthodox Church
Cypriot Orthodox Church,95033,1,0,0,0,0,0,0,1,0,0,10,0,3,3,0,10,1,0,1,1,0,1,0,0,1,0,0,0,0,0,2,0,0,0,9,0,10,0,1,1,1,0,0,0,0,0,0,0,0,0,0,0,0,0,2,3,1,5,1,1,1,1,1,1,1,1,1,1,1,1,3,1,1,0,0,1,2,2,0,0,0,0,0,0,0,0,10,0,1,1,2,0,0,0,0,0,0,0,1,1,1,0,0,0,1,0,0,3,3,30111000,Cypriot Orthodox Church
Cypriot Orthodox Church,95036,1,0,0,0,0,0,0,1,0,0,10,0,3,5,0,7,1,0,1,1,0,0,0,1,0,0,1,0,0,0,2,0,0,0,5,5,10,0,1,1,1,0,0,0,0,0,0,0,0,0,0,0,0,0,2,3,2,5,1,1,1,1,1,1,1,1,1,1,1,1,5,1,1,0,0,1,2,2,0,0,0,0,0,0,0,0,7,0,2,1,2,0,0,0,0,0,0,0,1,1,1,0,0,0,1,0,0,3,3,30111000,Cypriot Orthodox Church
Cypriot Orthodox Church,95437,3,0,0,0,0,0,0,1,0,0,5,0,9,5,0,5,0,1,1,1,0,1,0,1,0,0,0,0,0,0,2,0,0,0,6,4,9,0,1,0,0,0,0,0,0,0,0,0,0,0,0,0,0,0,3,3,3,0,1,1,1,3,1,1,1,1,1,5,5,5,5,8,1,0,0,8,7,7,0,0,0,0,0,0,0,0,10,0,3,0,0,0,0,0,0,0,0,0,1,0,0,0,0,0,3,0,0,3,3,30111000,Cypriot Orthodox Church
Cypriot Orthodox Church,95414,1,0,0,0,0,0,0,1,0,0,10,0,5,5,0,6,1,0,1,0,0,1,0,0,1,0,1,0,0,0,2,0,0,0,5,5,8,0,0,0,0,0,0,0,0,0,0,0,0,0,0,0,0,0,3,3,3,4,1,1,1,1,1,1,1,1,1,5,1,1,5,1,1,0,0,1,3,2,0,0,0,0,0,0,0,0,5,0,2,1,2,0,0,0,0,0,0,0,0,0,0,0,0,0,2,0,0,3,3,30111000,Cypriot Orthodox Church
Cypriot Orthodox Church,95041,1,0,0,0,0,0,0,1,0,0,10,0,10,6,0,8,1,1,1,1,0,0,0,0,1,0,0,0,0,0,2,0,0,0,8,5,5,0,1,1,1,0,0,0,0,0,0,0,0,0,0,0,0,0,2,3,2,0,1,1,1,1,1,1,1,1,1,5,1,3,6,7,1,0,0,9,4,4,0,0,0,0,0,0,0,0,9,0,2,0,0,0,0,0,0,0,0,0,1,1,1,0,0,0,3,0,0,2,3,30111000,Cypriot Orthodox Church
Cypriot Orthodox Church,94960,1,0,0,0,0,0,0,1,0,0,10,0,9,8,0,1,1,1,1,0,1,0,1,0,0,0,0,0,0,0,2,0,0,0,8,9,1,0,1,1,1,0,0,0,0,0,0,0,0,0,0,0,0,0,4,4,4,5,1,5,1,1,1,1,1,1,1,5,7,6,7,8,1,0,0,8,4,3,0,0,0,0,0,0,0,0,5,0,1,1,1,0,0,0,0,0,0,0,1,1,1,0,0,0,2,0,0,4,3,30111000,Cypriot Orthodox Church
Cypriot Orthodox Church,94972,1,0,0,0,0,0,0,1,0,0,10,0,5,10,0,10,1,0,1,0,0,1,0,0,1,0,0,0,0,0,2,0,0,0,3,8,1,0,0,0,0,0,0,0,0,0,0,0,0,0,0,0,0,0,3,3,3,5,1,1,1,1,1,1,1,1,1,1,1,1,1,1,1,0,0,1,2,1,0,0,0,0,0,0,0,0,10,0,2,0,0,0,0,0,0,0,0,0,0,0,0,0,0,0,2,0,0,4,3,30111000,Cypriot Orthodox Church
Cypriot Orthodox Church,95068,2,0,0,0,0,0,0,1,0,0,8,0,5,9,0,8,0,1,1,1,0,1,1,0,0,0,0,0,0,0,2,0,0,0,5,5,4,0,1,0,1,0,0,0,0,0,0,0,0,0,0,0,0,0,3,3,2,2,1,1,1,1,1,1,1,1,1,1,1,1,2,1,1,0,0,3,4,3,0,0,0,0,0,0,0,0,7,0,3,0,0,0,0,0,0,0,0,0,1,0,1,0,0,0,2,0,0,4,3,30111000,Cypriot Orthodox Church
Cypriot Orthodox Church,95081,1,0,0,0,0,0,0,1,0,0,10,0,7,0,0,0,1,0,1,0,0,1,0,0,1,1,0,0,0,0,2,0,0,0,5,5,9,0,0,0,0,0,0,0,0,0,0,0,0,0,0,0,0,0,4,4,2,0,2,2,1,1,2,2,2,2,2,1,5,5,6,2,1,0,0,7,1,1,0,0,0,0,0,0,0,0,6,0,0,1,1,0,0,0,0,0,0,0,0,0,0,0,0,0,2,0,0,3,3,30111000,Cypriot Orthodox Church
Cypriot Orthodox Church,95335,4,0,0,0,0,0,0,1,0,0,6,0,10,10,0,10,0,1,1,1,0,1,0,1,0,0,0,0,0,0,2,0,0,0,10,10,10,0,1,0,0,0,0,0,0,0,0,0,0,0,0,0,0,0,2,4,4,0,1,1,1,1,1,1,1,10,5,10,5,10,10,8,1,0,0,10,8,2,0,0,0,0,0,0,0,0,8,0,4,0,0,0,0,0,0,0,0,0,1,0,0,0,0,0,4,0,0,4,3,30111000,Cypriot Orthodox Church
Cypriot Orthodox Church,95383,2,0,0,0,0,0,0,1,0,0,10,0,10,10,0,4,0,0,1,1,0,1,0,1,1,0,0,0,0,0,2,0,0,0,3,7,3,0,1,0,0,0,0,0,0,0,0,0,0,0,0,0,0,0,3,3,3,0,1,1,1,1,1,1,1,1,1,10,1,10,10,1,1,0,0,10,3,1,0,0,0,0,0,0,0,0,5,0,3,1,1,0,0,0,0,0,0,0,1,0,0,0,0,0,3,0,0,3,3,30111000,Cypriot Orthodox Church
Cypriot Orthodox Church,95096,2,0,0,0,0,0,0,1,0,0,10,0,7,8,0,6,1,1,0,0,0,1,0,1,0,1,0,0,0,0,2,0,0,0,7,4,10,0,1,1,1,0,0,0,0,0,0,0,0,0,0,0,0,0,4,4,3,3,2,2,1,1,2,2,2,1,1,5,5,1,6,2,1,0,0,7,4,3,0,0,0,0,0,0,0,0,7,0,2,0,0,0,0,0,0,0,0,0,1,1,1,0,0,0,2,0,0,3,3,30111000,Cypriot Orthodox Church
Cypriot Orthodox Church,95193,1,0,0,0,0,0,0,0,0,0,5,0,5,6,0,5,1,1,0,1,1,0,0,1,0,0,0,0,0,0,2,0,0,0,10,10,5,0,0,0,0,0,0,0,0,0,0,0,0,0,0,0,0,0,3,3,3,3,1,1,1,1,1,1,1,1,1,5,5,5,5,3,2,0,0,7,4,8,0,0,0,0,0,0,0,0,5,0,3,0,0,0,0,0,0,0,0,0,0,0,0,0,0,0,3,0,0,2,3,30111000,Cypriot Orthodox Church
Cypriot Orthodox Church,95017,3,0,0,0,0,0,0,1,0,0,5,0,8,8,0,0,0,0,1,1,0,1,0,1,0,0,1,0,0,0,2,0,0,0,8,7,10,0,0,0,0,0,0,0,0,0,0,0,0,0,0,0,0,0,2,4,1,5,1,1,1,1,1,1,1,1,1,3,0,3,7,0,1,0,0,0,4,5,0,0,0,0,0,0,0,0,10,0,0,0,0,0,0,0,0,0,0,0,0,0,0,0,0,0,0,0,0,2,3,30111000,Cypriot Orthodox Church
Cypriot Orthodox Church,95438,3,0,0,0,0,0,0,0,0,0,7,0,8,8,0,8,1,1,1,0,1,0,0,0,0,0,1,0,0,0,2,0,0,0,8,9,5,0,0,0,0,0,0,0,0,0,0,0,0,0,0,0,0,0,3,3,3,3,2,1,1,1,1,1,1,1,1,1,1,6,6,1,2,0,0,9,4,5,0,0,0,0,0,0,0,0,8,0,3,0,0,0,0,0,0,0,0,0,0,0,0,0,0,0,3,0,0,3,3,30111000,Cypriot Orthodox Church
Cypriot Orthodox Church,94979,1,0,0,0,0,0,0,1,0,0,10,0,8,8,0,7,1,1,1,1,0,1,0,0,0,0,0,0,0,0,2,0,0,0,5,5,7,0,1,0,0,0,0,0,0,0,0,0,0,0,0,0,0,0,2,3,3,3,1,1,1,1,1,1,1,1,1,7,1,1,8,1,1,0,0,7,4,1,0,0,0,0,0,0,0,0,1,0,3,0,0,0,0,0,0,0,0,0,1,0,0,0,0,0,2,0,0,2,3,30111000,Cypriot Orthodox Church
Cypriot Orthodox Church,95025,1,0,0,0,0,0,0,1,0,0,10,0,10,10,0,6,1,1,1,1,0,1,0,0,0,0,0,0,0,0,2,0,0,0,8,6,10,0,0,1,1,0,0,0,0,0,0,0,0,0,0,0,0,0,3,4,1,5,1,5,1,1,1,1,5,1,1,1,1,1,6,1,1,0,0,1,3,2,0,0,0,0,0,0,0,0,6,0,2,0,0,0,0,0,0,0,0,0,0,1,1,0,0,0,1,0,0,3,3,30111000,Cypriot Orthodox Church
Cypriot Orthodox Church,95031,3,0,0,0,0,0,0,1,0,0,5,0,5,5,0,5,1,0,1,0,0,1,0,1,0,0,1,0,0,0,2,0,0,0,5,4,5,0,0,1,1,0,0,0,0,0,0,0,0,0,0,0,0,0,0,3,1,5,1,1,1,1,1,1,1,1,1,1,1,1,3,1,1,0,0,0,6,7,0,0,0,0,0,0,0,0,5,0,0,0,0,0,0,0,0,0,0,0,0,1,1,0,0,0,0,0,0,3,3,30111000,Cypriot Orthodox Church
Cypriot Orthodox Church,95088,2,0,0,0,0,0,0,1,0,0,8,0,6,8,0,6,1,0,1,1,0,0,0,0,1,0,0,0,0,0,2,0,0,0,8,8,5,0,1,1,1,0,0,0,0,0,0,0,0,0,0,0,0,0,3,2,2,4,1,1,1,1,1,1,1,1,1,5,1,1,7,1,1,0,0,7,2,4,0,0,0,0,0,0,0,0,5,0,2,0,0,0,0,0,0,0,0,0,1,1,1,0,0,0,2,0,0,2,3,30111000,Cypriot Orthodox Church
Cypriot Orthodox Church,95432,2,0,0,0,0,0,0,1,0,0,8,0,7,8,0,7,1,1,1,1,0,0,0,0,0,0,1,0,0,0,2,0,0,0,6,7,2,0,0,0,0,0,0,0,0,0,0,0,0,0,0,0,0,0,2,2,3,2,1,1,2,1,1,1,1,1,1,2,1,7,7,1,1,0,0,8,2,1,0,0,0,0,0,0,0,0,9,0,0,0,0,0,0,0,0,0,0,0,0,0,0,0,0,0,0,0,0,3,3,30111000,Cypriot Orthodox Church
Cypriot Orthodox Church,95001,1,0,0,0,0,0,0,1,0,0,10,0,10,10,0,1,1,0,0,1,0,1,0,1,0,1,0,0,0,0,2,0,0,0,5,7,10,0,0,0,0,0,0,0,0,0,0,0,0,0,0,0,0,0,3,3,3,3,1,1,1,1,1,1,1,1,1,10,1,5,7,1,1,0,0,10,7,2,0,0,0,0,0,0,0,0,8,0,0,1,1,0,0,0,0,0,0,0,0,0,0,0,0,0,1,0,0,2,3,30111000,Cypriot Orthodox Church
Druze,233575,1,0,0,0,0,0,0,1,0,0,10,0,6,10,0,1,1,0,1,1,0,1,0,0,1,0,0,0,0,0,2,0,0,0,7,2,0,0,1,0,0,0,0,0,0,0,0,0,0,0,0,0,0,0,2,2,1,0,2,2,1,3,1,1,0,1,1,1,0,1,7,6,1,0,0,2,8,5,0,0,0,0,0,0,0,0,10,0,1,0,0,0,0,0,0,0,0,0,1,0,0,0,0,0,1,0,0,2,5,50500010,Druze
Druze,234080,2,0,0,0,0,0,0,1,0,0,9,0,3,5,0,3,1,0,1,0,0,1,0,0,1,0,0,0,0,0,1,0,0,0,8,3,4,0,1,0,1,0,0,0,0,0,0,0,0,0,0,0,0,0,1,3,2,0,1,1,1,1,1,1,0,1,1,1,0,1,1,1,1,0,0,1,8,8,0,0,0,0,0,0,0,0,3,0,3,0,0,0,0,0,0,0,0,0,1,0,1,0,0,1,3,0,0,1,5,50500010,Druze
Druze,198989,0,0,0,0,0,0,0,0,0,0,10,0,0,0,0,0,1,1,1,1,0,0,0,1,0,0,0,0,0,0,2,0,0,0,8,0,0,0,0,0,0,0,0,0,0,0,0,0,0,0,0,0,0,0,0,0,0,0,0,0,0,0,0,0,0,0,1,1,1,6,6,0,0,0,0,0,0,0,0,0,0,0,0,0,0,0,0,0,0,0,0,0,0,0,0,0,0,0,0,0,0,0,0,0,0,0,0,0,5,50500010,Druze
Druze,233439,1,0,0,0,0,0,0,1,0,0,10,0,3,3,0,2,1,0,0,0,0,0,0,1,1,1,1,0,0,0,1,0,0,0,6,5,4,0,0,0,0,0,0,0,0,0,0,0,0,0,0,0,0,0,2,3,2,0,1,3,1,1,1,1,0,1,1,1,0,1,1,1,1,0,0,1,8,4,0,0,0,0,0,0,0,0,7,0,1,0,0,0,0,0,0,0,0,0,0,0,0,0,0,1,1,0,0,2,5,50500010,Druze
Druze,233241,2,0,0,0,0,0,0,1,0,0,9,0,8,8,0,9,1,0,1,1,0,1,0,0,0,1,0,0,0,0,2,0,0,0,6,6,9,0,1,1,1,0,0,0,0,0,0,0,0,0,0,0,0,0,3,3,3,0,3,3,2,3,3,3,0,3,4,4,0,4,4,3,3,0,0,3,3,3,0,0,0,0,0,0,0,0,8,0,3,0,0,0,0,0,0,0,0,0,1,1,1,0,0,0,3,0,0,3,5,50500010,Druze
Druze,234183,1,0,0,0,0,0,0,1,0,0,10,0,6,6,0,6,1,0,1,1,0,0,0,1,0,0,1,0,0,0,2,0,0,0,9,8,9,0,1,1,1,0,0,0,0,0,0,0,0,0,0,0,0,0,3,4,3,0,1,1,1,5,1,1,0,1,1,1,0,1,7,1,3,0,0,2,3,3,0,0,0,0,0,0,0,0,5,0,2,0,0,0,0,0,0,0,0,0,1,1,1,0,0,0,4,0,0,1,5,50500010,Druze
Druze,233588,2,0,0,0,0,0,0,1,0,0,10,0,10,10,0,5,1,1,0,0,1,0,1,1,0,0,0,0,0,0,2,0,0,0,3,7,5,0,1,0,0,0,0,0,0,0,0,0,0,0,0,0,0,0,1,4,2,0,2,6,1,4,2,1,0,1,4,5,0,5,5,7,9,0,0,5,8,8,0,0,0,0,0,0,0,0,5,0,2,0,0,0,0,0,0,0,0,0,1,0,0,0,0,0,3,0,0,2,5,50500010,Druze
Druze,198995,0,0,0,0,0,0,0,0,0,0,10,0,0,0,0,0,1,1,0,1,0,1,0,0,0,1,0,0,0,0,2,0,0,0,5,0,0,0,0,0,0,0,0,0,0,0,0,0,0,0,0,0,0,0,0,0,0,0,0,0,0,0,0,0,0,0,2,1,2,3,3,0,0,0,0,0,0,0,0,0,0,0,0,0,0,0,0,0,0,0,0,0,0,0,0,0,0,0,0,0,0,0,0,0,0,0,0,0,5,50500010,Druze
Druze,234084,2,0,0,0,0,0,0,1,0,0,8,0,8,8,0,8,1,1,0,1,0,1,0,0,0,1,0,0,0,0,2,0,0,0,7,7,5,0,0,0,0,0,0,0,0,0,0,0,0,0,0,0,0,0,2,3,2,0,1,2,1,1,1,1,0,2,1,2,0,1,1,1,1,0,0,1,3,3,0,0,0,0,0,0,0,0,8,0,3,0,0,0,0,0,0,0,0,0,0,0,0,0,0,1,3,0,0,4,5,50500010,Druze
Druze,233592,1,0,0,0,0,0,0,1,0,0,10,0,9,9,0,5,0,1,0,0,1,1,0,1,0,0,0,0,0,0,2,0,0,0,8,3,6,0,1,1,1,0,0,0,0,0,0,0,0,0,0,0,0,0,3,4,1,0,1,1,1,1,1,1,0,1,1,1,0,1,1,1,1,0,0,1,8,5,0,0,0,0,0,0,0,0,6,0,1,0,0,0,0,0,0,0,0,0,1,1,1,0,0,0,1,0,0,3,5,50500010,Druze
Druze,233230,2,0,0,0,0,0,0,1,0,0,7,0,8,6,0,6,1,0,0,0,0,0,0,0,0,0,0,0,0,0,1,0,0,0,7,2,2,0,1,0,1,0,0,0,0,0,0,0,0,0,0,0,0,0,1,1,1,0,1,2,1,1,1,5,0,1,1,2,0,2,1,1,1,0,0,1,4,7,0,0,0,0,0,0,0,0,7,0,2,0,0,0,0,0,0,0,0,0,1,0,1,0,0,1,2,0,0,2,5,50500010,Druze
Druze,234178,1,0,0,0,0,0,0,1,0,0,10,0,5,7,0,2,1,0,1,1,0,0,0,1,0,0,1,0,0,0,2,0,0,0,6,5,4,0,1,1,1,0,0,0,0,0,0,0,0,0,0,0,0,0,4,4,3,0,1,2,1,3,1,1,0,1,1,5,0,5,7,2,1,0,0,3,7,3,0,0,0,0,0,0,0,0,3,0,0,0,0,0,0,0,0,0,0,0,1,1,1,0,0,0,4,0,0,3,5,50500010,Druze
Druze,198996,0,0,0,0,0,0,0,0,0,0,10,0,0,0,0,0,1,1,0,1,0,0,0,0,0,1,1,0,0,0,2,0,0,0,4,0,0,0,0,0,0,0,0,0,0,0,0,0,0,0,0,0,0,0,0,0,0,0,0,0,0,0,0,0,0,0,1,1,1,2,2,0,0,0,0,0,0,0,0,0,0,0,0,0,0,0,0,0,0,0,0,0,0,0,0,0,0,0,0,0,0,0,0,0,0,0,0,0,5,50500010,Druze
Druze,234100,1,0,0,0,0,0,0,1,0,0,7,0,5,6,0,7,1,0,1,0,1,0,1,0,0,1,0,0,0,0,2,0,0,0,7,4,5,0,1,1,1,0,0,0,0,0,0,0,0,0,0,0,0,0,1,2,1,0,5,2,1,5,4,5,0,8,5,1,0,3,5,5,5,0,0,5,4,8,0,0,0,0,0,0,0,0,3,0,2,0,0,0,0,0,0,0,0,0,1,1,1,0,0,1,2,0,0,3,5,50500010,Druze
Druze,233432,2,0,0,0,0,0,0,1,0,0,7,0,9,8,0,8,1,0,0,1,1,1,0,0,0,1,0,0,0,0,2,0,0,0,4,4,4,0,1,0,0,0,0,0,0,0,0,0,0,0,0,0,0,0,3,3,3,0,3,2,2,2,2,3,0,2,2,3,0,3,3,3,2,0,0,3,3,3,0,0,0,0,0,0,0,0,8,0,3,0,0,0,0,0,0,0,0,0,1,0,0,0,0,0,3,0,0,2,5,50500010,Druze
Druze,233246,1,0,0,0,0,0,0,1,0,0,10,0,9,8,0,2,1,1,1,0,0,1,0,0,1,0,0,0,0,0,1,0,0,0,7,3,4,0,1,1,1,0,0,0,0,0,0,0,0,0,0,0,0,0,1,2,2,0,1,1,1,1,1,1,0,1,1,1,0,1,1,1,1,0,0,1,8,2,0,0,0,0,0,0,0,0,2,0,1,0,0,0,0,0,0,0,0,0,1,1,1,0,0,0,2,0,0,3,5,50500010,Druze
Druze,234078,1,0,0,0,0,0,0,1,0,0,10,0,3,8,0,5,1,0,0,0,0,1,0,1,1,1,0,0,0,0,2,0,0,0,7,2,6,0,1,0,1,0,0,0,0,0,0,0,0,0,0,0,0,0,1,3,2,0,1,4,3,1,1,1,0,7,4,1,0,1,1,1,2,0,0,1,8,7,0,0,0,0,0,0,0,0,3,0,3,0,0,0,0,0,0,0,0,0,1,0,1,0,0,1,1,0,0,2,5,50500010,Druze
Druze,21487,1,1,0,0,0,0,0,1,0,0,10,0,4,10,0,1,0,1,0,0,1,1,0,1,0,0,0,1,0,0,2,0,7,0,7,9,2,9,0,0,0,0,0,0,0,0,0,0,0,0,0,0,0,0,4,4,4,0,0,1,1,1,1,0,1,2,1,10,1,9,9,0,10,0,0,6,8,1,0,0,0,0,0,0,0,0,1,1,4,0,0,0,0,0,0,0,0,0,0,0,0,0,0,0,3,3,1,1,5,50500010,Druze
Druze,234101,4,0,0,0,0,0,0,1,0,0,10,0,5,5,0,5,0,0,1,1,0,1,1,1,0,0,0,0,0,0,1,0,0,0,9,2,2,0,1,1,1,0,0,0,0,0,0,0,0,0,0,0,0,0,2,3,4,0,1,2,1,1,1,1,0,1,1,1,0,1,1,1,1,0,0,2,8,8,0,0,0,0,0,0,0,0,5,0,3,0,0,0,0,0,0,0,0,0,1,1,1,0,0,1,3,0,0,1,5,50500010,Druze
Druze,234176,1,0,0,0,0,0,0,1,0,0,9,0,6,8,0,4,1,1,0,1,0,1,0,0,0,0,1,0,0,0,2,0,0,0,8,8,10,0,1,1,1,0,0,0,0,0,0,0,0,0,0,0,0,0,2,3,2,0,1,4,1,4,2,1,0,1,1,6,0,6,9,5,1,0,0,7,7,0,0,0,0,0,0,0,0,0,5,0,1,0,0,0,0,0,0,0,0,0,1,1,1,0,0,0,4,0,0,2,5,50500010,Druze
Druze,233583,1,0,0,0,0,0,0,1,0,0,9,0,7,7,0,1,1,0,1,1,0,0,1,0,1,0,0,0,0,0,1,0,0,0,6,2,4,0,1,1,1,0,0,0,0,0,0,0,0,0,0,0,0,0,2,2,2,0,1,3,1,5,1,1,0,2,3,2,0,2,3,1,1,0,0,1,8,7,0,0,0,0,0,0,0,0,1,0,2,0,0,0,0,0,0,0,0,0,1,1,1,0,0,1,2,0,0,3,5,50500010,Druze
Druze,233427,2,0,0,0,0,0,0,1,0,0,8,0,4,2,0,7,1,0,1,1,0,1,0,1,0,0,0,0,0,0,2,0,0,0,8,3,4,0,1,0,0,0,0,0,0,0,0,0,0,0,0,0,0,0,2,2,2,0,1,3,2,1,1,1,0,3,7,1,0,1,1,2,4,0,0,1,8,8,0,0,0,0,0,0,0,0,1,0,3,0,0,0,0,0,0,0,0,0,1,0,0,0,0,1,2,0,0,4,5,50500010,Druze
Druze,234094,1,0,0,0,0,0,0,1,0,0,9,0,6,3,0,6,1,1,0,0,0,1,0,1,1,0,0,0,0,0,2,0,0,0,7,3,5,0,1,1,1,0,0,0,0,0,0,0,0,0,0,0,0,0,3,3,1,0,1,1,1,1,1,1,0,1,1,3,0,1,5,1,1,0,0,1,8,2,0,0,0,0,0,0,0,0,4,0,3,0,0,0,0,0,0,0,0,0,1,1,1,0,0,0,3,0,0,4,5,50500010,Druze
Druze,233534,1,0,0,0,0,0,0,1,0,0,10,0,9,9,0,2,1,0,1,1,0,1,0,0,0,1,0,0,0,0,2,0,0,0,7,4,1,0,1,1,1,0,0,0,0,0,0,0,0,0,0,0,0,0,4,4,1,0,1,5,1,3,1,1,0,1,1,1,0,3,6,3,1,0,0,1,4,4,0,0,0,0,0,0,0,0,9,0,2,0,0,0,0,0,0,0,0,0,1,1,1,0,0,1,3,0,0,1,5,50500010,Druze
Druze,233438,2,0,0,0,0,0,0,1,0,0,8,0,8,8,0,8,1,0,1,0,1,0,0,1,1,0,0,0,0,0,2,0,0,0,6,5,4,0,0,0,0,0,0,0,0,0,0,0,0,0,0,0,0,0,4,4,1,0,3,4,4,3,3,3,0,4,3,3,0,4,3,3,4,0,0,3,4,3,0,0,0,0,0,0,0,0,8,0,3,0,0,0,0,0,0,0,0,0,0,0,0,0,0,0,3,0,0,2,5,50500010,Druze
Druze,198997,0,0,0,0,0,0,0,0,0,0,10,0,0,0,0,0,1,1,0,1,0,1,0,0,0,1,0,0,0,0,2,0,0,0,8,0,0,0,0,0,0,0,0,0,0,0,0,0,0,0,0,0,0,0,0,0,0,0,0,0,0,0,0,0,0,0,1,1,2,2,1,0,0,0,0,0,0,0,0,0,0,0,0,0,0,0,0,0,0,0,0,0,0,0,0,0,0,0,0,0,0,0,0,0,0,0,0,0,5,50500010,Druze
Druze,199001,0,0,0,0,0,0,0,0,0,0,10,0,0,0,0,0,1,0,0,1,0,1,0,0,0,1,1,0,0,0,0,0,0,0,4,0,0,0,0,0,0,0,0,0,0,0,0,0,0,0,0,0,0,0,0,0,0,0,0,0,0,0,0,0,0,0,1,1,2,3,3,0,0,0,0,0,0,0,0,0,0,0,0,0,0,0,0,0,0,0,0,0,0,0,0,0,0,0,0,0,0,0,0,0,0,0,0,0,5,50500010,Druze
Druze,233589,2,0,0,0,0,0,0,1,0,0,10,0,9,8,0,5,1,0,1,1,0,0,1,1,0,0,0,0,0,0,2,0,0,0,6,8,5,0,1,1,1,0,0,0,0,0,0,0,0,0,0,0,0,0,2,4,2,0,2,3,1,2,2,1,0,1,3,5,0,8,7,4,4,0,0,2,4,5,0,0,0,0,0,0,0,0,7,0,3,0,0,0,0,0,0,0,0,0,1,1,1,0,0,1,3,0,0,2,5,50500010,Druze
Druze,234165,1,0,0,0,0,0,0,1,0,0,10,0,8,7,0,4,1,1,0,1,0,1,0,0,0,0,1,0,0,0,2,0,0,0,6,4,3,0,1,1,1,0,0,0,0,0,0,0,0,0,0,0,0,0,3,3,3,0,1,1,1,3,1,1,0,1,1,5,0,5,7,6,3,0,0,7,7,3,0,0,0,0,0,0,0,0,5,0,0,0,0,0,0,0,0,0,0,0,1,1,1,0,0,0,4,0,0,2,5,50500010,Druze
Druze,233237,3,0,0,0,0,0,0,1,0,0,9,0,9,8,0,9,1,0,0,1,1,1,0,0,0,1,0,0,0,0,2,0,0,0,7,7,4,0,1,1,1,0,0,0,0,0,0,0,0,0,0,0,0,0,1,3,1,0,3,7,3,2,2,2,0,2,2,2,0,2,2,2,2,0,0,2,8,3,0,0,0,0,0,0,0,0,8,0,3,0,0,0,0,0,0,0,0,0,1,1,1,0,0,0,3,0,0,2,5,50500010,Druze
Druze,233585,3,0,0,0,0,0,0,1,0,0,10,0,6,3,0,3,1,0,1,1,0,1,0,1,0,0,0,0,0,0,2,0,0,0,6,7,3,0,1,1,1,0,0,0,0,0,0,0,0,0,0,0,0,0,3,2,2,0,7,8,7,7,7,7,0,8,8,9,0,8,9,4,9,0,0,8,8,8,0,0,0,0,0,0,0,0,7,0,2,0,0,0,0,0,0,0,0,0,1,1,1,0,0,1,2,0,0,2,5,50500010,Druze
Druze,233234,1,0,0,0,0,0,0,1,0,0,9,0,2,2,0,1,0,0,1,1,0,0,0,0,1,1,1,0,0,0,1,0,0,0,7,1,1,0,1,1,1,0,0,0,0,0,0,0,0,0,0,0,0,0,2,2,1,0,3,1,2,3,2,1,0,1,1,1,0,3,3,1,1,0,0,1,7,8,0,0,0,0,0,0,0,0,1,0,2,0,0,0,0,0,0,0,0,0,1,1,1,0,0,1,2,0,0,2,5,50500010,Druze
Druze,233420,1,0,0,0,0,0,0,1,0,0,10,0,7,4,0,5,1,0,1,1,0,1,0,0,1,0,0,0,0,0,2,0,0,0,8,3,5,0,1,0,1,0,0,0,0,0,0,0,0,0,0,0,0,0,2,3,2,0,2,4,1,2,1,2,0,2,2,2,0,2,1,2,2,0,0,2,8,8,0,0,0,0,0,0,0,0,5,0,3,0,0,0,0,0,0,0,0,0,1,0,1,0,0,0,2,0,0,3,5,50500010,Druze
Druze,233574,1,0,0,0,0,0,0,1,0,0,8,0,9,8,0,5,1,0,1,0,1,0,1,0,1,0,0,0,0,0,2,0,0,0,7,5,4,0,1,1,1,0,0,0,0,0,0,0,0,0,0,0,0,0,4,4,3,0,3,3,1,1,1,1,0,2,5,4,0,3,5,2,2,0,0,2,8,8,0,0,0,0,0,0,0,0,3,0,3,0,0,0,0,0,0,0,0,0,1,1,1,0,0,1,3,0,0,2,5,50500010,Druze
Druze,233734,1,0,0,0,0,0,0,1,0,0,10,0,8,8,0,1,1,0,1,0,1,0,1,1,0,0,0,0,0,0,2,0,0,0,9,8,2,0,1,1,1,0,0,0,0,0,0,0,0,0,0,0,0,0,3,4,2,0,1,7,0,5,1,1,0,0,5,1,0,1,4,1,1,0,0,1,3,7,0,0,0,0,0,0,0,0,4,0,3,0,0,0,0,0,0,0,0,0,1,1,1,0,0,0,3,0,0,2,5,50500010,Druze
Druze,233245,1,0,0,0,0,0,0,1,0,0,9,0,9,9,0,3,1,0,0,0,0,0,1,0,1,1,1,0,0,0,2,0,0,0,7,4,5,0,1,1,1,0,0,0,0,0,0,0,0,0,0,0,0,0,1,1,1,0,1,1,1,1,1,1,0,1,1,1,0,1,1,1,1,0,0,1,8,4,0,0,0,0,0,0,0,0,7,0,3,0,0,0,0,0,0,0,0,0,1,1,1,0,0,0,3,0,0,2,5,50500010,Druze
Druze,233581,1,0,0,0,0,0,0,1,0,0,9,0,7,7,0,1,0,1,0,1,1,0,1,0,1,0,0,0,0,0,2,0,0,0,7,1,1,0,1,1,1,0,0,0,0,0,0,0,0,0,0,0,0,0,2,2,1,0,1,1,1,2,1,4,0,1,1,1,0,1,1,1,1,0,0,1,8,8,0,0,0,0,0,0,0,0,5,0,2,0,0,0,0,0,0,0,0,0,1,1,1,0,0,1,2,0,0,2,5,50500010,Druze
Druze,233591,2,0,0,0,0,0,0,1,0,0,9,0,6,8,0,7,0,1,0,1,0,1,1,1,0,0,0,0,0,0,2,0,0,0,7,2,4,0,1,0,1,0,0,0,0,0,0,0,0,0,0,0,0,0,2,2,2,0,2,2,2,1,2,1,0,6,4,1,0,1,4,1,2,0,0,2,8,8,0,0,0,0,0,0,0,0,5,0,2,0,0,0,0,0,0,0,0,0,1,0,1,0,0,0,2,0,0,2,5,50500010,Druze
Druze,198994,0,0,0,0,0,0,0,0,0,0,10,0,0,0,0,0,1,1,0,1,0,1,1,0,0,0,0,0,0,0,2,0,0,0,7,0,0,0,0,0,0,0,0,0,0,0,0,0,0,0,0,0,0,0,0,0,0,0,0,0,0,0,0,0,0,0,1,1,1,1,1,0,0,0,0,0,0,0,0,0,0,0,0,0,0,0,0,0,0,0,0,0,0,0,0,0,0,0,0,0,0,0,0,0,0,0,0,0,5,50500010,Druze
Druze,233417,2,0,0,0,0,0,0,1,0,0,9,0,9,8,0,8,1,0,0,1,1,1,0,0,0,1,0,0,0,0,2,0,0,0,6,5,4,0,1,1,1,0,0,0,0,0,0,0,0,0,0,0,0,0,3,3,3,0,3,2,3,3,3,3,0,3,3,2,0,3,3,3,3,0,0,3,7,3,0,0,0,0,0,0,0,0,8,0,3,0,0,0,0,0,0,0,0,0,1,1,1,0,0,0,3,0,0,3,5,50500010,Druze
Druze,234163,1,0,0,0,0,0,0,1,0,0,10,0,8,7,0,1,1,0,0,1,0,1,0,0,1,0,1,0,0,0,2,0,0,0,6,6,1,0,1,1,1,0,0,0,0,0,0,0,0,0,0,0,0,0,2,3,2,0,1,2,1,5,1,1,0,1,1,1,0,1,1,1,1,0,0,1,2,1,0,0,0,0,0,0,0,0,7,0,1,0,0,0,0,0,0,0,0,0,1,1,1,0,0,0,1,0,0,3,5,50500010,Druze
Druze,233587,1,0,0,0,0,0,0,1,0,0,9,0,8,8,0,3,1,0,1,1,0,1,0,1,0,0,0,0,0,0,2,0,0,0,7,6,5,0,1,0,1,0,0,0,0,0,0,0,0,0,0,0,0,0,4,4,3,0,3,5,1,2,2,1,0,1,3,5,0,5,6,4,1,0,0,1,8,8,0,0,0,0,0,0,0,0,6,0,3,0,0,0,0,0,0,0,0,0,1,0,1,0,0,1,3,0,0,2,5,50500010,Druze
Druze,233243,2,0,0,0,0,0,0,1,0,0,6,0,9,8,0,8,1,0,0,1,1,1,0,0,0,1,0,0,0,0,2,0,0,0,8,3,4,0,1,1,1,0,0,0,0,0,0,0,0,0,0,0,0,0,3,3,3,0,3,4,3,3,3,3,0,4,3,4,0,4,3,3,3,0,0,4,3,3,0,0,0,0,0,0,0,0,8,0,3,0,0,0,0,0,0,0,0,0,1,1,1,0,0,0,3,0,0,2,5,50500010,Druze
Druze,233441,1,0,0,0,0,0,0,1,0,0,9,0,7,3,0,3,1,0,1,0,0,1,1,0,0,1,0,0,0,0,1,0,0,0,7,4,4,0,0,0,0,0,0,0,0,0,0,0,0,0,0,0,0,0,1,3,2,0,3,4,2,5,5,2,0,5,2,3,0,2,4,2,2,0,0,3,8,7,0,0,0,0,0,0,0,0,4,0,2,0,0,0,0,0,0,0,0,0,0,0,0,0,0,0,2,0,0,2,5,50500010,Druze
Druze,233743,1,0,0,0,0,0,0,1,0,0,10,0,7,8,0,1,1,0,0,0,1,1,1,1,0,0,0,0,0,0,2,0,0,0,8,7,7,0,1,1,1,0,0,0,0,0,0,0,0,0,0,0,0,0,3,4,1,0,1,8,2,4,1,1,0,1,5,1,0,1,2,7,1,0,0,1,4,8,0,0,0,0,0,0,0,0,5,0,3,0,0,0,0,0,0,0,0,0,1,1,1,0,0,0,2,0,0,3,5,50500010,Druze
Druze,198990,0,0,0,0,0,0,0,0,0,0,10,0,0,0,0,0,0,1,1,1,0,0,0,1,0,0,1,0,0,0,2,0,0,0,10,0,0,0,0,0,0,0,0,0,0,0,0,0,0,0,0,0,0,0,0,0,0,0,0,0,0,0,0,0,0,0,10,1,10,10,10,0,0,0,0,0,0,0,0,0,0,0,0,0,0,0,0,0,0,0,0,0,0,0,0,0,0,0,0,0,0,0,0,0,0,0,0,0,5,50500010,Druze
Druze,233596,1,0,0,0,0,0,0,1,0,0,10,0,6,3,0,4,1,1,0,1,0,0,1,0,1,0,0,0,0,0,2,0,0,0,7,5,1,0,1,1,1,0,0,0,0,0,0,0,0,0,0,0,0,0,3,4,2,0,2,1,1,4,2,1,0,5,4,1,0,2,5,4,1,0,0,5,8,7,0,0,0,0,0,0,0,0,4,0,1,0,0,0,0,0,0,0,0,0,1,1,1,0,0,0,1,0,0,4,5,50500010,Druze
Druze,233586,1,0,0,0,0,0,0,1,0,0,9,0,8,8,0,5,1,1,0,0,1,0,1,1,0,0,0,0,0,0,2,0,0,0,8,3,7,0,1,0,1,0,0,0,0,0,0,0,0,0,0,0,0,0,1,4,2,0,1,2,2,2,2,2,0,7,1,1,0,2,5,1,1,0,0,2,6,5,0,0,0,0,0,0,0,0,9,0,2,1,1,0,0,0,0,0,0,0,1,0,1,0,0,1,1,0,0,3,5,50500010,Druze
Druze,233426,2,0,0,0,0,0,0,1,0,0,9,0,9,8,0,8,1,0,0,1,1,1,0,0,0,1,0,0,0,0,2,0,0,0,7,8,7,0,1,1,1,0,0,0,0,0,0,0,0,0,0,0,0,0,3,3,3,0,4,3,3,4,4,4,0,3,3,3,0,3,4,4,5,0,0,4,4,3,0,0,0,0,0,0,0,0,8,0,3,0,0,0,0,0,0,0,0,0,1,1,1,0,0,0,3,0,0,3,5,50500010,Druze
Druze,233530,2,0,0,0,0,0,0,1,0,0,6,0,6,7,0,3,1,0,0,1,0,1,0,1,1,0,0,0,0,0,2,0,0,0,2,2,1,0,0,1,1,0,0,0,0,0,0,0,0,0,0,0,0,0,4,4,1,0,6,2,2,5,2,2,0,3,5,3,0,4,3,3,4,0,0,7,8,7,0,0,0,0,0,0,0,0,1,0,2,0,0,0,0,0,0,0,0,0,0,1,1,0,0,1,0,0,0,2,5,50500010,Druze
Dutch Reformed Church,284178,3,3,0,0,0,0,0,1,0,0,9,0,8,9,0,9,0,1,1,1,0,1,0,0,0,0,1,0,0,0,1,0,4,0,7,6,4,5,0,1,0,0,0,0,0,0,0,0,0,0,0,0,0,0,4,4,3,0,0,1,1,1,1,0,3,1,1,9,3,7,5,4,1,0,0,9,2,2,0,0,0,0,0,0,0,0,6,3,4,0,1,0,0,0,0,0,0,0,0,1,0,0,0,0,4,4,1,2,2,20301110,Dutch Reformed Church
Dutch Reformed Church,286265,1,0,0,0,0,0,0,1,0,0,10,0,5,5,0,5,1,0,1,1,0,1,0,0,1,0,0,0,0,0,1,0,0,0,7,6,7,0,1,1,1,0,0,0,0,0,0,0,0,0,0,0,0,0,3,3,3,5,1,1,1,1,1,1,1,1,1,5,1,1,5,1,1,0,0,1,1,1,0,0,0,0,0,0,0,0,5,0,1,1,2,0,0,0,0,0,0,0,1,1,1,0,0,0,2,0,0,1,2,20301110,Dutch Reformed Church
Dutch Reformed Church,286993,2,0,0,0,0,0,0,1,0,0,7,0,7,7,0,0,1,1,0,1,0,1,1,0,0,0,0,0,0,0,1,0,0,0,8,8,5,0,0,0,1,0,0,0,0,0,0,0,0,0,0,0,0,0,3,4,3,4,1,1,1,1,1,1,4,0,1,10,6,6,4,7,2,0,0,8,7,0,0,0,0,0,0,0,0,0,0,0,3,1,1,0,0,0,0,0,0,0,0,0,1,0,0,0,3,0,0,2,2,20301110,Dutch Reformed Church
Dutch Reformed Church,286327,3,0,0,0,0,0,0,1,0,0,4,0,8,8,0,0,1,0,0,1,0,1,1,0,0,1,0,0,0,0,1,0,0,0,8,0,5,0,0,0,0,0,0,0,0,0,0,0,0,0,0,0,0,0,0,4,4,0,1,1,1,2,1,1,1,1,1,10,8,8,10,9,8,0,0,10,4,1,0,0,0,0,0,0,0,0,4,0,0,1,1,0,0,0,0,0,0,0,0,0,0,0,0,0,4,0,0,1,2,20301110,Dutch Reformed Church
Dutch Reformed Church,286807,1,0,0,0,0,0,0,1,0,0,9,0,8,8,0,0,1,0,1,0,0,1,1,0,0,0,1,0,0,0,2,0,0,0,8,7,3,0,1,1,1,0,0,0,0,0,0,0,0,0,0,0,0,0,4,4,3,4,1,1,1,1,1,1,1,3,1,5,5,5,8,7,4,0,0,9,7,6,0,0,0,0,0,0,0,0,9,0,4,1,1,0,0,0,0,0,0,0,1,1,1,0,0,0,4,0,0,2,2,20301110,Dutch Reformed Church
Dutch Reformed Church,287609,4,0,0,0,0,0,0,1,0,0,5,0,10,10,0,1,1,1,0,1,0,1,1,0,0,0,0,0,0,0,2,0,0,0,8,8,7,0,1,0,1,0,0,0,0,0,0,0,0,0,0,0,0,0,4,4,4,1,1,1,1,1,8,1,6,1,1,10,7,7,10,10,5,0,0,10,8,3,0,0,0,0,0,0,0,0,5,0,3,1,2,0,0,0,0,0,0,0,1,0,1,0,0,0,3,0,0,3,2,20301110,Dutch Reformed Church
Dutch Reformed Church,286203,3,0,0,0,0,0,0,1,0,0,4,0,8,8,0,7,1,1,0,1,0,1,0,0,0,1,0,0,0,0,1,0,0,0,8,8,4,0,1,0,1,0,0,0,0,0,0,0,0,0,0,0,0,0,3,3,3,2,1,1,1,1,1,1,1,1,1,10,3,9,9,10,8,0,0,9,8,8,0,0,0,0,0,0,0,0,8,0,4,0,0,0,0,0,0,0,0,0,1,0,1,0,0,0,4,0,0,1,2,20301110,Dutch Reformed Church
Dutch Reformed Church,285718,2,0,0,0,0,0,0,0,0,0,5,0,5,4,0,2,1,1,0,1,0,1,0,0,0,1,0,0,0,0,1,0,0,0,8,6,4,0,0,0,0,0,0,0,0,0,0,0,0,0,0,0,0,0,3,3,3,2,1,4,2,2,3,1,2,2,2,10,7,8,6,7,5,0,0,10,4,5,0,0,0,0,0,0,0,0,3,0,3,1,1,0,0,0,0,0,0,0,0,0,0,0,0,0,4,0,0,2,2,20301110,Dutch Reformed Church
Dutch Reformed Church,283821,2,1,0,0,0,0,0,1,0,0,6,0,5,5,0,7,0,1,0,1,0,0,1,0,0,1,1,0,0,0,2,0,3,0,7,5,8,2,0,0,0,0,0,0,0,0,0,0,0,0,0,0,0,0,3,3,2,0,0,1,1,1,1,0,1,1,1,5,4,4,6,6,1,0,0,7,7,1,0,0,0,0,0,0,0,0,7,3,3,0,0,0,0,0,0,0,0,0,0,0,0,0,0,0,3,2,2,4,2,20301110,Dutch Reformed Church
Dutch Reformed Church,286236,1,0,0,0,0,0,0,1,0,0,10,0,4,4,0,6,1,0,0,1,0,1,0,1,1,0,0,0,0,0,0,0,0,0,8,4,0,0,1,1,1,0,0,0,0,0,0,0,0,0,0,0,0,0,2,4,0,4,1,1,1,1,1,1,2,1,1,0,0,0,0,1,0,0,0,0,2,1,0,0,0,0,0,0,0,0,8,0,2,1,2,0,0,0,0,0,0,0,1,1,1,0,0,0,2,0,0,3,2,20301110,Dutch Reformed Church
Dutch Reformed Church,284097,2,3,0,0,0,0,0,1,0,0,7,0,8,8,0,4,0,1,0,1,0,1,0,0,1,1,0,0,0,0,1,0,7,0,8,7,3,7,0,0,0,0,0,0,0,0,0,0,0,0,0,0,0,0,3,3,3,0,0,2,2,5,2,0,2,2,2,10,3,8,9,7,3,0,0,9,3,4,0,0,0,0,0,0,0,0,3,3,3,0,1,0,0,0,0,0,0,0,0,0,0,0,0,0,3,2,2,2,2,20301110,Dutch Reformed Church
Dutch Reformed Church,286876,1,0,0,0,0,0,0,1,0,0,9,0,8,8,0,0,1,1,0,1,0,1,0,0,1,0,0,0,0,0,1,0,0,0,8,7,7,0,0,0,0,0,0,0,0,0,0,0,0,0,0,0,0,0,3,4,3,2,2,1,1,3,2,1,1,1,1,9,2,2,8,5,5,0,0,9,2,3,0,0,0,0,0,0,0,0,7,0,3,1,2,0,0,0,0,0,0,0,0,0,0,0,0,0,3,0,0,2,2,20301110,Dutch Reformed Church
Dutch Reformed Church,284795,2,1,0,0,0,0,0,0,0,0,1,0,7,8,0,5,0,1,1,1,0,1,0,1,0,0,0,0,0,0,2,0,5,0,8,0,2,9,0,0,0,0,0,0,0,0,0,0,0,0,0,0,0,0,2,2,1,0,0,1,1,1,1,0,1,5,5,1,1,1,1,10,1,0,0,10,8,8,0,0,0,0,0,0,0,0,8,0,4,0,1,0,0,0,0,0,0,0,0,0,0,0,0,0,2,2,2,3,2,20301110,Dutch Reformed Church
Dutch Reformed Church,286741,1,0,0,0,0,0,0,1,0,0,8,0,8,8,0,3,1,1,0,1,0,1,0,0,0,0,0,0,0,0,1,0,0,0,8,7,4,0,1,0,1,0,0,0,0,0,0,0,0,0,0,0,0,0,3,4,4,2,2,1,1,1,1,1,2,1,1,10,2,9,8,7,2,0,0,9,2,3,0,0,0,0,0,0,0,0,3,0,3,1,2,0,0,0,0,0,0,0,1,0,1,0,0,0,3,0,0,2,2,20301110,Dutch Reformed Church
Dutch Reformed Church,286448,2,0,0,0,0,0,0,0,0,0,7,0,8,6,0,0,1,1,0,1,0,0,1,0,0,0,0,0,0,0,1,0,0,0,7,6,3,0,0,0,0,0,0,0,0,0,0,0,0,0,0,0,0,0,3,3,0,3,4,1,1,3,5,1,2,3,1,10,6,4,8,7,8,0,0,8,2,2,0,0,0,0,0,0,0,0,5,0,3,1,1,0,0,0,0,0,0,0,0,0,0,0,0,0,3,0,0,1,2,20301110,Dutch Reformed Church
Dutch Reformed Church,286752,3,0,0,0,0,0,0,0,0,0,4,0,7,8,0,7,1,1,0,1,0,1,0,1,0,0,0,0,0,0,1,0,0,0,8,5,3,0,0,0,0,0,0,0,0,0,0,0,0,0,0,0,0,0,3,3,3,1,1,1,1,1,1,1,1,1,1,10,1,7,7,7,6,0,0,9,7,8,0,0,0,0,0,0,0,0,4,0,4,1,1,0,0,0,0,0,0,0,0,0,0,0,0,0,4,0,0,1,2,20301110,Dutch Reformed Church
Dutch Reformed Church,287323,3,0,0,0,0,0,0,1,0,0,6,0,7,6,0,3,1,0,0,1,0,1,0,0,0,1,1,0,0,0,1,0,0,0,8,8,3,0,0,0,0,0,0,0,0,0,0,0,0,0,0,0,0,0,4,4,4,2,1,1,1,2,3,1,2,3,1,6,7,7,8,8,2,0,0,8,4,6,0,0,0,0,0,0,0,0,3,0,4,1,1,0,0,0,0,0,0,0,0,0,0,0,0,0,0,0,0,2,2,20301110,Dutch Reformed Church
Dutch Reformed Church,283794,2,2,0,0,0,0,0,1,0,0,8,0,6,6,0,6,0,1,0,1,0,1,1,0,0,0,1,0,0,0,1,0,6,0,8,7,7,4,0,0,0,0,0,0,0,0,0,0,0,0,0,0,0,0,3,4,4,0,0,1,1,1,1,0,1,1,1,10,3,7,9,10,5,0,0,9,7,1,0,0,0,0,0,0,0,0,6,3,3,0,1,0,0,0,0,0,0,0,0,0,0,0,0,0,3,2,3,2,2,20301110,Dutch Reformed Church
Dutch Reformed Church,286970,4,0,0,0,0,0,0,1,0,0,3,0,9,8,0,5,1,0,0,1,0,1,1,0,0,1,0,0,0,0,2,0,0,0,6,6,6,0,1,1,1,0,0,0,0,0,0,0,0,0,0,0,0,0,3,4,4,2,1,1,1,4,1,1,1,1,1,10,6,10,10,10,8,0,0,10,8,8,0,0,0,0,0,0,0,0,3,0,4,0,0,0,0,0,0,0,0,0,1,1,1,0,0,0,4,0,0,2,2,20301110,Dutch Reformed Church
Dutch Reformed Church,285194,4,4,0,0,0,0,0,1,0,0,5,0,9,8,0,2,0,0,0,1,0,1,1,0,0,0,1,0,0,0,1,0,7,0,9,6,2,8,0,0,0,0,0,0,0,0,0,0,0,0,0,0,0,0,2,4,3,0,0,1,1,7,1,0,1,2,1,10,1,10,10,10,7,0,0,8,8,1,0,0,0,0,0,0,0,0,7,0,4,0,1,0,0,0,0,0,0,0,0,0,0,0,0,0,4,4,2,3,2,20301110,Dutch Reformed Church
Dutch Reformed Church,285315,1,1,0,0,0,0,0,1,0,0,9,0,2,6,0,10,0,0,0,1,0,1,1,0,1,1,0,0,0,0,1,0,8,0,8,6,6,4,0,1,0,0,0,0,0,0,0,0,0,0,0,0,0,0,3,3,3,0,0,1,1,1,1,0,1,1,1,8,1,2,4,2,1,0,0,4,2,1,0,0,0,0,0,0,0,0,10,1,3,0,2,0,0,0,0,0,0,0,0,1,0,0,0,0,3,3,2,2,2,20301110,Dutch Reformed Church
Dutch Reformed Church,285404,2,2,0,0,0,0,0,1,0,0,7,0,8,8,0,5,0,1,0,1,0,1,0,1,0,1,0,0,0,0,1,0,7,0,8,7,3,4,0,0,0,0,0,0,0,0,0,0,0,0,0,0,0,0,0,3,3,0,0,1,1,1,1,0,1,1,1,9,6,10,7,8,7,0,0,9,7,4,0,0,0,0,0,0,0,0,7,0,0,0,0,0,0,0,0,0,0,0,0,0,0,0,0,0,3,2,2,2,2,20301110,Dutch Reformed Church
Dutch Reformed Church,283976,1,2,0,0,0,0,0,1,0,0,10,0,6,6,0,7,0,1,1,1,0,0,1,0,1,0,0,0,0,0,2,0,4,0,6,2,4,4,0,1,0,0,0,0,0,0,0,0,0,0,0,0,0,0,2,2,2,0,0,1,1,2,1,0,1,2,3,1,1,1,3,1,1,0,0,2,1,1,0,0,0,0,0,0,0,0,7,0,1,0,2,0,0,0,0,0,0,0,0,1,0,0,0,1,2,3,2,3,2,20301110,Dutch Reformed Church
Dutch Reformed Church,286735,3,0,0,0,0,0,0,1,0,0,6,0,8,6,0,3,1,1,1,1,0,0,0,0,0,1,0,0,0,0,1,0,0,0,7,7,4,0,0,0,1,0,0,0,0,0,0,0,0,0,0,0,0,0,3,3,3,2,1,1,1,1,2,1,1,1,1,8,8,8,8,4,4,0,0,10,7,3,0,0,0,0,0,0,0,0,3,0,3,0,0,0,0,0,0,0,0,0,0,0,1,0,0,0,3,0,0,2,2,20301110,Dutch Reformed Church
Dutch Reformed Church,286256,4,0,0,0,0,0,0,1,0,0,3,0,7,7,0,3,1,1,0,1,0,1,0,0,0,1,0,0,0,0,1,0,0,0,7,9,4,0,1,1,1,0,0,0,0,0,0,0,0,0,0,0,0,0,4,4,4,2,1,1,1,1,1,1,1,1,2,10,5,10,9,10,10,0,0,10,8,6,0,0,0,0,0,0,0,0,5,0,3,0,0,0,0,0,0,0,0,0,1,1,1,0,0,0,4,0,0,2,2,20301110,Dutch Reformed Church
Dutch Reformed Church,284415,2,1,0,0,0,0,0,1,0,0,9,0,8,8,0,7,0,0,0,1,0,1,0,1,1,1,0,0,0,0,1,0,7,0,9,8,3,7,0,1,0,0,0,0,0,0,0,0,0,0,0,0,0,0,2,4,3,0,0,1,1,1,1,0,2,1,1,10,6,7,7,8,3,0,0,8,7,3,0,0,0,0,0,0,0,0,7,0,2,0,0,0,0,0,0,0,0,0,0,1,0,0,0,0,2,2,2,2,2,20301110,Dutch Reformed Church
Dutch Reformed Church,284773,2,1,0,0,0,0,0,1,0,0,10,0,8,9,0,1,0,1,0,1,0,1,1,0,0,0,0,0,0,0,0,0,0,0,7,0,1,0,0,0,0,0,0,0,0,0,0,0,0,0,0,0,0,0,3,3,3,0,0,1,1,0,0,0,1,1,1,0,0,0,0,0,0,0,0,0,7,3,0,0,0,0,0,0,0,0,1,0,0,0,0,0,0,0,0,0,0,0,0,0,0,0,0,0,0,0,2,0,2,20301110,Dutch Reformed Church
Dutch Reformed Church,284394,1,2,0,0,0,0,0,1,0,0,9,0,6,7,0,6,0,0,0,0,0,0,0,0,0,0,0,0,0,0,1,0,8,0,8,5,5,7,0,0,0,0,0,0,0,0,0,0,0,0,0,0,0,0,4,1,3,0,0,1,1,1,1,0,1,1,1,8,1,8,3,8,1,0,0,6,2,1,0,0,0,0,0,0,0,0,5,2,3,0,2,0,0,0,0,0,0,0,0,0,0,0,0,0,3,3,2,2,2,20301110,Dutch Reformed Church
Dutch Reformed Church,285883,2,0,0,0,0,0,0,0,0,0,7,0,8,6,0,4,0,1,0,1,0,1,0,0,1,1,0,0,0,0,1,0,0,0,8,6,3,0,0,0,0,0,0,0,0,0,0,0,0,0,0,0,0,0,4,4,4,3,3,1,1,1,3,1,1,1,1,10,7,7,7,7,3,0,0,10,4,0,0,0,0,0,0,0,0,0,5,0,3,1,1,0,0,0,0,0,0,0,0,0,0,0,0,0,3,0,0,2,2,20301110,Dutch Reformed Church
Dutch Reformed Church,283920,3,2,0,0,0,0,0,0,0,0,4,0,7,7,0,4,0,1,0,1,0,1,1,1,0,0,0,0,0,0,1,0,7,0,7,8,3,7,0,0,0,0,0,0,0,0,0,0,0,0,0,0,0,0,3,2,3,0,0,1,1,1,1,0,1,1,1,5,3,6,6,7,2,0,0,8,7,7,0,0,0,0,0,0,0,0,4,3,3,0,1,0,0,0,0,0,0,0,0,0,0,0,0,0,3,3,3,2,2,20301110,Dutch Reformed Church
Dutch Reformed Church,287237,3,0,0,0,0,0,0,0,0,0,2,0,9,9,0,1,1,0,0,1,0,1,0,1,0,1,0,0,0,0,1,0,0,0,9,7,3,0,0,0,0,0,0,0,0,0,0,0,0,0,0,0,0,0,3,4,4,1,1,1,1,2,1,1,1,1,1,10,8,8,8,7,2,0,0,10,8,8,0,0,0,0,0,0,0,0,1,0,4,1,1,0,0,0,0,0,0,0,0,0,0,0,0,0,2,0,0,1,2,20301110,Dutch Reformed Church
Dutch Reformed Church,287046,2,0,0,0,0,0,0,1,0,0,6,0,7,7,0,5,1,1,0,1,0,1,1,0,0,0,0,0,0,0,1,0,0,0,8,7,5,0,0,0,0,0,0,0,0,0,0,0,0,0,0,0,0,0,4,4,4,1,1,1,1,1,1,1,1,1,1,10,4,8,10,8,5,0,0,10,7,3,0,0,0,0,0,0,0,0,5,0,3,1,1,0,0,0,0,0,0,0,0,0,0,0,0,0,3,0,0,2,2,20301110,Dutch Reformed Church
Dutch Reformed Church,285747,2,0,0,0,0,0,0,1,0,0,8,0,7,6,0,3,0,0,1,1,0,1,1,1,0,0,0,0,0,0,2,0,0,0,5,7,5,0,1,1,1,0,0,0,0,0,0,0,0,0,0,0,0,0,3,4,3,4,1,1,1,1,3,1,3,1,1,0,1,1,0,2,3,0,0,0,6,3,0,0,0,0,0,0,0,0,7,0,0,0,0,0,0,0,0,0,0,0,1,1,1,0,0,0,1,0,0,3,2,20301110,Dutch Reformed Church
Dutch Reformed Church,284202,1,1,0,0,0,0,0,1,0,0,9,0,8,8,0,2,0,0,1,1,0,1,0,0,1,1,0,0,0,0,1,0,8,0,8,7,2,8,0,1,0,0,0,0,0,0,0,0,0,0,0,0,0,0,3,3,3,0,0,1,1,2,1,0,1,1,1,6,1,3,3,3,3,0,0,3,2,1,0,0,0,0,0,0,0,0,5,0,2,0,2,0,0,0,0,0,0,0,0,1,0,0,0,0,2,3,2,1,2,20301110,Dutch Reformed Church
Dutch Reformed Church,286591,2,0,0,0,0,0,0,1,0,0,7,0,8,6,0,1,1,0,0,1,1,1,0,0,0,0,1,0,0,0,1,0,0,0,8,8,3,0,1,0,0,0,0,0,0,0,0,0,0,0,0,0,0,0,4,4,4,1,1,1,1,1,1,1,1,2,2,10,7,10,6,10,5,0,0,10,8,8,0,0,0,0,0,0,0,0,3,0,4,0,0,0,0,0,0,0,0,0,1,0,0,0,0,0,2,0,0,1,2,20301110,Dutch Reformed Church
Dutch Reformed Church,285172,3,1,0,0,0,0,0,0,0,0,2,0,6,7,0,8,0,1,1,1,0,1,0,0,0,1,0,0,0,0,2,0,8,0,8,8,2,7,0,0,0,0,0,0,0,0,0,0,0,0,0,0,0,0,4,3,3,0,0,1,1,2,1,0,1,1,1,10,6,10,10,10,6,0,0,10,4,8,0,0,0,0,0,0,0,0,3,0,4,0,0,0,0,0,0,0,0,0,0,0,0,0,0,0,4,3,4,4,2,20301110,Dutch Reformed Church
Dutch Reformed Church,286854,2,0,0,0,0,0,0,1,0,0,8,0,7,7,0,0,1,0,0,1,0,1,0,0,1,1,0,0,0,0,1,0,0,0,8,8,2,0,1,0,0,0,0,0,0,0,0,0,0,0,0,0,0,0,3,4,3,0,1,1,1,2,2,1,1,1,1,5,5,5,5,5,3,0,0,8,2,1,0,0,0,0,0,0,0,0,8,0,0,1,2,0,0,0,0,0,0,0,1,0,0,0,0,0,3,0,0,1,2,20301110,Dutch Reformed Church
Dutch Reformed Church,283833,1,1,0,0,0,0,0,1,0,0,10,0,7,7,0,8,0,0,0,1,0,1,0,1,1,1,0,0,0,0,1,0,8,0,8,8,5,7,0,1,0,0,0,0,0,0,0,0,0,0,0,0,0,0,3,3,3,0,0,1,1,1,1,0,1,1,1,10,1,5,5,5,1,0,0,5,2,1,0,0,0,0,0,0,0,0,8,0,3,0,2,0,0,0,0,0,0,0,0,1,0,0,0,0,2,3,2,2,2,20301110,Dutch Reformed Church
Dutch Reformed Church,285284,3,2,0,0,0,0,0,1,0,0,7,0,7,7,0,7,0,1,1,1,0,1,1,0,0,0,0,0,0,0,2,0,7,0,7,7,5,5,0,0,0,0,0,0,0,0,0,0,0,0,0,0,0,0,2,2,2,0,0,1,1,1,1,0,1,1,1,8,8,6,10,6,1,0,0,10,8,8,0,0,0,0,0,0,0,0,7,3,4,0,0,0,0,0,0,0,0,0,0,0,0,0,0,0,4,4,0,3,2,20301110,Dutch Reformed Church
Dutch Reformed Church,285095,1,2,0,0,0,0,0,1,0,0,9,0,8,8,0,4,0,0,0,1,0,1,1,0,0,1,1,0,0,0,1,0,7,0,8,7,2,8,0,0,0,0,0,0,0,0,0,0,0,0,0,0,0,0,2,3,3,0,0,1,1,1,1,0,1,1,1,6,1,1,1,6,1,0,0,6,4,1,0,0,0,0,0,0,0,0,8,0,3,0,1,0,0,0,0,0,0,0,0,0,0,0,0,0,3,2,2,3,2,20301110,Dutch Reformed Church
Dutch Reformed Church,285028,2,2,0,0,0,0,0,1,0,0,10,0,7,7,0,8,0,1,0,1,1,1,1,0,0,0,0,0,0,0,1,0,6,0,7,6,6,6,0,0,0,0,0,0,0,0,0,0,0,0,0,0,0,0,3,4,3,0,0,2,1,2,1,0,5,3,2,10,4,2,5,5,10,0,0,10,2,3,0,0,0,0,0,0,0,0,3,0,3,0,2,0,0,0,0,0,0,0,0,0,0,0,0,0,2,3,2,3,2,20301110,Dutch Reformed Church
Dutch Reformed Church,285829,2,0,0,0,0,0,0,1,0,0,9,0,8,8,0,5,1,0,1,1,0,0,1,0,0,0,1,0,0,0,2,0,0,0,8,8,3,0,0,0,0,0,0,0,0,0,0,0,0,0,0,0,0,0,0,3,2,1,1,1,1,5,1,1,1,6,1,10,10,10,10,9,6,0,0,10,8,1,0,0,0,0,0,0,0,0,5,0,0,0,0,0,0,0,0,0,0,0,0,0,0,0,0,0,2,0,0,2,2,20301110,Dutch Reformed Church
Dutch Reformed Church,284106,3,3,0,0,0,0,0,1,0,0,6,0,7,6,0,5,0,0,1,1,0,1,0,1,0,0,1,0,0,0,1,0,6,0,6,7,6,0,0,0,0,0,0,0,0,0,0,0,0,0,0,0,0,0,3,3,3,0,0,1,1,2,1,0,1,1,1,10,3,10,6,10,0,0,0,8,8,2,0,0,0,0,0,0,0,0,5,3,3,0,1,0,0,0,0,0,0,0,0,0,0,0,0,0,3,3,2,2,2,20301110,Dutch Reformed Church
Dutch Reformed Church,285981,2,0,0,0,0,0,0,1,0,0,5,0,5,7,0,0,1,0,0,1,1,0,1,0,0,1,0,0,0,0,1,0,0,0,9,8,4,0,1,0,0,0,0,0,0,0,0,0,0,0,0,0,0,0,3,3,3,3,2,2,2,2,2,1,2,2,2,5,5,8,8,8,5,0,0,8,4,4,0,0,0,0,0,0,0,0,2,0,3,1,1,0,0,0,0,0,0,0,1,0,0,0,0,0,3,0,0,2,2,20301110,Dutch Reformed Church
Dutch Reformed Church,283942,1,2,0,0,0,0,0,1,0,0,9,0,5,6,0,6,0,0,0,1,0,1,1,0,1,0,1,0,0,0,2,0,6,0,8,7,6,6,0,0,0,0,0,0,0,0,0,0,0,0,0,0,0,0,0,3,2,0,0,1,1,1,1,0,1,1,1,1,1,1,1,1,1,0,0,1,2,1,0,0,0,0,0,0,0,0,7,3,0,0,2,0,0,0,0,0,0,0,0,0,0,0,0,0,2,2,2,3,2,20301110,Dutch Reformed Church
Dutch Reformed Church,287256,3,0,0,0,0,0,0,1,0,0,7,0,8,6,0,2,1,1,0,1,1,1,0,0,0,0,0,0,0,0,1,0,0,0,7,6,4,0,0,0,0,0,0,0,0,0,0,0,0,0,0,0,0,0,3,4,3,2,1,1,1,1,1,1,1,1,1,10,8,10,10,10,10,0,0,10,7,4,0,0,0,0,0,0,0,0,2,0,3,1,1,0,0,0,0,0,0,0,0,0,0,0,0,0,3,0,0,2,2,20301110,Dutch Reformed Church
Dutch Reformed Church,285705,2,0,0,0,0,0,0,1,0,0,5,0,5,5,0,5,0,1,0,1,0,1,0,0,1,1,0,0,0,0,2,0,0,0,8,8,3,0,1,1,1,0,0,0,0,0,0,0,0,0,0,0,0,0,3,4,3,0,1,1,1,1,1,1,1,1,1,0,2,2,7,3,3,0,0,6,1,1,0,0,0,0,0,0,0,0,5,0,3,1,2,0,0,0,0,0,0,0,1,1,1,0,0,0,0,0,0,2,2,20301110,Dutch Reformed Church
Dutch Reformed Church,284702,2,2,0,0,0,0,0,1,0,0,10,0,8,8,0,4,0,1,0,1,0,1,0,1,1,0,0,0,0,0,1,0,8,0,7,7,1,9,0,1,0,0,0,0,0,0,0,0,0,0,0,0,0,0,3,4,3,0,0,1,1,4,1,0,1,1,1,1,1,4,7,1,1,0,0,4,2,1,0,0,0,0,0,0,0,0,9,3,3,0,1,0,0,0,0,0,0,0,0,1,0,0,0,0,4,3,1,2,2,20301110,Dutch Reformed Church
Dutch Reformed Church,285107,3,2,0,0,0,0,0,1,0,0,3,0,10,10,0,2,0,1,1,1,0,1,0,1,0,0,0,0,0,0,1,0,8,0,8,7,2,7,0,0,0,0,0,0,0,0,0,0,0,0,0,0,0,0,3,4,3,0,0,1,1,2,3,0,2,1,1,10,3,2,6,9,3,0,0,10,4,6,0,0,0,0,0,0,0,0,1,3,4,0,0,0,0,0,0,0,0,0,0,0,0,0,0,0,4,2,0,2,2,20301110,Dutch Reformed Church
Dutch Reformed Church,286028,3,0,0,0,0,0,0,1,0,0,3,0,0,0,0,0,1,1,0,1,0,1,0,0,0,1,0,0,0,0,1,0,0,0,7,8,5,0,0,0,0,0,0,0,0,0,0,0,0,0,0,0,0,0,0,4,4,0,1,5,4,1,1,1,5,6,4,10,6,8,5,7,6,0,0,5,8,8,0,0,0,0,0,0,0,0,0,0,0,0,0,0,0,0,0,0,0,0,0,0,0,0,0,0,0,0,0,1,2,20301110,Dutch Reformed Church
Eastern Orthodox,246219,3,2,0,0,0,0,0,0,0,0,3,2,0,0,0,0,0,0,1,1,0,1,1,1,0,0,0,0,1,3,2,0,0,2,1,6,1,10,0,0,0,0,0,2,1,0,0,0,0,1,1,0,0,2,1,1,0,0,0,1,0,0,0,0,5,1,4,1,4,5,5,4,1,0,0,0,6,0,1,0,0,0,0,0,0,0,0,0,0,0,0,0,0,0,0,0,2,0,0,0,0,0,0,0,0,0,0,0,3,30100000,Eastern Orthodox
Eastern Orthodox,324831,1,1,0,0,0,0,0,1,0,0,10,0,6,7,0,8,0,1,1,1,1,1,0,0,0,0,0,0,0,0,2,0,5,0,7,10,5,6,0,1,0,0,0,0,0,0,0,0,0,0,0,0,0,0,3,3,3,0,0,3,1,1,1,0,2,1,1,1,1,1,1,0,1,0,0,8,4,1,0,0,0,0,0,0,0,0,5,3,2,0,0,0,0,0,0,0,0,0,0,1,0,0,0,0,3,2,2,3,3,30100000,Eastern Orthodox
Eastern Orthodox,334896,1,0,0,0,0,0,0,1,0,0,9,0,10,10,0,10,1,0,1,1,0,1,1,0,0,0,0,0,0,0,2,0,0,0,6,4,2,0,0,1,1,0,0,0,0,0,0,0,0,0,0,0,0,0,3,2,2,4,1,1,1,1,1,1,4,4,1,1,1,2,6,10,1,0,0,2,4,3,0,0,0,0,0,0,0,0,10,0,3,0,0,0,0,0,0,0,0,0,0,1,1,0,0,0,3,0,0,3,3,30100000,Eastern Orthodox
Eastern Orthodox,248648,2,4,0,0,0,0,0,0,0,0,10,0,4,10,10,0,0,0,1,0,0,0,0,0,1,0,0,0,0,0,2,0,6,0,5,5,2,9,0,0,0,0,10,0,0,0,0,0,0,1,0,0,2,0,2,3,0,0,0,6,0,0,0,0,5,8,2,1,3,1,5,0,1,0,0,0,2,0,0,0,0,0,1,0,0,0,3,0,0,0,0,0,1,3,2,2,0,0,0,0,0,0,0,0,0,0,0,4,3,30100000,Eastern Orthodox
Eastern Orthodox,261685,2,1,0,0,0,0,0,1,0,0,6,2,0,0,0,0,1,1,1,1,1,1,1,1,1,1,1,0,1,3,2,0,0,1,4,7,5,1,0,0,0,1,0,2,1,0,0,0,0,1,0,1,1,3,3,3,0,0,0,1,0,0,0,0,1,1,1,1,1,5,5,2,1,0,0,0,7,0,0,0,0,0,0,0,0,0,0,0,0,0,1,0,0,0,0,0,1,0,0,0,0,0,0,0,0,0,0,0,3,30100000,Eastern Orthodox
Eastern Orthodox,334674,1,2,0,0,0,0,0,1,0,0,10,0,7,8,0,5,0,1,1,1,0,0,1,1,0,0,0,0,0,0,2,0,10,0,9,2,5,1,0,1,0,0,0,0,0,0,0,0,0,0,0,0,0,0,1,3,3,0,0,3,1,1,1,0,1,1,1,1,1,1,3,0,2,0,0,9,3,3,0,0,0,0,0,0,0,0,4,2,3,0,2,0,0,0,0,0,0,0,0,1,0,0,0,1,2,1,1,4,3,30100000,Eastern Orthodox
Eastern Orthodox,321618,2,2,0,0,0,0,0,1,1,0,10,2,0,0,0,0,1,0,1,1,1,1,1,1,1,0,0,0,1,3,2,0,0,3,5,0,4,5,1,1,1,1,0,1,1,0,0,0,0,1,1,0,0,0,1,0,0,0,0,1,0,0,0,0,1,1,1,0,0,5,6,1,1,0,0,0,7,0,1,0,0,0,0,0,0,0,0,0,0,0,0,0,0,0,0,0,0,0,1,1,1,0,0,0,0,0,0,0,3,30100000,Eastern Orthodox
Eastern Orthodox,393178,1,1,0,0,0,0,0,1,1,0,10,2,0,0,0,0,0,0,1,1,0,1,0,0,1,0,1,0,4,2,2,0,0,1,1,9,2,9,1,1,1,1,0,1,2,0,0,0,0,1,1,0,0,2,2,3,0,0,0,5,0,0,0,0,5,2,1,5,1,1,1,1,1,0,0,0,0,0,1,0,0,0,0,0,0,0,0,0,0,0,1,0,0,0,0,0,2,0,1,1,1,0,0,0,0,0,0,0,3,30100000,Eastern Orthodox
Eastern Orthodox,93982,2,2,0,0,0,0,0,1,0,0,8,0,9,7,0,2,0,0,0,0,0,1,0,0,1,0,1,0,0,0,2,0,3,0,6,6,2,8,0,1,0,0,0,0,0,0,0,0,0,0,0,0,0,0,4,3,3,0,0,6,2,1,1,0,4,1,2,4,5,5,8,0,1,0,0,7,2,4,0,0,0,0,0,0,0,0,9,2,3,0,0,0,0,0,0,0,0,0,0,1,0,0,0,0,1,4,1,4,3,30100000,Eastern Orthodox
Eastern Orthodox,329429,2,1,0,0,0,0,0,1,1,0,10,2,0,0,0,0,0,1,1,0,0,1,1,0,0,0,1,0,1,2,2,0,0,1,5,5,1,10,1,1,1,1,0,1,2,0,0,0,0,1,1,0,0,3,3,3,0,0,0,1,0,0,0,0,1,1,1,1,1,10,10,1,1,0,0,0,8,0,0,0,0,0,0,0,0,0,0,0,0,0,0,0,0,0,0,0,0,0,1,1,1,0,0,0,0,0,0,0,3,30100000,Eastern Orthodox
Eastern Orthodox,350260,1,1,0,0,0,0,0,1,0,0,8,0,0,0,0,0,0,1,1,1,0,1,0,0,1,0,0,0,0,0,2,1,0,1,5,5,0,0,0,0,0,1,0,1,1,0,0,0,0,1,1,0,2,0,3,3,0,0,0,4,0,0,0,0,4,3,2,1,1,2,3,1,1,0,0,0,2,0,0,0,0,0,1,0,0,0,0,0,0,0,0,0,2,3,2,3,0,0,0,0,0,0,0,0,0,0,0,0,3,30100000,Eastern Orthodox
Eastern Orthodox,34230,2,2,0,0,0,0,0,0,0,0,6,0,7,9,7,0,0,1,1,0,0,1,1,1,0,0,0,0,0,0,2,0,3,0,7,7,4,7,0,0,0,0,7,0,0,0,0,0,0,1,0,0,0,0,2,4,0,0,0,2,0,0,0,0,1,1,1,0,1,1,5,1,1,0,0,0,0,0,0,0,0,0,0,0,0,0,8,0,0,0,0,0,2,5,2,0,0,0,0,0,0,0,0,0,0,0,0,3,3,30100000,Eastern Orthodox
Eastern Orthodox,40501,2,1,0,0,0,0,0,1,0,0,10,0,10,10,0,1,0,1,1,1,0,0,0,0,0,0,1,1,0,0,2,0,5,0,5,4,5,8,0,0,0,0,0,0,0,0,0,0,0,0,0,0,0,0,2,3,2,0,0,1,1,3,1,0,5,1,1,5,5,5,5,0,1,0,0,5,4,3,0,0,0,0,0,0,0,0,1,0,4,0,0,0,0,0,0,0,0,0,0,0,0,0,0,0,4,0,2,3,3,30100000,Eastern Orthodox
Eastern Orthodox,144599,1,2,0,0,0,0,0,0,0,0,9,0,0,0,5,0,0,1,1,0,0,1,0,0,1,0,0,0,0,0,2,0,9,0,8,6,4,5,0,0,0,0,3,0,0,0,0,0,0,1,0,0,0,0,0,2,0,0,0,1,0,0,0,0,1,1,1,1,1,1,5,1,1,0,0,0,4,0,0,0,0,0,0,0,0,0,0,0,0,0,1,0,2,3,1,4,0,0,0,0,0,0,0,1,0,0,0,4,3,30100000,Eastern Orthodox
Eastern Orthodox,392308,4,1,0,0,0,0,0,1,0,0,5,2,0,0,0,0,1,0,1,0,0,1,1,0,0,0,1,0,1,2,2,0,0,1,2,4,5,10,0,0,0,0,0,1,1,0,0,0,0,1,1,0,0,2,2,3,0,0,0,10,0,0,0,0,8,8,5,1,1,5,0,9,4,0,0,0,8,0,0,0,0,0,0,0,0,0,0,0,0,0,0,0,0,0,0,0,2,0,0,0,0,0,0,0,0,0,0,0,3,30100000,Eastern Orthodox
Eastern Orthodox,393358,3,3,0,0,0,0,0,1,1,0,6,2,0,0,0,0,1,1,1,1,0,1,0,0,0,0,0,0,2,1,2,0,0,1,7,6,7,9,1,1,1,0,0,1,1,0,0,0,0,1,1,0,2,0,3,0,0,0,0,0,0,0,0,0,0,0,1,1,1,0,0,0,1,0,0,0,4,0,1,0,0,0,0,0,0,0,0,0,0,0,0,0,0,0,0,0,2,0,1,1,1,0,0,0,0,0,0,0,3,30100000,Eastern Orthodox
Eastern Orthodox,128777,3,1,0,0,0,0,0,1,0,0,10,0,8,8,0,7,0,1,1,1,0,1,1,1,1,1,0,1,0,0,1,0,5,0,8,8,6,5,0,1,0,0,0,0,0,0,0,0,0,0,0,0,0,0,4,3,3,0,0,3,1,4,4,0,6,2,2,4,4,5,5,0,1,0,0,7,4,4,0,0,0,0,0,0,0,0,7,2,3,0,1,0,0,0,0,0,0,0,0,1,0,0,0,0,2,3,3,3,3,30100000,Eastern Orthodox
Eastern Orthodox,392790,1,1,0,0,0,0,0,1,1,0,9,2,0,0,0,0,0,0,1,0,0,0,0,0,1,0,0,0,1,3,2,0,0,2,5,3,1,9,1,0,0,1,0,1,1,0,0,0,0,1,0,0,0,2,2,0,0,0,0,1,0,0,0,0,1,1,1,1,3,3,6,1,1,0,0,0,3,0,1,0,0,0,0,0,0,0,0,0,0,0,1,0,0,0,0,0,2,0,1,0,0,0,0,0,0,0,0,0,3,30100000,Eastern Orthodox
Eastern Orthodox,329995,3,0,0,0,0,0,0,1,0,0,5,2,0,0,0,0,1,0,1,1,0,1,0,0,0,0,0,0,2,3,2,0,0,1,5,3,1,1,0,0,0,0,0,1,1,0,0,0,0,1,1,0,2,3,3,3,0,0,0,1,0,0,0,0,1,1,1,1,1,1,0,0,0,0,0,0,8,0,0,0,0,0,0,0,0,0,0,0,0,0,0,0,0,0,0,0,1,0,0,0,0,0,0,0,0,0,0,0,3,30100000,Eastern Orthodox
Eastern Orthodox,144678,1,1,0,0,0,0,0,0,0,0,10,0,9,9,9,0,0,0,1,1,0,1,0,0,1,1,0,0,0,0,2,0,10,0,10,10,10,1,0,0,0,0,1,0,0,0,0,0,0,1,0,0,0,0,4,0,0,0,0,8,0,0,0,0,10,9,7,1,1,4,4,1,1,0,0,0,7,0,0,0,0,0,1,0,0,0,9,0,0,0,0,0,1,2,1,0,0,0,0,0,0,0,0,0,0,0,0,3,3,30100000,Eastern Orthodox
Eastern Orthodox,327367,4,2,2,2,3,3,3,1,1,2,8,0,0,0,0,0,1,0,1,1,0,1,1,0,0,0,0,0,0,0,2,0,0,2,6,7,1,0,0,1,1,1,0,0,3,1,1,1,1,1,1,0,2,0,0,0,2,0,0,1,0,0,0,0,5,1,1,1,5,5,5,5,3,0,5,0,4,0,0,1,1,1,1,0,1,0,0,0,0,0,0,0,0,0,0,0,0,3,0,1,1,1,0,0,0,0,0,0,3,30100000,Eastern Orthodox
Eastern Orthodox,335297,3,0,0,0,0,0,0,1,0,0,4,0,8,4,0,7,1,0,1,0,0,1,1,0,1,0,0,0,0,0,2,0,0,0,8,8,7,0,1,1,1,0,0,0,0,0,0,0,0,0,0,0,0,0,1,1,2,4,7,9,8,8,7,7,10,7,7,1,2,2,2,1,2,0,0,2,4,4,0,0,0,0,0,0,0,0,8,0,2,0,0,0,0,0,0,0,0,0,1,1,1,0,0,0,2,0,0,1,3,30100000,Eastern Orthodox
Eastern Orthodox,351493,2,2,0,0,0,0,0,0,0,0,5,0,4,5,5,0,0,0,1,0,1,1,1,0,1,0,0,0,0,0,2,0,4,0,6,7,7,4,0,0,0,0,7,0,0,0,0,0,0,1,0,1,1,0,2,2,0,0,0,4,0,0,0,0,5,6,5,5,4,6,6,4,4,0,0,0,6,0,0,0,0,0,0,0,0,0,5,0,0,0,0,0,2,1,2,3,0,0,0,0,0,0,0,1,0,0,0,1,3,30100000,Eastern Orthodox
Eastern Orthodox,326809,4,4,2,2,2,2,2,0,0,4,1,0,0,0,0,0,1,0,1,1,0,1,0,0,0,0,1,0,0,0,1,0,0,3,10,10,1,5,0,0,0,0,0,1,2,0,0,0,0,1,1,0,1,1,0,0,3,0,0,1,0,0,0,0,1,1,1,1,1,1,1,1,1,0,3,0,8,0,0,1,0,0,0,0,5,0,0,0,0,0,0,0,0,0,0,0,0,4,0,0,0,0,0,0,0,0,0,0,3,30100000,Eastern Orthodox
Eastern Orthodox,266951,3,2,0,0,0,0,0,0,0,0,0,2,0,0,0,0,0,1,1,1,0,1,0,1,0,0,0,0,0,0,1,2,0,3,5,8,0,0,0,0,0,0,0,1,1,0,0,0,0,1,0,0,1,0,1,1,0,0,0,3,0,0,0,0,2,2,1,1,1,4,6,5,2,0,0,0,7,0,0,0,0,0,0,0,0,0,0,0,0,0,0,0,0,1,0,1,0,0,0,0,0,0,0,0,0,0,0,0,3,30100000,Eastern Orthodox
Eastern Orthodox,336367,2,0,0,0,0,0,0,1,0,0,10,0,5,5,0,0,1,0,1,1,0,0,0,0,0,1,1,0,0,0,2,0,0,0,2,5,1,0,0,0,0,0,0,0,0,0,0,0,0,0,0,0,0,0,2,3,2,4,1,10,1,1,1,1,10,10,1,1,1,1,5,5,1,0,0,1,4,2,0,0,0,0,0,0,0,0,5,0,3,0,0,0,0,0,0,0,0,0,0,0,0,0,0,0,3,0,0,3,3,30100000,Eastern Orthodox
Eastern Orthodox,154,2,3,0,0,0,0,0,1,0,0,6,2,0,0,0,0,1,0,0,1,0,0,1,1,0,0,1,0,2,1,2,0,0,3,4,5,2,4,0,1,0,1,0,1,1,0,0,0,0,1,1,0,2,3,1,3,0,0,0,8,0,0,0,0,4,5,1,2,3,6,6,5,3,0,0,0,3,0,1,0,0,0,0,0,0,0,0,0,0,0,0,0,0,0,0,0,1,0,0,1,0,0,0,0,0,0,0,0,3,30100000,Eastern Orthodox
Eastern Orthodox,144976,1,1,0,0,0,0,0,1,0,0,10,0,9,9,0,7,0,0,1,1,0,0,0,0,1,1,1,0,0,0,2,0,3,0,3,6,7,2,0,0,0,0,0,0,0,0,0,0,0,0,0,0,0,0,1,4,1,0,0,5,1,3,1,0,2,1,1,1,1,1,1,1,1,0,0,1,8,2,0,0,0,0,0,0,0,0,7,3,0,0,1,0,0,0,0,0,0,0,0,0,0,0,0,1,1,4,2,4,3,30100000,Eastern Orthodox
Eastern Orthodox,40061,3,1,0,0,0,0,0,1,0,0,8,0,9,9,0,9,0,1,1,0,0,1,0,1,0,0,0,1,0,0,2,0,5,0,5,5,5,2,0,1,0,0,0,0,0,0,0,0,0,0,0,0,0,0,3,3,2,0,0,2,1,1,1,0,3,1,1,1,2,8,7,0,1,0,0,7,4,4,0,0,0,0,0,0,0,0,5,0,3,0,0,0,0,0,0,0,0,0,0,1,0,0,0,0,3,2,2,2,3,30100000,Eastern Orthodox
Eastern Orthodox,334908,2,0,0,0,0,0,0,1,0,0,6,0,10,10,0,1,0,1,1,0,0,0,0,1,0,1,1,0,0,0,1,0,0,0,3,7,8,0,0,0,0,0,0,0,0,0,0,0,0,0,0,0,0,0,3,3,3,4,1,4,1,8,7,1,10,4,1,1,3,8,8,10,4,0,0,8,4,2,0,0,0,0,0,0,0,0,6,0,4,0,0,0,0,0,0,0,0,0,0,0,0,0,0,1,4,0,0,2,3,30100000,Eastern Orthodox
Eastern Orthodox,348953,1,2,0,0,0,0,0,0,0,0,6,2,0,0,0,0,1,0,1,1,0,1,0,0,1,0,0,0,2,3,2,0,0,2,6,10,5,7,0,0,0,0,0,1,1,0,0,0,0,1,1,0,1,2,3,3,0,0,0,1,0,0,0,0,1,3,1,1,1,7,7,1,1,0,0,0,6,0,1,0,0,0,0,0,0,0,0,0,0,0,0,0,0,0,0,0,1,0,0,0,0,0,0,0,0,0,0,0,3,30100000,Eastern Orthodox
Eastern Orthodox,143548,1,1,0,0,0,0,0,0,0,0,10,0,5,5,5,0,0,1,1,1,0,1,1,0,0,0,0,0,0,0,2,0,10,0,5,10,1,8,0,0,0,0,9,0,0,0,0,0,0,1,0,0,0,0,2,3,0,0,0,1,0,0,0,0,1,1,1,1,1,1,1,1,1,0,0,0,7,0,0,0,0,0,1,0,0,0,5,0,0,0,0,0,0,0,0,0,0,0,0,0,0,0,0,1,0,0,0,3,3,30100000,Eastern Orthodox
Eastern Orthodox,130600,1,2,0,0,0,0,0,0,0,0,9,0,8,8,8,0,0,1,1,0,1,0,1,1,0,0,0,0,0,0,2,0,5,0,6,7,6,5,0,0,0,0,4,0,0,0,0,0,0,1,0,0,0,0,3,3,0,0,0,1,0,0,0,0,1,1,1,1,1,1,1,1,1,0,0,0,2,0,0,0,0,0,1,0,0,0,3,0,0,0,1,0,3,3,2,3,0,0,0,0,0,0,0,0,0,0,0,3,3,30100000,Eastern Orthodox
Eastern Orthodox,349404,2,2,0,0,0,0,0,1,0,0,6,2,0,0,0,0,0,1,1,0,0,0,1,1,0,0,0,0,0,0,2,1,0,1,7,7,0,0,0,0,0,1,0,1,1,0,0,0,0,1,1,0,0,0,1,3,0,0,0,6,0,0,0,0,1,1,1,1,1,1,6,1,1,0,0,0,4,0,0,0,0,0,1,5,0,0,0,0,0,0,0,0,4,1,4,1,0,0,0,0,0,0,0,0,0,0,0,0,3,30100000,Eastern Orthodox
Eastern Orthodox,40254,3,1,0,0,0,0,0,1,0,0,5,0,5,5,0,7,0,0,1,0,0,1,0,0,0,0,1,0,0,0,2,0,8,0,6,8,6,4,0,1,0,0,0,0,0,0,0,0,0,0,0,0,0,0,1,3,4,0,0,10,10,5,1,0,10,10,10,1,2,1,10,0,3,0,0,10,4,4,0,0,0,0,0,0,0,0,7,0,0,0,0,0,0,0,0,0,0,0,0,1,0,0,0,1,0,0,0,3,3,30100000,Eastern Orthodox
Eastern Orthodox,329136,1,1,0,0,0,0,0,1,1,0,6,2,0,0,0,0,1,0,1,1,0,1,0,1,0,0,0,0,3,1,2,0,0,1,8,8,4,8,0,0,0,1,0,1,2,0,0,0,0,1,0,1,1,1,1,3,0,0,0,1,0,0,0,0,1,1,1,1,1,1,5,1,1,0,0,0,4,0,0,0,0,0,0,0,0,0,0,0,0,0,0,0,0,0,0,0,1,0,0,0,0,0,0,0,0,0,0,0,3,30100000,Eastern Orthodox
Eastern Orthodox,266469,1,1,0,0,0,0,0,1,1,0,10,1,0,0,0,0,0,0,1,0,0,0,0,1,1,0,0,0,0,0,2,1,0,2,3,6,0,0,1,1,1,1,0,1,2,0,0,0,0,1,0,0,2,0,2,3,0,0,0,1,0,0,0,0,1,6,1,1,1,6,6,6,1,0,0,0,4,0,0,0,0,0,1,2,0,0,0,0,0,0,0,0,1,4,1,4,0,0,1,1,1,0,0,0,0,0,0,0,3,30100000,Eastern Orthodox
Eastern Orthodox,145857,2,1,0,0,0,0,0,1,0,0,5,0,6,0,0,0,0,1,1,1,0,1,1,0,0,0,0,0,0,0,2,0,5,0,2,5,5,6,0,0,0,0,0,0,0,0,0,0,0,0,0,0,0,0,2,3,2,0,0,1,1,1,1,0,1,1,1,1,1,2,5,3,1,0,0,1,8,7,0,0,0,0,0,0,0,0,0,3,0,0,0,0,0,0,0,0,0,0,0,0,0,0,0,1,0,0,0,3,3,30100000,Eastern Orthodox
Eastern Orthodox,326203,1,0,0,0,0,0,0,1,0,0,10,0,8,8,0,6,0,1,1,1,0,1,0,0,0,1,0,0,0,0,2,0,0,0,8,10,1,0,0,0,0,0,0,0,0,0,0,0,0,0,0,0,0,0,0,0,0,3,4,2,1,1,1,0,1,1,1,1,1,1,1,1,1,0,0,1,4,3,0,0,0,0,0,0,0,0,6,0,2,0,0,0,0,0,0,0,0,0,0,0,0,0,0,1,2,0,0,4,3,30100000,Eastern Orthodox
Eastern Orthodox,267251,1,3,0,0,0,0,0,1,1,0,8,2,0,0,0,0,0,1,1,1,0,0,0,0,1,0,1,0,0,0,1,1,0,1,9,10,0,0,0,0,0,1,0,1,1,0,0,0,0,1,1,0,0,0,1,1,0,0,0,1,0,0,0,0,1,1,1,1,1,1,1,1,1,0,0,0,4,0,0,0,0,0,1,0,0,0,0,0,0,0,0,0,1,3,1,5,0,0,0,0,0,0,0,0,0,0,0,0,3,30100000,Eastern Orthodox
Eastern Orthodox,94287,1,2,0,0,0,0,0,1,0,0,10,0,7,7,0,5,0,0,0,0,0,1,1,1,1,0,0,1,0,0,2,0,3,0,6,10,7,3,0,1,0,0,0,0,0,0,0,0,0,0,0,0,0,0,2,4,2,0,0,2,1,1,1,0,2,1,1,1,1,1,1,0,1,0,0,1,2,2,0,0,0,0,0,0,0,0,7,3,3,0,0,0,0,0,0,0,0,0,0,1,0,0,0,1,2,3,2,4,3,30100000,Eastern Orthodox
Eastern Orthodox,394830,2,2,0,0,0,0,0,0,0,0,10,0,3,4,5,0,0,0,1,1,0,1,1,1,0,0,0,0,0,0,2,0,7,0,6,8,3,1,0,0,0,0,4,0,0,0,0,0,0,1,0,1,1,0,1,1,0,0,0,1,0,0,0,0,1,1,1,8,3,6,10,1,1,0,0,0,3,0,0,0,0,0,0,0,0,0,4,0,0,0,1,0,5,1,1,1,0,0,0,0,0,0,0,0,0,0,0,2,3,30100000,Eastern Orthodox
Eastern Orthodox,143838,1,1,0,0,0,0,0,0,0,0,10,0,8,8,8,0,0,0,1,1,0,1,1,0,1,0,0,0,0,0,2,0,0,0,7,9,1,0,0,0,0,0,2,0,0,0,0,0,0,1,0,0,0,0,4,4,0,0,0,1,0,0,0,0,1,1,1,1,1,0,10,1,1,0,0,0,3,0,0,0,0,0,0,0,0,0,8,0,0,0,0,0,1,4,1,4,0,0,0,0,0,0,0,0,0,0,0,0,3,30100000,Eastern Orthodox
Eastern Orthodox,142782,2,1,0,0,0,0,0,1,1,0,7,2,0,0,0,0,1,0,0,0,0,1,1,0,0,1,1,0,2,1,2,0,0,1,8,9,2,10,1,1,1,1,0,1,1,0,0,0,0,1,1,0,2,3,1,4,0,0,0,1,0,0,0,0,1,1,1,0,1,2,5,1,1,0,0,0,3,0,1,0,0,0,0,0,0,0,0,0,0,0,0,0,0,0,0,0,1,0,1,1,1,0,0,0,0,0,0,0,3,30100000,Eastern Orthodox
Eastern Orthodox,335559,1,0,0,0,0,0,0,1,0,0,9,0,10,10,0,9,1,0,1,1,0,1,0,0,1,0,0,0,0,0,2,0,0,0,8,9,7,0,1,1,1,0,0,0,0,0,0,0,0,0,0,0,0,0,3,4,4,4,1,1,1,1,1,1,6,1,1,1,1,6,6,1,1,0,0,1,4,2,0,0,0,0,0,0,0,0,9,0,2,1,1,0,0,0,0,0,0,0,1,1,1,0,0,0,3,0,0,4,3,30100000,Eastern Orthodox
Eastern Orthodox,336323,1,0,0,0,0,0,0,1,0,0,7,0,10,10,0,0,1,0,1,0,0,1,1,0,1,0,0,0,0,0,2,0,0,0,4,9,3,0,0,0,0,0,0,0,0,0,0,0,0,0,0,0,0,0,3,3,3,0,10,2,0,4,8,9,0,8,7,6,6,8,8,10,10,0,0,9,8,8,0,0,0,0,0,0,0,0,5,0,0,0,0,0,0,0,0,0,0,0,0,0,0,0,0,0,0,0,0,4,3,30100000,Eastern Orthodox
Eastern Orthodox,219334,1,2,0,0,0,0,0,1,1,0,10,2,0,0,0,0,0,0,0,1,0,1,1,0,1,0,1,0,0,0,2,1,0,2,7,4,0,0,1,1,1,1,0,1,2,0,0,0,0,1,1,0,1,0,2,3,0,0,0,4,0,0,0,0,3,3,3,9,3,6,6,1,1,0,0,0,4,0,0,0,0,0,1,1,0,0,0,0,0,0,0,0,4,2,2,2,0,0,1,1,1,0,0,0,0,0,0,0,3,30100000,Eastern Orthodox
Eastern Orthodox,18094,1,2,0,0,0,0,0,1,1,0,10,2,0,0,0,0,1,0,0,1,0,1,0,1,1,0,0,0,3,4,1,0,0,1,8,8,3,6,1,1,1,1,0,1,1,0,0,0,0,1,0,0,1,2,4,3,0,0,0,1,0,0,0,0,1,5,1,1,1,5,5,3,1,0,0,0,2,0,0,0,0,0,0,0,0,0,0,0,0,0,1,0,0,0,0,0,1,0,1,1,1,0,0,0,0,0,0,0,3,30100000,Eastern Orthodox
Eastern Orthodox,145174,1,1,0,0,0,0,0,1,0,0,9,0,9,9,0,1,0,0,1,1,0,1,0,0,1,0,0,0,0,0,2,0,4,0,4,5,5,6,0,1,0,0,0,0,0,0,0,0,0,0,0,0,0,0,3,4,3,0,0,1,1,1,1,0,1,1,1,1,1,1,5,1,1,0,0,1,3,4,0,0,0,0,0,0,0,0,9,3,2,0,0,0,0,0,0,0,0,0,0,1,0,0,0,0,2,3,1,3,3,30100000,Eastern Orthodox
Eastern Orthodox,351360,2,3,0,0,0,0,0,0,0,0,6,0,5,5,10,0,0,1,1,1,1,1,0,0,0,0,0,0,0,0,2,0,1,0,5,1,1,5,0,0,0,0,6,0,0,0,0,0,0,1,0,0,1,0,3,3,0,0,0,6,0,0,0,0,10,10,10,10,10,5,6,5,5,0,0,0,7,0,0,0,0,0,0,0,0,0,5,0,0,0,0,0,4,2,4,2,0,0,0,0,0,0,0,0,0,0,0,2,3,30100000,Eastern Orthodox
Ethiopian Orthodox Tewahedo Church,132479,1,0,0,0,0,0,0,1,0,0,10,0,10,5,0,10,1,0,0,0,0,1,0,0,1,1,1,0,0,0,2,0,0,0,7,10,1,0,1,1,1,0,0,0,0,0,0,0,0,0,0,0,0,0,4,4,4,5,1,1,1,5,1,1,1,1,1,1,1,1,1,1,1,0,0,7,2,2,0,0,0,0,0,0,0,0,8,0,1,1,2,0,0,0,0,0,0,0,1,1,1,0,0,0,1,0,0,2,3,30202009,Ethiopian Orthodox Tewahedo Church
Ethiopian Orthodox Tewahedo Church,131990,1,0,0,0,0,0,0,1,0,0,10,0,10,10,0,0,0,0,1,1,1,0,0,1,0,0,0,0,0,0,2,0,0,0,1,10,1,0,1,1,1,0,0,0,0,0,0,0,0,0,0,0,0,0,4,4,4,0,1,1,1,1,1,1,1,1,1,0,1,1,1,1,1,0,0,1,2,1,0,0,0,0,0,0,0,0,10,0,1,1,2,0,0,0,0,0,0,0,1,1,1,0,0,0,4,0,0,2,3,30202009,Ethiopian Orthodox Tewahedo Church
Ethiopian Orthodox Tewahedo Church,132471,1,0,0,0,0,0,0,1,0,0,10,0,9,10,0,6,1,0,1,0,0,1,0,0,1,0,1,0,0,0,2,0,0,0,5,7,1,0,0,1,1,0,0,0,0,0,0,0,0,0,0,0,0,0,3,3,3,4,1,1,1,1,1,1,10,1,1,1,1,1,1,1,1,0,0,1,2,1,0,0,0,0,0,0,0,0,9,0,1,1,2,0,0,0,0,0,0,0,0,1,1,0,0,0,3,0,0,2,3,30202009,Ethiopian Orthodox Tewahedo Church
Ethiopian Orthodox Tewahedo Church,132135,1,0,0,0,0,0,0,1,0,0,10,0,10,10,0,9,0,0,1,0,0,1,0,0,0,0,1,0,0,0,2,0,0,0,9,10,9,0,1,1,1,0,0,0,0,0,0,0,0,0,0,0,0,0,2,3,3,4,1,1,1,1,1,1,1,1,1,1,1,1,1,1,1,0,0,1,2,2,0,0,0,0,0,0,0,0,9,0,2,1,2,0,0,0,0,0,0,0,1,1,1,0,0,0,3,0,0,2,3,30202009,Ethiopian Orthodox Tewahedo Church
Ethiopian Orthodox Tewahedo Church,131812,1,0,0,0,0,0,0,1,0,0,10,0,10,10,0,0,1,0,1,0,0,0,0,1,1,0,1,0,0,0,2,0,0,0,5,5,1,0,1,0,1,0,0,0,0,0,0,0,0,0,0,0,0,0,3,3,3,5,1,1,1,1,1,1,1,1,1,1,1,1,1,1,1,0,0,1,2,2,0,0,0,0,0,0,0,0,1,0,3,1,1,0,0,0,0,0,0,0,1,0,1,0,0,0,3,0,0,3,3,30202009,Ethiopian Orthodox Tewahedo Church
Ethiopian Orthodox Tewahedo Church,131508,1,0,0,0,0,0,0,1,0,0,10,0,10,9,0,9,1,0,0,0,0,0,0,0,0,0,0,0,0,0,1,0,0,0,7,8,1,0,0,0,1,0,0,0,0,0,0,0,0,0,0,0,0,0,3,3,3,5,1,1,1,1,1,1,1,1,1,1,1,1,1,1,1,0,0,1,2,3,0,0,0,0,0,0,0,0,1,0,1,1,1,0,0,0,0,0,0,0,0,0,1,0,0,0,1,0,0,4,3,30202009,Ethiopian Orthodox Tewahedo Church
Ethiopian Orthodox Tewahedo Church,132040,1,0,0,0,0,0,0,1,0,0,10,0,10,10,0,6,1,0,1,0,0,1,0,0,1,0,1,0,0,0,2,0,0,0,6,10,1,0,1,1,1,0,0,0,0,0,0,0,0,0,0,0,0,0,3,3,2,5,1,1,1,1,1,1,1,1,1,1,1,1,1,1,1,0,0,1,2,2,0,0,0,0,0,0,0,0,5,0,1,1,2,0,0,0,0,0,0,0,1,1,1,0,0,0,3,0,0,2,3,30202009,Ethiopian Orthodox Tewahedo Church
Ethiopian Orthodox Tewahedo Church,131744,1,0,0,0,0,0,0,1,0,0,10,0,10,10,0,6,1,1,1,0,0,1,0,1,0,0,0,0,0,0,2,0,0,0,1,5,1,0,1,1,1,0,0,0,0,0,0,0,0,0,0,0,0,0,3,3,3,4,1,1,1,1,1,1,1,1,1,1,1,1,1,1,1,0,0,1,1,2,0,0,0,0,0,0,0,0,10,0,1,1,1,0,0,0,0,0,0,0,1,1,1,0,0,0,1,0,0,2,3,30202009,Ethiopian Orthodox Tewahedo Church
Ethiopian Orthodox Tewahedo Church,132512,1,0,0,0,0,0,0,1,0,0,10,0,10,6,0,10,1,0,0,0,0,1,1,0,0,1,1,0,0,0,2,0,0,0,8,10,1,0,1,1,1,0,0,0,0,0,0,0,0,0,0,0,0,0,4,4,2,5,1,1,1,6,1,1,1,1,1,1,7,1,5,1,1,0,0,1,2,1,0,0,0,0,0,0,0,0,10,0,1,1,1,0,0,0,0,0,0,0,1,1,1,0,0,0,1,0,0,2,3,30202009,Ethiopian Orthodox Tewahedo Church
Ethiopian Orthodox Tewahedo Church,131634,1,0,0,0,0,0,0,1,0,0,10,0,9,10,0,8,0,1,0,0,0,0,0,1,0,1,1,0,0,0,2,0,0,0,5,8,1,0,1,1,1,0,0,0,0,0,0,0,0,0,0,0,0,0,3,3,3,4,1,2,1,6,1,1,2,1,1,1,1,1,1,1,1,0,0,1,2,2,0,0,0,0,0,0,0,0,4,0,2,1,2,0,0,0,0,0,0,0,1,1,1,0,0,0,3,0,0,1,3,30202009,Ethiopian Orthodox Tewahedo Church
Ethiopian Orthodox Tewahedo Church,132513,1,0,0,0,0,0,0,1,0,0,10,0,5,5,0,1,1,1,0,0,0,1,0,0,0,1,1,0,0,0,2,0,0,0,4,10,1,0,1,1,1,0,0,0,0,0,0,0,0,0,0,0,0,0,4,4,4,5,1,1,1,5,1,1,1,1,1,1,1,1,6,1,1,0,0,1,1,1,0,0,0,0,0,0,0,0,1,0,1,1,2,0,0,0,0,0,0,0,1,1,1,0,0,0,4,0,0,2,3,30202009,Ethiopian Orthodox Tewahedo Church
Ethiopian Orthodox Tewahedo Church,131467,1,0,0,0,0,0,0,1,0,0,10,0,10,8,0,9,1,1,1,0,0,1,0,0,0,0,1,0,0,0,2,0,0,0,10,10,1,0,1,1,1,0,0,0,0,0,0,0,0,0,0,0,0,0,2,3,3,5,1,1,1,7,1,1,5,1,1,1,5,4,5,1,1,0,0,1,1,1,0,0,0,0,0,0,0,0,1,0,1,1,2,0,0,0,0,0,0,0,1,1,1,0,0,0,1,0,0,3,3,30202009,Ethiopian Orthodox Tewahedo Church
Ethiopian Orthodox Tewahedo Church,132244,1,0,0,0,0,0,0,1,0,0,10,0,6,8,0,4,1,0,1,0,0,1,0,0,0,1,1,0,0,0,2,0,0,0,3,8,10,0,0,0,0,0,0,0,0,0,0,0,0,0,0,0,0,0,2,4,1,5,1,5,1,1,1,1,1,1,1,1,1,1,1,1,1,0,0,1,1,1,0,0,0,0,0,0,0,0,2,0,2,1,2,0,0,0,0,0,0,0,0,0,0,0,0,0,4,0,0,1,3,30202009,Ethiopian Orthodox Tewahedo Church
Ethiopian Orthodox Tewahedo Church,131869,1,0,0,0,0,0,0,1,0,0,10,0,3,10,0,10,1,1,1,1,0,1,0,0,0,0,0,0,0,0,2,0,0,0,6,3,5,0,1,1,1,0,0,0,0,0,0,0,0,0,0,0,0,0,4,4,4,5,1,1,1,1,1,1,1,1,1,1,1,1,1,1,1,0,0,1,1,1,0,0,0,0,0,0,0,0,10,0,1,1,2,0,0,0,0,0,0,0,1,1,1,0,0,0,3,0,0,4,3,30202009,Ethiopian Orthodox Tewahedo Church
Ethiopian Orthodox Tewahedo Church,132308,1,0,0,0,0,0,0,1,0,0,10,0,1,8,0,4,0,0,1,0,0,1,0,1,1,0,1,0,0,0,2,0,0,0,4,8,1,0,1,1,1,0,0,0,0,0,0,0,0,0,0,0,0,0,2,4,2,5,1,1,1,1,1,1,1,1,1,1,1,1,1,1,1,0,0,1,1,1,0,0,0,0,0,0,0,0,1,0,1,1,2,0,0,0,0,0,0,0,1,1,1,0,0,0,4,0,0,1,3,30202009,Ethiopian Orthodox Tewahedo Church
Ethiopian Orthodox Tewahedo Church,131658,1,0,0,0,0,0,0,1,0,0,10,0,9,10,0,10,1,0,1,1,0,0,0,0,1,0,1,0,0,0,2,0,0,0,5,8,1,0,1,1,1,0,0,0,0,0,0,0,0,0,0,0,0,0,3,4,3,5,1,1,1,1,1,1,1,1,1,1,2,2,5,1,1,0,0,1,1,2,0,0,0,0,0,0,0,0,10,0,1,1,2,0,0,0,0,0,0,0,1,1,1,0,0,0,4,0,0,4,3,30202009,Ethiopian Orthodox Tewahedo Church
Ethiopian Orthodox Tewahedo Church,131811,1,0,0,0,0,0,0,1,0,0,10,0,5,9,0,8,1,0,1,0,0,0,1,1,0,0,0,0,0,0,2,0,0,0,5,5,2,0,0,1,1,0,0,0,0,0,0,0,0,0,0,0,0,0,2,2,3,4,1,1,1,1,1,1,1,1,1,1,1,1,1,1,1,0,0,1,2,1,0,0,0,0,0,0,0,0,0,0,1,1,2,0,0,0,0,0,0,0,0,1,1,0,0,0,3,0,0,2,3,30202009,Ethiopian Orthodox Tewahedo Church
Ethiopian Orthodox Tewahedo Church,132193,1,0,0,0,0,0,0,1,0,0,10,0,6,8,0,4,1,0,1,0,0,1,0,0,1,0,1,0,0,0,1,0,0,0,3,6,1,0,1,1,1,0,0,0,0,0,0,0,0,0,0,0,0,0,3,3,3,0,1,1,1,1,1,1,1,1,1,0,1,1,1,1,1,0,0,1,1,1,0,0,0,0,0,0,0,0,5,0,1,1,1,0,0,0,0,0,0,0,1,1,1,0,0,0,2,0,0,2,3,30202009,Ethiopian Orthodox Tewahedo Church
Ethiopian Orthodox Tewahedo Church,132458,1,0,0,0,0,0,0,1,0,0,10,0,10,10,0,5,1,1,1,0,0,1,0,1,0,0,0,0,0,0,2,0,0,0,9,9,1,0,1,1,1,0,0,0,0,0,0,0,0,0,0,0,0,0,3,3,1,5,1,1,1,1,1,1,1,1,1,1,1,1,1,1,1,0,0,1,2,2,0,0,0,0,0,0,0,0,1,0,2,1,2,0,0,0,0,0,0,0,1,1,1,0,0,0,4,0,0,2,3,30202009,Ethiopian Orthodox Tewahedo Church
Ethiopian Orthodox Tewahedo Church,131745,1,0,0,0,0,0,0,1,0,0,10,0,10,10,0,4,1,1,1,0,0,0,0,1,1,0,0,0,0,0,2,0,0,0,4,5,1,0,1,0,1,0,0,0,0,0,0,0,0,0,0,0,0,0,3,3,2,5,1,1,1,1,1,1,1,1,1,1,1,1,1,1,1,0,0,1,1,1,0,0,0,0,0,0,0,0,3,0,1,1,2,0,0,0,0,0,0,0,1,0,1,0,0,0,3,0,0,2,3,30202009,Ethiopian Orthodox Tewahedo Church
Ethiopian Orthodox Tewahedo Church,131986,1,0,0,0,0,0,0,1,0,0,10,0,10,8,0,3,0,0,1,1,0,0,0,0,1,0,1,0,0,0,2,0,0,0,8,9,5,0,1,1,1,0,0,0,0,0,0,0,0,0,0,0,0,0,3,3,3,4,1,1,1,1,1,1,1,1,1,1,1,1,1,1,1,0,0,1,2,3,0,0,0,0,0,0,0,0,8,0,2,1,2,0,0,0,0,0,0,0,1,1,1,0,0,0,3,0,0,4,3,30202009,Ethiopian Orthodox Tewahedo Church
Ethiopian Orthodox Tewahedo Church,131856,1,0,0,0,0,0,0,1,0,0,10,0,10,10,0,4,0,1,1,0,0,1,0,0,1,0,1,0,0,0,2,0,0,0,6,10,1,0,0,1,1,0,0,0,0,0,0,0,0,0,0,0,0,0,2,4,2,5,1,1,1,6,1,1,1,1,1,1,7,1,1,1,1,0,0,1,1,1,0,0,0,0,0,0,0,0,1,0,1,1,1,0,0,0,0,0,0,0,0,1,1,0,0,0,1,0,0,2,3,30202009,Ethiopian Orthodox Tewahedo Church
Ethiopian Orthodox Tewahedo Church,131346,1,0,0,0,0,0,0,1,0,0,10,0,10,10,0,0,1,1,1,1,1,0,0,0,0,0,0,0,0,0,2,0,0,0,6,10,1,0,0,0,0,0,0,0,0,0,0,0,0,0,0,0,0,0,4,4,4,4,1,1,1,2,1,1,1,1,1,1,1,1,1,1,1,0,0,8,2,1,0,0,0,0,0,0,0,0,8,0,3,1,1,0,0,0,0,0,0,0,0,0,0,0,0,0,3,0,0,1,3,30202009,Ethiopian Orthodox Tewahedo Church
Ethiopian Orthodox Tewahedo Church,132527,1,0,0,0,0,0,0,1,0,0,10,0,6,7,0,5,1,0,0,0,0,0,0,0,1,0,1,0,0,0,1,0,0,0,8,7,1,0,1,1,1,0,0,0,0,0,0,0,0,0,0,0,0,0,4,4,2,5,1,1,1,1,2,1,1,1,1,1,1,1,1,1,2,0,0,1,2,2,0,0,0,0,0,0,0,0,3,0,1,1,2,0,0,0,0,0,0,0,1,1,1,0,0,0,2,0,0,2,3,30202009,Ethiopian Orthodox Tewahedo Church
Ethiopian Orthodox Tewahedo Church,131787,1,0,0,0,0,0,0,1,0,0,10,0,10,10,0,1,1,1,0,0,0,1,0,0,1,0,1,0,0,0,2,0,0,0,1,8,1,0,0,0,1,0,0,0,0,0,0,0,0,0,0,0,0,0,0,2,3,2,1,1,1,8,1,1,1,1,1,1,1,1,1,6,1,0,0,1,1,5,0,0,0,0,0,0,0,0,10,0,1,1,2,0,0,0,0,0,0,0,0,0,1,0,0,0,2,0,0,4,3,30202009,Ethiopian Orthodox Tewahedo Church
Ethiopian Orthodox Tewahedo Church,131457,1,0,0,0,0,0,0,1,0,0,10,0,10,9,0,10,1,1,1,0,0,0,0,1,1,0,0,0,0,0,2,0,0,0,10,10,1,0,1,1,1,0,0,0,0,0,0,0,0,0,0,0,0,0,2,3,3,5,1,1,1,1,1,1,1,1,1,1,1,2,5,7,1,0,0,4,2,2,0,0,0,0,0,0,0,0,8,0,3,0,0,0,0,0,0,0,0,0,1,1,1,0,0,0,4,0,0,2,3,30202009,Ethiopian Orthodox Tewahedo Church
Ethiopian Orthodox Tewahedo Church,131441,1,0,0,0,0,0,0,1,0,0,10,0,8,8,0,7,1,1,1,0,0,0,0,0,1,1,0,0,0,0,2,0,0,0,5,7,5,0,0,1,1,0,0,0,0,0,0,0,0,0,0,0,0,0,2,0,4,4,1,1,1,6,1,1,1,1,1,1,1,1,5,1,1,0,0,1,1,1,0,0,0,0,0,0,0,0,8,0,1,1,2,0,0,0,0,0,0,0,0,1,1,0,0,1,1,0,0,4,3,30202009,Ethiopian Orthodox Tewahedo Church
Ethiopian Orthodox Tewahedo Church,132560,1,0,0,0,0,0,0,1,0,0,10,0,10,10,0,5,1,0,1,0,0,1,0,0,0,1,1,0,0,0,2,0,0,0,8,10,1,0,1,1,1,0,0,0,0,0,0,0,0,0,0,0,0,0,4,4,3,5,1,1,1,1,1,1,1,1,1,1,1,1,1,1,1,0,0,1,1,1,0,0,0,0,0,0,0,0,1,0,1,1,2,0,0,0,0,0,0,0,1,1,1,0,0,0,2,0,0,3,3,30202009,Ethiopian Orthodox Tewahedo Church
Ethiopian Orthodox Tewahedo Church,132003,1,0,0,0,0,0,0,1,0,0,10,0,5,5,0,9,1,1,0,0,0,0,0,0,1,0,0,0,0,0,2,0,0,0,10,9,1,0,1,1,1,0,0,0,0,0,0,0,0,0,0,0,0,0,4,4,1,5,1,8,1,6,1,1,1,1,1,1,1,1,1,8,1,0,0,1,2,2,0,0,0,0,0,0,0,0,2,0,1,1,2,0,0,0,0,0,0,0,1,1,1,0,0,0,1,0,0,2,3,30202009,Ethiopian Orthodox Tewahedo Church
Ethiopian Orthodox Tewahedo Church,131400,1,0,0,0,0,0,0,1,0,0,10,0,2,3,0,5,1,1,0,0,0,1,0,1,1,0,0,0,0,0,2,0,0,0,5,10,3,0,1,0,1,0,0,0,0,0,0,0,0,0,0,0,0,0,1,3,4,5,1,2,1,4,1,1,1,1,1,1,4,2,1,3,1,0,0,1,1,1,0,0,0,0,0,0,0,0,1,0,1,1,2,0,0,0,0,0,0,0,1,0,1,0,0,0,1,0,0,4,3,30202009,Ethiopian Orthodox Tewahedo Church
Ethiopian Orthodox Tewahedo Church,132396,1,0,0,0,0,0,0,1,0,0,10,0,10,10,0,6,1,0,1,0,0,0,0,1,0,0,1,0,0,0,2,0,0,0,7,7,2,0,1,0,1,0,0,0,0,0,0,0,0,0,0,0,0,0,1,3,1,5,1,1,1,1,1,1,1,1,1,1,1,1,1,1,1,0,0,1,2,2,0,0,0,0,0,0,0,0,5,0,1,1,1,0,0,0,0,0,0,0,1,0,1,0,0,0,4,0,0,4,3,30202009,Ethiopian Orthodox Tewahedo Church
Ethiopian Orthodox Tewahedo Church,131860,1,0,0,0,0,0,0,1,0,0,10,0,10,10,0,7,1,0,1,0,0,0,0,1,0,0,1,0,0,0,2,0,0,0,5,5,2,0,0,0,1,0,0,0,0,0,0,0,0,0,0,0,0,0,3,3,2,5,1,1,1,1,1,1,1,1,1,1,1,1,1,1,1,0,0,1,4,3,0,0,0,0,0,0,0,0,6,0,1,1,2,0,0,0,0,0,0,0,0,0,1,0,0,0,4,0,0,2,3,30202009,Ethiopian Orthodox Tewahedo Church
Ethiopian Orthodox Tewahedo Church,132561,1,0,0,0,0,0,0,1,0,0,10,0,10,10,0,6,1,0,0,0,0,1,0,0,1,1,1,0,0,0,2,0,0,0,8,10,1,0,1,1,1,0,0,0,0,0,0,0,0,0,0,0,0,0,3,3,3,5,1,1,1,1,1,1,1,1,1,1,1,1,1,1,1,0,0,1,2,2,0,0,0,0,0,0,0,0,1,0,2,1,1,0,0,0,0,0,0,0,1,1,1,0,0,0,2,0,0,2,3,30202009,Ethiopian Orthodox Tewahedo Church
Ethiopian Orthodox Tewahedo Church,131892,1,0,0,0,0,0,0,1,0,0,10,0,8,10,0,10,1,0,1,0,0,0,0,0,0,0,0,0,0,0,2,0,0,0,7,10,1,0,1,1,1,0,0,0,0,0,0,0,0,0,0,0,0,0,1,1,1,0,1,1,1,1,1,1,1,1,1,1,1,1,1,1,1,0,0,1,1,1,0,0,0,0,0,0,0,0,1,0,1,1,2,0,0,0,0,0,0,0,1,1,1,0,0,0,1,0,0,4,3,30202009,Ethiopian Orthodox Tewahedo Church
Ethiopian Orthodox Tewahedo Church,131496,1,0,0,0,0,0,0,1,0,0,9,0,2,2,0,9,1,0,0,0,0,1,0,0,1,1,1,0,0,0,2,0,0,0,8,7,2,0,1,1,1,0,0,0,0,0,0,0,0,0,0,0,0,0,3,3,3,4,10,9,9,9,10,10,9,9,9,9,9,9,6,10,10,0,0,9,2,3,0,0,0,0,0,0,0,0,2,0,1,0,0,0,0,0,0,0,0,0,1,1,1,0,0,0,3,0,0,2,3,30202009,Ethiopian Orthodox Tewahedo Church
Ethiopian Orthodox Tewahedo Church,132098,1,0,0,0,0,0,0,1,0,0,10,0,10,10,0,10,1,0,1,0,0,1,1,0,1,0,0,0,0,0,2,0,0,0,1,3,1,0,0,1,1,0,0,0,0,0,0,0,0,0,0,0,0,0,4,4,4,5,1,1,1,1,1,1,1,1,1,1,1,1,1,1,1,0,0,1,1,1,0,0,0,0,0,0,0,0,10,0,1,1,2,0,0,0,0,0,0,0,0,1,1,0,0,1,4,0,0,4,3,30202009,Ethiopian Orthodox Tewahedo Church
Ethiopian Orthodox Tewahedo Church,131987,1,0,0,0,0,0,0,1,0,0,10,0,9,8,0,3,0,0,1,0,0,1,0,0,0,0,1,0,0,0,2,0,0,0,9,9,8,0,0,1,1,0,0,0,0,0,0,0,0,0,0,0,0,0,3,3,3,4,1,1,1,1,1,1,1,1,1,1,1,1,1,1,1,0,0,1,2,3,0,0,0,0,0,0,0,0,7,0,2,1,2,0,0,0,0,0,0,0,0,1,1,0,0,0,3,0,0,3,3,30202009,Ethiopian Orthodox Tewahedo Church
Ethiopian Orthodox Tewahedo Church,131734,1,0,0,0,0,0,0,1,0,0,10,0,7,0,0,3,0,0,0,0,0,1,1,0,0,0,1,0,0,0,2,0,0,0,5,5,3,0,1,1,1,0,0,0,0,0,0,0,0,0,0,0,0,0,2,3,2,4,2,2,2,2,2,2,2,2,2,2,2,2,2,2,2,0,0,2,2,3,0,0,0,0,0,0,0,0,5,0,3,1,2,0,0,0,0,0,0,0,1,1,1,0,0,0,3,0,0,2,3,30202009,Ethiopian Orthodox Tewahedo Church
Ethiopian Orthodox Tewahedo Church,132362,1,0,0,0,0,0,0,1,0,0,10,0,10,10,0,10,1,0,1,1,0,0,0,0,1,0,1,0,0,0,2,0,0,0,5,10,1,0,0,1,1,0,0,0,0,0,0,0,0,0,0,0,0,0,2,3,2,0,1,10,1,5,1,1,1,1,1,0,5,1,5,1,1,0,0,1,2,2,0,0,0,0,0,0,0,0,0,0,2,1,1,0,0,0,0,0,0,0,0,1,1,0,0,0,2,0,0,2,3,30202009,Ethiopian Orthodox Tewahedo Church
Ethiopian Orthodox Tewahedo Church,132518,1,0,0,0,0,0,0,1,0,0,10,0,10,10,0,10,1,0,1,0,0,1,0,1,1,0,0,0,0,0,2,0,0,0,10,10,1,0,1,1,1,0,0,0,0,0,0,0,0,0,0,0,0,0,3,3,3,5,1,1,1,1,1,1,1,1,1,1,1,1,1,1,1,0,0,1,1,2,0,0,0,0,0,0,0,0,10,0,1,1,1,0,0,0,0,0,0,0,1,1,1,0,0,0,3,0,0,2,3,30202009,Ethiopian Orthodox Tewahedo Church
Ethiopian Orthodox Tewahedo Church,131891,1,0,0,0,0,0,0,1,0,0,10,0,1,5,0,10,1,0,0,0,0,0,0,0,1,0,0,0,0,0,2,0,0,0,5,10,1,0,1,1,1,0,0,0,0,0,0,0,0,0,0,0,0,0,4,4,1,0,1,1,1,1,1,1,1,1,1,1,1,1,1,1,1,0,0,1,1,1,0,0,0,0,0,0,0,0,1,0,1,1,1,0,0,0,0,0,0,0,1,1,1,0,0,0,1,0,0,4,3,30202009,Ethiopian Orthodox Tewahedo Church
Ethiopian Orthodox Tewahedo Church,131813,1,0,0,0,0,0,0,1,0,0,10,0,10,10,0,6,1,1,0,1,0,0,0,0,0,1,1,0,0,0,2,0,0,0,10,10,1,0,1,1,1,0,0,0,0,0,0,0,0,0,0,0,0,0,1,1,1,5,1,1,2,1,1,1,1,1,1,1,1,1,1,1,1,0,0,1,3,1,0,0,0,0,0,0,0,0,7,0,2,1,2,0,0,0,0,0,0,0,1,1,1,0,0,0,2,0,0,2,3,30202009,Ethiopian Orthodox Tewahedo Church
Ethiopian Orthodox Tewahedo Church,131739,1,0,0,0,0,0,0,1,0,0,10,0,6,7,0,8,1,0,1,0,0,1,0,1,1,0,0,0,0,0,2,0,0,0,5,8,1,0,0,1,1,0,0,0,0,0,0,0,0,0,0,0,0,0,3,4,3,5,1,1,1,5,1,1,1,1,1,1,1,1,6,1,1,0,0,1,1,1,0,0,0,0,0,0,0,0,1,0,1,1,2,0,0,0,0,0,0,0,0,1,1,0,0,0,3,0,0,3,3,30202009,Ethiopian Orthodox Tewahedo Church
Ethiopian Orthodox Tewahedo Church,131358,2,0,0,0,0,0,0,1,0,0,10,0,10,10,0,1,1,1,0,1,0,1,0,0,0,1,0,0,0,0,2,0,0,0,5,5,1,0,0,0,0,0,0,0,0,0,0,0,0,0,0,0,0,0,4,4,3,5,1,1,1,3,1,1,1,1,1,1,1,4,6,2,1,0,0,3,3,1,0,0,0,0,0,0,0,0,1,0,3,0,0,0,0,0,0,0,0,0,0,0,0,0,0,0,4,0,0,1,3,30202009,Ethiopian Orthodox Tewahedo Church
Ethiopian Orthodox Tewahedo Church,132324,1,0,0,0,0,0,0,1,0,0,10,0,8,8,0,0,1,0,1,0,1,0,0,1,0,0,1,0,0,0,2,0,0,0,6,10,2,0,1,1,1,0,0,0,0,0,0,0,0,0,0,0,0,0,2,4,1,0,1,1,1,3,1,1,1,1,1,1,1,1,3,1,1,0,0,2,4,5,0,0,0,0,0,0,0,0,2,0,1,1,1,0,0,0,0,0,0,0,1,1,1,0,0,0,2,0,0,2,3,30202009,Ethiopian Orthodox Tewahedo Church
Ethiopian Orthodox Tewahedo Church,132492,1,0,0,0,0,0,0,1,0,0,10,0,10,10,0,10,1,1,1,0,0,0,0,0,1,0,1,0,0,0,2,0,0,0,10,10,1,0,1,1,1,0,0,0,0,0,0,0,0,0,0,0,0,0,3,3,1,5,1,1,1,5,1,1,1,1,1,1,1,1,6,1,1,0,0,1,2,2,0,0,0,0,0,0,0,0,10,0,2,1,2,0,0,0,0,0,0,0,1,1,1,0,0,0,2,0,0,2,3,30202009,Ethiopian Orthodox Tewahedo Church
Ethiopian Orthodox Tewahedo Church,131353,1,0,0,0,0,0,0,1,0,0,10,0,8,8,0,6,1,0,0,0,0,1,0,1,1,0,1,0,0,0,2,0,0,0,6,5,5,0,1,1,1,0,0,0,0,0,0,0,0,0,0,0,0,0,2,3,3,5,2,2,1,5,1,1,1,2,1,1,2,1,4,3,3,0,0,6,1,2,0,0,0,0,0,0,0,0,5,0,1,1,2,0,0,0,0,0,0,0,1,1,1,0,0,0,3,0,0,2,3,30202009,Ethiopian Orthodox Tewahedo Church
Ethiopian Orthodox Tewahedo Church,132433,1,0,0,0,0,0,0,1,0,0,10,0,10,10,0,8,1,1,0,0,0,1,1,0,0,0,1,0,0,0,2,0,0,0,1,10,1,0,1,1,1,0,0,0,0,0,0,0,0,0,0,0,0,0,3,3,4,5,1,1,1,1,1,1,1,1,1,1,1,1,1,1,1,0,0,1,2,1,0,0,0,0,0,0,0,0,7,0,1,1,2,0,0,0,0,0,0,0,1,1,1,0,0,0,3,0,0,2,3,30202009,Ethiopian Orthodox Tewahedo Church
Ethiopian Orthodox Tewahedo Church,132165,1,0,0,0,0,0,0,1,0,0,10,0,5,8,0,5,1,0,1,0,0,1,0,0,1,0,1,0,0,0,1,0,0,0,5,5,1,0,1,1,1,0,0,0,0,0,0,0,0,0,0,0,0,0,3,3,2,0,1,1,1,1,1,1,1,1,1,10,1,1,1,1,1,0,0,1,2,1,0,0,0,0,0,0,0,0,1,0,2,1,2,0,0,0,0,0,0,0,1,1,1,0,0,0,2,0,0,2,3,30202009,Ethiopian Orthodox Tewahedo Church
Ethiopian Orthodox Tewahedo Church,131983,1,0,0,0,0,0,0,1,0,0,10,0,8,9,0,2,1,0,1,0,1,0,0,0,0,1,1,0,0,0,2,0,0,0,6,8,1,0,1,1,1,0,0,0,0,0,0,0,0,0,0,0,0,0,4,4,1,0,1,1,1,8,1,1,1,1,1,1,1,1,1,1,1,0,0,1,3,5,0,0,0,0,0,0,0,0,2,0,1,0,0,0,0,0,0,0,0,0,1,1,1,0,0,0,1,0,0,3,3,30202009,Ethiopian Orthodox Tewahedo Church
Ethnic religions excluding some in separate,387699,3,0,0,0,0,0,0,1,0,0,6,0,10,10,0,6,1,1,0,1,0,1,0,1,0,0,0,0,0,0,1,0,0,0,10,10,1,0,1,1,1,0,0,0,0,0,0,0,0,0,0,0,0,0,3,3,4,1,1,1,1,7,1,1,1,1,1,5,1,1,10,6,1,0,0,5,3,7,0,0,0,0,0,0,0,0,5,0,3,1,1,0,0,0,0,0,0,0,1,1,1,0,0,0,3,0,0,2,9,90200000,Ethnic religions excluding some in separate
Ethnic religions excluding some in separate,388192,3,0,0,0,0,0,0,1,0,0,4,0,5,4,0,4,0,1,0,0,0,1,0,1,0,0,0,0,0,0,2,0,0,0,3,7,7,0,0,0,0,0,0,0,0,0,0,0,0,0,0,0,0,0,3,3,1,4,1,1,2,2,1,1,2,1,1,2,1,2,3,8,1,0,0,1,4,5,0,0,0,0,0,0,0,0,3,0,3,0,0,0,0,0,0,0,0,0,0,0,0,0,0,0,3,0,0,3,9,90200000,Ethnic religions excluding some in separate
Ethnic religions excluding some in separate,388707,3,0,0,0,0,0,0,1,0,0,6,0,7,7,0,7,1,1,1,0,0,1,1,0,0,0,0,0,0,0,1,0,0,0,7,10,7,0,0,0,0,0,0,0,0,0,0,0,0,0,0,0,0,0,3,3,3,5,1,2,1,2,1,1,1,1,1,1,1,2,1,2,1,0,0,2,4,3,0,0,0,0,0,0,0,0,7,0,2,0,0,0,0,0,0,0,0,0,0,0,0,0,0,0,3,0,0,2,9,90200000,Ethnic religions excluding some in separate
Ethnic religions excluding some in separate,387721,3,0,0,0,0,0,0,1,0,0,5,0,6,8,0,3,1,1,0,1,0,1,1,0,0,0,0,0,0,0,1,0,0,0,8,10,1,0,0,0,0,0,0,0,0,0,0,0,0,0,0,0,0,0,3,3,3,3,1,2,1,1,1,1,1,1,1,5,5,5,5,3,1,0,0,5,4,2,0,0,0,0,0,0,0,0,5,0,3,1,1,0,0,0,0,0,0,0,0,0,0,0,0,0,3,0,0,3,9,90200000,Ethnic religions excluding some in separate
Ethnic religions excluding some in separate,388596,2,0,0,0,0,0,0,1,0,0,8,0,5,5,0,3,1,1,1,1,0,0,1,0,0,0,0,0,0,0,2,0,0,0,8,7,2,0,1,1,1,0,0,0,0,0,0,0,0,0,0,0,0,0,2,2,3,4,3,6,1,5,2,1,3,2,4,3,1,2,1,3,1,0,0,4,1,1,0,0,0,0,0,0,0,0,6,0,2,1,2,0,0,0,0,0,0,0,1,1,1,0,0,0,2,0,0,3,9,90200000,Ethnic religions excluding some in separate
Ethnic religions excluding some in separate,388824,3,0,0,0,0,0,0,1,0,0,6,0,9,10,0,3,0,1,1,1,0,1,1,0,0,0,0,0,0,0,2,0,0,0,6,7,1,0,1,1,0,0,0,0,0,0,0,0,0,0,0,0,0,0,3,3,3,4,1,1,1,5,1,1,1,1,1,1,1,1,1,5,1,0,0,5,4,7,0,0,0,0,0,0,0,0,5,0,3,1,2,0,0,0,0,0,0,0,1,1,0,0,0,0,4,0,0,2,9,90200000,Ethnic religions excluding some in separate
Ethnic religions excluding some in separate,388055,1,0,0,0,0,0,0,1,0,0,5,0,2,8,0,3,1,0,0,1,0,1,1,0,0,1,0,0,0,0,2,0,0,0,7,5,2,0,0,1,1,0,0,0,0,0,0,0,0,0,0,0,0,0,3,3,3,4,1,2,1,6,1,1,2,1,1,1,2,2,3,5,1,0,0,8,3,5,0,0,0,0,0,0,0,0,4,0,3,1,1,0,0,0,0,0,0,0,0,1,1,0,0,0,3,0,0,2,9,90200000,Ethnic religions excluding some in separate
Ethnic religions excluding some in separate,387681,3,0,0,0,0,0,0,1,0,0,3,0,8,4,0,5,1,1,0,1,0,1,1,0,0,0,0,0,0,0,2,0,0,0,6,4,3,0,0,0,0,0,0,0,0,0,0,0,0,0,0,0,0,0,4,4,3,4,1,1,1,6,6,1,1,1,1,9,10,7,7,8,6,0,0,9,4,4,0,0,0,0,0,0,0,0,7,0,4,0,0,0,0,0,0,0,0,0,0,0,0,0,0,0,4,0,0,2,9,90200000,Ethnic religions excluding some in separate
Ethnic religions excluding some in separate,387727,2,0,0,0,0,0,0,1,0,0,6,0,8,8,0,8,1,1,0,1,1,0,0,0,0,0,1,0,0,0,2,0,0,0,8,10,1,0,1,1,0,0,0,0,0,0,0,0,0,0,0,0,0,0,2,3,3,2,3,4,1,2,1,1,3,2,2,4,3,3,2,2,1,0,0,2,1,2,0,0,0,0,0,0,0,0,2,0,3,0,0,0,0,0,0,0,0,0,1,1,0,0,0,0,3,0,0,3,9,90200000,Ethnic religions excluding some in separate
Ethnic religions excluding some in separate,388330,2,0,0,0,0,0,0,1,0,0,8,0,5,5,0,5,1,1,0,1,0,0,0,0,0,1,0,0,0,0,2,0,0,0,8,8,8,0,1,1,0,0,0,0,0,0,0,0,0,0,0,0,0,0,3,3,3,2,5,3,1,2,2,2,1,2,2,8,5,5,8,8,2,0,0,5,4,3,0,0,0,0,0,0,0,0,8,0,3,1,1,0,0,0,0,0,0,0,1,1,0,0,0,0,3,0,0,2,9,90200000,Ethnic religions excluding some in separate
Ethnic religions excluding some in separate,307614,2,3,0,0,0,0,0,1,1,0,10,2,0,0,0,0,1,0,1,0,0,0,0,0,1,1,1,0,4,1,2,0,0,2,8,6,7,5,1,1,1,1,0,1,1,0,0,0,0,1,1,0,0,3,2,3,0,0,0,3,0,0,0,0,3,4,3,2,2,1,2,2,2,0,0,0,3,0,1,0,0,0,0,0,0,0,0,0,0,0,0,0,0,0,0,0,1,0,1,1,1,0,0,0,0,0,0,0,9,90200000,Ethnic religions excluding some in separate
Ethnic religions excluding some in separate,387688,2,0,0,0,0,0,0,1,0,0,6,0,6,6,0,5,1,1,0,1,1,0,0,1,0,0,0,0,0,0,2,0,0,0,9,9,5,0,1,1,1,0,0,0,0,0,0,0,0,0,0,0,0,0,4,4,3,1,1,4,1,3,1,1,1,1,1,10,10,5,5,10,3,0,0,5,7,4,0,0,0,0,0,0,0,0,6,0,3,0,0,0,0,0,0,0,0,0,1,1,1,0,0,0,4,0,0,3,9,90200000,Ethnic religions excluding some in separate
Ethnic religions excluding some in separate,388746,3,0,0,0,0,0,0,1,0,0,5,0,7,6,0,6,0,1,0,1,0,0,0,1,0,1,0,0,0,0,2,0,0,0,5,7,4,0,1,1,1,0,0,0,0,0,0,0,0,0,0,0,0,0,3,3,2,4,4,7,4,5,4,4,5,3,4,4,4,4,4,5,4,0,0,5,8,6,0,0,0,0,0,0,0,0,5,0,3,0,0,0,0,0,0,0,0,0,1,1,1,0,0,0,3,0,0,3,9,90200000,Ethnic religions excluding some in separate
Ethnic religions excluding some in separate,388524,3,0,0,0,0,0,0,1,0,0,6,0,8,9,0,7,1,1,0,1,0,1,1,0,0,0,0,0,0,0,2,0,0,0,7,7,6,0,1,1,1,0,0,0,0,0,0,0,0,0,0,0,0,0,3,3,3,2,1,5,1,6,5,1,1,1,1,8,2,4,7,7,4,0,0,7,4,7,0,0,0,0,0,0,0,0,2,0,3,0,0,0,0,0,0,0,0,0,1,1,1,0,0,0,4,0,0,2,9,90200000,Ethnic religions excluding some in separate
Ethnic religions excluding some in separate,388273,3,0,0,0,0,0,0,1,0,0,2,0,9,9,0,6,1,1,1,1,0,0,1,0,0,0,0,0,0,0,2,0,0,0,8,10,6,0,1,1,1,0,0,0,0,0,0,0,0,0,0,0,0,0,2,3,3,4,2,2,2,8,1,1,2,1,1,1,8,1,8,8,6,0,0,8,1,7,0,0,0,0,0,0,0,0,8,0,3,0,0,0,0,0,0,0,0,0,1,1,1,0,0,0,4,0,0,2,9,90200000,Ethnic religions excluding some in separate
Ethnic religions excluding some in separate,388503,4,0,0,0,0,0,0,0,0,0,2,0,9,9,0,3,1,0,1,1,0,1,0,0,0,1,0,0,0,0,1,0,0,0,10,8,2,0,0,0,0,0,0,0,0,0,0,0,0,0,0,0,0,0,2,3,3,2,1,2,1,4,1,1,1,1,1,6,5,5,8,9,1,0,0,8,8,5,0,0,0,0,0,0,0,0,2,0,4,0,0,0,0,0,0,0,0,0,0,0,0,0,0,0,3,0,0,2,9,90200000,Ethnic religions excluding some in separate
Ethnic religions excluding some in separate,388700,3,0,0,0,0,0,0,1,0,0,6,0,7,6,0,4,1,0,0,1,0,1,1,0,0,1,0,0,0,0,2,0,0,0,6,7,7,0,1,1,0,0,0,0,0,0,0,0,0,0,0,0,0,0,3,3,3,3,2,3,3,7,2,1,3,2,2,4,5,5,6,4,3,0,0,6,4,5,0,0,0,0,0,0,0,0,5,0,3,1,1,0,0,0,0,0,0,0,1,1,0,0,0,0,3,0,0,2,9,90200000,Ethnic religions excluding some in separate
Ethnic religions excluding some in separate,310781,1,0,0,0,0,0,0,1,0,0,10,0,8,8,0,10,1,0,0,1,0,1,0,0,1,0,1,0,0,0,2,0,0,0,10,10,1,0,1,1,1,0,0,0,0,0,0,0,0,0,0,0,0,0,2,3,2,2,9,3,1,2,1,1,2,1,1,2,1,1,3,1,1,0,0,1,2,1,0,0,0,0,0,0,0,0,8,0,2,1,2,0,0,0,0,0,0,0,1,1,1,0,0,0,1,0,0,2,9,90200000,Ethnic religions excluding some in separate
Ethnic religions excluding some in separate,387941,3,0,0,0,0,0,0,1,0,0,6,0,10,7,0,2,0,1,0,1,1,1,0,1,0,0,0,0,0,0,2,0,0,0,6,6,5,0,1,1,1,0,0,0,0,0,0,0,0,0,0,0,0,0,3,4,3,1,2,1,1,5,2,1,1,3,2,10,5,5,5,7,5,0,0,5,4,5,0,0,0,0,0,0,0,0,3,0,3,0,0,0,0,0,0,0,0,0,1,1,1,0,0,0,4,0,0,3,9,90200000,Ethnic religions excluding some in separate
Ethnic religions excluding some in separate,388729,3,0,0,0,0,0,0,1,0,0,8,0,7,7,0,4,1,1,1,1,0,1,0,0,0,0,0,0,0,0,2,0,0,0,8,3,10,0,1,0,1,0,0,0,0,0,0,0,0,0,0,0,0,0,3,2,2,5,1,3,1,1,1,1,3,1,1,1,1,1,3,10,1,0,0,1,4,2,0,0,0,0,0,0,0,0,4,0,4,0,0,0,0,0,0,0,0,0,1,0,1,0,0,0,3,0,0,4,9,90200000,Ethnic religions excluding some in separate
Ethnic religions excluding some in separate,388226,1,0,0,0,0,0,0,1,0,0,10,0,10,10,0,1,1,0,1,1,0,1,1,0,0,0,0,0,0,0,2,0,0,0,1,5,1,0,1,1,1,0,0,0,0,0,0,0,0,0,0,0,0,0,2,2,2,2,1,1,1,5,1,1,1,1,1,1,1,1,6,6,1,0,0,6,4,5,0,0,0,0,0,0,0,0,10,0,3,1,2,0,0,0,0,0,0,0,1,1,1,0,0,0,3,0,0,2,9,90200000,Ethnic religions excluding some in separate
Ethnic religions excluding some in separate,388131,2,0,0,0,0,0,0,0,0,0,3,0,10,10,0,10,1,1,0,1,0,1,0,1,0,0,0,0,0,0,2,0,0,0,5,10,1,0,0,0,0,0,0,0,0,0,0,0,0,0,0,0,0,0,2,4,3,5,1,1,1,10,1,10,1,1,1,1,1,1,1,10,1,0,0,10,8,5,0,0,0,0,0,0,0,0,3,0,4,0,0,0,0,0,0,0,0,0,0,0,0,0,0,0,4,0,0,3,9,90200000,Ethnic religions excluding some in separate
Ethnic religions excluding some in separate,387764,3,0,0,0,0,0,0,1,0,0,7,0,9,9,0,3,0,1,0,1,0,1,0,1,0,0,0,0,0,0,1,0,0,0,8,8,2,0,1,1,1,0,0,0,0,0,0,0,0,0,0,0,0,0,4,4,4,3,1,3,2,4,2,2,3,2,2,2,2,4,5,6,5,0,0,6,3,1,0,0,0,0,0,0,0,0,2,0,3,1,2,0,0,0,0,0,0,0,1,1,1,0,0,0,3,0,0,2,9,90200000,Ethnic religions excluding some in separate
Ethnic religions excluding some in separate,388338,3,0,0,0,0,0,0,1,0,0,9,0,6,8,0,3,1,1,1,0,0,1,1,0,0,0,0,0,0,0,2,0,0,0,5,8,4,0,1,1,1,0,0,0,0,0,0,0,0,0,0,0,0,0,3,2,3,5,5,5,3,4,5,5,3,3,3,3,3,3,3,3,3,0,0,8,2,1,0,0,0,0,0,0,0,0,3,0,3,0,0,0,0,0,0,0,0,0,1,1,1,0,0,1,3,0,0,3,9,90200000,Ethnic religions excluding some in separate
Ethnic religions excluding some in separate,388726,3,0,0,0,0,0,0,1,0,0,8,0,8,7,0,9,1,0,1,1,0,1,0,1,0,0,0,0,0,0,2,0,0,0,8,7,5,0,1,1,1,0,0,0,0,0,0,0,0,0,0,0,0,0,4,4,4,1,3,6,2,3,3,1,4,4,3,10,10,4,9,10,7,0,0,10,4,5,0,0,0,0,0,0,0,0,9,0,4,0,0,0,0,0,0,0,0,0,1,1,1,0,0,0,4,0,0,2,9,90200000,Ethnic religions excluding some in separate
Ethnic religions excluding some in separate,387944,2,0,0,0,0,0,0,1,0,0,8,0,10,8,0,5,1,1,0,1,1,1,0,0,0,0,0,0,0,0,2,0,0,0,7,8,6,0,0,1,1,0,0,0,0,0,0,0,0,0,0,0,0,0,4,4,4,1,1,1,1,7,2,1,1,2,2,8,6,6,7,8,6,0,0,7,4,5,0,0,0,0,0,0,0,0,3,0,3,0,0,0,0,0,0,0,0,0,0,1,1,0,0,0,4,0,0,2,9,90200000,Ethnic religions excluding some in separate
Ethnic religions excluding some in separate,388842,2,0,0,0,0,0,0,1,0,0,5,0,10,10,0,5,1,1,0,1,0,1,0,0,0,1,0,0,0,0,1,0,0,0,10,10,5,0,1,1,1,0,0,0,0,0,0,0,0,0,0,0,0,0,3,4,3,4,1,5,1,1,1,1,1,1,1,5,1,1,5,5,1,0,0,5,7,7,0,0,0,0,0,0,0,0,5,0,2,1,1,0,0,0,0,0,0,0,1,1,1,0,0,0,3,0,0,2,9,90200000,Ethnic religions excluding some in separate
Ethnic religions excluding some in separate,387725,2,0,0,0,0,0,0,1,0,0,5,0,7,4,0,5,1,1,1,1,0,0,0,1,0,0,0,0,0,0,2,0,0,0,5,5,4,0,1,1,1,0,0,0,0,0,0,0,0,0,0,0,0,0,3,3,3,3,1,5,1,5,1,1,3,1,1,5,5,1,5,5,1,0,0,5,4,3,0,0,0,0,0,0,0,0,7,0,3,1,1,0,0,0,0,0,0,0,1,1,1,0,0,0,3,0,0,2,9,90200000,Ethnic religions excluding some in separate
Ethnic religions excluding some in separate,387716,3,0,0,0,0,0,0,0,0,0,5,0,6,7,0,5,1,0,1,0,1,0,1,0,0,1,0,0,0,0,2,0,0,0,6,5,4,0,0,0,0,0,0,0,0,0,0,0,0,0,0,0,0,0,3,3,3,4,3,6,5,5,5,3,4,4,4,3,3,3,3,2,2,0,0,2,4,3,0,0,0,0,0,0,0,0,5,0,3,1,1,0,0,0,0,0,0,0,0,0,0,0,0,0,3,0,0,2,9,90200000,Ethnic religions excluding some in separate
Ethnic religions excluding some in separate,388806,2,0,0,0,0,0,0,1,0,0,5,0,5,7,0,8,0,0,1,1,0,1,1,0,0,0,1,0,0,0,2,0,0,0,8,6,6,0,0,0,0,0,0,0,0,0,0,0,0,0,0,0,0,0,3,3,3,4,1,1,1,1,1,1,1,3,1,1,2,3,1,1,2,0,0,2,1,4,0,0,0,0,0,0,0,0,5,0,4,1,2,0,0,0,0,0,0,0,0,0,0,0,0,0,1,0,0,3,9,90200000,Ethnic religions excluding some in separate
Ethnic religions excluding some in separate,388047,3,0,0,0,0,0,0,1,0,0,6,0,7,6,0,7,0,1,0,1,1,1,0,0,0,1,0,0,0,0,1,0,0,0,7,7,5,0,1,1,1,0,0,0,0,0,0,0,0,0,0,0,0,0,3,3,3,3,4,6,3,3,3,3,4,3,3,6,5,5,5,5,4,0,0,5,3,4,0,0,0,0,0,0,0,0,7,0,3,1,1,0,0,0,0,0,0,0,1,1,1,0,0,0,3,0,0,2,9,90200000,Ethnic religions excluding some in separate
Ethnic religions excluding some in separate,388691,3,0,0,0,0,0,0,1,0,0,3,0,5,8,0,3,1,0,0,1,0,1,0,1,0,1,0,0,0,0,2,0,0,0,7,8,5,0,1,1,1,0,0,0,0,0,0,0,0,0,0,0,0,0,3,4,4,4,5,2,1,5,3,1,4,1,3,7,5,5,5,7,5,0,0,5,8,7,0,0,0,0,0,0,0,0,1,0,3,0,0,0,0,0,0,0,0,0,1,1,1,0,0,0,3,0,0,3,9,90200000,Ethnic religions excluding some in separate
Ethnic religions excluding some in separate,387659,2,0,0,0,0,0,0,1,0,0,5,0,6,6,0,5,0,1,0,1,1,1,0,0,0,1,0,0,0,0,2,0,0,0,5,6,6,0,0,0,0,0,0,0,0,0,0,0,0,0,0,0,0,0,3,4,4,2,3,4,2,4,3,3,4,5,3,5,5,5,5,6,5,0,0,6,6,5,0,0,0,0,0,0,0,0,5,0,3,0,0,0,0,0,0,0,0,0,0,0,0,0,0,0,4,0,0,2,9,90200000,Ethnic religions excluding some in separate
Ethnic religions excluding some in separate,310833,1,0,0,0,0,0,0,1,0,0,10,0,10,10,0,10,1,1,1,1,0,0,0,0,0,1,0,0,0,0,2,0,0,0,10,8,1,0,1,1,1,0,0,0,0,0,0,0,0,0,0,0,0,0,3,3,2,3,1,4,10,10,10,5,7,7,6,10,9,10,10,10,10,0,0,8,2,1,0,0,0,0,0,0,0,0,10,0,2,1,2,0,0,0,0,0,0,0,1,1,1,0,0,0,3,0,0,2,9,90200000,Ethnic religions excluding some in separate
Ethnic religions excluding some in separate,388670,4,0,0,0,0,0,0,0,0,0,2,0,7,5,0,9,0,1,0,1,1,1,0,1,0,0,0,0,0,0,2,0,0,0,4,3,9,0,0,0,0,0,0,0,0,0,0,0,0,0,0,0,0,0,2,3,3,2,3,1,1,6,3,1,1,1,1,6,5,4,6,7,3,0,0,6,8,8,0,0,0,0,0,0,0,0,8,0,3,0,0,0,0,0,0,0,0,0,0,0,0,0,0,1,4,0,0,3,9,90200000,Ethnic religions excluding some in separate
Ethnic religions excluding some in separate,306661,2,3,0,0,0,0,0,1,1,0,10,1,0,0,0,0,1,1,1,0,0,1,0,1,0,0,0,0,1,4,2,0,0,2,5,7,1,8,1,1,1,1,0,1,1,0,0,0,0,1,1,1,1,1,4,4,0,0,0,2,0,0,0,0,1,5,5,3,5,5,4,5,5,0,0,0,2,0,1,0,0,0,0,0,0,0,0,0,0,0,2,0,0,0,0,0,1,0,1,1,1,0,0,0,0,0,0,0,9,90200000,Ethnic religions excluding some in separate
Ethnic religions excluding some in separate,307641,1,2,0,0,0,0,0,1,1,0,10,1,0,0,0,0,1,0,1,0,0,1,0,0,1,0,1,0,4,2,2,0,0,2,9,9,8,8,1,1,1,1,0,1,1,0,0,0,0,1,1,0,0,3,2,2,0,0,0,2,0,0,0,0,2,1,1,3,3,3,3,3,2,0,0,0,2,0,1,0,0,0,0,0,0,0,0,0,0,0,0,0,0,0,0,0,1,0,1,1,1,0,0,0,0,0,0,0,9,90200000,Ethnic religions excluding some in separate
Ethnic religions excluding some in separate,388848,3,0,0,0,0,0,0,1,0,0,5,0,7,7,0,2,1,0,0,1,1,1,0,1,0,0,0,0,0,0,2,0,0,0,7,10,5,0,1,1,1,0,0,0,0,0,0,0,0,0,0,0,0,0,3,3,3,4,1,1,1,5,1,1,1,1,1,1,5,5,7,5,3,0,0,5,4,5,0,0,0,0,0,0,0,0,9,0,4,0,0,0,0,0,0,0,0,0,1,1,1,0,0,0,4,0,0,3,9,90200000,Ethnic religions excluding some in separate
Ethnic religions excluding some in separate,387889,2,0,0,0,0,0,0,1,0,0,7,0,7,8,0,8,1,1,0,1,1,0,0,0,0,1,0,0,0,0,1,0,0,0,7,7,4,0,1,1,1,0,0,0,0,0,0,0,0,0,0,0,0,0,2,3,3,4,1,3,1,6,2,2,3,1,1,7,7,5,7,6,3,0,0,7,4,5,0,0,0,0,0,0,0,0,8,0,3,0,0,0,0,0,0,0,0,0,1,1,1,0,0,0,3,0,0,2,9,90200000,Ethnic religions excluding some in separate
Ethnic religions excluding some in separate,387788,1,0,0,0,0,0,0,1,0,0,10,0,9,6,0,5,0,0,0,1,1,1,0,1,1,0,0,0,0,0,2,0,0,0,5,4,6,0,1,1,1,0,0,0,0,0,0,0,0,0,0,0,0,0,3,4,3,2,1,1,1,6,1,1,1,1,1,9,1,7,7,8,2,0,0,7,1,1,0,0,0,0,0,0,0,0,5,0,3,1,2,0,0,0,0,0,0,0,1,1,1,0,0,0,3,0,0,3,9,90200000,Ethnic religions excluding some in separate
Ethnic religions excluding some in separate,388509,4,0,0,0,0,0,0,1,0,0,3,0,9,6,0,3,1,0,1,1,0,1,0,1,0,0,0,0,0,0,1,0,0,0,7,7,5,0,1,0,0,0,0,0,0,0,0,0,0,0,0,0,0,0,3,4,4,2,1,3,1,4,1,1,3,2,2,9,4,8,9,7,5,0,0,5,3,4,0,0,0,0,0,0,0,0,5,0,3,0,0,0,0,0,0,0,0,0,1,0,0,0,0,0,4,0,0,2,9,90200000,Ethnic religions excluding some in separate
Ethnic religions excluding some in separate,388286,2,0,0,0,0,0,0,1,0,0,6,0,8,8,0,5,1,0,1,1,0,1,0,1,0,0,0,0,0,0,2,0,0,0,8,6,3,0,1,1,1,0,0,0,0,0,0,0,0,0,0,0,0,0,3,3,3,2,1,1,1,4,1,1,1,1,1,1,1,1,1,1,1,0,0,1,4,5,0,0,0,0,0,0,0,0,2,0,3,0,0,0,0,0,0,0,0,0,1,1,1,0,0,0,4,0,0,2,9,90200000,Ethnic religions excluding some in separate
Ethnic religions excluding some in separate,388553,3,0,0,0,0,0,0,1,0,0,5,0,5,5,0,5,1,0,0,1,0,1,0,1,0,1,0,0,0,0,2,0,0,0,10,10,5,0,1,1,1,0,0,0,0,0,0,0,0,0,0,0,0,0,4,4,3,1,1,5,1,5,1,1,1,1,1,5,1,1,1,5,1,0,0,5,7,5,0,0,0,0,0,0,0,0,5,0,3,0,0,0,0,0,0,0,0,0,1,1,1,0,0,0,4,0,0,2,9,90200000,Ethnic religions excluding some in separate
Ethnic religions excluding some in separate,388818,2,0,0,0,0,0,0,1,0,0,8,0,10,10,0,1,1,0,1,1,0,1,1,0,0,0,0,0,0,0,1,0,0,0,5,5,10,0,0,0,0,0,0,0,0,0,0,0,0,0,0,0,0,0,2,2,3,3,1,5,1,1,2,1,1,1,5,1,3,1,1,1,1,0,0,1,1,1,0,0,0,0,0,0,0,0,2,0,3,0,0,0,0,0,0,0,0,0,0,0,0,0,0,0,3,0,0,2,9,90200000,Ethnic religions excluding some in separate
Ethnic religions excluding some in separate,388681,3,0,0,0,0,0,0,1,0,0,9,0,10,8,0,8,1,1,1,1,0,1,0,0,0,0,0,0,0,0,2,0,0,0,10,9,8,0,1,1,1,0,0,0,0,0,0,0,0,0,0,0,0,0,2,3,3,4,1,2,1,1,1,1,2,1,1,1,5,1,1,5,1,0,0,8,7,5,0,0,0,0,0,0,0,0,5,0,2,0,0,0,0,0,0,0,0,0,1,1,1,0,0,0,2,0,0,3,9,90200000,Ethnic religions excluding some in separate
Ethnic religions excluding some in separate,310354,1,0,0,0,0,0,0,1,0,0,10,0,8,10,0,9,1,0,0,1,1,1,0,1,0,0,0,0,0,0,1,0,0,0,8,10,1,0,1,1,1,0,0,0,0,0,0,0,0,0,0,0,0,0,1,3,3,4,1,3,1,1,1,1,1,1,1,5,1,1,5,2,1,0,0,1,1,1,0,0,0,0,0,0,0,0,9,0,3,1,2,0,0,0,0,0,0,0,1,1,1,0,0,0,3,0,0,2,9,90200000,Ethnic religions excluding some in separate
Ethnic religions excluding some in separate,388851,1,0,0,0,0,0,0,1,0,0,10,0,10,10,0,8,1,1,0,1,0,1,1,0,0,0,0,0,0,0,2,0,0,0,5,10,6,0,0,0,0,0,0,0,0,0,0,0,0,0,0,0,0,0,3,3,4,5,2,1,2,8,2,2,1,2,2,2,2,10,2,10,2,0,0,10,4,1,0,0,0,0,0,0,0,0,9,0,3,0,0,0,0,0,0,0,0,0,0,0,0,0,0,0,2,0,0,3,9,90200000,Ethnic religions excluding some in separate
Ethnic religions excluding some in separate,388236,2,0,0,0,0,0,0,0,0,0,5,0,8,7,0,7,1,0,1,1,0,1,0,0,0,1,0,0,0,0,1,0,0,0,8,8,8,0,0,0,0,0,0,0,0,0,0,0,0,0,0,0,0,0,2,2,3,4,1,6,1,2,1,1,3,6,1,1,1,1,1,7,1,0,0,1,7,7,0,0,0,0,0,0,0,0,8,0,3,1,1,0,0,0,0,0,0,0,0,0,0,0,0,0,3,0,0,3,9,90200000,Ethnic religions excluding some in separate
Ethnic religions excluding some in separate,388684,2,0,0,0,0,0,0,1,0,0,8,0,9,8,0,9,1,1,0,1,0,1,0,0,0,1,0,0,0,0,2,0,0,0,6,8,3,0,1,1,1,0,0,0,0,0,0,0,0,0,0,0,0,0,3,3,3,4,1,3,1,8,1,1,2,2,2,1,2,2,8,8,8,0,0,8,7,1,0,0,0,0,0,0,0,0,9,0,2,0,0,0,0,0,0,0,0,0,1,1,1,0,0,0,2,0,0,3,9,90200000,Ethnic religions excluding some in separate
Ethnic religions excluding some in separate,387732,3,0,0,0,0,0,0,1,0,0,3,0,10,10,0,4,1,1,1,1,0,0,0,1,0,0,0,0,0,0,1,0,0,0,9,9,1,0,1,1,1,0,0,0,0,0,0,0,0,0,0,0,0,0,3,3,3,2,1,1,1,1,1,1,1,1,1,8,1,5,10,10,1,0,0,1,8,8,0,0,0,0,0,0,0,0,4,0,3,0,0,0,0,0,0,0,0,0,1,1,1,0,0,0,3,0,0,3,9,90200000,Ethnic religions excluding some in separate
Evangelical,134761,3,3,0,0,0,0,0,0,0,0,4,0,8,7,6,0,0,1,0,1,0,1,1,0,0,0,1,0,0,0,2,0,9,0,8,6,5,5,0,0,0,0,8,0,0,0,0,0,0,1,0,0,2,0,3,3,0,0,0,1,0,0,0,0,1,2,1,1,1,5,5,8,5,0,0,0,4,0,0,0,0,0,1,0,0,0,9,0,0,0,1,0,3,3,3,2,0,0,0,0,0,0,0,0,0,0,0,2,2,21400000,Evangelical
Evangelical,253594,1,3,0,0,0,0,0,0,1,0,7,2,0,0,0,0,1,0,1,1,0,1,1,1,1,1,1,0,1,2,2,0,0,2,5,2,5,5,0,1,1,0,0,1,1,0,0,0,0,0,0,0,2,3,4,2,0,0,0,4,0,0,0,0,3,8,1,3,2,2,2,1,1,0,0,0,2,0,0,0,0,0,0,0,0,0,0,0,0,0,2,0,0,0,0,0,0,0,0,1,1,0,0,0,0,0,0,0,2,21400000,Evangelical
Evangelical,88816,0,4,0,0,0,0,0,0,0,0,9,0,10,6,10,0,0,0,0,1,0,1,1,0,1,1,0,0,0,0,2,0,9,0,10,8,4,6,0,0,0,0,0,0,0,0,0,0,0,0,0,0,1,0,3,3,0,0,0,1,0,0,0,0,0,1,1,5,1,1,1,1,1,0,0,0,3,0,0,0,0,0,1,0,0,0,10,3,0,0,2,0,0,0,0,0,0,0,0,0,0,0,0,0,0,0,0,3,2,21400000,Evangelical
Evangelical,257868,1,1,0,0,0,0,0,1,0,0,10,0,8,8,0,4,0,1,1,1,0,1,0,1,0,0,0,0,0,0,2,0,8,0,9,8,4,5,0,1,0,0,0,0,0,0,0,0,0,0,0,0,0,0,1,1,3,0,0,6,1,1,2,0,3,3,3,8,8,8,8,4,8,0,0,7,2,2,0,0,0,0,0,0,0,0,6,2,3,0,1,0,0,0,0,0,0,0,0,1,0,0,0,1,2,1,2,3,2,21400000,Evangelical
Evangelical,430725,1,4,0,0,0,0,0,1,1,0,9,2,0,0,0,0,0,0,0,1,0,1,1,0,1,0,1,0,0,0,2,1,0,1,3,3,0,0,1,1,1,1,0,1,1,0,0,0,0,1,1,0,1,0,3,3,0,0,0,1,0,0,0,0,1,1,1,1,1,1,1,1,1,0,0,0,3,0,0,0,0,0,1,1,0,0,0,0,0,1,0,0,3,4,1,4,0,0,1,1,1,0,0,0,0,0,0,0,2,21400000,Evangelical
Evangelical,135103,2,1,0,0,0,0,0,0,0,0,7,0,7,7,6,0,0,0,0,1,1,1,1,1,0,0,0,0,0,0,2,0,4,0,6,7,4,5,0,0,0,0,5,0,0,0,0,0,0,1,0,0,0,0,3,4,0,0,0,1,0,0,0,0,3,2,2,9,7,8,8,8,5,0,0,0,6,0,0,0,0,0,1,0,0,0,6,0,0,0,1,0,3,2,3,2,0,0,0,0,0,0,0,0,0,0,0,2,2,21400000,Evangelical
Evangelical,134660,1,2,0,0,0,0,0,0,0,0,10,0,6,7,7,0,0,1,0,1,1,1,0,0,1,0,0,0,0,0,2,0,7,0,8,7,3,9,0,0,0,0,1,0,0,0,0,0,0,1,0,1,0,0,1,3,0,0,0,6,0,0,0,0,6,6,6,6,6,5,4,5,3,0,0,0,2,0,0,0,0,0,1,0,0,0,7,0,0,0,2,0,1,3,3,3,0,0,0,0,0,0,0,0,0,0,0,1,2,21400000,Evangelical
Evangelical,135206,3,3,0,0,0,0,0,0,0,0,4,0,5,7,6,0,0,1,0,1,1,1,0,1,0,0,0,0,0,0,1,0,7,0,8,9,3,7,0,0,0,0,7,0,0,0,0,0,0,1,0,0,0,0,3,4,0,0,0,6,0,0,0,0,3,3,4,3,1,6,7,6,2,0,0,0,8,0,0,0,0,0,1,0,0,0,5,0,0,0,0,0,4,2,5,2,0,0,0,0,0,0,0,0,0,0,0,2,2,21400000,Evangelical
Evangelical,346969,1,1,0,0,0,0,0,1,1,0,10,2,0,0,0,0,1,0,0,1,0,0,1,0,1,0,1,0,1,0,2,0,0,2,1,9,1,0,1,1,1,1,0,1,2,0,0,0,0,1,1,0,0,2,3,3,0,0,0,1,0,0,0,0,0,1,1,1,1,1,1,1,1,0,0,0,1,0,0,0,0,0,0,0,0,0,0,0,0,0,1,0,0,0,0,0,0,0,1,1,1,0,0,0,0,0,0,0,2,21400000,Evangelical
Evangelical,47034,1,0,0,0,0,0,0,0,0,0,10,0,8,3,4,0,0,1,1,1,0,0,1,1,1,1,1,0,0,0,2,0,2,0,3,3,2,7,0,0,0,0,8,0,0,0,0,0,0,1,0,0,0,0,2,3,0,0,0,2,0,0,0,0,2,2,2,2,2,2,2,2,2,0,0,0,1,0,0,0,0,0,1,0,0,0,1,0,0,0,2,0,2,3,2,3,0,0,0,0,0,0,0,0,0,0,0,3,2,21400000,Evangelical
Evangelical,103726,3,3,0,0,0,0,0,1,0,0,6,0,7,8,0,8,0,1,0,1,0,0,1,1,0,0,0,1,0,0,1,0,5,0,7,8,5,4,0,1,0,0,0,0,0,0,0,0,0,0,0,0,0,0,4,4,2,0,0,1,1,1,4,0,1,0,2,5,1,4,3,0,4,0,0,7,7,7,0,0,0,0,0,0,0,0,7,2,4,0,0,0,0,0,0,0,0,0,0,1,0,0,0,1,3,3,3,3,2,21400000,Evangelical
Evangelical,135364,3,1,0,0,0,0,0,0,0,0,8,0,5,7,8,0,0,1,0,1,1,1,0,1,0,0,0,0,0,0,2,0,4,0,9,10,6,7,0,0,0,0,7,0,0,0,0,0,0,1,0,0,1,0,3,3,0,0,0,1,0,0,0,0,1,1,2,2,1,5,5,1,1,0,0,0,4,0,0,0,0,0,1,0,0,0,5,0,0,0,1,0,5,1,4,1,0,0,0,0,0,0,0,0,0,0,0,2,2,21400000,Evangelical
Evangelical,49122,1,2,0,0,0,0,0,1,0,0,7,0,7,7,0,5,0,0,1,0,1,0,0,0,0,1,0,0,0,0,2,0,7,0,10,10,5,7,0,1,0,0,0,0,0,0,0,0,0,0,0,0,0,0,2,3,3,0,0,1,1,1,1,0,8,1,1,8,5,1,7,1,1,0,0,5,2,3,0,0,0,0,0,0,0,0,7,3,3,0,0,0,0,0,0,0,0,0,0,1,0,0,0,0,3,1,3,1,2,21400000,Evangelical
Evangelical,89037,0,1,0,0,0,0,0,0,0,0,10,0,10,10,10,0,0,1,0,0,0,0,1,0,1,1,1,0,0,0,2,0,10,0,10,10,10,10,0,0,0,0,0,0,0,0,0,0,0,0,0,0,0,0,3,2,0,0,0,1,0,0,0,0,0,1,1,1,1,1,1,1,1,0,0,0,2,0,0,0,0,0,1,0,0,0,10,3,0,0,2,0,0,0,0,0,0,0,0,0,0,0,0,1,0,0,0,1,2,21400000,Evangelical
Evangelical,50704,1,0,0,0,0,0,0,1,0,0,10,0,3,3,0,3,1,0,1,1,0,0,0,0,1,1,0,0,0,0,2,0,0,0,7,6,3,0,0,0,0,0,0,0,0,0,0,0,0,0,0,0,0,0,3,3,3,2,1,5,1,5,1,1,5,5,1,5,1,5,5,5,1,0,0,5,1,1,0,0,0,0,0,0,0,0,5,0,3,1,2,0,0,0,0,0,0,0,0,0,0,0,0,0,3,0,0,3,2,21400000,Evangelical
Evangelical,438213,2,1,0,0,0,0,0,1,0,0,10,0,10,10,0,1,0,1,1,1,1,0,0,0,1,0,0,0,0,0,2,0,10,0,8,8,1,10,0,0,0,0,0,0,0,0,0,0,0,0,0,0,0,0,4,4,4,0,0,1,1,1,1,0,1,1,1,1,1,1,1,1,1,0,0,1,1,1,0,0,0,0,0,0,0,0,10,3,1,0,2,0,0,0,0,0,0,0,0,0,0,0,0,0,1,2,3,3,2,21400000,Evangelical
Evangelical,416638,1,0,0,0,0,0,0,1,0,0,10,0,0,0,0,0,1,0,0,1,0,1,1,0,0,0,1,0,0,0,1,0,0,0,5,10,1,0,1,1,1,0,0,0,0,0,0,0,0,0,0,0,0,0,4,4,1,5,1,1,1,8,1,1,1,1,1,1,1,1,10,1,1,0,0,10,2,1,0,0,0,0,0,0,0,0,0,0,1,0,0,0,0,0,0,0,0,0,1,1,1,0,0,0,1,0,0,2,2,21400000,Evangelical
Evangelical,135203,3,2,0,0,0,0,0,0,0,0,1,0,6,8,8,0,0,1,0,1,0,1,0,1,0,0,1,0,0,0,2,0,3,0,8,10,7,3,0,0,0,0,8,0,0,0,0,0,0,0,0,0,1,0,3,3,0,0,0,1,0,0,0,0,3,3,1,8,8,8,8,8,2,0,0,0,8,0,0,0,0,0,0,0,0,0,2,0,0,0,0,0,3,1,5,1,0,0,0,0,0,0,0,0,0,0,0,3,2,21400000,Evangelical
Evangelical,64851,2,1,0,0,0,0,0,1,1,0,10,2,0,0,0,0,1,0,0,1,0,0,0,0,1,1,1,0,3,2,2,0,0,2,9,8,8,10,1,1,1,0,0,1,1,0,0,0,0,1,1,0,1,2,2,3,0,0,0,4,0,0,0,0,10,1,1,2,1,1,1,1,1,0,0,0,3,0,0,0,0,0,0,0,0,0,0,0,0,0,0,0,0,0,0,0,2,0,1,1,1,0,0,0,0,0,0,0,2,21400000,Evangelical
Evangelical,65475,1,2,0,0,0,0,0,1,1,0,10,2,0,0,0,0,1,0,0,1,0,0,0,1,1,1,0,0,4,3,2,0,0,2,9,10,1,8,1,1,1,1,0,2,1,0,0,0,0,1,1,0,0,2,1,4,0,0,0,1,0,0,0,0,1,1,1,1,1,1,1,10,1,0,0,0,1,0,1,0,0,0,0,0,0,0,0,0,0,0,2,0,0,0,0,0,2,0,1,1,1,0,0,0,0,0,0,0,2,21400000,Evangelical
Evangelical,431335,1,1,0,0,0,0,0,1,1,0,10,2,0,0,0,0,0,1,0,1,0,1,0,0,1,0,1,0,0,0,2,2,0,1,9,8,0,0,1,1,1,1,0,1,1,0,0,0,0,1,0,0,0,0,3,4,0,0,0,1,0,0,0,0,1,1,1,5,1,1,1,1,1,0,0,0,1,0,0,0,0,0,1,1,0,0,0,0,0,1,0,0,2,4,2,3,0,0,1,1,1,0,0,0,0,0,0,0,2,21400000,Evangelical
Evangelical,135102,3,4,0,0,0,0,0,0,0,0,2,0,6,7,5,0,0,1,0,1,0,1,1,1,0,0,0,0,0,0,1,0,7,0,10,7,3,6,0,0,0,0,1,0,0,0,0,0,0,0,0,0,0,0,3,3,0,0,0,1,0,0,0,0,1,1,1,1,1,1,7,1,1,0,0,0,8,0,0,0,0,0,0,0,0,0,6,0,0,0,1,0,4,1,5,1,0,0,0,0,0,0,0,0,0,0,0,1,2,21400000,Evangelical
Evangelical,398595,1,2,0,0,0,0,0,1,1,0,10,2,0,0,0,0,0,0,0,1,0,1,0,1,0,1,1,0,3,4,2,0,0,1,8,8,3,5,1,1,1,1,0,1,2,0,0,0,0,1,0,0,2,3,0,3,0,0,0,1,0,0,0,0,1,1,1,1,1,1,1,1,1,0,0,0,1,0,1,0,0,0,0,0,0,0,0,0,0,0,2,0,0,0,0,0,1,0,1,1,1,0,0,0,0,0,0,0,2,21400000,Evangelical
Evangelical,432450,1,1,0,0,0,0,0,0,0,0,10,0,10,10,10,0,0,1,1,0,0,1,0,1,0,0,0,0,0,0,0,0,0,0,10,10,10,0,0,0,0,0,10,0,0,0,0,0,0,1,0,0,2,0,2,4,0,0,0,10,0,0,0,0,1,10,10,1,1,1,10,0,0,0,0,0,2,0,0,0,0,0,1,0,0,0,10,0,0,0,1,0,4,2,0,2,0,0,0,0,0,0,0,0,0,0,0,3,2,21400000,Evangelical
Evangelical,151140,1,1,0,0,0,0,0,0,0,0,10,0,0,0,0,0,0,0,0,1,0,1,0,0,1,0,1,0,0,0,2,0,0,0,9,8,0,0,0,0,0,0,0,0,0,0,0,0,0,1,0,0,0,0,4,4,0,0,0,5,0,0,0,0,5,1,1,1,4,1,1,1,1,0,0,0,1,0,0,0,0,0,1,0,0,0,0,0,0,0,0,0,1,1,1,2,0,0,0,0,0,0,0,0,0,0,0,0,2,21400000,Evangelical
Evangelical,110343,1,2,0,0,0,0,0,1,0,0,10,0,9,10,0,1,0,0,0,0,0,1,1,0,1,1,1,0,0,0,2,0,8,0,8,9,1,9,0,1,0,0,0,0,0,0,0,0,0,0,0,0,0,0,3,4,2,0,0,1,1,1,1,0,1,1,1,1,1,1,1,1,1,0,0,1,2,1,0,0,0,0,0,0,0,0,8,2,2,0,2,0,0,0,0,0,0,0,0,1,0,0,0,0,4,1,2,4,2,21400000,Evangelical
Evangelical,135557,3,2,0,0,0,0,0,0,0,0,4,0,8,8,3,0,0,1,0,1,0,1,0,1,0,1,0,0,0,0,1,0,8,0,7,9,2,8,0,0,0,0,8,0,0,0,0,0,0,0,0,0,2,0,3,3,0,0,0,2,0,0,0,0,1,1,1,7,1,7,3,3,2,0,0,0,6,0,0,0,0,0,0,0,0,0,3,0,0,0,1,0,4,3,3,3,0,0,0,0,0,0,0,0,0,0,0,2,2,21400000,Evangelical
Evangelical,436354,3,3,0,0,0,0,0,1,0,0,4,0,10,10,0,10,0,0,0,1,1,0,1,1,1,0,0,0,0,0,2,0,1,0,1,9,9,9,0,0,0,0,0,0,0,0,0,0,0,0,0,0,0,0,3,3,2,0,0,4,3,6,7,0,4,4,5,4,4,4,3,4,5,0,0,4,3,2,0,0,0,0,0,0,0,0,10,3,3,0,1,0,0,0,0,0,0,0,0,0,0,0,0,1,2,2,2,3,2,21400000,Evangelical
Evangelical,110416,1,2,0,0,0,0,0,1,0,0,10,0,10,10,0,8,0,0,0,1,1,1,1,1,0,0,0,0,0,0,2,0,9,0,8,9,1,10,0,1,0,0,0,0,0,0,0,0,0,0,0,0,0,0,4,4,1,0,0,1,1,2,1,0,1,1,1,3,1,2,3,4,1,0,0,5,3,3,0,0,0,0,0,0,0,0,9,3,2,0,1,0,0,0,0,0,0,0,0,1,0,0,0,0,3,3,2,2,2,21400000,Evangelical
Evangelical,134645,3,2,0,0,0,0,0,0,0,0,3,0,8,9,5,0,0,1,0,1,0,1,0,1,0,1,0,0,0,0,2,0,6,0,8,7,2,7,0,0,0,0,5,0,0,0,0,0,0,1,0,0,1,0,4,4,0,0,0,2,0,0,0,0,2,2,2,9,5,8,8,1,5,0,0,0,6,0,0,0,0,0,0,0,0,0,8,0,0,0,1,0,3,1,3,1,0,0,0,0,0,0,0,0,0,0,0,3,2,21400000,Evangelical
Evangelical,48097,1,1,0,0,0,0,0,1,0,0,10,0,10,10,0,1,0,0,0,1,0,1,1,0,1,0,0,0,0,0,2,0,6,0,6,6,1,10,0,1,0,0,0,0,0,0,0,0,0,0,0,0,0,0,4,4,2,0,0,1,1,1,1,0,1,1,1,1,1,1,1,1,1,0,0,1,1,1,0,0,0,0,0,0,0,0,5,2,3,0,2,0,0,0,0,0,0,0,0,1,0,0,0,0,3,1,4,4,2,21400000,Evangelical
Evangelical,110101,2,1,0,0,0,0,0,1,0,0,8,0,7,8,0,6,0,1,0,1,0,1,0,0,1,0,1,0,0,0,2,0,5,0,8,9,9,6,0,1,0,0,0,0,0,0,0,0,0,0,0,0,0,0,3,3,3,0,0,4,3,1,1,0,8,2,1,3,3,3,3,5,2,0,0,4,2,3,0,0,0,0,0,0,0,0,5,2,3,0,2,0,0,0,0,0,0,0,0,1,0,0,0,0,3,3,3,2,2,21400000,Evangelical
Evangelical,48562,1,1,0,0,0,0,0,1,0,0,10,0,6,10,0,10,0,1,1,1,0,0,0,0,0,0,1,0,0,0,2,0,1,0,7,10,1,10,0,1,0,0,0,0,0,0,0,0,0,0,0,0,0,0,4,4,2,0,0,1,1,5,1,0,1,1,1,5,5,5,10,0,1,0,0,10,2,1,0,0,0,0,0,0,0,0,1,3,3,0,2,0,0,0,0,0,0,0,0,1,0,0,0,0,1,2,1,2,2,21400000,Evangelical
Evangelical,50932,1,0,0,0,0,0,0,1,0,0,10,0,5,5,0,5,0,1,0,1,0,1,0,1,1,0,0,0,0,0,2,0,0,0,5,5,5,0,1,1,1,0,0,0,0,0,0,0,0,0,0,0,0,0,3,3,3,4,1,1,1,1,1,1,5,7,1,1,1,1,5,1,1,0,0,0,1,1,0,0,0,0,0,0,0,0,5,0,3,1,2,0,0,0,0,0,0,0,1,1,1,0,0,0,3,0,0,2,2,21400000,Evangelical
Evangelical,49542,1,1,0,0,0,0,0,1,0,0,5,0,5,6,0,5,0,1,1,0,0,0,0,0,1,0,1,0,0,0,2,0,6,0,10,7,0,0,0,1,0,0,0,0,0,0,0,0,0,0,0,0,0,0,3,3,1,0,0,5,0,0,0,0,10,0,0,0,0,0,0,0,0,0,0,0,1,1,0,0,0,0,0,0,0,0,6,3,3,0,2,0,0,0,0,0,0,0,0,1,0,0,0,0,3,1,2,4,2,21400000,Evangelical
Evangelical,150900,1,2,0,0,0,0,0,0,0,0,10,0,0,0,0,0,0,1,1,0,1,1,0,0,0,0,0,0,0,0,2,0,0,0,7,8,0,0,0,0,0,0,0,0,0,0,0,0,0,0,0,0,1,0,4,4,0,0,0,1,0,0,0,0,1,1,1,1,1,1,1,1,1,0,0,0,1,0,0,0,0,0,1,0,0,0,0,0,0,0,0,0,2,4,1,4,0,0,0,0,0,0,0,0,0,0,0,0,2,21400000,Evangelical
Evangelical,135472,4,3,0,0,0,0,0,0,0,0,1,0,4,8,6,0,0,1,0,1,0,0,0,1,0,0,1,0,0,0,2,0,5,0,8,5,8,8,0,0,0,0,8,0,0,0,0,0,0,0,0,0,1,0,4,3,0,0,0,1,0,0,0,0,1,1,1,1,1,3,8,3,0,0,0,0,8,0,0,0,0,0,0,0,0,0,4,0,0,0,0,0,5,5,5,4,0,0,0,0,0,0,0,0,0,0,0,1,2,21400000,Evangelical
Evangelical,42223,1,0,0,0,0,0,0,1,0,0,10,0,7,9,0,8,0,0,1,1,1,0,0,0,1,1,0,0,0,0,2,0,0,0,9,9,2,0,1,1,1,0,0,0,0,0,0,0,0,0,0,0,0,0,4,4,2,2,1,2,1,1,2,1,3,4,2,2,1,1,1,1,3,0,0,3,1,2,0,0,0,0,0,0,0,0,8,0,4,1,2,0,0,0,0,0,0,0,1,1,1,0,0,0,2,0,0,3,2,21400000,Evangelical
Evangelical,254605,1,2,0,0,0,0,0,1,0,0,10,2,0,0,0,0,0,0,1,0,0,0,1,1,1,0,1,0,0,0,2,2,0,2,4,5,0,0,1,1,1,1,0,1,1,0,0,0,0,1,1,0,0,0,1,1,0,0,0,9,0,0,0,0,1,5,1,1,1,1,1,1,1,0,0,0,2,0,0,0,0,0,1,3,0,0,0,0,0,0,0,0,2,1,1,2,0,0,1,1,1,0,0,0,0,0,0,0,2,21400000,Evangelical
Evangelical,89486,0,2,0,0,0,0,0,0,0,0,10,0,5,6,5,0,0,1,0,0,0,1,1,0,1,1,0,0,0,0,2,0,8,0,8,7,8,5,0,0,0,0,0,0,0,0,0,0,0,0,0,0,1,0,2,3,0,0,0,1,0,0,0,0,0,3,2,5,6,1,7,1,1,0,0,0,1,0,0,0,0,0,1,0,0,0,3,3,0,0,2,0,0,0,0,0,0,0,0,0,0,0,0,0,0,0,0,0,2,21400000,Evangelical
Evangelical,429938,2,1,0,0,0,0,0,1,1,0,5,1,0,0,0,0,0,0,0,1,0,0,0,0,1,1,1,0,0,0,2,2,0,2,3,6,0,0,1,1,1,0,0,1,1,0,0,0,0,1,0,0,0,0,2,4,0,0,0,3,0,0,0,0,4,6,3,4,5,3,5,5,1,0,0,0,3,0,0,0,0,0,0,6,0,0,0,0,0,0,0,0,3,3,3,3,0,0,1,1,1,0,0,0,0,0,0,0,2,21400000,Evangelical
Evangelical,50276,1,0,0,0,0,0,0,1,0,0,10,0,10,1,0,1,0,0,1,1,0,1,0,1,1,0,0,0,0,0,2,0,0,0,6,10,10,0,1,0,0,0,0,0,0,0,0,0,0,0,0,0,0,0,3,3,3,2,10,1,1,4,1,1,1,6,1,6,6,8,10,10,1,0,0,10,2,1,0,0,0,0,0,0,0,0,1,0,3,1,1,0,0,0,0,0,0,0,1,0,0,0,0,0,3,0,0,2,2,21400000,Evangelical
Evangelical,135178,2,2,0,0,0,0,0,0,0,0,6,0,7,8,6,0,0,1,0,0,0,1,1,0,0,0,1,0,0,0,2,0,7,0,9,7,8,6,0,0,0,0,5,0,0,0,0,0,0,1,0,0,1,0,4,4,0,0,0,4,0,0,0,0,1,1,1,1,1,4,5,5,1,0,0,0,4,0,0,0,0,0,1,0,0,0,5,0,0,0,1,0,5,1,5,1,0,0,0,0,0,0,0,0,0,0,0,1,2,21400000,Evangelical
Evangelical,66508,1,1,0,0,0,0,0,1,1,0,10,2,0,0,0,0,0,0,0,0,1,1,0,0,0,0,1,0,0,0,2,1,0,1,6,6,0,0,1,1,1,1,0,2,1,0,0,0,0,1,1,0,1,0,2,3,0,0,0,10,0,0,0,0,5,5,5,10,5,5,1,5,5,0,0,0,2,0,0,0,0,0,1,2,0,0,0,0,0,0,0,0,1,4,1,5,0,0,1,1,1,0,0,0,0,0,0,0,2,21400000,Evangelical
Evangelical,86891,0,2,0,0,0,0,0,0,0,0,10,0,8,9,7,0,0,0,0,1,0,1,1,0,1,1,0,0,0,0,2,0,2,0,9,9,2,6,0,0,0,0,0,0,0,0,0,0,0,0,0,0,0,0,4,4,0,0,0,2,0,0,0,0,0,1,2,1,1,1,1,1,1,0,0,0,1,0,0,0,0,0,1,0,0,0,9,3,0,0,2,0,0,0,0,0,0,0,0,0,0,0,0,0,0,0,0,2,2,21400000,Evangelical
Evangelical,50567,1,0,0,0,0,0,0,1,0,0,10,0,4,4,0,3,1,0,0,1,0,1,0,0,1,0,0,0,0,0,2,0,0,0,3,10,6,0,1,1,1,0,0,0,0,0,0,0,0,0,0,0,0,0,4,4,4,2,1,1,1,5,1,1,1,1,1,5,1,1,6,1,1,0,0,5,3,2,0,0,0,0,0,0,0,0,1,0,3,1,2,0,0,0,0,0,0,0,1,1,1,0,0,0,3,0,0,3,2,21400000,Evangelical
Evangelical,398324,2,1,0,0,0,0,0,1,1,0,10,2,0,0,0,0,0,1,0,1,0,0,0,0,1,1,1,0,2,3,2,0,0,3,5,4,8,6,1,1,1,1,0,1,1,0,0,0,0,1,1,0,0,0,3,3,0,0,0,1,0,0,0,0,1,1,1,1,1,5,6,1,1,0,0,0,1,0,0,0,0,0,0,0,0,0,0,0,0,0,1,0,0,0,0,0,2,0,1,1,1,0,0,0,0,0,0,0,2,21400000,Evangelical
Evangelical,103446,2,2,0,0,0,0,0,0,0,0,1,0,5,7,0,5,0,1,0,1,0,1,0,0,0,0,0,1,0,0,1,0,5,0,7,7,5,6,0,0,0,0,0,0,0,0,0,0,0,0,0,0,0,0,4,4,4,0,0,1,1,1,5,0,3,0,2,10,7,5,5,0,5,0,0,9,8,8,0,0,0,0,0,0,0,0,4,1,4,0,0,0,0,0,0,0,0,0,0,0,0,0,0,0,1,4,3,0,2,21400000,Evangelical
Evangelical,111282,1,0,0,0,0,0,0,1,0,0,10,0,2,4,0,4,1,0,0,0,0,1,0,0,1,1,1,0,0,0,2,0,0,0,5,8,1,0,1,1,1,0,0,0,0,0,0,0,0,0,0,0,0,0,3,2,3,4,5,7,5,1,3,6,1,5,1,5,4,1,3,2,2,0,0,1,2,1,0,0,0,0,0,0,0,0,4,0,3,1,1,0,0,0,0,0,0,0,1,1,1,0,0,1,1,0,0,4,2,21400000,Evangelical
Evangelical,399821,1,1,0,0,0,0,0,1,0,0,10,0,10,10,0,1,0,1,0,1,1,1,1,1,1,1,1,1,0,0,2,0,9,0,8,10,1,9,0,1,0,0,0,0,0,0,0,0,0,0,0,0,0,0,4,4,2,0,0,1,1,1,1,0,1,1,1,8,8,9,10,7,7,0,0,10,8,2,0,0,0,0,0,0,0,0,10,0,2,0,0,0,0,0,0,0,0,0,0,1,0,0,0,0,4,1,4,2,2,21400000,Evangelical
Evangelical Church of the Augsburg Confession in,355327,2,0,0,0,0,0,0,1,0,0,8,0,3,2,0,7,0,0,0,1,0,1,0,1,0,0,0,0,0,0,1,0,0,0,10,8,2,0,1,1,1,0,0,0,0,0,0,0,0,0,0,0,0,0,0,4,3,5,2,6,5,2,3,3,7,4,6,2,2,3,5,6,3,0,0,7,2,3,0,0,0,0,0,0,0,0,10,0,2,0,0,0,0,0,0,0,0,0,1,1,1,0,0,0,4,0,0,2,2,20222100,Evangelical Church of the Augsburg Confession in
Evangelical Church of the Augsburg Confession in,354305,3,0,0,0,0,0,0,1,0,0,10,0,5,3,0,7,1,0,0,1,0,1,1,1,0,0,0,0,0,0,1,0,0,0,9,9,8,0,1,1,1,0,0,0,0,0,0,0,0,0,0,0,0,0,4,4,4,4,1,2,1,1,1,1,1,1,1,7,1,10,10,6,1,0,0,10,7,3,0,0,0,0,0,0,0,0,8,0,4,1,1,0,0,0,0,0,0,0,1,1,1,0,0,0,4,0,0,2,2,20222100,Evangelical Church of the Augsburg Confession in
Evangelical Church of the Augsburg Confession in,355127,3,0,0,0,0,0,0,1,0,0,5,0,6,5,0,4,1,0,0,0,0,1,0,0,0,1,1,0,0,0,2,0,0,0,6,7,6,0,0,0,0,0,0,0,0,0,0,0,0,0,0,0,0,0,3,2,3,4,6,4,1,1,1,6,1,1,1,7,3,4,5,2,1,0,0,7,3,3,0,0,0,0,0,0,0,0,6,0,2,0,0,0,0,0,0,0,0,0,0,0,0,0,0,0,0,0,0,3,2,20222100,Evangelical Church of the Augsburg Confession in
Evangelical Church of the Augsburg Confession in,354570,2,0,0,0,0,0,0,1,0,0,10,0,7,6,0,10,1,0,1,0,0,0,1,0,1,1,0,0,0,0,1,0,0,0,8,10,7,0,1,0,1,0,0,0,0,0,0,0,0,0,0,0,0,0,3,4,4,4,6,1,1,8,1,1,1,1,1,1,1,5,5,1,1,0,0,5,2,3,0,0,0,0,0,0,0,0,6,0,3,0,0,0,0,0,0,0,0,0,1,0,1,0,0,0,3,0,0,2,2,20222100,Evangelical Church of the Augsburg Confession in
Evangelical Church of the Augsburg Confession in,354439,3,0,0,0,0,0,0,1,0,0,8,0,10,10,0,5,1,0,1,1,0,1,0,1,0,0,0,0,0,0,2,0,0,0,5,4,8,0,1,1,1,0,0,0,0,0,0,0,0,0,0,0,0,0,2,1,3,4,1,3,4,2,1,1,4,1,1,5,1,6,7,2,1,0,0,9,8,3,0,0,0,0,0,0,0,0,3,0,3,0,0,0,0,0,0,0,0,0,1,1,1,0,0,0,3,0,0,2,2,20222100,Evangelical Church of the Augsburg Confession in
Evangelical Church of the Augsburg Confession in,355281,2,0,0,0,0,0,0,1,0,0,10,0,7,8,0,6,1,0,1,1,0,1,1,0,0,0,0,0,0,0,2,0,0,0,8,7,8,0,1,1,1,0,0,0,0,0,0,0,0,0,0,0,0,0,3,3,3,5,1,2,1,1,1,1,2,1,2,1,1,5,5,1,1,0,0,3,3,2,0,0,0,0,0,0,0,0,5,0,0,1,1,0,0,0,0,0,0,0,1,1,1,0,0,0,3,0,0,3,2,20222100,Evangelical Church of the Augsburg Confession in
Evangelical Church of the Augsburg Confession in,354423,3,0,0,0,0,0,0,1,0,0,5,0,10,10,0,1,0,1,0,1,0,1,0,1,0,1,0,0,0,0,2,0,0,0,7,7,3,0,0,0,0,0,0,0,0,0,0,0,0,0,0,0,0,0,2,2,3,3,1,1,1,1,1,1,5,1,1,8,1,5,7,2,2,0,0,9,8,7,0,0,0,0,0,0,0,0,2,0,4,0,0,0,0,0,0,0,0,0,0,0,0,0,0,0,0,0,0,2,2,20222100,Evangelical Church of the Augsburg Confession in
Evangelical Church of the Augsburg Confession in,354519,2,0,0,0,0,0,0,1,0,0,8,0,10,10,0,5,1,0,1,1,0,0,1,0,0,0,1,0,0,0,2,0,0,0,8,8,5,0,1,1,1,0,0,0,0,0,0,0,0,0,0,0,0,0,3,1,3,3,1,1,1,1,1,1,1,1,1,3,1,5,5,1,1,0,0,5,4,5,0,0,0,0,0,0,0,0,5,0,2,1,1,0,0,0,0,0,0,0,1,1,1,0,0,0,2,0,0,3,2,20222100,Evangelical Church of the Augsburg Confession in
Evangelical Church of the Augsburg Confession in,354347,3,0,0,0,0,0,0,0,0,0,2,0,6,7,0,6,1,0,1,1,0,0,0,1,0,1,0,0,0,0,1,0,0,0,6,5,8,0,0,0,0,0,0,0,0,0,0,0,0,0,0,0,0,0,2,4,3,2,3,5,3,1,1,1,6,3,5,6,4,6,6,1,4,0,0,7,7,7,0,0,0,0,0,0,0,0,4,0,3,0,0,0,0,0,0,0,0,0,0,0,0,0,0,0,3,0,0,2,2,20222100,Evangelical Church of the Augsburg Confession in
Evangelical Church of the Augsburg Confession in,355254,4,0,0,0,0,0,0,0,0,0,3,0,5,5,0,5,0,1,1,1,0,1,0,0,0,1,0,0,0,0,2,0,0,0,3,1,6,0,0,0,0,0,0,0,0,0,0,0,0,0,0,0,0,0,3,3,3,3,1,7,2,1,1,1,8,1,1,6,6,9,10,4,3,0,0,10,8,5,0,0,0,0,0,0,0,0,4,0,3,0,0,0,0,0,0,0,0,0,0,0,0,0,0,0,3,0,0,3,2,20222100,Evangelical Church of the Augsburg Confession in
Evangelical Church of the Augsburg Confession in,354876,1,0,0,0,0,0,0,1,0,0,10,0,5,4,0,8,0,1,0,0,0,1,0,1,0,1,0,0,0,0,2,0,0,0,7,6,3,0,1,1,1,0,0,0,0,0,0,0,0,0,0,0,0,0,3,3,3,4,1,7,1,1,1,1,2,1,1,1,1,5,5,1,1,0,0,5,3,1,0,0,0,0,0,0,0,0,8,0,3,1,2,0,0,0,0,0,0,0,1,1,1,0,0,0,1,0,0,2,2,20222100,Evangelical Church of the Augsburg Confession in
Evangelical Church of the Augsburg Confession in,354972,2,0,0,0,0,0,0,1,0,0,7,0,5,6,0,7,1,1,1,1,0,0,0,0,0,1,0,0,0,0,2,0,0,0,5,4,3,0,1,1,1,0,0,0,0,0,0,0,0,0,0,0,0,0,3,3,3,3,1,4,1,1,1,1,4,1,1,6,4,9,9,3,3,0,0,9,2,4,0,0,0,0,0,0,0,0,5,0,2,0,0,0,0,0,0,0,0,0,1,1,1,0,0,1,2,0,0,2,2,20222100,Evangelical Church of the Augsburg Confession in
Evangelical Church of the Augsburg Confession in,354820,1,0,0,0,0,0,0,1,0,0,9,0,8,8,0,7,1,0,1,1,0,1,0,1,0,0,0,0,0,0,2,0,0,0,5,6,4,0,1,0,0,0,0,0,0,0,0,0,0,0,0,0,0,0,2,3,3,2,3,1,1,4,2,1,2,1,3,6,5,8,7,2,1,0,0,7,4,3,0,0,0,0,0,0,0,0,9,0,4,1,1,0,0,0,0,0,0,0,1,0,0,0,0,0,3,0,0,2,2,20222100,Evangelical Church of the Augsburg Confession in
Evangelical Church of the Augsburg Confession in,355481,2,0,0,0,0,0,0,1,0,0,5,0,9,10,0,7,1,1,0,1,1,0,0,1,0,0,0,0,0,0,1,0,0,0,7,9,10,0,1,1,1,0,0,0,0,0,0,0,0,0,0,0,0,0,3,3,3,2,3,4,5,1,1,1,6,4,3,6,5,3,7,2,2,0,0,4,4,4,0,0,0,0,0,0,0,0,5,0,3,1,1,0,0,0,0,0,0,0,1,1,1,0,0,0,3,0,0,3,2,20222100,Evangelical Church of the Augsburg Confession in
Evangelical Church of the Augsburg Confession in,355108,2,0,0,0,0,0,0,1,0,0,7,0,4,3,0,4,0,1,0,1,0,1,0,1,0,0,0,0,0,0,1,0,0,0,4,7,2,0,0,0,0,0,0,0,0,0,0,0,0,0,0,0,0,0,3,3,3,5,2,7,1,6,1,1,5,1,1,1,1,6,5,4,4,0,0,8,4,5,0,0,0,0,0,0,0,0,9,0,3,0,0,0,0,0,0,0,0,0,0,0,0,0,0,0,2,0,0,2,2,20222100,Evangelical Church of the Augsburg Confession in
Evangelical Church of the Augsburg Confession in,355096,2,0,0,0,0,0,0,1,0,0,10,0,8,10,0,10,1,0,1,0,0,0,1,0,1,0,0,0,0,0,2,0,0,0,8,8,6,0,0,1,1,0,0,0,0,0,0,0,0,0,0,0,0,0,3,4,3,5,1,10,1,1,1,1,3,1,1,1,1,5,5,0,5,0,0,10,4,5,0,0,0,0,0,0,0,0,9,0,1,1,1,0,0,0,0,0,0,0,0,1,1,0,0,0,3,0,0,2,2,20222100,Evangelical Church of the Augsburg Confession in
Evangelical Church of the Augsburg Confession in,354796,2,0,0,0,0,0,0,1,0,0,10,0,5,10,0,1,1,0,1,1,0,1,0,0,0,0,1,0,0,0,2,0,0,0,8,10,10,0,0,0,0,0,0,0,0,0,0,0,0,0,0,0,0,0,3,3,2,0,1,1,1,5,1,1,1,1,1,5,5,8,5,8,1,0,0,5,4,1,0,0,0,0,0,0,0,0,5,0,3,0,0,0,0,0,0,0,0,0,0,0,0,0,0,0,1,0,0,1,2,20222100,Evangelical Church of the Augsburg Confession in
Evangelical Church of the Augsburg Confession in,355371,2,0,0,0,0,0,0,1,0,0,10,0,10,10,0,10,1,0,1,0,0,0,1,0,0,0,0,0,0,0,1,0,0,0,10,10,1,0,1,1,1,0,0,0,0,0,0,0,0,0,0,0,0,0,3,3,3,5,1,1,1,1,1,1,1,1,1,1,1,1,1,1,1,0,0,1,2,2,0,0,0,0,0,0,0,0,10,0,3,1,2,0,0,0,0,0,0,0,1,1,1,0,0,0,3,0,0,2,2,20222100,Evangelical Church of the Augsburg Confession in
Evangelical Church of the Augsburg Confession in,354898,2,0,0,0,0,0,0,1,0,0,7,0,6,7,0,10,0,0,1,1,0,1,0,0,0,0,0,0,0,0,2,0,0,0,7,6,3,0,1,0,1,0,0,0,0,0,0,0,0,0,0,0,0,0,3,4,3,4,1,7,1,1,1,1,1,1,1,5,1,5,5,1,1,0,0,2,7,0,0,0,0,0,0,0,0,0,9,0,3,1,1,0,0,0,0,0,0,0,1,0,1,0,0,0,2,0,0,2,2,20222100,Evangelical Church of the Augsburg Confession in
Evangelical Church of the Augsburg Confession in,355042,4,0,0,0,0,0,0,1,0,0,2,0,6,5,0,4,0,0,1,0,0,0,0,0,0,0,0,0,0,0,2,0,0,0,3,2,9,0,0,0,0,0,0,0,0,0,0,0,0,0,0,0,0,0,2,3,3,5,3,3,3,2,2,3,3,3,5,7,2,5,8,7,6,0,0,9,8,8,0,0,0,0,0,0,0,0,4,0,3,0,0,0,0,0,0,0,0,0,0,0,0,0,0,0,4,0,0,3,2,20222100,Evangelical Church of the Augsburg Confession in
Evangelical Church of the Augsburg Confession in,354432,4,0,0,0,0,0,0,0,0,0,2,0,9,9,0,3,1,0,1,1,0,1,0,1,0,0,0,0,0,0,1,0,0,0,10,10,3,0,0,0,0,0,0,0,0,0,0,0,0,0,0,0,0,0,3,4,4,2,1,1,1,1,1,1,1,1,1,10,3,10,10,10,5,0,0,10,8,8,0,0,0,0,0,0,0,0,8,0,3,1,1,0,0,0,0,0,0,0,0,0,0,0,0,0,4,0,0,3,2,20222100,Evangelical Church of the Augsburg Confession in
Evangelical Church of the Augsburg Confession in,354703,3,0,0,0,0,0,0,1,0,0,7,0,7,6,0,7,1,0,0,0,0,0,0,0,0,0,0,0,0,0,1,0,0,0,5,4,5,0,1,1,1,0,0,0,0,0,0,0,0,0,0,0,0,0,2,2,3,2,10,1,1,1,3,1,1,1,3,4,4,4,10,4,1,0,0,10,7,7,0,0,0,0,0,0,0,0,6,0,2,0,0,0,0,0,0,0,0,0,1,1,1,0,0,1,2,0,0,3,2,20222100,Evangelical Church of the Augsburg Confession in
Evangelical Church of the Augsburg Confession in,354865,2,0,0,0,0,0,0,1,0,0,8,0,7,5,0,8,1,1,1,1,0,0,0,0,1,0,0,0,0,0,2,0,0,0,10,9,9,0,0,0,1,0,0,0,0,0,0,0,0,0,0,0,0,0,3,1,3,4,1,1,1,1,1,1,1,1,1,0,0,0,6,0,0,0,0,0,4,4,0,0,0,0,0,0,0,0,8,0,3,1,1,0,0,0,0,0,0,0,0,0,1,0,0,0,3,0,0,3,2,20222100,Evangelical Church of the Augsburg Confession in
Evangelical Church of the Augsburg Confession in,354643,4,0,0,0,0,0,0,0,0,0,5,0,4,10,0,3,1,0,0,1,0,1,0,0,0,0,0,0,0,0,1,0,0,0,9,9,10,0,1,0,1,0,0,0,0,0,0,0,0,0,0,0,0,0,1,4,0,1,1,1,1,1,1,1,1,1,1,10,10,10,10,10,10,0,0,10,8,8,0,0,0,0,0,0,0,0,6,0,0,0,0,0,0,0,0,0,0,0,1,0,1,0,0,0,0,0,0,2,2,20222100,Evangelical Church of the Augsburg Confession in
Evangelical Church of the Augsburg Confession in,354409,3,0,0,0,0,0,0,1,0,0,5,0,10,10,0,5,1,0,1,1,0,0,1,0,0,0,1,0,0,0,2,0,0,0,8,8,7,0,1,0,0,0,0,0,0,0,0,0,0,0,0,0,0,0,4,1,3,3,1,1,1,1,1,1,1,1,1,5,1,5,7,1,1,0,0,7,4,4,0,0,0,0,0,0,0,0,5,0,2,1,1,0,0,0,0,0,0,0,1,0,0,0,0,0,2,0,0,4,2,20222100,Evangelical Church of the Augsburg Confession in
Evangelical Church of the Augsburg Confession in,355263,3,0,0,0,0,0,0,1,0,0,10,0,10,10,0,10,1,1,0,0,0,1,0,0,0,0,0,0,0,0,1,0,0,0,9,10,10,0,1,1,1,0,0,0,0,0,0,0,0,0,0,0,0,0,1,1,1,2,1,1,1,1,1,1,1,1,1,1,1,1,1,1,1,0,0,1,2,2,0,0,0,0,0,0,0,0,10,0,3,1,2,0,0,0,0,0,0,0,1,1,1,0,0,0,3,0,0,3,2,20222100,Evangelical Church of the Augsburg Confession in
Evangelical Church of the Augsburg Confession in,354360,3,0,0,0,0,0,0,1,0,0,6,0,8,6,0,5,1,0,0,1,0,0,1,0,0,0,0,0,0,0,1,0,0,0,6,6,2,0,1,1,1,0,0,0,0,0,0,0,0,0,0,0,0,0,2,3,3,3,5,1,1,6,5,6,10,1,1,1,1,4,4,5,6,0,0,5,6,6,0,0,0,0,0,0,0,0,6,0,3,0,0,0,0,0,0,0,0,0,1,1,1,0,0,1,2,0,0,3,2,20222100,Evangelical Church of the Augsburg Confession in
Evangelical Church of the Augsburg Confession in,354936,3,0,0,0,0,0,0,0,0,0,6,0,9,8,0,9,1,0,1,1,0,1,0,0,0,1,0,0,0,0,1,0,0,0,8,9,7,0,0,0,0,0,0,0,0,0,0,0,0,0,0,0,0,0,4,4,3,2,1,1,1,1,1,1,1,1,1,10,5,10,10,10,1,0,0,10,7,8,0,0,0,0,0,0,0,0,9,0,0,1,1,0,0,0,0,0,0,0,0,0,0,0,0,0,0,0,0,3,2,20222100,Evangelical Church of the Augsburg Confession in
Evangelical Church of the Augsburg Confession in,354714,1,0,0,0,0,0,0,1,0,0,10,0,10,10,0,5,0,0,1,1,0,1,1,0,1,0,0,0,0,0,2,0,0,0,8,4,5,0,1,1,1,0,0,0,0,0,0,0,0,0,0,0,0,0,3,1,3,3,1,1,1,1,1,1,1,1,1,1,1,5,3,1,1,0,0,3,2,2,0,0,0,0,0,0,0,0,5,0,2,1,2,0,0,0,0,0,0,0,1,1,1,0,0,0,2,0,0,3,2,20222100,Evangelical Church of the Augsburg Confession in
Evangelical Church of the Augsburg Confession in,354815,2,0,0,0,0,0,0,1,0,0,5,0,10,10,0,9,1,1,1,1,0,1,0,0,0,0,0,0,0,0,1,0,0,0,9,9,10,0,0,0,0,0,0,0,0,0,0,0,0,0,0,0,0,0,3,4,2,2,1,0,1,1,1,1,1,1,1,10,5,10,10,5,1,0,0,10,8,8,0,0,0,0,0,0,0,0,5,0,4,0,0,0,0,0,0,0,0,0,0,0,0,0,0,0,4,0,0,0,2,20222100,Evangelical Church of the Augsburg Confession in
Evangelical Church of the Augsburg Confession in,354931,2,0,0,0,0,0,0,1,0,0,9,0,6,4,0,8,0,0,1,1,0,1,0,1,0,1,0,0,0,0,2,0,0,0,3,4,3,0,1,0,1,0,0,0,0,0,0,0,0,0,0,0,0,0,3,4,3,4,1,6,1,1,1,1,1,1,1,6,1,5,6,1,1,0,0,0,3,0,0,0,0,0,0,0,0,0,4,0,3,1,1,0,0,0,0,0,0,0,1,0,1,0,0,0,2,0,0,2,2,20222100,Evangelical Church of the Augsburg Confession in
Evangelical Church of the Augsburg Confession in,355488,1,0,0,0,0,0,0,1,0,0,8,0,4,5,0,10,1,0,1,1,0,1,0,0,0,0,1,0,0,0,2,0,0,0,9,8,2,0,1,1,1,0,0,0,0,0,0,0,0,0,0,0,0,0,3,3,3,5,2,3,2,1,1,3,3,2,3,2,1,1,3,1,2,0,0,3,2,2,0,0,0,0,0,0,0,0,9,0,2,1,2,0,0,0,0,0,0,0,1,1,1,0,0,0,3,0,0,2,2,20222100,Evangelical Church of the Augsburg Confession in
Evangelical Church of the Augsburg Confession in,354513,3,0,0,0,0,0,0,1,0,0,9,0,6,4,0,8,0,0,0,1,0,0,1,1,0,0,0,0,0,0,1,0,0,0,9,9,10,0,1,0,0,0,0,0,0,0,0,0,0,0,0,0,0,0,3,2,3,3,3,10,8,5,4,2,7,2,3,2,4,2,4,2,3,0,0,3,6,3,0,0,0,0,0,0,0,0,9,0,3,0,0,0,0,0,0,0,0,0,1,0,0,0,0,0,3,0,0,1,2,20222100,Evangelical Church of the Augsburg Confession in
Evangelical Church of the Augsburg Confession in,355240,3,0,0,0,0,0,0,1,0,0,6,0,4,4,0,3,1,0,1,1,0,1,0,0,0,1,0,0,0,0,2,0,0,0,2,1,5,0,1,1,1,0,0,0,0,0,0,0,0,0,0,0,0,0,2,3,3,3,1,8,4,1,1,1,5,1,1,8,6,10,10,3,4,0,0,10,7,5,0,0,0,0,0,0,0,0,5,0,2,0,0,0,0,0,0,0,0,0,1,1,1,0,0,0,2,0,0,2,2,20222100,Evangelical Church of the Augsburg Confession in
Evangelical Church of the Augsburg Confession in,354388,4,0,0,0,0,0,0,0,0,0,1,0,1,1,0,10,1,1,1,1,0,0,0,0,0,0,0,0,0,0,2,0,0,0,2,3,1,0,0,0,0,0,0,0,0,0,0,0,0,0,0,0,0,0,1,3,2,5,1,1,1,1,1,1,1,1,1,0,0,4,10,1,1,0,0,10,8,8,0,0,0,0,0,0,0,0,5,0,4,0,0,0,0,0,0,0,0,0,0,0,0,0,0,1,1,0,0,4,2,20222100,Evangelical Church of the Augsburg Confession in
Evangelical Church of the Augsburg Confession in,355258,1,0,0,0,0,0,0,1,0,0,10,0,10,10,0,10,1,0,0,0,0,0,0,0,0,0,0,0,0,0,1,0,0,0,8,8,10,0,1,1,1,0,0,0,0,0,0,0,0,0,0,0,0,0,1,1,1,1,1,1,1,1,1,1,1,1,1,1,1,1,1,1,1,0,0,1,2,2,0,0,0,0,0,0,0,0,10,0,2,1,2,0,0,0,0,0,0,0,1,1,1,0,0,0,3,0,0,2,2,20222100,Evangelical Church of the Augsburg Confession in
Evangelical Church of the Augsburg Confession in,355112,2,0,0,0,0,0,0,1,0,0,7,0,7,8,0,7,1,0,1,1,0,1,1,0,0,0,0,0,0,0,2,0,0,0,8,10,2,0,1,1,1,0,0,0,0,0,0,0,0,0,0,0,0,0,3,3,2,5,2,6,6,4,2,3,5,4,4,1,1,1,4,1,2,0,0,6,3,3,0,0,0,0,0,0,0,0,9,0,2,1,2,0,0,0,0,0,0,0,1,1,1,0,0,0,2,0,0,3,2,20222100,Evangelical Church of the Augsburg Confession in
Evangelical Church of the Augsburg Confession in,354523,3,0,0,0,0,0,0,1,0,0,7,0,7,7,0,8,1,0,1,1,0,0,1,1,0,0,0,0,0,0,2,0,0,0,7,6,3,0,0,0,1,0,0,0,0,0,0,0,0,0,0,0,0,0,1,1,3,5,2,5,6,5,1,1,6,7,4,4,4,4,8,2,6,0,0,8,4,4,0,0,0,0,0,0,0,0,6,0,3,0,0,0,0,0,0,0,0,0,0,0,1,0,0,0,3,0,0,3,2,20222100,Evangelical Church of the Augsburg Confession in
Evangelical Church of the Augsburg Confession in,355270,4,0,0,0,0,0,0,1,0,0,7,0,7,8,0,7,1,0,1,1,0,0,0,0,0,0,1,0,0,0,2,0,0,0,9,8,3,0,1,1,1,0,0,0,0,0,0,0,0,0,0,0,0,0,4,4,4,4,1,1,1,4,1,1,1,1,1,7,6,6,6,6,6,0,0,6,4,5,0,0,0,0,0,0,0,0,8,0,3,0,0,0,0,0,0,0,0,0,1,1,1,0,0,0,3,0,0,3,2,20222100,Evangelical Church of the Augsburg Confession in
Evangelical Church of the Augsburg Confession in,354612,1,0,0,0,0,0,0,1,0,0,10,0,7,10,0,10,0,0,1,1,0,1,0,0,1,0,1,0,0,0,2,0,0,0,9,9,6,0,1,1,1,0,0,0,0,0,0,0,0,0,0,0,0,0,1,1,2,3,1,1,1,1,1,1,4,1,1,0,1,1,1,1,1,0,0,1,2,1,0,0,0,0,0,0,0,0,5,0,2,0,0,0,0,0,0,0,0,0,1,1,1,0,0,1,2,0,0,3,2,20222100,Evangelical Church of the Augsburg Confession in
Evangelical Church of the Augsburg Confession in,355092,1,0,0,0,0,0,0,1,0,0,10,0,1,3,0,9,0,1,1,0,1,0,0,0,1,1,0,0,0,0,1,0,0,0,6,7,8,0,1,1,1,0,0,0,0,0,0,0,0,0,0,0,0,0,2,2,2,5,1,4,1,1,1,1,4,8,3,1,1,1,1,1,1,0,0,1,1,1,0,0,0,0,0,0,0,0,9,0,1,1,2,0,0,0,0,0,0,0,1,1,1,0,0,0,3,0,0,2,2,20222100,Evangelical Church of the Augsburg Confession in
Evangelical Church of the Augsburg Confession in,354465,3,0,0,0,0,0,0,0,0,0,3,0,7,5,0,5,1,0,0,1,0,0,0,0,0,0,0,0,0,0,1,0,0,0,6,3,6,0,1,1,1,0,0,0,0,0,0,0,0,0,0,0,0,0,1,3,4,3,1,1,1,4,1,1,1,1,1,1,1,4,9,7,1,0,0,8,8,8,0,0,0,0,0,0,0,0,6,0,3,0,0,0,0,0,0,0,0,0,1,1,1,0,0,1,3,0,0,3,2,20222100,Evangelical Church of the Augsburg Confession in
Evangelical Church of the Augsburg Confession in,355231,2,0,0,0,0,0,0,1,0,0,6,0,8,5,0,7,0,0,1,0,0,1,0,1,1,0,1,0,0,0,2,0,0,0,8,8,8,0,1,1,1,0,0,0,0,0,0,0,0,0,0,0,0,0,3,2,3,5,1,10,8,7,1,1,3,7,8,4,2,3,4,2,2,0,0,4,3,2,0,0,0,0,0,0,0,0,2,0,4,1,1,0,0,0,0,0,0,0,1,1,1,0,0,1,3,0,0,3,2,20222100,Evangelical Church of the Augsburg Confession in
Evangelical Church of the Augsburg Confession in,354345,3,0,0,0,0,0,0,1,0,0,5,0,6,6,0,5,0,0,0,0,0,1,1,0,0,1,0,0,0,0,2,0,0,0,3,7,7,0,1,1,1,0,0,0,0,0,0,0,0,0,0,0,0,0,2,3,2,4,6,6,7,6,7,6,5,6,5,6,6,6,7,7,6,0,0,5,7,6,0,0,0,0,0,0,0,0,6,0,2,0,0,0,0,0,0,0,0,0,1,1,1,0,0,1,2,0,0,4,2,20222100,Evangelical Church of the Augsburg Confession in
Evangelical Church of the Augsburg Confession in,354516,2,0,0,0,0,0,0,1,0,0,9,0,9,10,0,7,1,0,1,1,0,1,1,0,0,0,0,0,0,0,2,0,0,0,6,2,8,0,1,1,1,0,0,0,0,0,0,0,0,0,0,0,0,0,4,2,2,4,1,3,1,2,1,1,3,2,1,0,3,7,8,4,3,0,0,6,6,2,0,0,0,0,0,0,0,0,8,0,0,1,1,0,0,0,0,0,0,0,1,1,1,0,0,0,2,0,0,3,2,20222100,Evangelical Church of the Augsburg Confession in
Evangelical Church of the Augsburg Confession in,354856,2,0,0,0,0,0,0,1,0,0,3,0,9,8,0,0,1,0,1,1,0,1,1,0,0,0,0,0,0,0,2,0,0,0,6,3,5,0,0,0,0,0,0,0,0,0,0,0,0,0,0,0,0,0,3,3,3,2,1,1,1,1,1,1,1,1,1,7,1,8,8,5,1,0,0,8,4,8,0,0,0,0,0,0,0,0,5,0,4,0,0,0,0,0,0,0,0,0,0,0,0,0,0,0,3,0,0,2,2,20222100,Evangelical Church of the Augsburg Confession in
Evangelical Church of the Augsburg Confession in,354389,3,0,0,0,0,0,0,1,0,0,2,0,9,10,0,8,1,1,0,0,1,1,0,1,0,0,0,0,0,0,2,0,0,0,10,9,8,0,1,1,1,0,0,0,0,0,0,0,0,0,0,0,0,0,3,3,3,1,5,6,3,1,1,5,8,7,4,3,4,1,9,3,1,0,0,9,4,2,0,0,0,0,0,0,0,0,7,0,1,0,0,0,0,0,0,0,0,0,1,1,1,0,0,0,2,0,0,3,2,20222100,Evangelical Church of the Augsburg Confession in
Evangelical Church of the Augsburg Confession in,355255,2,0,0,0,0,0,0,1,0,0,9,0,6,4,0,8,0,0,1,1,0,0,0,0,0,0,1,0,0,0,2,0,0,0,8,9,4,0,1,1,1,0,0,0,0,0,0,0,0,0,0,0,0,0,2,3,3,5,1,4,4,4,1,2,3,2,2,1,1,5,2,5,2,0,0,7,3,3,0,0,0,0,0,0,0,0,10,0,3,1,1,0,0,0,0,0,0,0,1,1,1,0,0,0,3,0,0,2,2,20222100,Evangelical Church of the Augsburg Confession in
Evangelical Church of the Augsburg Confession in,354377,2,0,0,0,0,0,0,1,0,0,9,0,2,2,0,1,1,0,1,0,0,1,1,0,0,1,0,0,0,0,2,0,0,0,5,3,5,0,0,1,1,0,0,0,0,0,0,0,0,0,0,0,0,0,1,1,2,5,1,1,3,1,1,1,3,1,1,5,2,5,5,1,1,0,0,7,7,0,0,0,0,0,0,0,0,0,5,0,2,1,1,0,0,0,0,0,0,0,0,1,1,0,0,0,0,0,0,2,2,20222100,Evangelical Church of the Augsburg Confession in
Evangelical Church of the Augsburg Confession in,354821,1,0,0,0,0,0,0,1,0,0,9,0,9,9,0,10,1,0,1,0,0,1,0,0,0,1,1,0,0,0,2,0,0,0,8,7,2,0,1,0,1,0,0,0,0,0,0,0,0,0,0,0,0,0,0,3,3,2,1,1,1,2,1,1,1,1,1,5,5,7,8,1,1,0,0,7,2,1,0,0,0,0,0,0,0,0,10,0,3,1,2,0,0,0,0,0,0,0,1,0,1,0,0,0,2,0,0,2,2,20222100,Evangelical Church of the Augsburg Confession in
Evangelical Lutheran Church of Brazil,50747,1,0,0,0,0,0,0,1,0,0,10,0,5,8,0,10,1,0,0,1,1,1,0,0,1,0,0,0,0,0,2,0,0,0,10,10,0,0,0,1,1,0,0,0,0,0,0,0,0,0,0,0,0,0,4,3,2,4,1,1,1,1,1,1,0,0,1,0,0,1,1,1,1,0,0,1,1,1,0,0,0,0,0,0,0,0,1,0,0,1,2,0,0,0,0,0,0,0,0,1,1,0,0,0,2,0,0,3,2,20213020,Evangelical Lutheran Church of Brazil
Evangelical Lutheran Church of Brazil,49804,2,0,0,0,0,0,0,1,0,0,0,0,0,0,0,0,1,1,0,1,0,1,0,1,0,0,0,0,0,0,2,0,0,0,7,7,0,0,1,1,1,0,0,0,0,0,0,0,0,0,0,0,0,0,4,4,3,2,0,0,0,0,0,0,0,0,0,0,0,0,0,0,0,0,0,0,2,2,0,0,0,0,0,0,0,0,0,0,3,1,1,0,0,0,0,0,0,0,1,1,1,0,0,0,3,0,0,3,2,20213020,Evangelical Lutheran Church of Brazil
Evangelical Lutheran Church of Brazil,49684,1,0,0,0,0,0,0,1,0,0,10,0,10,1,0,1,1,0,0,0,0,1,1,0,0,1,1,0,0,0,2,0,0,0,9,10,10,0,0,1,1,0,0,0,0,0,0,0,0,0,0,0,0,0,3,3,2,2,1,1,1,1,5,1,1,1,1,1,1,1,1,1,1,0,0,1,1,2,0,0,0,0,0,0,0,0,1,0,1,1,2,0,0,0,0,0,0,0,0,1,1,0,0,0,3,0,0,4,2,20213020,Evangelical Lutheran Church of Brazil
Evangelical Lutheran Church of Brazil,50877,1,0,0,0,0,0,0,1,0,0,10,0,10,5,0,10,0,0,1,1,0,1,0,0,1,0,1,0,0,0,2,0,0,0,10,5,5,0,0,1,1,0,0,0,0,0,0,0,0,0,0,0,0,0,4,4,4,4,1,5,1,10,1,1,7,1,1,1,1,1,1,5,1,0,0,1,1,1,0,0,0,0,0,0,0,0,7,0,3,1,2,0,0,0,0,0,0,0,0,1,1,0,0,0,3,0,0,2,2,20213020,Evangelical Lutheran Church of Brazil
Evangelical Lutheran Church of Brazil,50510,1,0,0,0,0,0,0,1,0,0,10,0,6,8,0,0,0,0,1,1,0,1,0,0,1,1,0,0,0,0,2,0,0,0,8,8,5,0,0,1,1,0,0,0,0,0,0,0,0,0,0,0,0,0,3,4,1,2,1,1,1,1,1,1,1,1,1,1,1,1,1,1,1,0,0,1,2,2,0,0,0,0,0,0,0,0,1,0,2,1,2,0,0,0,0,0,0,0,0,1,1,0,0,0,0,0,0,3,2,20213020,Evangelical Lutheran Church of Brazil
Evangelical Lutheran Church of Brazil,50635,1,0,0,0,0,0,0,1,0,0,10,0,10,1,0,5,1,1,1,0,0,1,0,0,1,0,0,0,0,0,2,0,0,0,5,7,10,0,1,1,1,0,0,0,0,0,0,0,0,0,0,0,0,0,3,3,2,4,1,1,1,5,1,1,7,1,1,1,1,1,1,1,1,0,0,1,2,2,0,0,0,0,0,0,0,0,1,0,2,1,2,0,0,0,0,0,0,0,1,1,1,0,0,0,3,0,0,2,2,20213020,Evangelical Lutheran Church of Brazil
Evangelical Lutheran Church of Brazil,50099,1,0,0,0,0,0,0,1,0,0,10,0,8,10,0,9,1,0,0,0,1,1,0,0,1,0,0,0,0,0,2,0,0,0,6,2,7,0,1,1,1,0,0,0,0,0,0,0,0,0,0,0,0,0,4,4,3,3,7,4,3,6,3,0,3,2,1,0,0,1,7,1,1,0,0,9,1,1,0,0,0,0,0,0,0,0,7,0,2,1,2,0,0,0,0,0,0,0,1,1,1,0,0,0,3,0,0,2,2,20213020,Evangelical Lutheran Church of Brazil
Evangelical Lutheran Church of Brazil,50211,1,0,0,0,0,0,0,1,0,0,10,0,10,10,0,1,0,0,0,1,0,0,0,0,0,0,1,0,0,0,2,0,0,0,7,10,5,0,1,1,1,0,0,0,0,0,0,0,0,0,0,0,0,0,4,4,3,2,1,1,1,1,1,1,1,1,1,0,0,2,10,1,1,0,0,0,1,1,0,0,0,0,0,0,0,0,1,0,3,1,2,0,0,0,0,0,0,0,1,1,1,0,0,0,3,0,0,0,2,20213020,Evangelical Lutheran Church of Brazil
Evangelical Lutheran Church of Brazil,51133,1,0,0,0,0,0,0,1,0,0,10,0,10,10,0,10,1,0,1,1,0,1,0,0,1,0,0,0,0,0,2,0,0,0,8,10,1,0,0,1,1,0,0,0,0,0,0,0,0,0,0,0,0,0,3,4,1,4,1,1,1,8,1,1,1,1,1,1,1,1,5,0,1,0,0,5,2,1,0,0,0,0,0,0,0,0,1,0,1,1,1,0,0,0,0,0,0,0,0,1,1,0,0,0,3,0,0,2,2,20213020,Evangelical Lutheran Church of Brazil
Evangelical Lutheran Church of Brazil,49807,2,0,0,0,0,0,0,1,0,0,10,0,10,10,0,10,0,0,0,1,1,0,1,0,0,1,1,0,0,0,2,0,0,0,10,10,2,0,1,1,1,0,0,0,0,0,0,0,0,0,0,0,0,0,4,4,2,0,1,1,1,1,1,1,1,10,1,1,1,1,1,1,1,0,0,1,1,1,0,0,0,0,0,0,0,0,1,0,2,1,2,0,0,0,0,0,0,0,1,1,1,0,0,0,1,0,0,4,2,20213020,Evangelical Lutheran Church of Brazil
Evangelical Lutheran Church of Brazil,50780,3,0,0,0,0,0,0,1,0,0,10,0,1,1,0,10,1,0,0,0,0,1,0,1,1,0,1,0,0,0,2,0,0,0,8,5,10,0,1,1,1,0,0,0,0,0,0,0,0,0,0,0,0,0,4,4,2,4,1,1,1,1,1,1,1,10,1,1,1,1,1,1,1,0,0,1,1,1,0,0,0,0,0,0,0,0,1,0,0,1,2,0,0,0,0,0,0,0,1,1,1,0,0,0,3,0,0,3,2,20213020,Evangelical Lutheran Church of Brazil
Evangelical Lutheran Church of Brazil,50813,1,0,0,0,0,0,0,1,0,0,10,0,10,10,0,1,1,0,1,1,0,0,1,0,1,0,0,0,0,0,2,0,0,0,6,6,1,0,0,1,1,0,0,0,0,0,0,0,0,0,0,0,0,0,3,3,2,0,1,1,1,8,1,1,1,1,1,6,8,1,10,1,1,0,0,10,3,2,0,0,0,0,0,0,0,0,1,0,3,1,1,0,0,0,0,0,0,0,0,1,1,0,0,0,3,0,0,0,2,20213020,Evangelical Lutheran Church of Brazil
Evangelical Lutheran Church of Brazil,49630,1,0,0,0,0,0,0,1,0,0,10,0,10,4,0,1,0,0,0,1,1,1,0,0,0,1,1,0,0,0,2,0,0,0,8,9,1,0,1,1,1,0,0,0,0,0,0,0,0,0,0,0,0,0,4,4,2,2,1,5,1,10,1,1,1,1,1,5,5,1,4,1,1,0,0,5,1,7,0,0,0,0,0,0,0,0,1,0,3,1,2,0,0,0,0,0,0,0,1,1,1,0,0,0,3,0,0,3,2,20213020,Evangelical Lutheran Church of Brazil
Evangelical Lutheran Church of Brazil,50861,1,0,0,0,0,0,0,1,0,0,10,0,6,5,0,0,1,0,0,1,0,1,0,0,0,1,1,0,0,0,2,0,0,0,9,10,0,0,1,1,1,0,0,0,0,0,0,0,0,0,0,0,0,0,3,3,1,4,1,1,1,1,1,1,6,1,1,1,1,1,5,1,1,0,0,5,1,1,0,0,0,0,0,0,0,0,1,0,0,1,2,0,0,0,0,0,0,0,1,1,1,0,0,0,0,0,0,3,2,20213020,Evangelical Lutheran Church of Brazil
Evangelical Lutheran Church of Brazil,49891,2,0,0,0,0,0,0,1,0,0,10,0,2,7,0,9,1,0,1,1,0,0,0,1,0,0,1,0,0,0,2,0,0,0,10,9,7,0,1,1,1,0,0,0,0,0,0,0,0,0,0,0,0,0,3,3,3,4,1,4,2,7,7,1,8,2,1,3,3,3,3,1,1,0,0,7,2,2,0,0,0,0,0,0,0,0,1,0,3,1,2,0,0,0,0,0,0,0,1,1,1,0,0,0,3,0,0,3,2,20213020,Evangelical Lutheran Church of Brazil
Evangelical Lutheran Church of Brazil,50658,1,0,0,0,0,0,0,1,0,0,10,0,3,5,0,5,1,0,0,0,0,1,1,0,1,1,0,0,0,0,2,0,0,0,7,10,6,0,0,1,1,0,0,0,0,0,0,0,0,0,0,0,0,0,3,4,2,2,1,5,1,8,1,1,6,3,1,1,5,1,5,1,1,0,0,6,2,2,0,0,0,0,0,0,0,0,10,0,1,1,2,0,0,0,0,0,0,0,0,1,1,0,0,0,4,0,0,2,2,20213020,Evangelical Lutheran Church of Brazil
Evangelical Lutheran Church of Brazil,50417,1,0,0,0,0,0,0,1,0,0,10,0,8,8,0,5,1,0,1,1,0,1,0,0,0,1,0,0,0,0,2,0,0,0,7,8,2,0,1,1,1,0,0,0,0,0,0,0,0,0,0,0,0,0,3,3,1,2,1,1,1,1,1,1,1,1,1,1,1,1,1,1,1,0,0,1,1,1,0,0,0,0,0,0,0,0,4,0,0,1,2,0,0,0,0,0,0,0,1,1,1,0,0,0,0,0,0,2,2,20213020,Evangelical Lutheran Church of Brazil
Evangelical Lutheran Church of Brazil,50662,2,0,0,0,0,0,0,1,0,0,10,0,10,10,0,1,1,1,1,1,0,1,0,0,0,0,0,0,0,0,2,0,0,0,10,10,1,0,1,1,1,0,0,0,0,0,0,0,0,0,0,0,0,0,3,3,3,3,1,1,1,5,1,1,3,3,1,5,5,2,5,1,1,0,0,5,7,7,0,0,0,0,0,0,0,0,1,0,2,0,0,0,0,0,0,0,0,0,1,1,1,0,0,0,3,0,0,2,2,20213020,Evangelical Lutheran Church of Brazil
Evangelical Lutheran Church of Brazil,51300,1,0,0,0,0,0,0,1,0,0,10,0,5,6,0,10,1,0,1,1,0,1,0,0,0,0,1,0,0,0,2,0,0,0,10,10,1,0,1,1,1,0,0,0,0,0,0,0,0,0,0,0,0,0,2,3,3,4,1,1,1,5,1,1,1,1,1,0,1,1,1,1,1,0,0,1,1,1,0,0,0,0,0,0,0,0,1,0,0,1,2,0,0,0,0,0,0,0,1,1,1,0,0,0,4,0,0,2,2,20213020,Evangelical Lutheran Church of Brazil
Evangelical Lutheran Church of Brazil,50183,1,0,0,0,0,0,0,0,0,0,5,0,3,3,0,5,1,0,0,1,1,0,0,0,0,0,0,0,0,0,2,0,0,0,3,3,8,0,1,1,1,0,0,0,0,0,0,0,0,0,0,0,0,0,2,1,4,2,4,2,3,7,8,1,5,4,7,5,5,4,4,2,1,0,0,5,2,3,0,0,0,0,0,0,0,0,4,0,2,1,1,0,0,0,0,0,0,0,1,1,1,0,0,0,3,0,0,3,2,20213020,Evangelical Lutheran Church of Brazil
Evangelical Lutheran Church of Brazil,49821,2,0,0,0,0,0,0,1,0,0,7,0,6,2,0,1,1,0,1,1,0,0,0,1,0,0,1,0,0,0,2,0,0,0,6,7,8,0,0,1,1,0,0,0,0,0,0,0,0,0,0,0,0,0,3,3,3,4,1,7,1,5,5,4,1,5,1,7,1,1,5,5,1,0,0,8,6,4,0,0,0,0,0,0,0,0,5,0,3,1,1,0,0,0,0,0,0,0,0,1,1,0,0,0,3,0,0,3,2,20213020,Evangelical Lutheran Church of Brazil
Evangelical Lutheran Church of Brazil,50133,2,0,0,0,0,0,0,1,0,0,10,0,7,5,0,10,1,0,0,1,0,1,1,0,0,0,1,0,0,0,2,0,0,0,3,3,9,0,1,1,1,0,0,0,0,0,0,0,0,0,0,0,0,0,2,3,2,3,1,1,1,5,1,1,1,1,1,5,3,1,10,1,1,0,0,5,1,2,0,0,0,0,0,0,0,0,5,0,4,1,2,0,0,0,0,0,0,0,1,1,1,0,0,0,4,0,0,2,2,20213020,Evangelical Lutheran Church of Brazil
Evangelical Lutheran Church of Brazil,50552,1,0,0,0,0,0,0,1,0,0,0,0,5,0,0,0,1,1,0,0,1,0,1,1,0,0,0,0,0,0,2,0,0,0,9,5,3,0,1,1,1,0,0,0,0,0,0,0,0,0,0,0,0,0,4,4,3,4,0,0,0,0,0,0,0,0,0,0,0,0,0,0,0,0,0,0,2,2,0,0,0,0,0,0,0,0,0,0,3,1,2,0,0,0,0,0,0,0,1,1,1,0,0,0,3,0,0,2,2,20213020,Evangelical Lutheran Church of Brazil
Evangelical Lutheran Church of Brazil,50028,1,0,0,0,0,0,0,1,0,0,10,0,5,5,0,8,1,0,0,1,0,1,0,1,0,0,1,0,0,0,2,0,0,0,8,8,10,0,1,1,1,0,0,0,0,0,0,0,0,0,0,0,0,0,0,3,2,3,1,1,1,10,1,1,10,1,1,1,1,1,10,10,1,0,0,10,1,1,0,0,0,0,0,0,0,0,1,0,3,1,2,0,0,0,0,0,0,0,1,1,1,0,0,0,1,0,0,3,2,20213020,Evangelical Lutheran Church of Brazil
Evangelical Lutheran Church of Brazil,49950,1,0,0,0,0,0,0,1,0,0,10,0,5,5,0,5,1,0,0,1,0,1,0,0,0,1,1,0,0,0,2,0,0,0,6,5,5,0,1,1,1,0,0,0,0,0,0,0,0,0,0,0,0,0,3,3,3,4,10,1,1,6,4,1,1,6,1,1,5,6,5,4,1,0,0,6,3,1,0,0,0,0,0,0,0,0,4,0,3,1,1,0,0,0,0,0,0,0,1,1,1,0,0,0,3,0,0,3,2,20213020,Evangelical Lutheran Church of Brazil
Evangelical Lutheran Church of Brazil,50105,1,0,0,0,0,0,0,1,0,0,10,0,1,10,0,1,0,1,0,1,0,0,0,0,1,0,0,0,0,0,2,0,0,0,10,10,1,0,1,1,1,0,0,0,0,0,0,0,0,0,0,0,0,0,3,3,2,2,1,1,1,10,1,1,1,1,1,1,1,1,1,1,1,0,0,1,1,1,0,0,0,0,0,0,0,0,1,0,2,1,2,0,0,0,0,0,0,0,1,1,1,0,0,0,3,0,0,4,2,20213020,Evangelical Lutheran Church of Brazil
Evangelical Lutheran Church of Brazil,50245,2,0,0,0,0,0,0,1,0,0,10,0,8,10,0,10,0,0,0,0,0,1,0,1,0,1,0,0,0,0,2,0,0,0,10,10,1,0,1,1,1,0,0,0,0,0,0,0,0,0,0,0,0,0,3,3,3,2,1,1,1,5,1,1,1,1,1,10,10,1,1,1,1,0,0,10,1,1,0,0,0,0,0,0,0,0,1,0,3,1,2,0,0,0,0,0,0,0,1,1,1,0,0,0,2,0,0,2,2,20213020,Evangelical Lutheran Church of Brazil
Evangelical Lutheran Church of Brazil,50720,2,0,0,0,0,0,0,1,0,0,10,0,10,10,0,5,1,0,0,0,0,1,0,0,1,1,1,0,0,0,1,0,0,0,6,7,5,0,1,1,1,0,0,0,0,0,0,0,0,0,0,0,0,0,4,3,2,0,1,6,1,5,1,1,5,1,1,5,1,1,5,1,1,0,0,5,6,1,0,0,0,0,0,0,0,0,10,0,2,1,1,0,0,0,0,0,0,0,1,1,1,0,0,0,3,0,0,3,2,20213020,Evangelical Lutheran Church of Brazil
Evangelical Lutheran Church of Brazil,49868,1,0,0,0,0,0,0,1,0,0,10,0,1,1,0,10,1,0,0,1,0,1,0,0,1,0,1,0,0,0,2,0,0,0,8,10,1,0,0,1,1,0,0,0,0,0,0,0,0,0,0,0,0,0,3,3,3,2,1,10,10,5,1,1,1,10,1,5,1,1,10,1,1,0,0,5,2,1,0,0,0,0,0,0,0,0,1,0,2,1,2,0,0,0,0,0,0,0,0,1,1,0,0,0,3,0,0,2,2,20213020,Evangelical Lutheran Church of Brazil
Evangelical Lutheran Church of Brazil,50186,2,0,0,0,0,0,0,1,0,0,10,0,3,5,0,1,1,0,0,0,1,1,1,0,0,0,1,0,0,0,2,0,0,0,6,10,1,0,1,1,1,0,0,0,0,0,0,0,0,0,0,0,0,0,2,3,0,4,2,2,1,4,3,1,7,2,1,3,3,1,6,1,1,0,0,5,7,7,0,0,0,0,0,0,0,0,6,0,2,1,1,0,0,0,0,0,0,0,1,1,1,0,0,0,3,0,0,2,2,20213020,Evangelical Lutheran Church of Brazil
Evangelical Lutheran Church of Brazil,51004,1,0,0,0,0,0,0,1,0,0,10,0,10,10,0,1,1,1,1,1,1,0,0,0,0,0,0,0,0,0,2,0,0,0,10,10,0,0,1,1,1,0,0,0,0,0,0,0,0,0,0,0,0,0,4,4,4,4,1,1,1,1,1,1,10,1,1,10,1,1,1,1,1,0,0,1,1,1,0,0,0,0,0,0,0,0,5,0,1,1,2,0,0,0,0,0,0,0,1,1,1,0,0,0,4,0,0,0,2,20213020,Evangelical Lutheran Church of Brazil
Evangelical Lutheran Church of Brazil,51041,2,0,0,0,0,0,0,1,0,0,10,0,6,6,0,7,1,0,0,0,0,1,0,0,1,1,1,0,0,0,2,0,0,0,8,7,8,0,0,1,1,0,0,0,0,0,0,0,0,0,0,0,0,0,3,3,2,3,1,1,1,7,1,1,5,1,1,1,1,1,5,1,1,0,0,5,1,3,0,0,0,0,0,0,0,0,5,0,2,1,2,0,0,0,0,0,0,0,0,1,1,0,0,0,3,0,0,2,2,20213020,Evangelical Lutheran Church of Brazil
Evangelical Lutheran Church of Brazil,49776,2,0,0,0,0,0,0,1,0,0,10,0,10,10,0,1,0,0,1,1,0,1,1,1,0,0,0,0,0,0,2,0,0,0,9,6,5,0,1,1,1,0,0,0,0,0,0,0,0,0,0,0,0,0,3,4,3,4,1,1,1,1,1,1,1,1,1,1,1,1,1,1,1,0,0,1,1,2,0,0,0,0,0,0,0,0,1,0,3,1,1,0,0,0,0,0,0,0,1,1,1,0,0,0,3,0,0,2,2,20213020,Evangelical Lutheran Church of Brazil
Evangelical Lutheran Church of Brazil,50120,1,0,0,0,0,0,0,1,0,0,10,0,10,10,0,1,1,0,1,1,0,0,0,0,1,0,1,0,0,0,2,0,0,0,10,10,1,0,0,0,1,0,0,0,0,0,0,0,0,0,0,0,0,0,4,4,2,2,1,1,1,10,1,1,10,1,1,10,1,1,1,10,10,0,0,1,1,1,0,0,0,0,0,0,0,0,1,0,4,1,2,0,0,0,0,0,0,0,0,0,1,0,0,0,4,0,0,4,2,20213020,Evangelical Lutheran Church of Brazil
Evangelical Lutheran Church of Brazil,50406,1,0,0,0,0,0,0,1,0,0,10,0,10,9,0,9,0,0,1,1,0,0,1,0,1,0,1,0,0,0,2,0,0,0,6,6,9,0,1,1,1,0,0,0,0,0,0,0,0,0,0,0,0,0,3,3,2,4,1,1,1,3,1,1,1,1,1,1,1,1,1,5,1,0,0,3,1,3,0,0,0,0,0,0,0,0,7,0,1,1,2,0,0,0,0,0,0,0,1,1,1,0,0,0,1,0,0,2,2,20213020,Evangelical Lutheran Church of Brazil
Evangelical Lutheran Church of Brazil,50638,2,0,0,0,0,0,0,1,0,0,10,0,8,8,0,3,1,0,1,1,0,0,1,0,0,0,0,0,0,0,2,0,0,0,7,10,1,0,0,1,1,0,0,0,0,0,0,0,0,0,0,0,0,0,3,3,2,2,1,1,1,5,1,1,1,1,1,5,2,3,6,2,1,0,0,5,6,1,0,0,0,0,0,0,0,0,1,0,3,0,0,0,0,0,0,0,0,0,0,1,1,0,0,0,3,0,0,3,2,20213020,Evangelical Lutheran Church of Brazil
Evangelical Lutheran Church of Brazil,50080,1,0,0,0,0,0,0,1,0,0,10,0,10,1,0,10,1,0,1,0,0,0,0,1,1,0,1,0,0,0,2,0,0,0,10,9,1,0,1,1,1,0,0,0,0,0,0,0,0,0,0,0,0,0,2,3,1,4,1,1,1,4,1,1,10,10,1,1,1,1,1,1,1,0,0,0,1,1,0,0,0,0,0,0,0,0,1,0,2,1,2,0,0,0,0,0,0,0,1,1,1,0,0,0,3,0,0,2,2,20213020,Evangelical Lutheran Church of Brazil
Evangelical Lutheran Church of Brazil,50154,1,0,0,0,0,0,0,1,0,0,1,0,1,1,0,10,1,0,0,0,0,1,0,1,1,0,1,0,0,0,2,0,0,0,1,8,1,0,1,1,1,0,0,0,0,0,0,0,0,0,0,0,0,0,0,3,2,4,10,10,1,10,10,10,10,1,1,1,1,10,10,1,1,0,0,1,1,1,0,0,0,0,0,0,0,0,1,0,2,1,2,0,0,0,0,0,0,0,1,1,1,0,0,0,2,0,0,2,2,20213020,Evangelical Lutheran Church of Brazil
Evangelical Lutheran Church of Brazil,49686,3,0,0,0,0,0,0,1,0,0,10,0,10,5,0,10,1,1,0,1,0,1,0,1,0,0,0,0,0,0,2,0,0,0,7,7,10,0,1,1,1,0,0,0,0,0,0,0,0,0,0,0,0,0,3,3,0,3,1,1,1,3,3,1,5,1,1,10,8,8,10,10,5,0,0,8,2,3,0,0,0,0,0,0,0,0,5,0,4,1,2,0,0,0,0,0,0,0,1,1,1,0,0,0,3,0,0,3,2,20213020,Evangelical Lutheran Church of Brazil
Evangelical Lutheran Church of Brazil,50362,2,0,0,0,0,0,0,1,0,0,10,0,8,8,0,2,1,0,1,1,0,1,0,0,0,0,0,0,0,0,1,0,0,0,5,9,4,0,0,1,1,0,0,0,0,0,0,0,0,0,0,0,0,0,3,4,0,4,1,3,1,4,2,1,4,5,1,0,7,5,8,1,1,0,0,8,2,4,0,0,0,0,0,0,0,0,8,0,2,1,2,0,0,0,0,0,0,0,0,1,1,0,0,0,3,0,0,2,2,20213020,Evangelical Lutheran Church of Brazil
Evangelical Lutheran Church of Brazil,50472,1,0,0,0,0,0,0,1,0,0,10,0,7,7,0,3,1,1,0,0,0,1,1,0,1,0,0,0,0,0,2,0,0,0,8,7,8,0,1,1,1,0,0,0,0,0,0,0,0,0,0,0,0,0,3,3,2,4,1,1,1,2,1,1,1,1,1,1,1,1,1,1,1,0,0,1,1,1,0,0,0,0,0,0,0,0,3,0,2,1,2,0,0,0,0,0,0,0,1,1,1,0,0,0,3,0,0,3,2,20213020,Evangelical Lutheran Church of Brazil
Evangelical Lutheran Church of Brazil,50146,1,0,0,0,0,0,0,1,0,0,10,0,7,7,0,5,0,0,1,1,0,1,0,0,1,1,0,0,0,0,2,0,0,0,9,10,1,0,0,1,1,0,0,0,0,0,0,0,0,0,0,0,0,0,3,3,2,3,1,1,1,5,1,1,1,1,1,6,6,3,7,5,2,0,0,7,3,1,0,0,0,0,0,0,0,0,5,0,2,1,1,0,0,0,0,0,0,0,0,1,1,0,0,0,3,0,0,3,2,20213020,Evangelical Lutheran Church of Brazil
Evangelical Lutheran Church of Brazil,50130,1,0,0,0,0,0,0,1,0,0,10,0,7,6,0,1,1,0,0,1,0,1,0,0,0,0,1,0,0,0,2,0,0,0,6,10,1,0,1,1,1,0,0,0,0,0,0,0,0,0,0,0,0,0,3,3,3,4,1,1,1,7,1,1,1,1,1,6,6,4,5,6,7,0,0,4,3,2,0,0,0,0,0,0,0,0,1,0,3,1,1,0,0,0,0,0,0,0,1,1,1,0,0,0,4,0,0,2,2,20213020,Evangelical Lutheran Church of Brazil
Evangelical Lutheran Church of Brazil,49876,1,0,0,0,0,0,0,1,0,0,10,0,4,5,0,2,0,1,0,0,1,1,0,1,1,0,0,0,0,0,2,0,0,0,10,10,3,0,0,1,1,0,0,0,0,0,0,0,0,0,0,0,0,0,3,3,1,4,3,1,1,5,5,3,1,1,1,5,5,1,6,3,4,0,0,6,1,1,0,0,0,0,0,0,0,0,1,0,4,1,2,0,0,0,0,0,0,0,0,1,1,0,0,0,1,0,0,2,2,20213020,Evangelical Lutheran Church of Brazil
Evangelical Lutheran Church of Brazil,51235,1,0,0,0,0,0,0,1,0,0,10,0,10,10,0,5,1,0,1,1,0,0,0,0,0,0,0,0,0,0,2,0,0,0,6,7,1,0,1,1,1,0,0,0,0,0,0,0,0,0,0,0,0,0,3,3,3,4,1,1,1,7,1,1,1,7,1,1,1,1,1,1,1,0,0,1,1,1,0,0,0,0,0,0,0,0,1,0,3,1,2,0,0,0,0,0,0,0,1,1,1,0,0,0,3,0,0,2,2,20213020,Evangelical Lutheran Church of Brazil
Evangelical Lutheran Church of Brazil,50127,2,0,0,0,0,0,0,1,0,0,10,0,8,7,0,8,1,1,0,1,0,0,0,0,0,0,1,0,0,0,2,0,0,0,7,8,5,0,1,1,1,0,0,0,0,0,0,0,0,0,0,0,0,0,3,4,2,4,1,3,1,5,1,1,3,5,1,5,2,1,5,5,1,0,0,7,1,1,0,0,0,0,0,0,0,0,1,0,2,1,2,0,0,0,0,0,0,0,1,1,1,0,0,0,2,0,0,3,2,20213020,Evangelical Lutheran Church of Brazil
Evangelical Lutheran Church of Brazil,50596,1,0,0,0,0,0,0,1,0,0,10,0,5,3,0,1,1,0,1,1,0,0,0,1,1,0,0,0,0,0,2,0,0,0,10,6,5,0,0,1,0,0,0,0,0,0,0,0,0,0,0,0,0,0,3,3,2,4,1,1,1,5,1,1,1,2,1,0,1,1,5,1,1,0,0,1,1,1,0,0,0,0,0,0,0,0,1,0,0,1,2,0,0,0,0,0,0,0,0,1,0,0,0,0,4,0,0,2,2,20213020,Evangelical Lutheran Church of Brazil
Evangelical Lutheran Church of Brazil,49739,2,0,0,0,0,0,0,1,0,0,10,0,5,6,0,6,1,1,0,0,0,1,0,0,0,1,1,0,0,0,2,0,0,0,5,7,10,0,1,1,1,0,0,0,0,0,0,0,0,0,0,0,0,0,3,3,3,2,10,1,1,5,4,1,1,1,1,1,5,6,7,1,1,0,0,5,0,2,0,0,0,0,0,0,0,0,5,0,3,1,1,0,0,0,0,0,0,0,1,1,1,0,0,0,3,0,0,4,2,20213020,Evangelical Lutheran Church of Brazil
Evangelical Lutheran Church of Brazil,50185,1,0,0,0,0,0,0,1,0,0,10,0,5,5,0,5,1,0,1,1,1,0,0,0,0,0,1,0,0,0,2,0,0,0,5,10,10,0,0,1,1,0,0,0,0,0,0,0,0,0,0,0,0,0,4,3,2,2,1,4,1,5,1,1,1,5,1,5,5,1,6,1,1,0,0,10,2,2,0,0,0,0,0,0,0,0,6,0,3,1,1,0,0,0,0,0,0,0,0,1,1,0,0,0,3,0,0,4,2,20213020,Evangelical Lutheran Church of Brazil
Evangelical Lutheran Church of Brazil,50580,3,0,0,0,0,0,0,1,0,0,8,0,10,10,0,5,1,1,1,1,0,0,0,0,0,1,0,0,0,0,2,0,0,0,3,4,5,0,0,1,1,0,0,0,0,0,0,0,0,0,0,0,0,0,3,3,3,3,1,5,5,5,1,1,5,5,5,5,3,10,10,1,1,0,0,10,7,7,0,0,0,0,0,0,0,0,10,0,0,0,0,0,0,0,0,0,0,0,0,1,1,0,0,0,3,0,0,3,2,20213020,Evangelical Lutheran Church of Brazil
Evangelicalism,103272,4,3,0,0,0,0,0,0,0,0,3,0,3,6,3,0,0,1,0,0,1,0,1,0,1,0,0,0,0,0,2,0,3,0,5,7,2,4,0,0,0,0,5,0,0,0,0,0,0,1,0,1,0,0,2,3,0,0,0,6,0,0,0,0,8,3,2,6,8,3,6,5,3,0,0,0,4,0,0,0,0,0,0,0,0,0,7,3,0,0,0,0,4,1,4,1,0,0,0,0,0,0,0,0,0,0,0,4,8,80400035,Evangelicalism
Evangelicalism,101841,2,2,0,0,0,0,0,0,0,0,6,0,0,0,0,0,0,1,0,1,1,1,0,1,0,0,0,0,0,0,2,0,6,0,9,7,5,6,0,0,0,0,5,0,0,0,0,0,0,1,0,0,1,0,4,4,0,0,0,1,0,0,0,0,1,4,1,10,4,8,9,5,5,0,0,0,4,0,0,0,0,0,1,0,0,0,0,2,0,0,1,0,4,1,4,2,0,0,0,0,0,0,0,0,0,0,0,3,8,80400035,Evangelicalism
Evangelicalism,256869,2,1,0,0,0,0,0,0,0,0,10,0,9,6,7,0,0,0,0,1,0,1,0,1,1,0,1,0,0,0,1,0,8,0,9,10,5,9,0,0,0,0,8,0,0,0,0,0,0,1,0,0,0,0,4,4,0,0,0,3,0,0,0,0,1,1,2,2,2,2,3,4,2,0,0,0,2,0,0,0,0,0,1,0,0,0,7,0,0,0,1,0,4,1,4,1,0,0,0,0,0,0,0,0,0,0,0,2,8,80400035,Evangelicalism
Evangelicalism,102418,1,2,0,0,0,0,0,0,0,0,10,0,6,7,4,0,0,1,0,1,1,1,0,1,0,0,0,0,0,0,1,0,8,0,8,8,2,6,0,0,0,0,9,0,0,0,0,0,0,1,0,0,1,0,4,4,0,0,0,1,0,0,0,0,1,1,1,5,1,3,3,1,1,0,0,0,3,0,0,0,0,0,1,0,0,0,5,0,0,0,2,0,4,2,4,2,0,0,0,0,0,0,0,0,0,0,0,2,8,80400035,Evangelicalism
Evangelicalism,256892,1,1,0,0,0,0,0,0,0,0,10,0,10,10,8,0,0,0,0,0,0,1,1,0,1,1,1,0,0,0,2,0,8,0,8,10,1,10,0,0,0,0,1,0,0,0,0,0,0,1,0,0,1,0,2,2,0,0,0,7,0,0,0,0,8,1,1,10,10,10,10,1,1,0,0,0,8,0,0,0,0,0,1,0,0,0,1,0,0,0,1,0,5,5,2,5,0,0,0,0,0,0,0,0,0,0,0,2,8,80400035,Evangelicalism
Evangelicalism,101683,3,3,0,0,0,0,0,0,0,0,5,0,0,0,0,0,0,1,0,1,1,1,0,1,0,0,0,0,0,0,2,0,3,0,10,7,9,4,0,0,0,0,8,0,0,0,0,0,0,1,0,0,1,0,4,4,0,0,0,1,0,0,0,0,1,1,1,10,6,6,10,0,1,0,0,0,7,0,0,0,0,0,0,0,0,0,0,3,0,0,0,0,0,1,0,0,0,0,0,0,0,0,0,0,0,0,0,0,8,80400035,Evangelicalism
Evangelicalism,101440,3,2,0,0,0,0,0,0,0,0,3,0,0,9,9,0,0,1,0,0,1,1,0,1,0,0,0,0,0,0,1,0,8,0,7,8,5,6,0,0,0,0,7,0,0,0,0,0,0,1,0,0,0,0,3,3,0,0,0,2,0,0,0,0,1,1,1,3,3,1,5,4,1,0,0,0,4,0,0,0,0,0,1,0,0,0,5,0,0,0,1,0,4,0,4,4,0,0,0,0,0,0,0,0,0,0,0,2,8,80400035,Evangelicalism
Evangelicalism,102739,1,1,0,0,0,0,0,0,0,0,10,0,0,0,0,0,0,1,0,1,0,1,0,1,1,0,0,0,0,0,1,0,7,0,8,8,6,7,0,0,0,0,6,0,0,0,0,0,0,1,0,0,0,0,3,3,0,0,0,1,0,0,0,0,1,2,1,1,1,1,3,1,2,0,0,0,2,0,0,0,0,0,1,0,0,0,0,0,0,0,2,0,1,1,1,2,0,0,0,0,0,0,0,0,0,0,0,3,8,80400035,Evangelicalism
Evangelicalism,102896,2,2,0,0,0,0,0,0,0,0,1,0,0,0,0,0,0,1,1,1,0,1,0,1,0,0,0,0,0,0,1,0,7,0,8,5,2,1,0,0,0,0,8,0,0,0,0,0,0,1,0,0,1,0,3,3,0,0,0,1,0,0,0,0,1,1,1,5,1,5,8,2,3,0,0,0,6,0,0,0,0,0,1,0,0,0,0,1,0,0,1,0,3,4,3,4,0,0,0,0,0,0,0,0,0,0,0,2,8,80400035,Evangelicalism
Evangelicalism,101554,3,4,0,0,0,0,0,0,0,0,6,0,0,0,0,0,0,1,1,1,0,1,0,1,0,0,1,0,0,0,1,0,8,0,10,10,3,9,0,0,0,0,8,0,0,0,0,0,0,1,0,0,1,0,3,3,0,0,0,1,0,0,0,0,1,1,1,5,5,5,5,9,1,0,0,0,4,0,0,0,0,0,1,0,0,0,0,2,0,0,1,0,3,3,3,3,0,0,0,0,0,0,0,0,0,0,0,2,8,80400035,Evangelicalism
Evangelicalism,102638,4,1,0,0,0,0,0,0,0,0,1,0,0,0,0,0,0,1,0,0,0,0,0,0,0,0,0,0,0,0,2,0,2,0,9,7,2,0,0,0,0,0,7,0,0,0,0,0,0,1,0,0,2,0,1,4,0,0,0,1,0,0,0,0,1,1,1,1,1,1,0,1,1,0,0,0,8,0,0,0,0,0,0,0,0,0,0,3,0,0,0,0,5,2,3,5,0,0,0,0,0,0,0,0,0,0,0,3,8,80400035,Evangelicalism
Evangelicalism,101701,2,2,0,0,0,0,0,0,0,0,9,0,8,8,9,0,0,0,0,1,0,1,1,0,1,0,1,0,0,0,2,0,8,0,5,0,2,6,0,0,0,0,6,0,0,0,0,0,0,1,0,0,0,0,2,2,0,0,0,1,0,0,0,0,1,1,1,1,1,1,1,2,3,0,0,0,4,0,0,0,0,0,1,0,0,0,6,3,0,0,2,0,4,1,1,1,0,0,0,0,0,0,0,0,0,0,0,2,8,80400035,Evangelicalism
Evangelicalism,101668,4,3,0,0,0,0,0,0,0,0,3,0,0,0,0,0,0,1,0,1,0,1,1,1,0,0,0,0,0,0,2,0,6,0,6,6,7,6,0,0,0,0,7,0,0,0,0,0,0,0,0,0,1,0,3,3,0,0,0,1,0,0,0,0,1,2,1,9,9,9,10,10,3,0,0,0,8,0,0,0,0,0,1,0,0,0,0,3,0,0,1,0,4,4,3,4,0,0,0,0,0,0,0,0,0,0,0,2,8,80400035,Evangelicalism
Evangelicalism,101808,1,2,0,0,0,0,0,0,0,0,9,0,0,0,0,0,0,1,1,0,1,1,0,1,0,0,0,0,0,0,1,0,7,0,8,7,2,8,0,0,0,0,8,0,0,0,0,0,0,1,0,0,2,0,4,4,0,0,0,1,0,0,0,0,1,3,1,10,3,5,6,1,2,0,0,0,3,0,0,0,0,0,1,0,0,0,0,0,0,0,2,0,3,3,0,3,0,0,0,0,0,0,0,0,0,0,0,2,8,80400035,Evangelicalism
Evangelicalism,256619,3,1,0,0,0,0,0,0,0,0,10,0,0,0,0,0,0,0,0,1,0,1,0,0,0,1,1,0,0,0,2,0,10,0,10,0,1,5,0,0,0,0,5,0,0,0,0,0,0,1,0,0,0,0,3,3,0,0,0,0,0,0,0,0,0,0,0,0,0,0,0,0,0,0,0,0,1,0,0,0,0,0,1,0,0,0,0,0,0,0,2,0,2,2,1,4,0,0,0,0,0,0,0,0,0,0,0,1,8,80400035,Evangelicalism
Evangelicalism,101821,2,3,0,0,0,0,0,0,0,0,6,0,5,5,5,0,0,1,1,1,0,1,0,1,0,0,0,0,0,0,1,0,6,0,7,6,4,4,0,0,0,0,6,0,0,0,0,0,0,1,0,0,2,0,2,4,0,0,0,1,0,0,0,0,1,3,1,10,10,8,10,0,0,0,0,0,4,0,0,0,0,0,1,0,0,0,4,3,0,0,1,0,4,2,3,1,0,0,0,0,0,0,0,0,0,0,0,2,8,80400035,Evangelicalism
Evangelicalism,102681,4,1,0,0,0,0,0,0,0,0,6,0,1,1,5,0,0,1,0,1,0,1,1,1,0,0,0,0,0,0,2,0,10,0,7,10,6,10,0,0,0,0,10,0,0,0,0,0,0,1,0,0,2,0,4,4,0,0,0,1,0,0,0,0,1,1,1,10,6,1,0,10,3,0,0,0,8,0,0,0,0,0,1,0,0,0,1,0,0,0,0,0,0,1,1,1,0,0,0,0,0,0,0,0,0,0,0,3,8,80400035,Evangelicalism
Evangelicalism,256469,1,1,0,0,0,0,0,0,0,0,10,0,8,10,10,0,0,0,0,1,0,1,0,1,1,0,1,0,0,0,2,0,4,0,7,9,1,5,0,0,0,0,9,0,0,0,0,0,0,1,0,0,0,0,3,2,0,0,0,1,0,0,0,0,1,1,1,1,1,1,5,5,1,0,0,0,1,0,0,0,0,0,1,0,0,0,10,0,0,0,2,0,4,1,1,1,0,0,0,0,0,0,0,0,0,0,0,3,8,80400035,Evangelicalism
Evangelicalism,102498,2,1,0,0,0,0,0,0,0,0,5,0,6,1,10,0,0,1,1,1,0,1,1,0,0,0,0,0,0,0,2,0,1,0,10,10,1,10,0,0,0,0,1,0,0,0,0,0,0,1,0,0,2,0,4,4,0,0,0,1,0,0,0,0,1,1,1,1,1,1,5,1,1,0,0,0,7,0,0,0,0,0,1,0,0,0,10,0,0,0,2,0,5,1,5,1,0,0,0,0,0,0,0,0,0,0,0,3,8,80400035,Evangelicalism
Evangelicalism,102053,4,2,0,0,0,0,0,0,0,0,8,0,10,9,5,0,0,1,1,1,1,1,0,0,0,0,0,0,0,0,2,0,3,0,4,9,5,6,0,0,0,0,7,0,0,0,0,0,0,1,0,0,2,0,2,2,0,0,0,6,0,0,0,0,6,6,6,5,4,6,8,7,5,0,0,0,8,0,0,0,0,0,0,0,0,0,7,0,0,0,0,0,3,3,3,3,0,0,0,0,0,0,0,0,0,0,0,3,8,80400035,Evangelicalism
Evangelicalism,102949,2,2,0,0,0,0,0,0,0,0,6,0,9,9,9,0,0,1,0,0,0,1,0,1,0,0,0,0,0,0,1,0,7,0,9,8,2,4,0,0,0,0,5,0,0,0,0,0,0,1,0,1,1,0,3,3,0,0,0,2,0,0,0,0,2,1,1,2,2,7,7,5,5,0,0,0,6,0,0,0,0,0,0,0,0,0,0,3,0,0,2,0,0,0,0,0,0,0,0,0,0,0,0,0,0,0,0,3,8,80400035,Evangelicalism
Evangelicalism,103239,4,0,0,0,0,0,0,0,0,0,3,0,0,0,0,0,0,1,0,1,1,1,1,1,0,0,0,0,0,0,2,0,4,0,8,5,6,3,0,0,0,0,0,0,0,0,0,0,0,1,0,0,2,0,0,4,0,0,0,1,0,0,0,0,3,3,2,10,0,10,10,0,0,0,0,0,7,0,0,0,0,0,0,0,0,0,0,0,0,0,0,0,5,2,5,1,0,0,0,0,0,0,0,0,0,0,0,4,8,80400035,Evangelicalism
Evangelicalism,101422,2,2,0,0,0,0,0,0,0,0,8,0,0,0,0,0,0,1,0,1,1,1,1,0,0,0,0,0,0,0,2,0,6,0,4,4,7,7,0,0,0,0,7,0,0,0,0,0,0,1,0,0,1,0,3,3,0,0,0,4,0,0,0,0,2,2,2,8,8,4,9,9,2,0,0,0,3,0,0,0,0,0,1,0,0,0,0,1,0,0,2,0,4,4,4,3,0,0,0,0,0,0,0,0,0,0,0,2,8,80400035,Evangelicalism
Evangelicalism,101695,3,3,0,0,0,0,0,0,0,0,3,0,0,0,0,0,0,1,0,1,1,0,0,1,0,1,0,0,0,0,2,0,5,0,8,7,4,7,0,0,0,0,10,0,0,0,0,0,0,0,0,0,0,0,0,3,0,0,0,3,0,0,0,0,4,2,1,6,8,2,6,4,4,0,0,0,8,0,0,0,0,0,0,0,0,0,0,3,0,0,1,0,5,1,4,2,0,0,0,0,0,0,0,0,0,0,0,3,8,80400035,Evangelicalism
Evangelicalism,102613,2,2,0,0,0,0,0,0,0,0,9,0,0,0,0,0,0,0,1,1,0,1,1,0,0,1,0,0,0,0,2,0,4,0,5,7,3,6,0,0,0,0,6,0,0,0,0,0,0,1,0,0,0,0,4,4,0,0,0,1,0,0,0,0,1,1,1,4,1,4,4,5,4,0,0,0,3,0,0,0,0,0,1,0,0,0,0,0,0,0,1,0,4,2,2,3,0,0,0,0,0,0,0,0,0,0,0,3,8,80400035,Evangelicalism
Evangelicalism,101696,2,1,0,0,0,0,0,0,0,0,8,0,0,0,0,0,0,0,0,1,0,1,1,1,0,0,1,0,0,0,1,0,6,0,8,10,5,6,0,0,0,0,8,0,0,0,0,0,0,1,0,0,0,0,2,2,0,0,0,1,0,0,0,0,1,5,1,1,10,1,6,10,1,0,0,0,4,0,0,0,0,0,1,0,0,0,0,0,0,0,1,0,2,3,2,4,0,0,0,0,0,0,0,0,0,0,0,2,8,80400035,Evangelicalism
Evangelicalism,101959,1,3,0,0,0,0,0,0,0,0,10,0,0,0,0,0,0,0,1,1,0,0,1,0,1,0,1,0,0,0,1,0,9,0,8,9,2,9,0,0,0,0,9,0,0,0,0,0,0,1,0,0,0,0,2,3,0,0,0,1,0,0,0,0,1,5,1,3,3,2,1,1,1,0,0,0,2,0,0,0,0,0,1,0,0,0,0,3,0,0,1,0,1,5,1,5,0,0,0,0,0,0,0,0,0,0,0,3,8,80400035,Evangelicalism
Evangelicalism,103232,3,0,0,0,0,0,0,0,0,0,5,0,8,8,4,0,0,1,0,1,0,0,1,0,0,0,0,0,0,0,2,0,7,0,6,5,8,4,0,0,0,0,6,0,0,0,0,0,0,0,0,0,1,0,4,4,0,0,0,1,0,0,0,0,1,1,1,10,1,10,10,1,10,0,0,0,4,0,0,0,0,0,0,0,0,0,4,0,0,0,0,0,4,3,4,3,0,0,0,0,0,0,0,0,0,0,0,3,8,80400035,Evangelicalism
Evangelicalism,103126,3,3,0,0,0,0,0,0,0,0,3,0,0,0,0,0,0,0,1,1,0,1,1,1,0,0,0,0,0,0,1,0,5,0,9,6,4,4,0,0,0,0,6,0,0,0,0,0,0,1,0,0,1,0,2,2,0,0,0,1,0,0,0,0,1,1,1,6,4,3,5,2,4,0,0,0,6,0,0,0,0,0,0,0,0,0,0,3,0,0,1,0,5,2,2,3,0,0,0,0,0,0,0,0,0,0,0,2,8,80400035,Evangelicalism
Evangelicalism,256679,2,1,0,0,0,0,0,0,0,0,10,0,6,5,7,0,0,1,0,1,0,1,1,1,0,0,0,0,0,0,2,0,6,0,10,9,8,8,0,0,0,0,8,0,0,0,0,0,0,0,0,0,1,0,3,2,0,0,0,4,0,0,0,0,4,1,5,5,5,5,5,5,4,0,0,0,2,0,0,0,0,0,1,0,0,0,10,0,0,0,0,0,2,1,3,1,0,0,0,0,0,0,0,0,0,0,0,2,8,80400035,Evangelicalism
Evangelicalism,101488,4,2,0,0,0,0,0,0,0,0,1,0,0,0,0,0,0,1,1,0,1,0,0,0,0,0,0,0,0,0,1,0,10,0,5,5,8,1,0,0,0,0,10,0,0,0,0,0,0,0,0,1,1,0,4,4,0,0,0,3,0,0,0,0,4,3,3,10,10,10,10,10,10,0,0,0,8,0,0,0,0,0,0,0,0,0,0,0,0,0,0,0,5,1,5,1,0,0,0,0,0,0,0,0,0,0,0,3,8,80400035,Evangelicalism
Evangelicalism,102127,3,2,0,0,0,0,0,0,0,0,8,0,0,0,0,0,0,1,0,1,0,1,1,0,0,0,1,0,0,0,2,0,5,0,8,7,8,2,0,0,0,0,5,0,0,0,0,0,0,0,0,0,2,0,3,0,0,0,0,3,0,0,0,0,2,2,1,3,3,1,2,3,1,0,0,0,6,0,0,0,0,0,1,0,0,0,0,0,0,0,1,0,4,1,3,2,0,0,0,0,0,0,0,0,0,0,0,0,8,80400035,Evangelicalism
Evangelicalism,256492,1,2,0,0,0,0,0,0,0,0,10,0,7,7,7,0,0,0,1,1,0,1,0,1,0,0,0,0,0,0,2,0,5,0,10,10,1,5,0,0,0,0,5,0,0,0,0,0,0,1,0,0,0,0,3,3,0,0,0,1,0,0,0,0,5,2,1,1,5,1,3,1,1,0,0,0,1,0,0,0,0,0,1,0,0,0,7,0,0,0,2,0,2,2,5,4,0,0,0,0,0,0,0,0,0,0,0,2,8,80400035,Evangelicalism
Evangelicalism,103143,4,4,0,0,0,0,0,0,0,0,2,0,5,8,3,0,0,1,0,0,0,1,1,1,0,0,0,0,0,0,2,0,3,0,5,1,2,1,0,0,0,0,4,0,0,0,0,0,0,1,0,1,1,0,2,3,0,0,0,8,0,0,0,0,4,6,2,8,5,8,6,7,4,0,0,0,7,0,0,0,0,0,0,0,0,0,6,3,0,0,0,0,5,2,4,1,0,0,0,0,0,0,0,0,0,0,0,4,8,80400035,Evangelicalism
Evangelicalism,101382,1,2,0,0,0,0,0,0,0,0,10,0,10,10,5,0,0,1,0,1,0,1,0,1,1,0,0,0,0,0,1,0,7,0,9,9,2,8,0,0,0,0,7,0,0,0,0,0,0,1,0,0,2,0,3,4,0,0,0,1,0,0,0,0,1,1,1,3,1,3,3,1,1,0,0,0,3,0,0,0,0,0,1,0,0,0,5,0,0,0,2,0,4,2,2,3,0,0,0,0,0,0,0,0,0,0,0,2,8,80400035,Evangelicalism
Evangelicalism,101993,4,2,0,0,0,0,0,0,0,0,8,0,8,8,8,0,0,1,0,1,1,1,0,1,0,0,0,0,0,0,1,0,7,0,9,10,5,5,0,0,0,0,9,0,0,0,0,0,0,0,0,1,1,0,4,4,0,0,0,1,0,0,0,0,5,1,1,10,10,1,10,6,1,0,0,0,8,0,0,0,0,0,0,0,0,0,9,0,0,0,1,0,4,1,3,2,0,0,0,0,0,0,0,0,0,0,0,2,8,80400035,Evangelicalism
Evangelicalism,102969,3,3,0,0,0,0,0,0,0,0,4,0,9,10,5,0,0,0,1,1,0,1,0,1,0,0,0,0,0,0,2,0,7,0,8,6,6,4,0,0,0,0,6,0,0,0,0,0,0,1,0,0,1,0,3,2,0,0,0,1,0,0,0,0,1,1,1,2,5,2,3,1,1,0,0,0,6,0,0,0,0,0,0,0,0,0,5,2,0,0,0,0,5,2,3,2,0,0,0,0,0,0,0,0,0,0,0,2,8,80400035,Evangelicalism
Evangelicalism,101380,2,3,0,0,0,0,0,0,0,0,8,0,0,0,0,0,0,1,0,1,1,1,0,1,0,0,0,0,0,0,2,0,7,0,8,7,3,6,0,0,0,0,8,0,0,0,0,0,0,1,0,0,0,0,3,3,0,0,0,3,0,0,0,0,1,1,1,0,0,1,0,0,0,0,0,0,3,0,0,0,0,0,0,0,0,0,0,0,0,0,1,0,3,1,3,1,0,0,0,0,0,0,0,0,0,0,0,0,8,80400035,Evangelicalism
Evangelicalism,101887,2,0,0,0,0,0,0,0,0,0,6,0,0,0,0,0,0,0,1,0,0,0,1,0,0,0,0,0,0,0,0,0,2,0,5,9,0,3,0,0,0,0,7,0,0,0,0,0,0,1,0,0,0,0,0,3,0,0,0,1,0,0,0,0,4,1,1,2,5,5,5,2,2,0,0,0,0,0,0,0,0,0,0,0,0,0,0,3,0,0,0,0,0,0,0,0,0,0,0,0,0,0,0,0,0,0,0,0,8,80400035,Evangelicalism
Evangelicalism,101394,4,4,0,0,0,0,0,0,0,0,4,0,8,10,7,0,0,1,0,1,0,1,1,1,0,0,0,0,0,0,2,0,8,0,8,10,3,3,0,0,0,0,8,0,0,0,0,0,0,1,0,0,2,0,3,3,0,0,0,1,0,0,0,0,1,1,1,8,4,4,6,4,1,0,0,0,7,0,0,0,0,0,0,0,0,0,6,2,0,0,0,0,5,2,4,4,0,0,0,0,0,0,0,0,0,0,0,2,8,80400035,Evangelicalism
Evangelicalism,256509,2,1,0,0,0,0,0,0,0,0,10,0,8,4,10,0,0,1,0,1,0,1,0,1,0,0,0,0,0,0,2,0,6,0,8,6,10,5,0,0,0,0,8,0,0,0,0,0,0,1,0,1,1,0,3,4,0,0,0,6,0,0,0,0,8,1,1,6,6,1,1,10,1,0,0,0,8,0,0,0,0,0,1,0,0,0,10,0,0,0,0,0,5,1,5,1,0,0,0,0,0,0,0,0,0,0,0,4,8,80400035,Evangelicalism
Evangelicalism,257279,1,1,0,0,0,0,0,0,0,0,10,0,10,10,10,0,0,0,0,0,0,1,1,1,0,1,1,0,0,0,2,0,1,0,10,8,10,10,0,0,0,0,10,0,0,0,0,0,0,1,0,1,1,0,2,2,0,0,0,1,0,0,0,0,1,1,1,1,1,1,1,1,1,0,0,0,3,0,0,0,0,0,1,0,0,0,10,0,0,0,0,0,2,2,2,2,0,0,0,0,0,0,0,0,0,0,0,2,8,80400035,Evangelicalism
Evangelicalism,101315,3,3,0,0,0,0,0,0,0,0,4,0,0,0,0,0,0,0,0,1,0,0,1,0,0,0,1,0,0,0,2,0,3,0,8,8,4,5,0,0,0,0,7,0,0,0,0,0,0,1,0,0,1,0,4,4,0,0,0,1,0,0,0,0,3,3,1,1,1,5,5,5,5,0,0,0,7,0,0,0,0,0,0,0,0,0,0,0,0,0,0,0,5,4,5,5,0,0,0,0,0,0,0,0,0,0,0,4,8,80400035,Evangelicalism
Evangelicalism,102460,3,3,0,0,0,0,0,0,0,0,7,0,0,0,0,0,0,0,0,1,1,1,1,0,0,1,0,0,0,0,1,0,8,0,9,10,1,5,0,0,0,0,4,0,0,0,0,0,0,1,0,0,0,0,1,1,0,0,0,4,0,0,0,0,5,4,6,5,2,8,10,10,10,0,0,0,4,0,0,0,0,0,1,0,0,0,0,3,0,0,1,0,5,1,3,1,0,0,0,0,0,0,0,0,0,0,0,4,8,80400035,Evangelicalism
Evangelicalism,101319,3,2,0,0,0,0,0,0,0,0,4,0,0,0,0,0,0,1,0,1,0,0,1,0,0,0,0,0,0,0,2,0,4,0,6,8,1,5,0,0,0,0,4,0,0,0,0,0,0,1,0,0,0,0,1,4,0,0,0,1,0,0,0,0,3,2,1,6,1,4,6,6,5,0,0,0,7,0,0,0,0,0,1,0,0,0,0,0,0,0,0,0,4,4,3,3,0,0,0,0,0,0,0,0,0,0,0,3,8,80400035,Evangelicalism
Evangelicalism,101316,4,3,0,0,0,0,0,0,0,0,1,0,0,0,0,0,0,1,0,0,0,0,1,0,0,0,0,0,0,0,2,0,1,0,5,0,2,4,0,0,0,0,5,0,0,0,0,0,0,0,0,0,0,0,4,4,0,0,0,1,0,0,0,0,1,1,1,1,1,1,1,1,1,0,0,0,8,0,0,0,0,0,0,0,0,0,0,0,0,0,0,0,5,5,5,5,0,0,0,0,0,0,0,0,0,0,0,4,8,80400035,Evangelicalism
Evangelicalism,101325,3,2,0,0,0,0,0,0,0,0,5,0,0,0,0,0,0,1,0,1,0,1,0,1,0,0,0,0,0,0,2,0,5,0,7,8,3,8,0,0,0,0,2,0,0,0,0,0,0,1,0,0,0,0,4,4,0,0,0,1,0,0,0,0,1,1,1,8,8,8,8,8,8,0,0,0,3,0,0,0,0,0,0,0,0,0,0,2,0,0,1,0,0,2,0,2,0,0,0,0,0,0,0,0,0,0,0,2,8,80400035,Evangelicalism
Evangelicalism,101393,2,2,0,0,0,0,0,0,0,0,7,0,8,9,6,0,0,1,0,1,0,1,1,0,0,0,0,0,0,0,2,0,9,0,8,9,3,6,0,0,0,0,6,0,0,0,0,0,0,1,0,0,2,0,2,2,0,0,0,1,0,0,0,0,3,1,1,4,5,3,6,1,3,0,0,0,4,0,0,0,0,0,1,0,0,0,4,2,0,0,2,0,5,4,3,4,0,0,0,0,0,0,0,0,0,0,0,3,8,80400035,Evangelicalism
Evangelicalism,103018,1,1,0,0,0,0,0,0,0,0,10,0,0,0,0,0,0,0,0,0,0,1,1,1,0,1,0,0,0,0,2,0,5,0,5,6,1,10,0,0,0,0,10,0,0,0,0,0,0,1,0,0,0,0,3,3,0,0,0,1,0,0,0,0,1,1,1,5,1,5,5,1,1,0,0,0,2,0,0,0,0,0,1,0,0,0,0,0,0,0,2,0,4,2,3,1,0,0,0,0,0,0,0,0,0,0,0,3,8,80400035,Evangelicalism
Evangelicalism,103259,2,2,0,0,0,0,0,0,0,0,6,0,0,0,0,0,0,1,0,1,0,0,0,1,0,1,0,0,0,0,2,0,3,0,8,3,6,4,0,0,0,0,6,0,0,0,0,0,0,1,0,0,2,0,4,4,0,0,0,1,0,0,0,0,1,1,4,1,1,6,7,7,3,0,0,0,3,0,0,0,0,0,1,0,0,0,0,0,0,0,0,0,4,4,2,3,0,0,0,0,0,0,0,0,0,0,0,2,8,80400035,Evangelicalism
Free Church,359105,3,2,0,0,0,0,0,1,1,0,10,2,0,0,0,0,0,1,0,0,0,0,0,0,0,0,0,0,1,2,2,0,0,3,10,9,1,8,1,0,1,0,0,1,1,0,0,0,0,1,0,0,2,1,4,4,0,0,0,1,0,0,0,0,1,1,1,1,1,1,1,1,1,0,0,0,3,0,1,0,0,0,0,0,0,0,0,0,0,0,1,0,0,0,0,0,1,0,1,0,1,0,0,0,0,0,0,0,2,20790000,Free Church
Free Church,51786,1,1,0,0,0,0,0,1,1,0,10,1,0,0,0,0,0,1,1,0,0,0,1,0,1,0,1,0,0,0,2,1,0,2,7,6,0,0,1,0,1,1,0,1,1,0,0,0,0,1,0,0,0,0,2,3,0,0,0,3,0,0,0,0,2,2,4,2,3,1,1,7,2,0,0,0,1,0,0,0,0,0,1,2,0,0,0,0,0,1,0,0,4,2,2,2,0,0,1,0,1,0,0,0,0,0,0,0,2,20790000,Free Church
Free Church,358904,4,2,0,0,0,0,0,0,1,0,1,2,0,0,0,0,0,1,0,1,1,1,0,1,0,0,0,0,3,1,1,0,0,1,8,10,7,7,0,0,0,0,0,2,1,0,0,0,0,1,0,0,2,3,4,4,0,0,0,1,0,0,0,0,4,5,1,10,4,10,10,10,0,0,0,0,8,0,1,0,0,0,0,0,0,0,0,0,0,0,1,0,0,0,0,0,1,0,0,0,0,0,0,0,0,0,0,0,2,20790000,Free Church
Free Church,359128,1,1,0,0,0,0,0,1,1,0,10,2,0,0,0,0,1,0,0,1,0,1,0,1,0,0,1,0,3,2,1,0,0,1,7,8,7,9,1,0,1,1,0,1,1,0,0,0,0,1,0,0,2,3,4,4,0,0,0,1,0,0,0,0,1,1,1,0,1,6,8,1,9,0,0,0,2,0,1,0,0,0,0,0,0,0,0,0,0,0,2,0,0,0,0,0,1,0,1,0,1,0,0,0,0,0,0,0,2,20790000,Free Church
Free Church,358754,1,1,0,0,0,0,0,1,1,0,9,2,0,0,0,0,1,1,0,1,1,1,0,0,0,0,0,0,1,3,1,0,0,3,7,5,4,5,1,1,1,1,0,2,1,0,0,0,0,1,0,0,2,3,3,3,0,0,0,6,0,0,0,0,5,3,2,6,5,6,7,6,8,0,0,0,3,0,1,0,0,0,0,0,0,0,0,0,0,0,2,0,0,0,0,0,2,0,1,1,1,0,0,0,0,0,0,0,2,20790000,Free Church
Free Church,359065,1,1,0,0,0,0,0,1,1,0,10,2,0,0,0,0,0,1,0,1,1,1,0,0,0,0,1,0,4,1,1,0,0,1,9,9,5,8,1,1,1,1,0,1,1,0,0,0,0,1,0,0,2,3,4,0,0,0,0,3,0,0,0,0,5,1,1,7,9,4,3,3,1,0,0,0,2,0,1,0,0,0,0,0,0,0,0,0,0,0,2,0,0,0,0,0,1,0,1,1,1,0,0,0,0,0,0,0,2,20790000,Free Church
Free Church,135394,1,1,0,0,0,0,0,0,0,0,10,0,4,6,5,0,0,1,0,1,0,1,0,0,1,1,0,0,0,0,2,0,7,0,8,8,5,8,0,0,0,0,8,0,0,0,0,0,0,1,0,0,0,0,2,0,0,0,0,4,0,0,0,0,1,1,1,1,1,1,1,1,1,0,0,0,1,0,0,0,0,0,1,0,0,0,10,1,0,0,2,0,1,4,1,5,0,0,0,0,0,0,0,0,0,0,0,2,2,20790000,Free Church
Free Church,359935,2,1,0,0,0,0,0,0,0,0,6,2,0,0,0,0,0,1,0,1,1,0,0,1,0,1,0,0,0,0,1,2,0,2,8,7,0,0,0,0,0,0,0,1,3,0,0,0,0,1,0,0,0,0,4,4,0,0,0,3,0,0,0,0,0,2,1,9,0,10,10,5,2,0,0,0,6,0,0,0,0,0,0,0,0,0,0,0,0,1,0,0,5,2,3,2,0,0,0,0,0,0,0,0,0,0,0,0,2,20790000,Free Church
Free Church,70568,1,3,3,3,0,0,2,0,0,1,10,0,0,0,0,0,0,1,1,1,0,1,1,0,0,0,0,0,0,0,2,0,0,1,5,5,3,8,0,0,0,1,0,2,3,0,1,1,1,1,1,0,0,2,0,0,2,0,0,1,0,0,0,0,1,1,1,1,1,5,5,5,1,0,1,0,1,0,0,1,1,1,1,0,2,0,0,0,0,1,0,0,0,0,0,0,0,3,0,0,0,0,0,0,0,0,0,0,2,20790000,Free Church
Free Church,358649,2,1,0,0,0,0,0,1,1,0,9,2,0,0,0,0,0,1,0,1,1,1,0,0,1,0,0,0,3,4,1,0,0,3,6,6,7,2,1,0,1,1,0,1,1,0,0,0,0,1,1,0,0,1,3,4,0,0,0,1,0,0,0,0,1,1,1,10,0,7,0,5,0,0,0,0,3,0,1,0,0,0,0,0,0,0,0,0,0,0,1,0,0,0,0,0,1,0,1,0,1,0,0,0,0,0,0,0,2,20790000,Free Church
Free Church,359487,1,1,0,0,0,0,0,1,1,0,10,2,0,0,0,0,1,1,0,1,0,1,1,0,0,0,0,0,1,4,1,0,0,1,9,9,3,6,1,1,1,1,0,1,1,0,0,0,0,1,0,0,2,3,2,2,0,0,0,3,0,0,0,0,1,1,1,1,4,1,3,1,3,0,0,0,1,0,1,0,0,0,0,0,0,0,0,0,0,0,2,0,0,0,0,0,2,0,1,1,1,0,0,0,0,0,0,0,2,20790000,Free Church
Free Church,359140,2,2,0,0,0,0,0,1,1,0,10,2,0,0,0,0,1,1,0,1,0,1,0,0,1,0,0,0,3,4,0,0,0,3,8,8,4,5,1,0,1,1,0,1,1,0,0,0,0,1,0,0,0,3,3,3,0,0,0,1,0,0,0,0,3,2,1,9,2,6,6,4,8,0,0,0,3,0,1,0,0,0,0,0,0,0,0,0,0,0,2,0,0,0,0,0,1,0,1,0,1,0,0,0,0,0,0,0,2,20790000,Free Church
Free Church,362112,2,2,0,0,0,0,0,1,0,0,10,0,8,8,0,6,0,0,0,1,1,1,1,0,0,0,0,0,0,0,1,0,7,0,7,8,3,8,0,1,0,0,0,0,0,0,0,0,0,0,0,0,0,0,3,4,3,0,0,1,3,1,2,0,4,2,1,10,4,3,6,2,3,0,0,8,4,2,0,0,0,0,0,0,0,0,0,2,4,0,1,0,0,0,0,0,0,0,0,1,0,0,0,0,4,2,1,1,2,20790000,Free Church
Free Church,359184,2,2,0,0,0,0,0,1,1,0,9,2,0,0,0,0,0,0,0,1,0,1,1,0,0,0,1,0,0,0,1,0,0,1,8,6,6,5,1,1,1,1,0,1,3,0,0,0,0,1,0,0,2,3,0,3,0,0,0,2,0,0,0,0,3,3,2,4,2,7,3,7,2,0,0,0,3,0,1,0,0,0,0,0,0,0,0,0,0,0,2,0,0,0,0,0,1,0,1,1,1,0,0,0,0,0,0,0,2,20790000,Free Church
Free Church,362184,1,1,0,0,0,0,0,1,0,0,10,0,5,5,0,7,0,1,0,1,0,1,1,0,0,0,1,0,0,0,1,0,4,0,7,5,5,8,0,1,0,0,0,0,0,0,0,0,0,0,0,0,0,0,3,3,0,0,0,1,1,1,1,0,1,1,1,1,1,1,3,1,1,0,0,1,2,1,0,0,0,0,0,0,0,0,5,3,3,0,2,0,0,0,0,0,0,0,0,1,0,0,0,0,2,2,2,2,2,20790000,Free Church
Free Church,359444,3,2,0,0,0,0,0,1,0,0,5,2,0,0,0,0,1,1,0,1,0,1,0,0,0,1,0,0,1,3,1,0,0,3,9,10,5,7,1,1,1,1,0,1,1,0,0,0,0,0,0,0,1,1,4,3,0,0,0,1,0,0,0,0,1,4,1,10,6,10,10,8,6,0,0,0,7,0,1,0,0,0,0,0,0,0,0,0,0,0,1,0,0,0,0,0,1,0,1,1,1,0,0,0,0,0,0,0,2,20790000,Free Church
Free Church,362350,0,1,0,0,0,0,0,1,0,0,10,0,4,3,0,5,0,0,0,1,0,1,0,1,0,1,1,0,0,0,0,0,7,0,8,6,4,0,0,1,0,0,0,0,0,0,0,0,0,0,0,0,0,0,4,4,2,0,0,1,1,2,2,0,3,1,1,2,1,1,3,2,1,0,0,2,2,1,0,0,0,0,0,0,0,0,6,2,0,0,2,0,0,0,0,0,0,0,0,1,0,0,0,0,4,1,1,2,2,20790000,Free Church
Free Church,361963,3,1,0,0,0,0,0,0,0,0,1,0,6,6,0,5,0,0,0,1,1,1,0,1,0,0,0,1,0,0,1,0,8,0,5,5,3,7,0,0,0,0,0,0,0,0,0,0,0,0,0,0,0,0,3,3,3,0,0,5,3,1,1,0,4,5,5,7,2,7,5,5,3,0,0,7,2,8,0,0,0,0,0,0,0,0,5,2,3,0,1,0,0,0,0,0,0,0,0,0,0,0,0,0,3,2,2,2,2,20790000,Free Church
Free Church,361637,2,1,0,0,0,0,0,1,0,0,9,0,10,10,0,2,0,1,0,1,0,1,1,0,0,0,0,0,0,0,1,0,8,0,7,6,7,3,0,0,0,0,0,0,0,0,0,0,0,0,0,0,0,0,3,3,3,0,0,2,2,1,1,0,2,1,1,10,1,7,10,3,7,0,0,10,8,2,0,0,0,0,0,0,0,0,1,2,3,0,1,0,0,0,0,0,0,0,0,0,0,0,0,0,3,2,2,2,2,20790000,Free Church
Free Church,359293,1,1,0,0,0,0,0,1,0,0,10,2,0,0,0,0,0,1,1,1,0,0,1,0,1,0,0,0,4,3,1,0,0,3,10,10,3,10,1,1,1,1,0,1,1,0,0,0,0,0,0,0,2,3,4,4,0,0,0,1,0,0,0,0,1,1,1,0,0,0,0,8,0,0,0,0,1,0,1,0,0,0,0,0,0,0,0,0,0,0,2,0,0,0,0,0,2,0,1,1,1,0,0,0,0,0,0,0,2,20790000,Free Church
Free Church,135311,1,2,0,0,0,0,0,0,0,0,10,0,8,6,7,0,0,1,0,1,1,1,0,0,0,0,1,0,0,0,1,0,8,0,10,8,2,6,0,0,0,0,5,0,0,0,0,0,0,0,0,1,0,0,3,4,0,0,0,1,0,0,0,0,1,1,1,1,1,1,4,2,2,0,0,0,1,0,0,0,0,0,1,0,0,0,3,0,0,0,2,0,3,3,2,4,0,0,0,0,0,0,0,0,0,0,0,2,2,20790000,Free Church
Free Church,361799,3,4,0,0,0,0,0,1,0,0,5,0,10,10,0,9,0,1,0,0,0,1,0,1,0,0,0,0,0,0,1,0,6,0,8,8,1,9,0,0,0,0,0,0,0,0,0,0,0,0,0,0,0,0,3,4,2,0,0,1,5,2,1,0,4,3,1,10,8,7,7,8,3,0,0,10,4,4,0,0,0,0,0,0,0,0,1,3,4,0,1,0,0,0,0,0,0,0,0,0,0,0,0,0,4,2,3,2,2,20790000,Free Church
Free Church,134709,1,4,0,0,0,0,0,0,0,0,10,0,8,8,8,0,0,1,0,1,0,0,1,1,1,0,0,0,0,0,1,0,8,0,8,5,7,8,0,0,0,0,5,0,0,0,0,0,0,1,0,0,0,0,3,4,0,0,0,1,0,0,0,0,1,1,1,1,1,1,2,2,2,0,0,0,3,0,0,0,0,0,1,0,0,0,9,0,0,0,2,0,3,3,2,3,0,0,0,0,0,0,0,0,0,0,0,2,2,20790000,Free Church
Free Church,359477,3,1,0,0,0,0,0,1,1,0,3,2,0,0,0,0,0,1,0,1,1,1,0,1,0,0,0,0,3,2,2,0,0,3,3,7,7,3,0,0,0,0,0,2,1,0,0,0,0,1,0,0,2,1,4,4,0,0,0,3,0,0,0,0,6,2,1,10,8,8,6,4,0,0,0,0,7,0,0,0,0,0,0,0,0,0,0,0,0,0,1,0,0,0,0,0,2,0,0,0,0,0,0,0,0,0,0,0,2,20790000,Free Church
Free Church,359152,1,1,0,0,0,0,0,1,1,0,10,2,0,0,0,0,0,0,0,1,0,1,0,1,1,1,0,0,4,2,1,0,0,1,9,7,3,0,1,1,1,1,0,2,1,0,0,0,0,0,0,0,2,3,3,4,0,0,0,5,0,0,0,0,5,3,1,3,3,4,4,3,3,0,0,0,3,0,0,0,0,0,0,0,0,0,0,0,0,0,2,0,0,0,0,0,2,0,1,1,1,0,0,0,0,0,0,0,2,20790000,Free Church
Free Church,361921,1,1,0,0,0,0,0,1,0,0,10,0,4,6,0,6,0,1,0,1,0,1,0,0,1,1,0,0,0,0,1,0,8,0,10,9,3,8,0,1,0,0,0,0,0,0,0,0,0,0,0,0,0,0,3,3,2,0,0,2,1,1,1,0,1,1,1,1,1,3,2,1,2,0,0,0,2,1,0,0,0,0,0,0,0,0,9,3,0,0,2,0,0,0,0,0,0,0,0,1,0,0,0,0,3,2,2,2,2,20790000,Free Church
Free Church,359352,2,1,0,0,0,0,0,1,1,0,9,2,0,0,0,0,1,1,0,1,1,1,0,0,0,0,0,0,3,4,1,0,0,3,10,10,5,5,1,1,1,1,0,2,1,0,0,0,0,0,0,0,1,1,2,3,0,0,0,2,0,0,0,0,1,1,1,6,6,1,6,5,6,0,0,0,4,0,1,0,0,0,0,0,0,0,0,0,0,0,1,0,0,0,0,0,1,0,1,1,1,0,0,0,0,0,0,0,2,20790000,Free Church
Free Church,359985,3,1,0,0,0,0,0,1,0,0,8,2,0,0,0,0,0,0,0,0,1,1,0,0,0,1,1,0,0,0,2,2,0,2,9,9,0,0,1,0,1,1,0,1,1,0,0,0,0,1,0,1,0,0,4,3,0,0,0,5,0,0,0,0,0,8,4,2,0,6,5,7,4,0,0,0,6,0,0,0,0,0,0,0,0,0,0,0,0,1,0,0,3,2,3,2,0,0,1,0,1,0,0,0,0,0,0,0,2,20790000,Free Church
Free Church,358748,2,2,0,0,0,0,0,1,1,0,4,2,0,0,0,0,1,1,0,1,1,1,0,0,0,0,0,0,3,2,1,0,0,3,8,9,9,6,0,0,0,0,0,2,3,0,0,0,0,1,0,0,1,3,4,4,0,0,0,2,0,0,0,0,5,8,2,10,4,8,7,9,0,0,0,0,4,0,0,0,0,0,0,0,0,0,0,0,0,0,1,0,0,0,0,0,1,0,0,0,0,0,0,0,0,0,0,0,2,20790000,Free Church
Free Church,359279,1,1,0,0,0,0,0,1,0,0,10,2,0,0,0,0,1,1,0,1,0,1,0,0,1,0,0,0,4,3,1,0,0,1,10,7,5,7,1,1,1,1,0,1,1,0,0,0,0,0,0,0,2,3,4,4,0,0,0,1,0,0,0,0,1,1,1,1,1,1,6,1,6,0,0,0,1,0,0,0,0,0,0,0,0,0,0,0,0,0,2,0,0,0,0,0,1,0,1,1,1,0,0,0,0,0,0,0,2,20790000,Free Church
Free Church,361905,1,1,0,0,0,0,0,1,0,0,10,0,10,10,0,1,0,0,0,1,1,1,0,1,0,1,0,0,0,0,1,0,8,0,8,8,1,5,0,1,0,0,0,0,0,0,0,0,0,0,0,0,0,0,4,4,3,0,0,1,2,1,5,0,2,1,1,10,5,5,5,2,5,0,0,5,2,1,0,0,0,0,0,0,0,0,0,2,0,0,2,0,0,0,0,0,0,0,0,1,0,0,0,0,4,1,0,1,2,20790000,Free Church
Free Church,362216,1,2,0,0,0,0,0,1,0,0,9,0,5,6,0,7,0,0,1,1,0,0,1,0,0,0,1,1,0,0,2,0,5,0,7,8,10,7,0,1,0,0,0,0,0,0,0,0,0,0,0,0,0,0,4,4,3,0,0,1,1,1,1,0,1,1,1,1,1,6,3,1,1,0,0,10,2,3,0,0,0,0,0,0,0,0,7,3,3,0,2,0,0,0,0,0,0,0,0,1,0,0,0,0,3,2,2,2,2,20790000,Free Church
Free Church,135134,1,1,0,0,0,0,0,0,0,0,10,0,9,6,9,0,0,1,0,1,0,1,0,1,1,0,0,0,0,0,1,0,8,0,8,8,7,7,0,0,0,0,8,0,0,0,0,0,0,0,0,0,1,0,3,4,0,0,0,1,0,0,0,0,1,1,1,10,1,5,5,5,5,0,0,0,3,0,0,0,0,0,1,0,0,0,9,0,0,0,2,0,3,4,2,4,0,0,0,0,0,0,0,0,0,0,0,2,2,20790000,Free Church
Free Church,362630,4,1,0,0,0,0,0,1,0,0,10,0,10,1,0,1,0,1,0,1,1,1,1,0,0,0,0,0,0,0,1,0,5,0,7,10,10,1,0,1,0,0,0,0,0,0,0,0,0,0,0,0,0,0,4,4,4,0,0,10,10,10,1,0,10,10,1,10,10,1,1,1,1,0,0,10,1,1,0,0,0,0,0,0,0,0,10,2,1,0,0,0,0,0,0,0,0,0,0,1,0,0,0,0,1,4,4,4,2,20790000,Free Church
Free Church,359963,2,1,0,0,0,0,0,1,0,0,10,2,0,0,0,0,0,1,0,1,1,1,0,0,0,1,0,0,0,0,1,2,0,2,8,8,0,0,1,1,1,0,0,2,2,0,0,0,0,0,0,0,0,0,4,4,0,0,0,1,0,0,0,0,0,1,1,10,0,10,10,10,1,0,0,0,8,0,0,0,0,0,1,0,0,0,0,0,0,1,0,0,1,2,3,1,0,0,1,1,1,0,0,0,0,0,0,0,2,20790000,Free Church
Free Church,358802,2,2,0,0,0,0,0,1,0,0,10,2,0,0,0,0,1,0,0,1,0,1,1,0,1,0,0,0,1,4,1,0,0,3,8,7,6,7,1,1,1,1,0,1,1,0,0,0,0,1,0,0,2,2,3,0,0,0,0,6,0,0,0,0,7,4,2,2,2,1,2,2,1,0,0,0,2,0,1,0,0,0,0,0,0,0,0,0,0,0,0,0,0,0,0,0,2,0,1,1,1,0,0,0,0,0,0,0,2,20790000,Free Church
Free Church,362097,1,2,0,0,0,0,0,1,0,0,9,0,10,7,0,5,0,0,0,0,1,1,1,1,1,0,0,0,0,0,1,0,5,0,6,8,5,9,0,1,0,0,0,0,0,0,0,0,0,0,0,0,0,0,3,3,3,0,0,1,1,1,1,0,3,1,1,10,1,10,10,1,5,0,0,10,2,1,0,0,0,0,0,0,0,0,5,2,3,0,2,0,0,0,0,0,0,0,0,1,0,0,0,0,3,2,2,2,2,20790000,Free Church
Free Church,359012,1,2,0,0,0,0,0,1,1,0,10,2,0,0,0,0,1,0,0,0,0,1,1,1,1,0,0,0,3,2,2,0,0,1,10,1,3,7,1,1,1,1,0,1,1,0,0,0,0,1,0,0,2,3,1,4,0,0,0,1,0,0,0,0,1,1,1,1,1,1,1,0,1,0,0,0,1,0,1,0,0,0,0,0,0,0,0,0,0,0,2,0,0,0,0,0,0,0,1,1,1,0,0,0,0,0,0,0,2,20790000,Free Church
Free Church,359435,1,1,0,0,0,0,0,1,1,0,10,2,0,0,0,0,0,1,0,1,0,1,1,0,1,0,0,0,1,4,2,0,0,1,7,8,5,2,1,1,1,1,0,2,1,0,0,0,0,1,0,0,0,3,4,4,0,0,0,2,0,0,0,0,2,2,1,6,2,6,9,2,2,0,0,0,3,0,1,0,0,0,0,0,0,0,0,0,0,0,1,0,0,0,0,0,1,0,1,1,1,0,0,0,0,0,0,0,2,20790000,Free Church
Free Church,358673,1,1,0,0,0,0,0,1,1,0,10,1,0,0,0,0,0,1,0,1,0,1,0,1,1,0,0,0,4,2,1,0,0,1,9,9,4,6,1,1,1,1,0,1,1,0,0,0,0,1,0,0,2,3,4,4,0,0,0,1,0,0,0,0,1,1,1,1,1,1,2,2,2,0,0,0,2,0,1,0,0,0,0,0,0,0,0,0,0,0,2,0,0,0,0,0,1,0,1,1,1,0,0,0,0,0,0,0,2,20790000,Free Church
Free Church,361701,3,2,0,0,0,0,0,1,0,0,3,0,10,10,0,1,0,1,0,0,1,1,0,0,0,1,0,0,0,0,1,0,8,0,9,8,3,6,0,0,0,0,0,0,0,0,0,0,0,0,0,0,0,0,3,3,3,0,0,1,1,1,1,0,4,1,1,10,2,10,10,7,10,0,0,10,3,4,0,0,0,0,0,0,0,0,1,1,4,0,2,0,0,0,0,0,0,0,0,0,0,0,0,0,4,1,1,1,2,20790000,Free Church
Free Church,52941,1,1,0,0,0,0,0,1,1,0,10,2,0,0,0,0,0,0,0,1,0,0,0,1,1,1,1,0,0,0,2,1,0,1,10,10,0,0,1,1,1,1,0,1,1,0,0,0,0,1,0,0,0,0,3,2,0,0,0,1,0,0,0,0,1,1,1,1,1,1,2,1,1,0,0,0,1,0,0,0,0,0,1,1,0,0,0,0,0,1,0,0,3,2,2,4,0,0,1,1,1,0,0,0,0,0,0,0,2,20790000,Free Church
Free Church,358751,1,2,0,0,0,0,0,1,1,0,9,2,0,0,0,0,1,0,0,1,1,1,1,0,0,0,0,0,1,3,1,0,0,1,9,8,5,6,1,1,1,1,0,1,1,0,0,0,0,1,0,0,1,3,3,4,0,0,0,2,0,0,0,0,1,2,1,1,1,1,2,1,1,0,0,0,2,0,0,0,0,0,0,0,0,0,0,0,0,0,2,0,0,0,0,0,2,0,1,1,1,0,0,0,0,0,0,0,2,20790000,Free Church
Free Church,359226,1,1,0,0,0,0,0,1,1,0,10,2,0,0,0,0,1,0,0,1,0,1,0,0,1,1,0,0,3,0,2,0,0,1,10,6,1,5,1,0,1,1,0,1,1,0,0,0,0,1,0,1,2,1,4,2,0,0,0,1,0,0,0,0,1,1,1,6,6,6,6,6,1,0,0,0,2,0,0,0,0,0,0,0,0,0,0,0,0,0,2,0,0,0,0,0,1,0,1,0,1,0,0,0,0,0,0,0,2,20790000,Free Church
Free Church,135291,1,1,0,0,0,0,0,0,0,0,10,0,7,7,7,0,0,1,0,1,0,1,1,0,0,0,0,0,0,0,2,0,8,0,8,1,4,6,0,0,0,0,2,0,0,0,0,0,0,1,0,0,1,0,2,4,0,0,0,1,0,0,0,0,1,1,1,1,3,5,4,1,1,0,0,0,2,0,0,0,0,0,1,0,0,0,10,0,0,0,2,0,2,1,1,1,0,0,0,0,0,0,0,0,0,0,0,2,2,20790000,Free Church
Free Church,361924,1,1,0,0,0,0,0,1,0,0,10,0,8,8,0,4,0,1,0,1,0,1,1,0,1,0,0,0,0,0,1,0,9,0,10,8,2,8,0,1,0,0,0,0,0,0,0,0,0,0,0,0,0,0,3,3,2,0,0,1,1,3,1,0,1,1,1,2,1,2,5,1,1,0,0,5,2,1,0,0,0,0,0,0,0,0,7,2,0,0,2,0,0,0,0,0,0,0,0,1,0,0,0,0,2,2,2,2,2,20790000,Free Church
Free Church,134914,1,1,0,0,0,0,0,0,0,0,10,0,5,6,7,0,0,1,0,1,0,1,1,1,0,0,0,0,0,0,1,0,6,0,9,9,2,5,0,0,0,0,9,0,0,0,0,0,0,1,0,0,2,0,3,4,0,0,0,1,0,0,0,0,1,1,1,1,1,1,1,1,1,0,0,0,2,0,0,0,0,0,1,0,0,0,8,0,0,0,2,0,3,2,2,3,0,0,0,0,0,0,0,0,0,0,0,3,2,20790000,Free Church
Free Church,359209,1,1,0,0,0,0,0,1,1,0,10,2,0,0,0,0,0,1,0,1,0,1,0,0,1,1,0,0,4,3,1,0,0,3,8,8,3,0,1,1,1,1,0,1,1,0,0,0,0,1,0,0,0,3,4,4,0,0,0,1,0,0,0,0,1,1,1,8,1,6,5,1,1,0,0,0,2,0,0,0,0,0,0,0,0,0,0,0,0,0,2,0,0,0,0,0,1,0,1,1,1,0,0,0,0,0,0,0,2,20790000,Free Church
Free Church,362385,1,1,0,0,0,0,0,1,0,0,10,0,8,8,0,2,0,1,0,1,0,1,1,1,0,0,0,0,0,0,1,0,8,0,8,7,4,8,0,1,0,0,0,0,0,0,0,0,0,0,0,0,0,0,4,4,4,0,0,1,1,1,1,0,1,1,1,10,1,10,10,5,5,0,0,10,2,1,0,0,0,0,0,0,0,0,3,3,3,0,2,0,0,0,0,0,0,0,0,1,0,0,0,0,3,2,1,1,2,20790000,Free Church
Free Church,361957,1,1,0,0,0,0,0,1,0,0,10,0,7,5,0,5,0,1,0,1,0,1,0,0,1,1,0,0,0,0,2,0,3,0,10,8,1,7,0,1,0,0,0,0,0,0,0,0,0,0,0,0,0,0,4,4,1,0,0,1,1,1,1,0,1,1,1,10,1,1,5,1,10,0,0,1,2,1,0,0,0,0,0,0,0,0,10,2,0,0,2,0,0,0,0,0,0,0,0,1,0,0,0,0,4,2,2,1,2,20790000,Free Church
Greek Byzantine Catholic Church,408028,1,0,0,0,0,0,0,1,0,0,10,0,7,7,0,1,0,0,0,1,0,1,1,0,1,1,0,0,0,0,2,0,0,0,9,10,1,0,1,1,1,0,0,0,0,0,0,0,0,0,0,0,0,0,4,3,4,3,5,1,1,1,1,1,1,1,1,7,7,2,10,4,3,0,0,8,2,1,0,0,0,0,0,0,0,0,10,0,4,1,2,0,0,0,0,0,0,0,1,1,1,0,0,0,4,0,0,2,1,10203050,Greek Byzantine Catholic Church
Greek Byzantine Catholic Church,409263,1,0,0,0,0,0,0,1,0,0,10,0,5,5,0,6,1,1,0,0,1,0,1,0,0,1,0,0,0,0,1,0,0,0,5,9,3,0,1,1,1,0,0,0,0,0,0,0,0,0,0,0,0,0,4,4,3,2,1,5,1,1,3,1,5,1,2,5,5,5,5,3,1,0,0,6,2,2,0,0,0,0,0,0,0,0,8,0,2,1,2,0,0,0,0,0,0,0,1,1,1,0,0,0,3,0,0,2,1,10203050,Greek Byzantine Catholic Church
Greek Byzantine Catholic Church,408262,3,0,0,0,0,0,0,0,0,0,6,0,8,10,0,4,1,1,0,1,0,0,1,1,0,0,0,0,0,0,2,0,0,0,9,9,7,0,1,0,0,0,0,0,0,0,0,0,0,0,0,0,0,0,4,4,3,2,1,4,1,6,5,1,3,1,2,9,2,8,8,5,2,0,0,10,8,6,0,0,0,0,0,0,0,0,3,0,3,1,1,0,0,0,0,0,0,0,1,0,0,0,0,0,4,0,0,2,1,10203050,Greek Byzantine Catholic Church
Greek Byzantine Catholic Church,407893,1,0,0,0,0,0,0,1,0,0,8,0,7,8,0,5,0,0,1,1,0,1,0,1,0,1,0,0,0,0,2,0,0,0,7,7,3,0,0,1,0,0,0,0,0,0,0,0,0,0,0,0,0,0,3,3,3,3,2,1,1,2,2,1,2,1,1,5,1,1,4,3,2,0,0,2,2,3,0,0,0,0,0,0,0,0,7,0,0,1,1,0,0,0,0,0,0,0,0,1,0,0,0,0,2,0,0,2,1,10203050,Greek Byzantine Catholic Church
Greek Byzantine Catholic Church,409572,2,0,0,0,0,0,0,0,0,0,6,0,3,9,0,8,0,1,1,1,0,1,0,1,0,0,0,0,0,0,2,0,0,0,7,6,7,0,0,1,0,0,0,0,0,0,0,0,0,0,0,0,0,0,3,3,3,1,4,4,4,9,9,7,4,5,9,9,3,9,8,3,8,0,0,7,8,6,0,0,0,0,0,0,0,0,4,0,1,1,1,0,0,0,0,0,0,0,0,1,0,0,0,0,2,0,0,2,1,10203050,Greek Byzantine Catholic Church
Greek Byzantine Catholic Church,409665,2,0,0,0,0,0,0,1,0,0,9,0,10,10,0,1,1,1,1,0,1,1,0,0,0,0,0,0,0,0,2,0,0,0,9,4,10,0,1,1,1,0,0,0,0,0,0,0,0,0,0,0,0,0,3,3,3,2,7,1,1,1,1,1,1,1,1,10,6,10,10,10,5,0,0,10,8,1,0,0,0,0,0,0,0,0,1,0,3,0,0,0,0,0,0,0,0,0,1,1,1,0,0,0,4,0,0,2,1,10203050,Greek Byzantine Catholic Church
Greek Byzantine Catholic Church,410121,1,0,0,0,0,0,0,1,0,0,10,0,1,5,0,9,0,1,1,1,0,1,0,0,1,0,0,0,0,0,1,0,0,0,6,6,5,0,1,1,1,0,0,0,0,0,0,0,0,0,0,0,0,0,3,3,2,3,1,1,1,1,2,1,1,1,1,1,1,1,1,1,1,0,0,2,2,1,0,0,0,0,0,0,0,0,10,0,1,1,2,0,0,0,0,0,0,0,1,1,1,0,0,0,2,0,0,2,1,10203050,Greek Byzantine Catholic Church
Greek Byzantine Catholic Church,409832,1,0,0,0,0,0,0,1,0,0,10,0,7,6,0,5,0,0,1,0,1,0,1,0,1,0,1,0,0,0,1,0,0,0,7,9,3,0,1,1,1,0,0,0,0,0,0,0,0,0,0,0,0,0,3,3,3,4,1,2,1,1,1,1,1,1,1,1,1,1,2,2,1,0,0,1,1,1,0,0,0,0,0,0,0,0,8,0,1,1,2,0,0,0,0,0,0,0,1,1,1,0,0,0,1,0,0,2,1,10203050,Greek Byzantine Catholic Church
Greek Byzantine Catholic Church,409763,2,0,0,0,0,0,0,1,0,0,10,0,7,7,0,2,1,1,0,0,1,0,1,0,1,0,0,0,0,0,1,0,0,0,8,10,2,0,1,1,1,0,0,0,0,0,0,0,0,0,0,0,0,0,3,4,3,3,1,2,1,1,1,1,3,1,2,5,3,2,5,1,1,0,0,5,2,1,0,0,0,0,0,0,0,0,8,0,1,1,2,0,0,0,0,0,0,0,1,1,1,0,0,0,3,0,0,2,1,10203050,Greek Byzantine Catholic Church
Greek Byzantine Catholic Church,408823,3,0,0,0,0,0,0,1,0,0,5,0,5,5,0,5,0,1,1,1,1,0,1,0,0,0,0,0,0,0,2,0,0,0,8,10,1,0,1,1,1,0,0,0,0,0,0,0,0,0,0,0,0,0,3,3,3,3,1,5,5,1,1,1,5,5,5,5,5,5,5,5,5,0,0,5,8,8,0,0,0,0,0,0,0,0,5,0,3,1,1,0,0,0,0,0,0,0,1,1,1,0,0,0,3,0,0,3,1,10203050,Greek Byzantine Catholic Church
Greek Byzantine Catholic Church,410215,1,0,0,0,0,0,0,1,0,0,10,0,7,6,0,3,0,1,1,0,1,0,0,0,1,0,1,0,0,0,1,0,0,0,8,10,1,0,0,1,1,0,0,0,0,0,0,0,0,0,0,0,0,0,3,3,2,4,1,1,1,1,1,1,1,1,1,1,1,1,1,1,1,0,0,1,1,1,0,0,0,0,0,0,0,0,10,0,1,1,2,0,0,0,0,0,0,0,0,1,1,0,0,0,1,0,0,3,1,10203050,Greek Byzantine Catholic Church
Greek Byzantine Catholic Church,410317,1,0,0,0,0,0,0,1,0,0,10,0,7,7,0,5,0,1,0,1,0,1,0,0,1,0,1,0,0,0,2,0,0,0,8,10,5,0,1,1,1,0,0,0,0,0,0,0,0,0,0,0,0,0,4,4,3,2,1,1,1,1,2,1,1,1,1,5,5,9,8,9,3,0,0,8,1,1,0,0,0,0,0,0,0,0,10,0,1,1,2,0,0,0,0,0,0,0,1,1,1,0,0,0,3,0,0,2,1,10203050,Greek Byzantine Catholic Church
Greek Byzantine Catholic Church,408398,2,0,0,0,0,0,0,1,0,0,8,0,8,8,0,8,0,0,0,0,0,0,0,1,0,1,0,0,0,0,2,0,0,0,7,7,8,0,1,1,1,0,0,0,0,0,0,0,0,0,0,0,0,0,3,4,3,1,1,7,2,1,1,1,2,1,5,10,6,6,10,9,7,0,0,10,4,3,0,0,0,0,0,0,0,0,8,0,3,1,1,0,0,0,0,0,0,0,1,1,1,0,0,0,3,0,0,3,1,10203050,Greek Byzantine Catholic Church
Greek Byzantine Catholic Church,408295,2,0,0,0,0,0,0,1,0,0,8,0,1,2,0,8,1,1,1,0,0,1,0,0,1,0,0,0,0,0,2,0,0,0,7,7,4,0,1,1,1,0,0,0,0,0,0,0,0,0,0,0,0,0,3,3,3,3,1,3,3,5,5,1,5,3,2,1,1,5,5,4,2,0,0,1,8,8,0,0,0,0,0,0,0,0,7,0,2,0,0,0,0,0,0,0,0,0,1,1,1,0,0,0,3,0,0,2,1,10203050,Greek Byzantine Catholic Church
Greek Byzantine Catholic Church,410003,3,0,0,0,0,0,0,1,0,0,6,0,5,5,0,3,1,1,0,1,1,0,0,0,0,0,1,0,0,0,2,0,0,0,7,7,3,0,1,1,1,0,0,0,0,0,0,0,0,0,0,0,0,0,3,3,4,2,1,2,1,1,1,1,2,1,1,6,3,1,6,4,5,0,0,6,8,7,0,0,0,0,0,0,0,0,4,0,2,0,0,0,0,0,0,0,0,0,1,1,1,0,0,0,2,0,0,2,1,10203050,Greek Byzantine Catholic Church
Greek Byzantine Catholic Church,409062,2,0,0,0,0,0,0,1,0,0,10,0,10,8,0,1,1,1,1,0,0,1,1,0,0,0,0,0,0,0,1,0,0,0,8,8,5,0,1,1,1,0,0,0,0,0,0,0,0,0,0,0,0,0,3,3,3,2,1,1,1,1,1,1,2,1,1,5,5,2,8,5,1,0,0,3,1,1,0,0,0,0,0,0,0,0,5,0,3,1,2,0,0,0,0,0,0,0,1,1,1,0,0,0,3,0,0,2,1,10203050,Greek Byzantine Catholic Church
Greek Byzantine Catholic Church,408185,1,0,0,0,0,0,0,1,0,0,10,0,3,1,0,5,1,0,1,0,1,0,1,0,1,0,0,0,0,0,2,0,0,0,6,7,1,0,1,1,1,0,0,0,0,0,0,0,0,0,0,0,0,0,4,4,3,2,1,1,1,1,1,1,1,1,1,10,5,5,5,5,5,0,0,5,2,3,0,0,0,0,0,0,0,0,4,0,2,1,2,0,0,0,0,0,0,0,1,1,1,0,0,0,3,0,0,3,1,10203050,Greek Byzantine Catholic Church
Greek Byzantine Catholic Church,408075,1,0,0,0,0,0,0,1,0,0,10,0,5,7,0,5,1,1,1,0,0,1,0,0,1,0,0,0,0,0,2,0,0,0,8,8,1,0,1,1,1,0,0,0,0,0,0,0,0,0,0,0,0,0,3,3,3,4,1,1,1,1,1,1,1,1,1,1,1,1,5,1,1,0,0,1,1,1,0,0,0,0,0,0,0,0,5,0,1,1,2,0,0,0,0,0,0,0,1,1,1,0,0,0,1,0,0,2,1,10203050,Greek Byzantine Catholic Church
Greek Byzantine Catholic Church,409199,1,0,0,0,0,0,0,1,0,0,10,0,9,10,0,6,0,1,1,0,0,1,0,0,1,0,1,0,0,0,2,0,0,0,4,7,2,0,0,1,1,0,0,0,0,0,0,0,0,0,0,0,0,0,3,3,3,3,4,5,1,1,5,1,4,2,1,7,1,1,5,2,1,0,0,6,4,7,0,0,0,0,0,0,0,0,10,0,2,1,2,0,0,0,0,0,0,0,0,1,1,0,0,0,2,0,0,3,1,10203050,Greek Byzantine Catholic Church
Greek Byzantine Catholic Church,408475,2,0,0,0,0,0,0,1,0,0,10,0,5,8,0,2,0,1,1,1,0,0,0,1,0,0,1,0,0,0,2,0,0,0,8,8,1,0,1,1,0,0,0,0,0,0,0,0,0,0,0,0,0,0,4,4,3,1,1,1,1,1,1,1,1,1,1,10,1,1,1,1,1,0,0,4,7,2,0,0,0,0,0,0,0,0,10,0,3,1,1,0,0,0,0,0,0,0,1,1,0,0,0,1,4,0,0,2,1,10203050,Greek Byzantine Catholic Church
Greek Byzantine Catholic Church,408868,1,0,0,0,0,0,0,1,0,0,10,0,9,5,0,5,1,0,1,0,1,1,0,0,1,0,0,0,0,0,2,0,0,0,5,5,7,0,1,1,1,0,0,0,0,0,0,0,0,0,0,0,0,0,3,3,3,1,1,5,1,8,1,1,6,5,4,5,5,5,7,7,5,0,0,3,2,3,0,0,0,0,0,0,0,0,7,0,1,1,2,0,0,0,0,0,0,0,1,1,1,0,0,0,1,0,0,3,1,10203050,Greek Byzantine Catholic Church
Greek Byzantine Catholic Church,409428,1,0,0,0,0,0,0,1,0,0,10,0,8,8,0,8,1,1,0,0,0,1,1,0,1,0,0,0,0,0,2,0,0,0,8,10,1,0,0,1,1,0,0,0,0,0,0,0,0,0,0,0,0,0,4,4,4,1,1,1,1,1,1,1,1,1,1,10,5,10,10,7,1,0,0,10,4,1,0,0,0,0,0,0,0,0,6,0,4,0,0,0,0,0,0,0,0,0,0,1,1,0,0,0,3,0,0,2,1,10203050,Greek Byzantine Catholic Church
Greek Byzantine Catholic Church,409421,3,0,0,0,0,0,0,1,0,0,7,0,7,4,0,3,1,0,0,1,0,1,0,1,0,1,0,0,0,0,1,0,0,0,5,4,5,0,1,0,0,0,0,0,0,0,0,0,0,0,0,0,0,0,4,4,3,1,1,7,1,1,1,1,1,3,1,10,4,8,10,10,2,0,0,0,8,3,0,0,0,0,0,0,0,0,3,0,4,1,1,0,0,0,0,0,0,0,1,0,0,0,0,0,4,0,0,2,1,10203050,Greek Byzantine Catholic Church
Greek Byzantine Catholic Church,408346,1,0,0,0,0,0,0,1,0,0,10,0,3,5,0,7,1,0,1,0,0,0,0,0,1,1,1,0,0,0,2,0,0,0,7,9,1,0,1,1,1,0,0,0,0,0,0,0,0,0,0,0,0,0,3,4,3,5,1,4,1,1,1,1,6,1,1,1,1,2,4,3,1,0,0,4,1,1,0,0,0,0,0,0,0,0,6,0,1,1,2,0,0,0,0,0,0,0,1,1,1,0,0,0,1,0,0,2,1,10203050,Greek Byzantine Catholic Church
Greek Byzantine Catholic Church,410119,1,0,0,0,0,0,0,1,0,0,5,0,4,5,0,5,0,0,1,1,0,0,0,0,1,1,1,0,0,0,2,0,0,0,10,10,4,0,0,1,1,0,0,0,0,0,0,0,0,0,0,0,0,0,3,3,3,3,5,5,5,5,5,5,5,5,5,5,5,5,5,5,5,0,0,5,3,3,0,0,0,0,0,0,0,0,5,0,2,0,0,0,0,0,0,0,0,0,0,1,1,0,0,0,3,0,0,4,1,10203050,Greek Byzantine Catholic Church
Greek Byzantine Catholic Church,409915,2,0,0,0,0,0,0,1,0,0,7,0,8,8,0,5,1,0,1,1,1,0,0,0,0,1,0,0,0,0,2,0,0,0,6,6,4,0,0,1,1,0,0,0,0,0,0,0,0,0,0,0,0,0,3,3,3,2,4,2,2,1,4,2,2,5,2,10,6,5,7,6,1,0,0,7,7,3,0,0,0,0,0,0,0,0,3,0,3,0,0,0,0,0,0,0,0,0,0,1,1,0,0,0,4,0,0,2,1,10203050,Greek Byzantine Catholic Church
Greek Byzantine Catholic Church,408872,3,0,0,0,0,0,0,1,0,0,7,0,8,8,0,2,1,0,1,0,0,0,0,1,0,1,1,0,0,0,1,0,0,0,9,10,2,0,1,1,1,0,0,0,0,0,0,0,0,0,0,0,0,0,2,2,2,4,1,1,1,1,3,1,1,1,1,5,7,2,3,5,1,0,0,7,8,7,0,0,0,0,0,0,0,0,3,0,3,0,0,0,0,0,0,0,0,0,1,1,1,0,0,0,3,0,0,2,1,10203050,Greek Byzantine Catholic Church
Greek Byzantine Catholic Church,408141,1,0,0,0,0,0,0,1,0,0,10,0,10,10,0,9,1,1,1,0,0,0,1,0,1,0,0,0,0,0,2,0,0,0,10,10,1,0,1,1,1,0,0,0,0,0,0,0,0,0,0,0,0,0,4,4,4,2,1,1,1,5,1,1,1,10,1,10,10,10,7,8,1,0,0,9,4,1,0,0,0,0,0,0,0,0,1,0,1,1,1,0,0,0,0,0,0,0,1,1,1,0,0,0,4,0,0,3,1,10203050,Greek Byzantine Catholic Church
Greek Byzantine Catholic Church,410061,2,0,0,0,0,0,0,1,0,0,9,0,10,10,0,1,0,0,1,1,0,1,1,1,0,0,0,0,0,0,1,0,0,0,8,10,1,0,1,0,1,0,0,0,0,0,0,0,0,0,0,0,0,0,3,4,3,1,1,1,1,1,1,1,1,1,1,10,2,5,8,8,1,0,0,8,2,3,0,0,0,0,0,0,0,0,1,0,3,1,2,0,0,0,0,0,0,0,1,0,1,0,0,0,4,0,0,2,1,10203050,Greek Byzantine Catholic Church
Greek Byzantine Catholic Church,409520,1,0,0,0,0,0,0,1,0,0,10,0,5,4,0,5,0,1,1,0,0,1,0,1,1,0,0,0,0,0,2,0,0,0,5,6,1,0,1,1,1,0,0,0,0,0,0,0,0,0,0,0,0,0,3,3,2,3,1,1,1,1,1,1,5,1,1,1,1,1,5,1,1,0,0,5,2,1,0,0,0,0,0,0,0,0,10,0,1,1,2,0,0,0,0,0,0,0,1,1,1,0,0,1,2,0,0,2,1,10203050,Greek Byzantine Catholic Church
Greek Byzantine Catholic Church,410335,1,0,0,0,0,0,0,1,0,0,10,0,7,7,0,3,0,0,1,0,0,1,0,0,1,1,1,0,0,0,2,0,0,0,8,8,2,0,1,1,1,0,0,0,0,0,0,0,0,0,0,0,0,0,3,3,3,4,1,1,1,1,1,1,1,1,1,1,1,1,3,1,1,0,0,1,2,1,0,0,0,0,0,0,0,0,10,0,2,1,1,0,0,0,0,0,0,0,1,1,1,0,0,0,1,0,0,3,1,10203050,Greek Byzantine Catholic Church
Greek Byzantine Catholic Church,409757,1,0,0,0,0,0,0,1,0,0,9,0,8,9,0,2,0,0,0,1,0,0,0,1,0,1,1,0,0,0,1,0,0,0,8,8,8,0,0,0,1,0,0,0,0,0,0,0,0,0,0,0,0,0,2,1,0,2,2,2,2,2,2,2,2,5,2,5,2,5,5,5,2,0,0,4,1,4,0,0,0,0,0,0,0,0,10,0,2,1,2,0,0,0,0,0,0,0,0,0,1,0,0,0,3,0,0,2,1,10203050,Greek Byzantine Catholic Church
Greek Byzantine Catholic Church,410440,1,0,0,0,0,0,0,1,0,0,10,0,10,10,0,10,1,1,1,1,0,1,0,0,0,0,0,0,0,0,2,0,0,0,10,10,1,0,1,1,1,0,0,0,0,0,0,0,0,0,0,0,0,0,2,2,3,3,1,1,1,1,1,1,5,1,1,1,1,1,1,1,1,0,0,1,8,2,0,0,0,0,0,0,0,0,10,0,2,1,1,0,0,0,0,0,0,0,1,1,1,0,0,0,2,0,0,3,1,10203050,Greek Byzantine Catholic Church
Greek Byzantine Catholic Church,408425,1,0,0,0,0,0,0,1,0,0,10,0,3,9,0,9,1,1,0,0,1,1,0,1,0,0,0,0,0,0,2,0,0,0,6,6,1,0,1,1,1,0,0,0,0,0,0,0,0,0,0,0,0,0,3,3,3,3,5,1,1,5,5,1,4,1,1,5,1,5,8,1,1,0,0,5,7,3,0,0,0,0,0,0,0,0,5,0,1,1,1,0,0,0,0,0,0,0,1,1,1,0,0,0,4,0,0,1,1,10203050,Greek Byzantine Catholic Church
Greek Byzantine Catholic Church,410112,4,0,0,0,0,0,0,1,0,0,5,0,9,7,0,5,0,0,1,0,0,1,1,1,0,0,1,0,0,0,2,0,0,0,7,10,1,0,1,1,1,0,0,0,0,0,0,0,0,0,0,0,0,0,1,2,4,3,3,2,1,1,3,1,6,1,1,3,5,3,7,7,3,0,0,8,8,7,0,0,0,0,0,0,0,0,4,0,4,0,0,0,0,0,0,0,0,0,1,1,1,0,0,0,4,0,0,4,1,10203050,Greek Byzantine Catholic Church
Greek Byzantine Catholic Church,408666,1,0,0,0,0,0,0,1,0,0,10,0,8,7,0,8,0,1,1,1,0,1,0,1,0,0,0,0,0,0,2,0,0,0,7,8,5,0,1,1,1,0,0,0,0,0,0,0,0,0,0,0,0,0,4,4,4,3,1,7,5,1,7,2,8,5,5,10,6,1,10,1,1,0,0,10,6,3,0,0,0,0,0,0,0,0,7,0,1,0,0,0,0,0,0,0,0,0,1,1,1,0,0,0,3,0,0,2,1,10203050,Greek Byzantine Catholic Church
Greek Byzantine Catholic Church,409475,3,0,0,0,0,0,0,1,0,0,5,0,5,5,0,5,1,0,1,1,0,1,1,0,0,0,0,0,0,0,1,0,0,0,9,9,5,0,0,0,0,0,0,0,0,0,0,0,0,0,0,0,0,0,2,3,2,3,4,5,5,2,3,6,5,5,5,5,5,5,5,5,5,0,0,5,4,7,0,0,0,0,0,0,0,0,5,0,3,1,1,0,0,0,0,0,0,0,0,0,0,0,0,0,3,0,0,2,1,10203050,Greek Byzantine Catholic Church
Greek Byzantine Catholic Church,408305,3,0,0,0,0,0,0,1,0,0,5,0,9,9,0,4,0,0,1,0,1,1,0,1,0,1,0,0,0,0,1,0,0,0,9,8,2,0,1,1,1,0,0,0,0,0,0,0,0,0,0,0,0,0,3,3,4,1,1,2,2,1,1,1,4,1,1,10,2,7,9,2,3,0,0,8,4,3,0,0,0,0,0,0,0,0,7,0,3,1,1,0,0,0,0,0,0,0,1,1,1,0,0,0,4,0,0,2,1,10203050,Greek Byzantine Catholic Church
Greek Byzantine Catholic Church,409932,1,0,0,0,0,0,0,1,0,0,10,0,8,8,0,3,0,0,0,1,0,1,1,1,1,0,0,0,0,0,2,0,0,0,9,9,1,0,1,1,1,0,0,0,0,0,0,0,0,0,0,0,0,0,4,4,3,3,1,1,1,1,1,1,1,1,1,0,1,0,6,6,3,0,0,7,6,3,0,0,0,0,0,0,0,0,3,0,3,0,0,0,0,0,0,0,0,0,1,1,1,0,0,0,4,0,0,3,1,10203050,Greek Byzantine Catholic Church
Greek Byzantine Catholic Church,407964,1,0,0,0,0,0,0,1,0,0,10,0,7,5,0,2,1,1,1,0,0,0,0,0,1,1,0,0,0,0,1,0,0,0,8,10,5,0,1,1,1,0,0,0,0,0,0,0,0,0,0,0,0,0,2,3,2,3,1,1,1,1,1,1,1,1,1,1,1,1,1,1,1,0,0,1,7,1,0,0,0,0,0,0,0,0,7,0,2,1,1,0,0,0,0,0,0,0,1,1,1,0,0,0,2,0,0,2,1,10203050,Greek Byzantine Catholic Church
Greek Byzantine Catholic Church,408359,1,0,0,0,0,0,0,1,0,0,5,0,5,5,0,5,1,0,1,0,0,0,0,0,1,0,0,0,0,0,2,0,0,0,5,5,1,0,0,1,1,0,0,0,0,0,0,0,0,0,0,0,0,0,3,3,3,3,1,1,1,1,1,1,5,1,1,5,1,1,5,1,1,0,0,5,1,2,0,0,0,0,0,0,0,0,5,0,2,1,2,0,0,0,0,0,0,0,0,1,1,0,0,0,3,0,0,2,1,10203050,Greek Byzantine Catholic Church
Greek Byzantine Catholic Church,409418,1,0,0,0,0,0,0,1,0,0,10,0,6,7,0,7,1,0,0,0,0,0,0,1,1,1,1,0,0,0,2,0,0,0,9,7,1,0,1,1,1,0,0,0,0,0,0,0,0,0,0,0,0,0,4,4,4,3,1,1,1,1,1,1,1,1,1,1,1,1,5,1,1,0,0,5,2,1,0,0,0,0,0,0,0,0,10,0,1,1,2,0,0,0,0,0,0,0,1,1,1,0,0,0,3,0,0,2,1,10203050,Greek Byzantine Catholic Church
Greek Byzantine Catholic Church,408157,1,0,0,0,0,0,0,1,0,0,10,0,3,10,0,10,1,0,0,0,0,1,0,1,1,0,1,0,0,0,2,0,0,0,7,10,7,0,1,1,1,0,0,0,0,0,0,0,0,0,0,0,0,0,3,3,4,4,1,1,1,7,1,1,1,1,1,1,1,1,7,1,1,0,0,1,1,1,0,0,0,0,0,0,0,0,10,0,2,1,2,0,0,0,0,0,0,0,1,1,1,0,0,0,2,0,0,3,1,10203050,Greek Byzantine Catholic Church
Greek Byzantine Catholic Church,410054,1,0,0,0,0,0,0,1,0,0,10,0,4,4,0,9,1,1,0,1,0,1,0,0,1,0,0,0,0,0,2,0,0,0,6,9,6,0,1,1,1,0,0,0,0,0,0,0,0,0,0,0,0,0,3,3,2,2,2,2,1,1,3,1,4,1,1,9,3,4,9,3,5,0,0,6,2,2,0,0,0,0,0,0,0,0,7,0,1,1,2,0,0,0,0,0,0,0,1,1,1,0,0,0,4,0,0,2,1,10203050,Greek Byzantine Catholic Church
Greek Byzantine Catholic Church,408081,3,0,0,0,0,0,0,1,0,0,7,0,10,10,0,1,1,1,0,1,0,1,0,0,0,1,0,0,0,0,1,0,0,0,9,10,1,0,1,1,1,0,0,0,0,0,0,0,0,0,0,0,0,0,3,3,3,1,1,1,1,1,1,1,1,1,1,8,1,7,10,1,1,0,0,10,7,3,0,0,0,0,0,0,0,0,1,0,3,0,0,0,0,0,0,0,0,0,1,1,1,0,0,0,3,0,0,2,1,10203050,Greek Byzantine Catholic Church
Greek Byzantine Catholic Church,409273,2,0,0,0,0,0,0,1,0,0,9,0,7,2,0,10,1,0,0,0,1,1,0,1,0,1,0,0,0,0,2,0,0,0,7,3,10,0,1,1,1,0,0,0,0,0,0,0,0,0,0,0,0,0,1,1,1,2,1,1,2,1,1,1,5,1,1,7,6,1,10,8,7,0,0,10,8,3,0,0,0,0,0,0,0,0,5,0,1,0,0,0,0,0,0,0,0,0,1,1,1,0,0,1,1,0,0,3,1,10203050,Greek Byzantine Catholic Church
Greek Byzantine Catholic Church,410301,1,0,0,0,0,0,0,1,0,0,10,0,8,7,0,4,0,0,1,1,0,0,0,1,1,1,0,0,0,0,2,0,0,0,10,10,3,0,1,1,1,0,0,0,0,0,0,0,0,0,0,0,0,0,3,3,2,4,5,2,3,1,5,2,3,1,1,5,5,3,6,7,7,0,0,7,2,1,0,0,0,0,0,0,0,0,5,0,3,1,1,0,0,0,0,0,0,0,1,1,1,0,0,0,1,0,0,3,1,10203050,Greek Byzantine Catholic Church
Greek Byzantine Catholic Church,409993,1,0,0,0,0,0,0,1,0,0,10,0,9,10,0,8,1,0,1,0,0,1,0,0,1,0,1,0,0,0,1,0,0,0,10,8,1,0,1,1,1,0,0,0,0,0,0,0,0,0,0,0,0,0,3,4,3,3,1,1,1,1,1,1,1,1,1,1,1,1,5,6,1,0,0,5,2,1,0,0,0,0,0,0,0,0,8,0,1,1,2,0,0,0,0,0,0,0,1,1,1,0,0,0,3,0,0,2,1,10203050,Greek Byzantine Catholic Church
Greek Byzantine Catholic Church,409625,2,0,0,0,0,0,0,1,0,0,8,0,6,6,0,4,0,1,1,1,1,0,0,1,0,0,0,0,0,0,2,0,0,0,5,4,7,0,1,1,1,0,0,0,0,0,0,0,0,0,0,0,0,0,2,4,3,2,1,4,1,3,5,1,2,1,1,9,8,5,8,6,1,0,0,8,4,4,0,0,0,0,0,0,0,0,5,0,3,1,1,0,0,0,0,0,0,0,1,1,1,0,0,0,1,0,0,3,1,10203050,Greek Byzantine Catholic Church
Greek Byzantine Catholic Church,410426,1,0,0,0,0,0,0,1,0,0,10,0,7,1,0,8,1,1,0,0,0,1,0,0,0,0,0,0,0,0,2,0,0,0,7,8,1,0,1,1,1,0,0,0,0,0,0,0,0,0,0,0,0,0,4,4,4,5,1,1,1,3,1,1,1,1,1,1,1,1,5,1,1,0,0,1,1,2,0,0,0,0,0,0,0,0,1,0,2,1,2,0,0,0,0,0,0,0,1,1,1,0,0,0,1,0,0,3,1,10203050,Greek Byzantine Catholic Church
Hindu,427881,1,1,0,0,0,0,0,1,1,0,10,2,0,0,0,0,1,0,0,1,0,1,1,0,1,0,0,0,2,4,2,0,0,2,10,5,1,5,1,1,1,1,0,1,1,0,0,0,0,1,1,0,0,1,3,3,0,0,0,1,0,0,0,0,1,1,1,5,1,1,1,1,1,0,0,0,1,0,1,0,0,0,0,0,0,0,0,0,0,0,2,0,0,0,0,0,0,0,1,1,1,0,0,0,0,0,0,0,6,60000000,Hindu
Hindu,169834,3,1,2,1,2,2,2,0,0,2,2,0,0,0,0,0,1,1,1,0,0,1,0,0,0,1,0,0,0,0,2,0,0,2,6,3,1,8,0,0,0,0,0,2,2,0,1,0,1,1,1,0,0,2,0,0,1,0,0,1,0,0,0,0,1,1,1,1,1,5,5,1,1,0,1,0,6,0,1,0,0,0,0,0,5,0,0,0,0,0,0,0,0,0,0,0,0,3,0,0,0,1,0,0,0,0,0,0,6,60000000,Hindu
Hindu,180104,1,3,0,0,0,0,0,1,0,0,10,0,10,10,0,9,0,1,1,1,1,1,1,1,1,1,1,1,0,0,2,0,2,0,10,8,1,0,0,1,0,0,0,0,0,0,0,0,0,0,0,0,0,0,2,1,2,0,0,2,1,8,1,0,1,1,1,1,1,1,2,0,1,0,0,1,1,1,0,0,0,0,0,0,0,0,10,1,1,0,0,0,0,0,0,0,0,0,0,1,0,0,0,0,3,2,3,3,6,60000000,Hindu
Hindu,181435,2,3,0,0,0,0,0,0,0,0,1,0,8,8,0,8,0,1,1,1,1,1,1,1,0,1,1,1,0,0,2,0,5,0,8,10,1,7,0,0,0,0,0,0,0,0,0,0,0,0,0,0,0,0,2,4,2,0,0,1,1,1,1,0,1,1,1,1,1,1,1,0,1,0,0,1,8,8,0,0,0,0,0,0,0,0,8,3,4,0,1,0,0,0,0,0,0,0,0,0,0,0,0,0,4,4,2,3,6,60000000,Hindu
Hindu,176893,1,0,0,0,0,0,0,0,0,0,10,0,0,0,0,0,0,0,1,1,0,0,1,0,1,0,1,0,0,0,2,0,0,0,5,7,0,0,0,0,0,0,0,0,0,0,0,0,0,1,0,0,0,0,0,0,0,0,0,1,0,0,0,0,1,1,1,0,0,0,0,0,0,0,0,0,1,0,0,0,0,0,1,0,0,0,0,0,0,0,0,0,1,1,0,1,0,0,0,0,0,0,0,1,0,0,0,3,6,60000000,Hindu
Hindu,170942,2,3,1,1,1,1,2,1,1,2,10,0,0,0,0,0,1,0,1,1,1,1,0,0,0,0,0,0,0,0,2,0,0,2,10,10,1,10,1,1,1,1,0,1,1,1,1,0,0,1,1,0,0,2,0,0,2,0,0,1,0,0,0,0,1,1,1,1,1,1,1,1,1,0,1,0,3,0,1,1,1,0,1,0,1,0,0,0,0,0,0,0,0,0,0,0,0,4,1,1,1,1,0,0,0,0,0,0,6,60000000,Hindu
Hindu,181823,2,2,0,0,0,0,0,1,0,0,7,0,7,8,0,6,0,1,1,0,0,1,0,1,0,1,1,0,0,0,2,0,8,0,6,7,9,9,0,1,0,0,0,0,0,0,0,0,0,0,0,0,0,0,2,3,1,0,0,2,2,3,4,0,2,1,1,1,1,2,2,0,3,0,0,2,1,1,0,0,0,0,0,0,0,0,7,0,2,0,0,0,0,0,0,0,0,0,0,1,0,0,0,0,2,3,3,2,6,60000000,Hindu
Hindu,175640,3,2,0,0,0,0,0,1,1,0,7,2,0,0,0,0,0,1,1,1,1,0,1,0,1,1,1,0,0,0,1,1,0,2,5,3,0,0,1,1,1,1,0,1,2,0,0,0,0,1,1,0,0,0,2,4,0,0,0,5,0,0,0,0,7,1,1,1,1,1,0,1,1,0,0,0,2,0,0,0,0,0,1,3,0,0,0,0,0,0,0,0,4,4,4,2,0,0,1,1,1,0,0,1,0,0,0,0,6,60000000,Hindu
Hindu,176772,1,3,0,0,0,0,0,0,0,0,10,0,10,4,10,0,0,1,1,0,1,0,1,0,0,0,1,0,0,0,1,0,0,0,7,7,10,1,0,0,0,0,1,0,0,0,0,0,0,1,0,0,0,0,3,3,0,0,0,4,0,0,0,0,10,10,10,10,10,10,10,10,10,0,0,0,1,0,0,0,0,0,1,0,0,0,10,3,0,0,1,0,4,2,4,2,0,0,0,0,0,0,0,0,0,0,0,3,6,60000000,Hindu
Hindu,183326,2,0,0,0,0,0,0,1,0,0,8,0,9,8,0,4,1,0,1,1,0,1,0,0,1,0,0,0,0,0,2,0,0,0,7,5,7,0,1,1,1,0,0,0,0,0,0,0,0,0,0,0,0,0,3,3,1,4,4,4,5,4,4,4,4,4,4,4,4,5,4,4,4,0,0,4,1,1,0,0,0,0,0,0,0,0,5,0,3,1,1,0,0,0,0,0,0,0,1,1,1,0,0,0,3,0,0,2,6,60000000,Hindu
Hindu,29994,1,1,0,0,0,0,0,1,1,0,10,2,0,0,0,0,0,1,0,1,0,1,0,1,0,0,1,0,0,0,1,2,0,1,10,9,0,0,0,1,1,1,0,1,1,0,0,0,0,1,1,0,0,0,2,4,0,0,0,1,0,0,0,0,1,1,1,1,1,1,1,1,1,1,0,0,8,0,0,0,0,0,1,2,0,0,0,0,0,0,0,0,4,2,4,2,0,0,0,1,1,0,0,1,0,0,0,0,6,60000000,Hindu
Hindu,171418,2,4,2,1,2,2,2,1,1,2,6,0,0,0,0,0,1,1,0,0,0,0,1,0,1,1,0,0,0,0,2,0,0,1,7,7,5,5,0,0,0,1,0,1,1,1,1,1,1,1,1,0,0,2,0,0,2,0,0,1,0,0,0,0,1,1,1,1,1,6,1,6,1,0,1,0,3,0,1,0,1,0,0,0,4,0,0,0,0,0,0,0,0,0,0,0,0,4,0,0,0,1,0,0,0,0,0,0,6,60000000,Hindu
Hindu,174151,1,1,0,0,0,0,0,1,0,0,7,2,0,0,0,0,0,1,1,0,1,0,0,1,0,1,0,0,0,0,2,0,0,1,3,3,0,0,0,0,0,1,0,1,1,0,0,0,0,1,1,1,0,0,3,3,0,0,0,10,0,0,0,0,10,10,10,10,10,10,10,10,10,0,0,0,2,0,0,0,0,0,1,1,0,0,0,0,0,1,0,0,2,0,2,3,0,0,0,0,0,0,0,0,0,0,0,0,6,60000000,Hindu
Hindu,431415,2,2,0,0,0,0,0,1,1,0,8,1,0,0,0,0,0,0,0,1,0,1,0,1,1,0,1,0,0,0,2,1,0,2,9,8,0,0,0,0,0,1,0,1,1,0,0,0,0,1,0,1,1,0,3,3,0,0,0,8,0,0,0,0,1,1,1,8,2,1,4,1,1,0,0,0,4,0,0,0,0,0,1,1,0,0,0,0,0,0,0,0,2,2,3,2,0,0,0,0,0,0,0,0,0,0,0,0,6,60000000,Hindu
Hindu,171815,2,3,2,2,2,2,3,1,0,2,6,0,0,0,0,0,1,0,0,1,0,0,1,0,1,0,1,0,0,0,1,0,0,1,8,5,10,8,0,0,0,1,0,1,1,1,1,1,1,1,1,0,2,2,0,0,1,0,0,1,0,0,0,0,1,1,1,1,1,9,1,6,1,0,1,0,2,0,1,0,1,0,1,0,2,0,0,0,0,0,0,0,0,0,0,0,0,3,0,0,0,1,0,0,0,0,0,0,6,60000000,Hindu
Hindu,169471,1,1,1,1,1,2,2,1,1,2,10,0,0,0,0,0,1,0,1,1,0,1,1,0,0,0,0,0,0,0,2,0,0,1,5,10,4,2,0,1,1,0,0,1,1,1,1,1,1,1,1,0,0,2,0,0,1,0,0,4,0,0,0,0,1,1,1,1,1,1,1,1,1,0,1,0,1,0,1,1,1,1,1,0,1,0,0,0,0,0,0,0,0,0,0,0,0,4,0,1,1,1,0,0,0,0,0,0,6,60000000,Hindu
Hindu,170486,1,2,2,1,2,2,2,1,0,2,0,0,0,0,0,0,1,1,1,1,0,0,0,0,0,0,1,0,0,0,2,0,0,2,8,7,1,5,0,0,0,1,0,1,1,1,1,1,1,1,1,0,0,2,0,0,1,0,0,1,0,0,0,0,1,1,1,1,1,5,1,1,1,0,1,0,7,0,1,0,0,0,1,0,3,0,0,0,0,0,0,0,0,0,0,0,0,2,0,0,0,1,0,0,0,0,0,0,6,60000000,Hindu
Hindu,172674,2,2,0,0,0,0,0,1,0,0,7,0,0,0,0,0,1,0,0,1,0,1,0,0,0,1,1,0,2,3,2,0,0,0,6,6,1,1,0,0,0,1,0,1,1,0,0,0,0,1,1,0,2,3,2,2,0,0,0,0,0,0,0,0,1,1,1,1,1,1,1,10,1,0,0,0,1,0,1,0,0,0,0,0,0,0,0,0,0,0,0,0,0,0,0,0,0,0,0,0,0,0,0,0,0,0,0,0,6,60000000,Hindu
Hindu,183361,1,0,0,0,0,0,0,1,0,0,10,0,8,9,0,9,1,0,1,1,0,0,0,1,0,1,0,0,0,0,2,0,0,0,5,4,3,0,1,1,1,0,0,0,0,0,0,0,0,0,0,0,0,0,3,1,2,0,1,1,1,5,1,1,1,2,1,4,1,3,1,0,1,0,0,1,1,2,0,0,0,0,0,0,0,0,9,0,2,1,2,0,0,0,0,0,0,0,1,1,1,0,0,0,3,0,0,2,6,60000000,Hindu
Hindu,181732,1,2,0,0,0,0,0,1,0,0,6,0,6,6,0,6,0,1,1,0,0,1,1,1,0,1,1,0,0,0,2,0,2,0,7,6,1,9,0,1,0,0,0,0,0,0,0,0,0,0,0,0,0,0,2,2,3,0,0,2,3,4,1,0,7,3,1,1,2,3,3,0,2,0,0,1,1,2,0,0,0,0,0,0,0,0,3,2,1,0,1,0,0,0,0,0,0,0,0,1,0,0,0,0,2,2,1,2,6,60000000,Hindu
Hindu,172541,3,4,0,0,0,0,0,1,1,0,8,2,0,0,0,0,1,1,0,0,0,1,0,0,0,1,1,0,1,2,1,0,0,2,5,10,5,1,0,1,1,0,0,1,2,0,0,0,0,1,0,0,2,0,4,4,0,0,0,1,0,0,0,0,1,1,1,1,1,5,10,1,1,0,0,0,3,0,1,0,0,0,0,0,0,0,0,0,0,0,0,0,0,0,0,0,1,0,0,1,1,0,0,0,0,0,0,0,6,60000000,Hindu
Hindu,177527,3,0,0,0,0,0,0,0,0,0,10,0,10,10,10,0,0,1,1,0,0,0,0,1,1,1,0,0,0,0,2,0,0,0,7,4,3,1,0,0,0,0,10,0,0,0,0,0,0,1,0,0,2,0,2,3,0,0,0,4,0,0,0,0,6,4,6,1,4,6,4,1,4,0,0,0,2,0,0,0,0,0,1,0,0,0,7,2,0,0,0,0,2,1,2,3,0,0,0,0,0,0,0,0,0,0,0,1,6,60000000,Hindu
Hindu,183082,1,0,0,0,0,0,0,1,0,0,10,0,10,6,0,10,1,0,1,1,0,0,0,0,1,0,1,0,0,0,2,0,0,0,7,7,1,0,0,1,1,0,0,0,0,0,0,0,0,0,0,0,0,0,2,3,2,0,1,1,1,7,1,1,1,1,1,0,10,1,5,1,1,0,0,1,4,2,0,0,0,0,0,0,0,0,4,0,3,1,2,0,0,0,0,0,0,0,0,1,1,0,0,0,3,0,0,3,6,60000000,Hindu
Hindu,175419,1,4,0,0,0,0,0,1,1,0,7,2,0,0,0,0,0,1,1,1,0,1,1,0,0,0,0,0,0,0,2,1,0,1,3,1,0,0,1,1,1,1,0,1,1,0,0,0,0,1,1,0,0,0,0,0,0,0,0,1,0,0,0,0,1,1,1,0,1,1,1,1,1,0,0,0,4,0,0,0,0,0,0,6,0,0,0,0,0,0,0,0,0,0,0,0,0,0,1,1,1,0,0,0,0,0,0,0,6,60000000,Hindu
Hindu,175722,1,2,0,0,0,0,0,1,1,0,7,2,0,0,0,0,0,0,0,0,0,1,1,0,1,0,1,0,0,0,2,1,0,1,3,9,0,0,1,1,1,1,0,1,1,0,0,0,0,1,0,0,1,0,3,3,0,0,0,1,0,0,0,0,1,1,1,2,3,5,5,9,5,0,0,0,2,0,0,0,0,0,1,1,0,0,0,0,0,1,0,0,3,2,4,2,0,0,1,1,1,0,0,1,0,0,0,0,6,60000000,Hindu
Hindu,174089,3,3,0,0,0,0,0,1,1,0,7,2,0,0,0,0,0,0,0,1,0,1,1,1,0,1,0,0,0,0,2,1,0,1,5,10,0,0,1,1,1,0,0,2,1,0,0,0,0,1,1,1,0,0,3,1,0,0,0,1,0,0,0,0,1,1,1,1,1,1,1,7,1,0,0,0,4,0,0,0,0,0,1,3,0,0,0,0,0,0,0,0,1,1,4,1,0,0,1,1,1,0,0,0,0,0,0,0,6,60000000,Hindu
Hindu,169799,4,1,3,1,2,1,2,1,1,2,4,0,0,0,0,0,1,0,0,1,0,1,0,1,0,1,0,0,0,0,2,0,0,2,7,5,3,5,0,0,0,0,0,2,1,1,1,1,0,1,1,0,2,2,0,0,3,0,0,2,0,0,0,0,1,1,1,1,1,3,3,1,1,0,2,0,5,0,1,0,1,1,0,0,5,0,0,0,0,0,0,0,0,0,0,0,0,4,0,0,0,1,0,0,0,0,0,0,6,60000000,Hindu
Hindu,180609,1,2,0,0,0,0,0,1,0,0,9,0,8,9,0,7,0,1,1,1,1,1,1,1,1,1,1,1,0,0,2,0,4,0,8,9,1,3,0,1,0,0,0,0,0,0,0,0,0,0,0,0,0,0,1,1,1,0,0,1,1,5,6,0,1,1,2,1,1,1,1,0,2,0,0,1,2,2,0,0,0,0,0,0,0,0,8,1,2,0,0,0,0,0,0,0,0,0,0,1,0,0,0,1,1,2,2,4,6,60000000,Hindu
Hindu,178883,1,1,0,0,0,0,0,1,0,0,10,0,1,6,0,8,0,1,1,1,1,1,1,1,1,1,1,1,0,0,2,0,2,0,10,10,3,9,0,1,0,0,0,0,0,0,0,0,0,0,0,0,0,0,4,4,2,0,0,1,1,6,1,0,1,1,1,0,0,1,1,0,1,0,0,0,2,1,0,0,0,0,0,0,0,0,6,3,3,0,2,0,0,0,0,0,0,0,0,1,0,0,0,0,3,3,1,2,6,60000000,Hindu
Hindu,180114,2,1,0,0,0,0,0,1,0,0,8,0,7,8,0,3,0,1,1,1,0,1,1,1,1,1,1,1,0,0,2,0,2,0,8,8,5,5,0,0,0,0,0,0,0,0,0,0,0,0,0,0,0,0,0,2,2,0,0,7,2,1,1,0,2,3,3,1,2,1,1,0,3,0,0,1,7,2,0,0,0,0,0,0,0,0,6,3,3,0,2,0,0,0,0,0,0,0,0,0,0,0,0,0,1,2,3,2,6,60000000,Hindu
Hindu,179543,3,0,0,0,0,0,0,1,0,0,9,0,3,4,0,2,0,1,1,1,1,1,1,1,1,1,1,1,0,0,2,0,2,0,4,2,1,3,0,1,0,0,0,0,0,0,0,0,0,0,0,0,0,0,2,1,2,0,0,1,1,1,1,0,1,1,1,1,1,1,1,0,1,0,0,1,6,8,0,0,0,0,0,0,0,0,4,0,0,0,0,0,0,0,0,0,0,0,0,1,0,0,0,1,0,0,0,2,6,60000000,Hindu
Hindu,174552,1,2,0,0,0,0,0,1,1,0,7,2,0,0,0,0,0,1,1,1,0,0,0,0,0,1,1,0,0,0,1,1,0,1,3,6,0,0,0,1,1,1,0,1,1,0,0,0,0,1,1,1,0,0,1,1,0,0,0,3,0,0,0,0,3,3,3,3,3,3,3,3,3,0,0,0,1,0,0,0,0,0,1,1,0,0,0,0,0,0,0,0,4,4,4,4,0,0,0,1,1,0,0,0,0,0,0,0,6,60000000,Hindu
Hindu,368492,1,2,0,0,0,0,0,0,0,0,10,0,7,10,5,0,0,0,1,0,0,1,1,0,1,0,1,0,0,0,2,0,5,0,7,6,1,10,0,0,0,0,1,0,0,0,0,0,0,1,0,0,1,0,2,3,0,0,0,3,0,0,0,0,3,3,2,1,1,1,2,1,1,0,0,0,4,0,0,0,0,0,0,0,0,0,8,0,0,0,1,0,1,1,4,2,0,0,0,0,0,0,0,0,0,0,0,2,6,60000000,Hindu
Hindu,370058,1,1,0,0,0,0,0,1,0,0,10,0,6,9,0,10,0,1,1,0,0,1,1,0,0,0,1,0,0,0,2,0,4,0,7,8,1,8,0,1,0,0,0,0,0,0,0,0,0,0,0,0,0,0,3,3,3,0,0,2,1,1,1,0,1,1,1,3,0,1,8,0,1,0,0,5,7,1,0,0,0,0,0,0,0,0,9,0,2,0,0,0,0,0,0,0,0,0,0,1,0,0,0,0,4,1,1,2,6,60000000,Hindu
Hindu,179291,2,2,0,0,0,0,0,1,0,0,9,0,8,8,0,7,0,1,1,1,1,1,1,1,1,1,1,1,0,0,2,0,3,0,8,7,7,3,0,1,0,0,0,0,0,0,0,0,0,0,0,0,0,0,1,3,2,0,0,1,1,4,1,0,1,1,1,1,1,1,1,0,1,0,0,1,2,2,0,0,0,0,0,0,0,0,5,2,3,0,1,0,0,0,0,0,0,0,0,1,0,0,0,0,3,2,2,3,6,60000000,Hindu
Hindu,177787,2,0,0,0,0,0,0,0,0,0,10,0,10,10,10,0,0,0,0,1,1,1,1,0,0,0,0,0,0,0,0,0,0,0,7,10,1,3,0,0,0,0,10,0,0,0,0,0,0,0,0,0,1,0,3,4,0,0,0,4,0,0,0,0,4,6,1,0,0,8,8,4,4,0,0,0,4,0,0,0,0,0,1,0,0,0,0,0,0,0,2,0,2,3,4,1,0,0,0,0,0,0,0,1,0,0,0,2,6,60000000,Hindu
Hindu,177714,3,0,0,0,0,0,0,0,0,0,5,0,7,4,7,0,0,1,1,0,0,0,1,0,0,0,1,0,0,0,2,0,0,0,1,0,0,0,0,0,0,0,1,0,0,0,0,0,0,0,0,0,0,0,1,1,0,0,0,6,0,0,0,0,10,0,0,1,1,1,8,4,1,0,0,0,4,0,0,0,0,0,1,0,0,0,0,0,0,0,1,0,0,0,0,0,0,0,0,0,0,0,0,1,0,0,0,4,6,60000000,Hindu
Hindu,431649,1,1,0,0,0,0,0,1,1,0,10,1,0,0,0,0,0,1,0,1,0,1,0,1,0,1,0,0,0,0,2,1,0,2,9,8,0,0,1,0,1,1,0,1,1,0,0,0,0,1,0,0,0,0,3,3,0,0,0,1,0,0,0,0,1,1,1,1,1,1,3,8,1,0,0,0,2,0,0,0,0,0,1,1,0,0,0,0,0,1,0,0,2,2,2,2,0,0,1,0,1,0,0,0,0,0,0,0,6,60000000,Hindu
Hindu,181962,1,1,0,0,0,0,0,1,0,0,10,0,10,10,0,7,0,1,1,1,1,1,1,1,1,1,1,1,0,0,2,0,7,0,5,7,1,9,0,0,0,0,0,0,0,0,0,0,0,0,0,0,0,0,3,4,2,0,0,1,1,2,1,0,1,1,1,1,1,1,5,0,1,0,0,1,4,1,0,0,0,0,0,0,0,0,8,2,3,0,0,0,0,0,0,0,0,0,0,0,0,0,0,0,4,1,1,2,6,60000000,Hindu
Hindu,177486,1,1,0,0,0,0,0,0,0,0,10,0,10,4,4,0,0,1,1,1,1,1,0,1,0,0,1,0,0,0,2,0,0,0,10,0,0,7,0,0,0,0,5,0,0,0,0,0,0,1,0,0,0,0,4,1,0,0,0,1,0,0,0,0,4,4,1,4,1,4,1,6,4,0,0,0,4,0,0,0,0,0,1,0,0,0,1,1,0,0,0,0,1,2,1,1,0,0,0,0,0,0,0,0,0,0,0,2,6,60000000,Hindu
Hindu,172333,1,3,0,0,0,0,0,1,1,0,10,0,0,0,0,0,1,0,1,0,0,0,1,1,0,0,1,0,1,4,2,0,0,0,10,7,1,9,1,1,1,1,0,1,1,0,0,0,0,1,1,0,0,1,3,3,0,0,0,1,0,0,0,0,1,1,1,1,6,1,8,1,1,0,0,0,1,0,1,0,0,0,0,0,0,0,0,0,0,0,2,0,0,0,0,0,2,0,1,1,1,0,0,0,0,0,0,0,6,60000000,Hindu
Hindu,176048,1,2,0,0,0,0,0,0,0,0,5,0,7,7,10,0,0,1,1,0,0,1,1,0,0,0,1,0,0,0,2,0,0,0,5,4,1,5,0,0,0,0,0,0,0,0,0,0,0,1,0,0,0,0,2,0,0,0,0,1,0,0,0,0,1,1,1,1,0,1,4,4,4,0,0,0,6,0,0,0,0,0,1,0,0,0,0,0,0,0,1,0,0,2,4,2,0,0,0,0,0,0,0,1,0,0,0,2,6,60000000,Hindu
Hindu,169980,1,2,1,1,2,2,2,1,1,2,10,0,0,0,0,0,1,0,1,1,0,1,0,1,0,0,0,0,0,0,2,0,0,2,7,5,1,3,0,1,1,1,0,1,1,1,0,0,0,1,1,0,0,2,0,0,2,0,0,1,0,0,0,0,1,1,1,1,1,1,1,1,1,0,1,0,1,0,1,1,1,0,1,0,1,0,0,0,0,0,0,0,0,0,0,0,0,2,0,1,1,1,0,0,0,0,0,0,6,60000000,Hindu
Hindu,181621,2,1,0,0,0,0,0,1,0,0,10,0,7,8,0,5,0,1,1,1,1,1,0,1,0,0,1,0,0,0,2,0,5,0,8,6,7,7,0,0,0,0,0,0,0,0,0,0,0,0,0,0,0,0,4,4,0,0,0,1,1,5,1,0,1,1,1,1,1,1,5,0,1,0,0,5,2,4,0,0,0,0,0,0,0,0,9,3,0,0,0,0,0,0,0,0,0,0,0,0,0,0,0,0,2,1,2,0,6,60000000,Hindu
Hindu,170442,1,4,2,1,2,2,2,1,0,2,10,0,0,0,0,0,1,0,0,0,0,1,1,0,0,1,1,0,0,0,2,0,0,0,4,4,1,1,0,0,0,1,0,1,1,1,1,1,1,1,1,0,0,2,0,0,2,0,0,1,0,0,0,0,1,1,1,1,1,1,7,1,1,0,1,0,8,0,1,1,1,1,1,0,3,0,0,0,0,0,0,0,0,0,0,0,0,4,0,0,0,1,0,0,0,0,0,0,6,60000000,Hindu
Hindu,170133,2,2,1,1,1,2,2,1,0,2,7,0,0,0,0,0,1,0,1,1,0,1,0,0,0,1,0,0,0,0,1,0,0,1,4,5,1,6,0,0,0,0,0,1,1,1,1,1,1,1,1,0,0,2,0,0,2,0,0,7,0,0,0,0,1,1,1,1,1,1,1,1,1,0,1,0,1,0,1,1,1,1,0,0,5,0,0,0,0,0,0,0,0,0,0,0,0,4,0,0,0,1,0,0,0,0,0,0,6,60000000,Hindu
Hindu,170404,1,2,1,1,2,1,2,1,1,0,10,0,0,0,0,0,1,1,1,1,1,0,0,0,0,0,0,0,0,0,2,0,0,1,10,0,10,10,1,0,0,1,0,1,1,1,1,1,1,1,0,0,0,2,0,0,1,0,0,1,0,0,0,0,1,1,1,0,1,1,1,8,1,0,1,0,8,0,1,1,1,0,0,0,5,0,0,0,0,0,0,0,0,0,0,0,0,2,1,0,0,1,0,0,0,0,0,0,6,60000000,Hindu
Hindu,172395,2,1,0,0,0,0,0,1,1,0,10,0,0,0,0,0,0,1,1,1,0,0,0,0,0,1,1,0,1,3,1,0,0,1,10,1,1,1,1,0,0,1,0,1,1,0,0,0,0,1,0,0,0,1,1,2,0,0,0,1,0,0,0,0,1,1,1,3,3,5,1,1,2,0,0,0,3,0,1,0,0,0,0,0,0,0,0,0,0,0,1,0,0,0,0,0,0,0,1,0,0,0,0,0,0,0,0,0,6,60000000,Hindu
Hindu,183152,1,0,0,0,0,0,0,1,0,0,10,0,8,8,0,5,1,1,0,1,0,0,0,0,0,1,1,0,0,0,1,0,0,0,8,8,6,0,0,1,1,0,0,0,0,0,0,0,0,0,0,0,0,0,1,3,1,5,1,3,2,6,2,1,3,1,1,1,1,4,4,6,1,0,0,1,3,2,0,0,0,0,0,0,0,0,6,0,1,1,2,0,0,0,0,0,0,0,0,1,1,0,0,1,4,0,0,2,6,60000000,Hindu
Hindu,180998,1,3,0,0,0,0,0,1,0,0,10,0,9,9,0,6,0,1,1,1,1,1,1,1,1,1,1,1,0,0,2,0,2,0,7,9,9,3,0,1,0,0,0,0,0,0,0,0,0,0,0,0,0,0,3,3,2,0,0,1,1,1,1,0,1,1,1,1,1,1,1,0,1,0,0,1,4,2,0,0,0,0,0,0,0,0,5,0,3,0,1,0,0,0,0,0,0,0,0,1,0,0,0,0,3,1,3,4,6,60000000,Hindu
Hoahaoism,418320,2,2,0,0,0,0,0,0,0,0,9,0,10,10,10,0,0,0,1,0,0,1,1,0,0,1,0,0,0,0,1,0,8,0,5,3,1,5,0,0,0,0,4,0,0,0,0,0,0,1,0,0,2,0,3,3,0,0,0,1,0,0,0,0,1,1,1,1,1,1,1,1,1,0,0,0,4,0,0,0,0,0,1,0,0,0,5,0,0,0,0,0,3,3,3,3,0,0,0,0,0,0,0,0,0,0,0,3,7,70200000,Hoahaoism
Hoahaoism,419046,3,1,0,0,0,0,0,0,0,0,10,0,10,10,10,0,0,1,1,1,0,0,1,0,0,1,0,0,0,0,2,0,6,0,10,10,1,10,0,0,0,0,10,0,0,0,0,0,0,1,0,0,0,0,2,3,0,0,0,1,0,0,0,0,1,1,5,5,5,7,5,5,5,0,0,0,7,0,0,0,0,0,0,0,0,0,1,3,0,0,0,0,2,2,2,2,0,0,0,0,0,0,0,1,0,0,0,3,7,70200000,Hoahaoism
Hoahaoism,419948,3,0,0,0,0,0,0,1,0,0,7,0,10,10,0,7,1,0,0,1,1,0,0,0,0,1,1,0,0,0,2,0,0,0,10,10,1,0,0,0,0,0,0,0,0,0,0,0,0,0,0,0,0,0,2,2,2,3,3,1,1,3,3,3,3,1,1,6,4,6,6,4,4,0,0,4,4,5,0,0,0,0,0,0,0,0,8,0,3,1,2,0,0,0,0,0,0,0,0,0,0,0,0,0,2,0,0,2,7,70200000,Hoahaoism
Hoahaoism,418192,2,1,0,0,0,0,0,0,0,0,10,0,10,10,10,0,0,1,1,1,0,0,1,1,0,0,0,0,0,0,1,0,10,0,10,9,1,10,0,0,0,0,10,0,0,0,0,0,0,1,0,0,0,0,4,4,0,0,0,1,0,0,0,0,1,1,1,2,1,1,1,10,10,0,0,0,4,0,0,0,0,0,1,0,0,0,1,3,0,0,0,0,4,2,2,2,0,0,0,0,0,0,0,0,0,0,0,2,7,70200000,Hoahaoism
Hoahaoism,419190,2,1,0,0,0,0,0,0,0,0,8,0,10,10,10,0,0,0,1,1,0,0,1,0,0,0,1,0,0,0,1,0,9,0,6,7,7,5,0,0,0,0,9,0,0,0,0,0,0,1,0,0,0,0,2,2,0,0,0,1,0,0,0,0,1,1,1,1,1,1,1,1,1,0,0,0,6,0,0,0,0,0,1,0,0,0,1,0,0,0,0,0,3,3,3,3,0,0,0,0,0,0,0,0,0,0,0,3,7,70200000,Hoahaoism
Hoahaoism,417937,2,1,0,0,0,0,0,0,0,0,10,0,10,10,10,0,0,1,1,1,0,1,1,0,0,0,0,0,0,0,1,0,10,0,10,10,1,10,0,0,0,0,1,0,0,0,0,0,0,1,0,0,0,0,2,4,0,0,0,0,0,0,0,0,1,1,1,1,1,1,1,10,1,0,0,0,3,0,0,0,0,0,1,0,0,0,1,3,0,0,0,0,4,2,2,2,0,0,0,0,0,0,0,0,0,0,0,2,7,70200000,Hoahaoism
Hoahaoism,418233,2,2,0,0,0,0,0,0,0,0,7,0,10,10,10,0,0,1,1,1,0,0,1,0,0,0,0,0,0,0,1,0,8,0,9,5,3,7,0,0,0,0,7,0,0,0,0,0,0,1,0,0,1,0,2,2,0,0,0,1,0,0,0,0,1,1,1,1,1,1,1,1,5,0,0,0,6,0,0,0,0,0,1,0,0,0,4,0,0,0,0,0,4,1,4,1,0,0,0,0,0,0,0,0,0,0,0,2,7,70200000,Hoahaoism
Hoahaoism,420035,2,0,0,0,0,0,0,1,0,0,8,0,10,10,0,7,1,0,0,1,0,1,0,1,0,0,1,0,0,0,2,0,0,0,10,10,1,0,0,0,0,0,0,0,0,0,0,0,0,0,0,0,0,0,2,2,2,2,5,3,3,6,6,5,3,3,1,9,9,9,9,6,6,0,0,9,7,7,0,0,0,0,0,0,0,0,10,0,2,0,0,0,0,0,0,0,0,0,0,0,0,0,0,0,2,0,0,2,7,70200000,Hoahaoism
Hoahaoism,417900,2,1,0,0,0,0,0,0,0,0,10,0,10,10,10,0,0,1,1,1,0,1,0,1,0,0,0,0,0,0,1,0,10,0,10,10,1,10,0,0,0,0,10,0,0,0,0,0,0,1,0,0,0,0,4,4,0,0,0,1,0,0,0,0,1,1,1,1,1,1,1,2,1,0,0,0,3,0,0,0,0,0,1,0,0,0,1,3,0,0,2,0,2,2,2,2,0,0,0,0,0,0,0,1,0,0,0,2,7,70200000,Hoahaoism
Hoahaoism,418716,2,2,0,0,0,0,0,0,0,0,1,0,10,10,10,0,0,1,1,1,0,1,1,0,0,0,0,0,0,0,1,0,10,0,10,9,1,10,0,0,0,0,10,0,0,0,0,0,0,1,0,0,2,0,3,3,0,0,0,1,0,0,0,0,1,1,1,1,1,1,1,1,1,0,0,0,4,0,0,0,0,0,1,0,0,0,10,3,0,0,0,0,4,2,2,2,0,0,0,0,0,0,0,0,0,0,0,3,7,70200000,Hoahaoism
Hoahaoism,418193,2,1,0,0,0,0,0,0,0,0,8,0,9,8,7,0,0,0,1,0,1,0,1,0,1,1,0,0,0,0,2,0,8,0,7,7,5,5,0,0,0,0,10,0,0,0,0,0,0,1,0,1,2,0,3,3,0,0,0,5,0,0,0,0,5,5,5,5,5,5,5,5,5,0,0,0,4,0,0,0,0,0,0,0,0,0,5,3,0,0,0,0,4,1,4,1,0,0,0,0,0,0,0,1,0,0,0,2,7,70200000,Hoahaoism
Hoahaoism,417982,2,2,0,0,0,0,0,0,0,0,9,0,8,8,8,0,0,0,1,0,0,1,1,0,1,0,0,0,0,0,1,0,8,0,6,7,4,3,0,0,0,0,4,0,0,0,0,0,0,1,0,0,2,0,3,3,0,0,0,1,0,0,0,0,1,1,1,1,1,1,1,1,1,0,0,0,4,0,0,0,0,0,1,0,0,0,3,2,0,0,0,0,3,3,3,3,0,0,0,0,0,0,0,0,0,0,0,2,7,70200000,Hoahaoism
Hoahaoism,418507,2,1,0,0,0,0,0,0,0,0,6,0,8,8,8,0,0,0,0,1,0,1,1,0,1,0,1,0,0,0,1,0,5,0,8,8,3,5,0,0,0,0,2,0,0,0,0,0,0,1,0,0,0,0,2,3,0,0,0,2,0,0,0,0,2,2,2,4,4,2,5,2,2,0,0,0,6,0,0,0,0,0,0,0,0,0,3,3,0,0,1,0,4,2,4,2,0,0,0,0,0,0,0,0,0,0,0,2,7,70200000,Hoahaoism
Hoahaoism,417940,2,1,0,0,0,0,0,0,0,0,9,0,7,6,7,0,0,1,0,1,0,1,0,0,0,0,0,0,0,0,1,0,8,0,6,5,2,5,0,0,0,0,3,0,0,0,0,0,0,1,0,0,0,0,2,2,0,0,0,1,0,0,0,0,2,2,2,1,1,2,3,2,4,0,0,0,7,0,0,0,0,0,1,0,0,0,6,3,0,0,1,0,1,1,2,2,0,0,0,0,0,0,0,1,0,0,0,3,7,70200000,Hoahaoism
Hoahaoism,418764,3,2,0,0,0,0,0,0,0,0,5,0,10,10,10,0,0,0,1,1,1,0,1,0,0,0,1,0,0,0,1,0,10,0,10,7,5,5,0,0,0,0,10,0,0,0,0,0,0,1,0,0,0,0,2,3,0,0,0,8,0,0,0,0,5,5,5,8,5,5,7,5,5,0,0,0,8,0,0,0,0,0,1,0,0,0,5,3,0,0,0,0,4,1,4,1,0,0,0,0,0,0,0,1,0,0,0,3,7,70200000,Hoahaoism
Hoahaoism,417903,3,1,0,0,0,0,0,0,0,0,8,0,10,9,9,0,0,0,1,1,1,1,1,0,0,0,0,0,0,0,1,0,9,0,8,6,4,7,0,0,0,0,8,0,0,0,0,0,0,1,0,0,2,0,2,2,0,0,0,1,0,0,0,0,1,1,1,1,1,1,1,1,1,0,0,0,4,0,0,0,0,0,1,0,0,0,3,3,0,0,0,0,5,2,5,2,0,0,0,0,0,0,0,0,0,0,0,3,7,70200000,Hoahaoism
Hoahaoism,418878,3,1,0,0,0,0,0,0,0,0,1,0,10,10,10,0,0,1,1,1,1,0,0,1,0,0,0,0,0,0,2,0,10,0,4,9,5,9,0,0,0,0,9,0,0,0,0,0,0,1,0,0,0,0,2,3,0,0,0,1,0,0,0,0,1,1,1,1,1,1,1,2,2,0,0,0,7,0,0,0,0,0,0,0,0,0,3,3,0,0,1,0,4,1,2,2,0,0,0,0,0,0,0,0,0,0,0,4,7,70200000,Hoahaoism
Hoahaoism,418395,2,1,0,0,0,0,0,0,0,0,7,0,10,10,10,0,0,1,1,0,1,0,1,1,0,0,0,0,0,0,1,0,8,0,7,3,4,2,0,0,0,0,6,0,0,0,0,0,0,1,0,0,0,0,2,2,0,0,0,1,0,0,0,0,1,1,1,1,1,1,1,1,1,0,0,0,7,0,0,0,0,0,1,0,0,0,5,2,0,0,0,0,4,1,4,1,0,0,0,0,0,0,0,0,0,0,0,2,7,70200000,Hoahaoism
Hoahaoism,419206,3,2,0,0,0,0,0,0,0,0,10,0,10,10,10,0,0,1,1,0,0,0,1,1,0,1,0,0,0,0,1,0,8,0,10,8,1,10,0,0,0,0,10,0,0,0,0,0,0,1,0,0,0,0,2,2,0,0,0,1,0,0,0,0,1,1,1,1,1,1,1,1,1,0,0,0,6,0,0,0,0,0,1,0,0,0,10,3,0,0,0,0,2,4,2,4,0,0,0,0,0,0,0,0,0,0,0,3,7,70200000,Hoahaoism
Hoahaoism,418741,2,1,0,0,0,0,0,0,0,0,8,0,10,10,10,0,0,0,1,1,0,1,1,0,0,1,0,0,0,0,1,0,8,0,8,5,3,2,0,0,0,0,4,0,0,0,0,0,0,1,0,0,0,0,3,3,0,0,0,1,0,0,0,0,1,1,1,1,1,1,1,1,1,0,0,0,7,0,0,0,0,0,1,0,0,0,6,0,0,0,0,0,3,3,3,3,0,0,0,0,0,0,0,0,0,0,0,3,7,70200000,Hoahaoism
Hoahaoism,420034,2,0,0,0,0,0,0,1,0,0,8,0,8,8,0,8,1,0,0,1,0,1,0,1,0,0,1,0,0,0,2,0,0,0,10,10,1,0,0,0,0,0,0,0,0,0,0,0,0,0,0,0,0,0,2,3,2,2,1,3,1,1,1,1,3,3,1,6,5,6,6,4,4,0,0,6,7,4,0,0,0,0,0,0,0,0,8,0,3,0,0,0,0,0,0,0,0,0,0,0,0,0,0,0,2,0,0,2,7,70200000,Hoahaoism
Hoahaoism,418197,2,2,0,0,0,0,0,0,0,0,9,0,10,10,10,0,0,1,1,0,1,1,0,1,0,0,0,0,0,0,1,0,8,0,7,8,5,7,0,0,0,0,6,0,0,0,0,0,0,1,0,0,2,0,2,2,0,0,0,1,0,0,0,0,1,1,1,1,1,1,1,1,1,0,0,0,6,0,0,0,0,0,1,0,0,0,6,3,0,0,0,0,4,2,4,2,0,0,0,0,0,0,0,0,0,0,0,3,7,70200000,Hoahaoism
Hoahaoism,418020,2,2,0,0,0,0,0,0,0,0,8,0,8,9,7,0,0,1,1,0,0,0,0,1,0,0,1,0,0,0,1,0,8,0,5,10,2,2,0,0,0,0,5,0,0,0,0,0,0,1,0,0,1,0,2,2,0,0,0,1,0,0,0,0,1,1,1,1,1,5,5,6,5,0,0,0,4,0,0,0,0,0,1,0,0,0,5,0,0,0,0,0,4,2,4,2,0,0,0,0,0,0,0,0,0,0,0,3,7,70200000,Hoahaoism
Hoahaoism,418218,2,2,0,0,0,0,0,0,0,0,1,0,10,10,10,0,0,1,1,1,0,1,1,0,0,0,0,0,0,0,1,0,10,0,10,10,1,10,0,0,0,0,10,0,0,0,0,0,0,1,0,0,0,0,1,1,0,0,0,1,0,0,0,0,1,1,1,1,1,1,1,1,1,0,0,0,4,0,0,0,0,0,1,0,0,0,10,3,0,0,0,0,2,2,2,2,0,0,0,0,0,0,0,0,0,0,0,3,7,70200000,Hoahaoism
Hoahaoism,418710,1,2,0,0,0,0,0,0,0,0,9,0,7,8,8,0,0,0,1,0,0,1,1,1,0,0,1,0,0,0,1,0,5,0,7,5,5,5,0,0,0,0,10,0,0,0,0,0,0,1,0,0,0,0,2,3,0,0,0,3,0,0,0,0,1,3,5,5,5,3,3,8,5,0,0,0,4,0,0,0,0,0,0,0,0,0,6,3,0,0,0,0,3,3,3,3,0,0,0,0,0,0,0,1,0,0,0,3,7,70200000,Hoahaoism
Hoahaoism,418828,3,2,0,0,0,0,0,0,0,0,1,0,10,10,10,0,0,1,1,0,0,0,1,1,0,1,0,0,0,0,1,0,9,0,10,8,1,10,0,0,0,0,1,0,0,0,0,0,0,1,0,0,0,0,2,3,0,0,0,1,0,0,0,0,1,1,1,1,1,1,1,1,1,0,0,0,4,0,0,0,0,0,1,0,0,0,10,3,0,0,0,0,2,2,2,2,0,0,0,0,0,0,0,0,0,0,0,3,7,70200000,Hoahaoism
Hoahaoism,418399,2,1,0,0,0,0,0,0,0,0,5,0,9,9,10,0,0,0,1,1,0,0,1,0,0,1,1,0,0,0,2,0,10,0,6,9,7,10,0,0,0,0,10,0,0,0,0,0,0,1,0,0,0,0,2,3,0,0,0,5,0,0,0,0,5,5,5,5,5,5,7,5,5,0,0,0,6,0,0,0,0,0,0,0,0,0,10,3,0,0,0,0,2,2,4,2,0,0,0,0,0,0,0,1,0,0,0,3,7,70200000,Hoahaoism
Hoahaoism,418124,3,2,0,0,0,0,0,0,0,0,1,0,9,9,9,0,0,0,1,0,1,0,0,1,0,1,1,0,0,0,2,0,8,0,9,8,5,4,0,0,0,0,6,0,0,0,0,0,0,1,0,0,0,0,2,3,0,0,0,3,0,0,0,0,5,5,5,5,5,2,3,3,5,0,0,0,4,0,0,0,0,0,0,0,0,0,5,3,0,0,0,0,2,1,4,2,0,0,0,0,0,0,0,1,0,0,0,3,7,70200000,Hoahaoism
Hoahaoism,417609,2,1,0,0,0,0,0,1,0,0,1,2,0,0,0,0,0,1,1,1,0,0,1,1,0,0,0,0,0,0,2,1,0,1,10,6,0,0,0,0,0,1,0,1,1,0,0,0,0,1,1,0,0,0,2,3,0,0,0,1,0,0,0,0,1,1,1,1,1,1,6,1,1,0,0,0,7,0,0,0,0,0,1,1,0,0,0,0,0,0,0,0,4,1,4,1,0,0,0,0,0,0,0,0,0,0,0,0,7,70200000,Hoahaoism
Hoahaoism,419282,1,1,0,0,0,0,0,0,0,0,8,0,10,10,10,0,0,1,1,0,0,0,1,0,1,0,1,0,0,0,1,0,9,0,8,5,1,8,0,0,0,0,9,0,0,0,0,0,0,1,0,0,0,0,2,3,0,0,0,1,0,0,0,0,1,1,1,1,1,1,1,1,1,0,0,0,3,0,0,0,0,0,1,0,0,0,1,0,0,0,2,0,4,1,4,1,0,0,0,0,0,0,0,0,0,0,0,3,7,70200000,Hoahaoism
Hoahaoism,418508,2,1,0,0,0,0,0,0,0,0,5,0,10,10,10,0,0,0,1,0,1,1,0,1,0,1,0,0,0,0,2,0,9,0,9,9,5,6,0,0,0,0,10,0,0,0,0,0,0,1,0,0,0,0,2,3,0,0,0,10,0,0,0,0,5,5,5,5,5,5,5,5,5,0,0,0,7,0,0,0,0,0,0,0,0,0,4,3,0,0,1,0,3,1,3,1,0,0,0,0,0,0,0,1,0,0,0,2,7,70200000,Hoahaoism
Hoahaoism,418715,2,2,0,0,0,0,0,0,0,0,1,0,10,10,10,0,0,1,1,1,1,1,0,0,0,0,0,0,0,0,2,0,9,0,10,7,1,10,0,0,0,0,1,0,0,0,0,0,0,1,0,0,0,0,2,3,0,0,0,1,0,0,0,0,1,1,1,1,1,1,1,1,1,0,0,0,4,0,0,0,0,0,1,0,0,0,6,3,0,0,0,0,1,1,1,1,0,0,0,0,0,0,0,0,0,0,0,3,7,70200000,Hoahaoism
Hoahaoism,418922,4,2,0,0,0,0,0,0,0,0,1,0,1,1,1,0,0,1,1,1,0,0,1,1,0,0,0,0,0,0,1,0,10,0,8,9,1,10,0,0,0,0,10,0,0,0,0,0,0,1,0,0,0,0,2,4,0,0,0,1,0,0,0,0,1,1,1,1,1,1,1,1,1,0,0,0,4,0,0,0,0,0,1,0,0,0,10,3,0,0,0,0,3,2,2,2,0,0,0,0,0,0,0,0,0,0,0,2,7,70200000,Hoahaoism
Hoahaoism,418639,4,2,0,0,0,0,0,0,0,0,5,0,4,7,8,0,0,0,1,1,0,1,0,1,0,0,1,0,0,0,2,0,8,0,5,6,9,6,0,0,0,0,7,0,0,0,0,0,0,1,0,0,0,0,2,2,0,0,0,5,0,0,0,0,5,5,5,8,5,4,4,6,5,0,0,0,4,0,0,0,0,0,0,0,0,0,4,3,0,0,1,0,3,3,3,1,0,0,0,0,0,0,0,1,0,0,0,4,7,70200000,Hoahaoism
Hoahaoism,419267,3,1,0,0,0,0,0,0,0,0,6,0,8,8,10,0,0,0,1,0,1,0,1,1,0,1,0,0,0,0,1,0,6,0,10,5,5,7,0,0,0,0,9,0,0,0,0,0,0,1,0,0,2,0,2,2,0,0,0,8,0,0,0,0,5,5,5,5,5,5,7,5,5,0,0,0,4,0,0,0,0,0,1,0,0,0,4,3,0,0,2,0,3,1,3,1,0,0,0,0,0,0,0,1,0,0,0,2,7,70200000,Hoahaoism
Hoahaoism,417818,2,2,0,0,0,0,0,0,0,0,7,0,9,9,9,0,0,1,1,1,0,0,1,1,0,0,0,0,0,0,1,0,8,0,8,8,1,10,0,0,0,0,10,0,0,0,0,0,0,1,0,0,0,0,2,3,0,0,0,1,0,0,0,0,1,1,1,1,1,1,1,1,1,0,0,0,4,0,0,0,0,0,1,0,0,0,8,3,0,0,0,0,2,2,2,2,0,0,0,0,0,0,0,0,0,0,0,3,7,70200000,Hoahaoism
Hoahaoism,418322,2,2,0,0,0,0,0,0,0,0,10,0,9,7,9,0,0,0,1,1,0,1,1,0,0,1,0,0,0,0,1,0,9,0,6,5,5,5,0,0,0,0,4,0,0,0,0,0,0,1,0,0,1,0,2,2,0,0,0,1,0,0,0,0,1,1,1,1,1,4,1,6,6,0,0,0,4,0,0,0,0,0,1,0,0,0,4,3,0,0,0,0,3,3,3,3,0,0,0,0,0,0,0,0,0,0,0,2,7,70200000,Hoahaoism
Hoahaoism,417821,2,2,0,0,0,0,0,0,0,0,10,0,10,10,10,0,0,0,1,1,1,1,1,0,0,0,0,0,0,0,1,0,9,0,8,7,4,4,0,0,0,0,7,0,0,0,0,0,0,1,0,0,0,0,2,2,0,0,0,1,0,0,0,0,1,1,1,1,1,1,1,1,1,0,0,0,3,0,0,0,0,0,1,0,0,0,6,3,0,0,1,0,3,3,3,3,0,0,0,0,0,0,0,0,0,0,0,2,7,70200000,Hoahaoism
Hoahaoism,418924,2,2,0,0,0,0,0,0,0,0,8,0,8,9,9,0,0,0,1,0,0,0,1,1,1,0,1,0,0,0,1,0,8,0,7,3,6,6,0,0,0,0,8,0,0,0,0,0,0,0,0,0,0,0,3,2,0,0,0,1,0,0,0,0,1,1,1,1,1,1,1,1,1,0,0,0,4,0,0,0,0,0,1,0,0,0,4,2,0,0,1,0,4,2,4,2,0,0,0,0,0,0,0,0,0,0,0,2,7,70200000,Hoahaoism
Hoahaoism,418765,4,1,0,0,0,0,0,0,0,0,1,0,10,10,10,0,0,1,1,1,0,0,1,1,0,0,0,0,0,0,1,0,10,0,10,8,1,10,0,0,0,0,10,0,0,0,0,0,0,1,0,0,0,0,3,2,0,0,0,1,0,0,0,0,1,1,1,1,1,1,1,1,1,0,0,0,8,0,0,0,0,0,0,0,0,0,1,3,0,0,0,0,4,4,2,2,0,0,0,0,0,0,0,0,0,0,0,4,7,70200000,Hoahaoism
Hoahaoism,418359,2,1,0,0,0,0,0,0,0,0,1,0,10,10,10,0,0,0,1,1,0,0,1,1,0,1,0,0,0,0,1,0,10,0,10,10,1,10,0,0,0,0,10,0,0,0,0,0,0,1,0,0,0,0,3,3,0,0,0,1,0,0,0,0,1,1,1,1,1,1,1,1,1,0,0,0,4,0,0,0,0,0,0,0,0,0,1,3,0,0,0,0,2,4,4,4,0,0,0,0,0,0,0,0,0,0,0,2,7,70200000,Hoahaoism
Hoahaoism,419949,3,0,0,0,0,0,0,0,0,0,5,0,8,10,0,5,1,0,1,0,0,1,1,1,0,0,0,0,0,0,1,0,0,0,10,8,5,0,0,0,0,0,0,0,0,0,0,0,0,0,0,0,0,0,2,2,3,2,3,6,1,7,6,3,2,2,2,7,1,4,7,2,3,0,0,7,4,4,0,0,0,0,0,0,0,0,6,0,3,0,0,0,0,0,0,0,0,0,0,0,0,0,0,0,3,0,0,2,7,70200000,Hoahaoism
Hoahaoism,418021,3,2,0,0,0,0,0,0,0,0,6,0,10,10,10,0,0,1,1,0,1,1,1,0,0,0,0,0,0,0,1,0,10,0,10,10,1,10,0,0,0,0,10,0,0,0,0,0,0,1,0,0,0,0,2,3,0,0,0,1,0,0,0,0,1,1,1,1,1,1,1,1,1,0,0,0,4,0,0,0,0,0,1,0,0,0,5,3,0,0,0,0,4,1,1,1,0,0,0,0,0,0,0,0,0,0,0,3,7,70200000,Hoahaoism
Hoahaoism,418356,2,2,0,0,0,0,0,0,0,0,9,0,10,10,10,0,0,0,1,1,0,1,0,1,0,1,0,0,0,0,2,0,9,0,8,8,5,4,0,0,0,0,8,0,0,0,0,0,0,1,0,0,0,0,2,3,0,0,0,5,0,0,0,0,5,5,5,5,5,5,5,5,5,0,0,0,7,0,0,0,0,0,0,0,0,0,5,3,0,0,0,0,4,1,3,1,0,0,0,0,0,0,0,1,0,0,0,4,7,70200000,Hoahaoism
Hoahaoism,418289,3,2,0,0,0,0,0,0,0,0,1,0,10,10,10,0,0,1,1,0,1,0,1,1,0,0,0,0,0,0,1,0,10,0,10,10,1,10,0,0,0,0,10,0,0,0,0,0,0,1,0,0,0,0,2,2,0,0,0,1,0,0,0,0,1,1,1,1,1,1,1,1,1,0,0,0,4,0,0,0,0,0,1,0,0,0,10,3,0,0,0,0,4,2,2,2,0,0,0,0,0,0,0,0,0,0,0,3,7,70200000,Hoahaoism
Hoahaoism,420036,1,0,0,0,0,0,0,1,0,0,10,0,10,10,0,1,1,0,0,1,0,1,0,1,0,0,1,0,0,0,2,0,0,0,10,10,1,0,0,0,0,0,0,0,0,0,0,0,0,0,0,0,0,0,2,3,2,2,6,1,1,6,6,6,1,1,1,6,1,6,6,6,6,0,0,6,6,6,0,0,0,0,0,0,0,0,10,0,3,0,0,0,0,0,0,0,0,0,0,0,0,0,0,0,2,0,0,3,7,70200000,Hoahaoism
Hoahaoism,418321,2,1,0,0,0,0,0,0,0,0,7,0,10,10,10,0,0,0,1,1,0,0,1,0,1,0,1,0,0,0,2,0,4,0,8,8,5,8,0,0,0,0,8,0,0,0,0,0,0,1,0,0,2,0,3,3,0,0,0,1,0,0,0,0,1,1,1,1,1,1,1,1,1,0,0,0,7,0,0,0,0,0,1,0,0,0,6,2,0,0,0,0,4,1,5,2,0,0,0,0,0,0,0,0,0,0,0,2,7,70200000,Hoahaoism
Hoahaoism,417941,2,1,0,0,0,0,0,0,0,0,10,0,10,10,10,0,0,1,1,1,0,1,0,1,0,0,0,0,0,0,1,0,10,0,10,7,1,10,0,0,0,0,10,0,0,0,0,0,0,1,0,0,0,0,3,3,0,0,0,1,0,0,0,0,1,1,1,1,1,1,1,1,1,0,0,0,3,0,0,0,0,0,1,0,0,0,1,3,0,0,2,0,4,2,2,2,0,0,0,0,0,0,0,1,0,0,0,3,7,70200000,Hoahaoism
Hoahaoism,419167,3,2,0,0,0,0,0,0,0,0,9,0,8,8,8,0,0,1,1,1,0,1,1,0,0,0,0,0,0,0,1,0,2,0,10,8,1,9,0,0,0,0,10,0,0,0,0,0,0,0,0,0,0,0,3,3,0,0,0,1,0,0,0,0,1,1,1,1,1,1,1,1,1,0,0,0,4,0,0,0,0,0,1,0,0,0,8,3,0,0,0,0,3,3,3,3,0,0,0,0,0,0,0,0,0,0,0,3,7,70200000,Hoahaoism
Hoahaoism,418196,3,1,0,0,0,0,0,0,0,0,8,0,10,10,10,0,0,1,1,0,0,0,1,1,0,0,1,0,0,0,2,0,4,0,5,5,6,7,0,0,0,0,6,0,0,0,0,0,0,0,0,0,0,0,1,1,0,0,0,1,0,0,0,0,1,1,1,1,1,1,1,1,1,0,0,0,6,0,0,0,0,0,1,0,0,0,6,3,0,0,0,0,3,3,3,3,0,0,0,0,0,0,0,0,0,0,0,3,7,70200000,Hoahaoism
Iglesia ni Cristo (Church of Christ),310400,1,0,0,0,0,0,0,1,0,0,10,0,9,10,0,8,1,0,0,1,0,1,0,0,1,0,1,0,0,0,2,0,0,0,8,10,10,0,1,0,1,0,0,0,0,0,0,0,0,0,0,0,0,0,3,3,2,4,4,1,1,1,1,1,1,1,1,1,1,1,1,1,1,0,0,1,1,1,0,0,0,0,0,0,0,0,8,0,1,1,2,0,0,0,0,0,0,0,1,0,1,0,0,0,1,0,0,3,8,80213501,Iglesia ni Cristo (Church of Christ)
Iglesia ni Cristo (Church of Christ),308309,1,1,0,0,0,0,0,1,1,0,10,2,0,0,0,0,0,1,1,0,0,0,1,0,1,1,0,0,0,0,1,2,0,1,10,10,0,0,1,1,1,1,0,1,1,0,0,0,0,1,1,0,0,0,1,1,0,0,0,4,0,0,0,0,2,4,1,1,1,1,1,1,1,0,0,0,1,0,0,0,0,0,1,1,0,0,0,0,0,1,0,0,1,2,2,2,0,0,1,1,1,0,0,0,0,0,0,0,8,80213501,Iglesia ni Cristo (Church of Christ)
Iglesia ni Cristo (Church of Christ),310721,1,0,0,0,0,0,0,1,0,0,10,0,5,3,0,2,0,0,1,1,1,0,0,1,1,0,0,0,0,0,2,0,0,0,10,5,5,0,1,0,1,0,0,0,0,0,0,0,0,0,0,0,0,0,2,3,1,5,4,2,1,2,2,2,4,5,2,2,2,2,2,5,1,0,0,2,2,1,0,0,0,0,0,0,0,0,3,0,3,0,0,0,0,0,0,0,0,0,1,0,1,0,0,0,3,0,0,3,8,80213501,Iglesia ni Cristo (Church of Christ)
Iglesia ni Cristo (Church of Christ),307098,1,1,0,0,0,0,0,1,1,0,10,1,0,0,0,0,1,0,0,0,0,1,1,0,1,1,1,0,4,1,2,0,0,0,5,5,5,10,1,1,1,1,0,1,1,0,0,0,0,1,1,0,0,2,2,1,0,0,0,1,0,0,0,0,6,3,2,5,1,1,1,1,1,0,0,0,1,0,1,0,0,0,0,0,0,0,0,0,0,0,2,0,0,0,0,0,1,0,1,1,1,0,0,0,0,0,0,0,8,80213501,Iglesia ni Cristo (Church of Christ)
Iglesia ni Cristo (Church of Christ),309845,1,1,0,0,0,0,0,1,0,0,10,0,8,7,0,5,0,0,0,0,0,1,1,1,1,0,1,0,0,0,2,0,5,0,8,10,5,8,0,1,0,0,0,0,0,0,0,0,0,0,0,0,0,0,1,2,4,0,0,5,3,9,5,0,4,8,6,5,1,1,5,2,2,0,0,5,2,2,0,0,0,0,0,0,0,0,5,3,3,0,0,0,0,0,0,0,0,0,0,1,0,0,0,0,1,3,1,3,8,80213501,Iglesia ni Cristo (Church of Christ)
Iglesia ni Cristo (Church of Christ),306991,2,2,0,0,0,0,0,1,1,0,10,1,0,0,0,0,1,0,0,1,0,0,0,0,1,1,1,0,4,2,2,0,0,2,6,5,4,6,1,1,1,1,0,1,1,0,0,0,0,1,1,0,0,2,2,2,0,0,0,5,0,0,0,0,5,5,5,5,5,4,4,1,1,0,0,0,1,0,1,0,0,0,0,0,0,0,0,0,0,0,0,0,0,0,0,0,1,0,1,1,1,0,0,0,0,0,0,0,8,80213501,Iglesia ni Cristo (Church of Christ)
Iglesia ni Cristo (Church of Christ),309112,1,1,0,0,0,0,0,1,0,0,10,0,10,10,0,3,0,0,1,1,0,0,0,1,0,1,1,0,0,0,2,0,5,0,5,5,7,7,0,1,0,0,0,0,0,0,0,0,0,0,0,0,0,0,2,3,1,0,0,5,1,1,1,0,1,1,1,10,1,1,1,1,1,0,0,1,1,1,0,0,0,0,0,0,0,0,4,3,2,0,0,0,0,0,0,0,0,0,0,1,0,0,0,0,2,2,2,3,8,80213501,Iglesia ni Cristo (Church of Christ)
Iglesia ni Cristo (Church of Christ),307762,1,2,0,0,0,0,0,1,1,0,10,2,0,0,0,0,1,0,0,0,0,0,0,1,1,0,0,0,1,3,2,0,0,2,6,10,5,10,1,1,1,1,0,1,1,0,0,0,0,1,1,0,0,2,1,3,0,0,0,3,0,0,0,0,10,5,5,1,5,1,5,6,10,0,0,0,2,0,1,0,0,0,0,0,0,0,0,0,0,0,1,0,0,0,0,0,1,0,1,1,1,0,0,0,0,0,0,0,8,80213501,Iglesia ni Cristo (Church of Christ)
Iglesia ni Cristo (Church of Christ),309146,1,1,0,0,0,0,0,1,0,0,10,0,8,7,0,9,0,0,0,1,1,1,0,0,1,1,0,0,0,0,2,0,9,0,5,7,3,8,0,1,0,0,0,0,0,0,0,0,0,0,0,0,0,0,2,2,2,0,0,3,3,5,6,0,6,2,4,5,8,2,5,1,1,0,0,6,1,1,0,0,0,0,0,0,0,0,8,3,1,0,0,0,0,0,0,0,0,0,0,1,0,0,0,0,1,2,2,2,8,80213501,Iglesia ni Cristo (Church of Christ)
Iglesia ni Cristo (Church of Christ),306953,2,2,0,0,0,0,0,1,1,0,5,1,0,0,0,0,1,0,0,1,1,1,0,1,0,0,0,0,3,4,2,0,0,2,8,5,4,5,1,1,1,1,0,1,1,0,0,0,0,1,0,0,0,3,3,3,0,0,0,3,0,0,0,0,4,5,4,5,5,6,5,4,5,0,0,0,4,0,1,0,0,0,0,0,0,0,0,0,0,0,0,0,0,0,0,0,1,0,1,1,1,0,0,0,0,0,0,0,8,80213501,Iglesia ni Cristo (Church of Christ)
Iglesia ni Cristo (Church of Christ),307410,1,1,0,0,0,0,0,1,1,0,10,1,0,0,0,0,1,1,0,1,0,0,0,0,1,1,0,0,1,4,2,0,0,1,9,9,1,2,1,1,1,1,0,1,1,0,0,0,0,1,1,0,0,2,1,1,0,0,0,2,0,0,0,0,1,2,9,4,1,1,2,1,1,0,0,0,1,0,1,0,0,0,0,0,0,0,0,0,0,0,0,0,0,0,0,0,1,0,1,1,1,0,0,0,0,0,0,0,8,80213501,Iglesia ni Cristo (Church of Christ)
Iglesia ni Cristo (Church of Christ),309530,1,2,0,0,0,0,0,1,0,0,10,0,4,10,0,10,0,0,1,1,0,0,0,1,0,0,1,1,0,0,2,0,10,0,10,10,4,10,0,0,0,0,0,0,0,0,0,0,0,0,0,0,0,0,3,4,1,0,0,4,4,4,4,0,4,10,10,4,4,4,4,4,4,0,0,5,7,1,0,0,0,0,0,0,0,0,4,3,3,0,0,0,0,0,0,0,0,0,0,0,0,0,0,1,3,1,3,2,8,80213501,Iglesia ni Cristo (Church of Christ)
Iglesia ni Cristo (Church of Christ),311109,2,0,0,0,0,0,0,1,0,0,10,0,8,8,0,5,1,1,0,1,1,0,0,1,0,0,0,0,0,0,2,0,0,0,7,7,8,0,1,0,1,0,0,0,0,0,0,0,0,0,0,0,0,0,2,2,3,4,7,8,3,3,3,8,9,5,5,3,8,2,6,4,3,0,0,5,2,1,0,0,0,0,0,0,0,0,8,0,1,1,1,0,0,0,0,0,0,0,1,0,1,0,0,0,1,0,0,2,8,80213501,Iglesia ni Cristo (Church of Christ)
Iglesia ni Cristo (Church of Christ),308830,1,1,0,0,0,0,0,1,1,0,10,2,0,0,0,0,0,1,1,0,0,1,0,0,1,0,1,0,0,0,2,2,0,1,8,7,0,0,0,1,1,1,0,1,2,0,0,0,0,1,1,0,0,0,3,3,0,0,0,6,0,0,0,0,7,7,8,9,6,2,2,2,2,0,0,0,2,0,0,0,0,0,1,1,0,0,0,0,0,0,0,0,2,3,2,3,0,0,0,1,1,0,0,0,0,0,0,0,8,80213501,Iglesia ni Cristo (Church of Christ)
Iglesia ni Cristo (Church of Christ),310544,1,0,0,0,0,0,0,1,0,0,10,0,8,8,0,4,1,1,0,0,0,0,0,0,1,1,1,0,0,0,2,0,0,0,8,4,4,0,1,1,1,0,0,0,0,0,0,0,0,0,0,0,0,0,4,4,2,5,9,8,8,4,4,9,8,8,8,8,9,2,6,4,4,0,0,4,1,2,0,0,0,0,0,0,0,0,8,0,2,0,0,0,0,0,0,0,0,0,1,1,1,0,0,0,2,0,0,2,8,80213501,Iglesia ni Cristo (Church of Christ)
Iglesia ni Cristo (Church of Christ),308726,1,2,0,0,0,0,0,1,1,0,10,1,0,0,0,0,0,1,1,1,0,0,0,0,1,1,0,0,0,0,2,1,0,2,7,7,0,0,1,1,1,1,0,1,1,0,0,0,0,1,1,0,0,0,2,2,0,0,0,2,0,0,0,0,3,2,2,1,1,2,2,1,1,0,0,0,1,0,0,0,0,0,1,1,0,0,0,0,0,0,0,0,2,1,1,1,0,0,1,1,1,0,0,0,0,0,0,0,8,80213501,Iglesia ni Cristo (Church of Christ)
Iglesia ni Cristo (Church of Christ),307083,1,1,0,0,0,0,0,1,1,0,10,2,0,0,0,0,0,0,1,0,1,0,0,1,1,1,0,0,4,3,0,0,0,1,10,9,3,10,0,0,1,1,0,1,1,0,0,0,0,1,1,0,1,2,2,3,0,0,0,1,0,0,0,0,1,1,1,1,7,3,2,1,1,0,0,0,1,0,1,0,0,0,0,0,0,0,0,0,0,0,2,0,0,0,0,0,1,0,0,0,1,0,0,0,0,0,0,0,8,80213501,Iglesia ni Cristo (Church of Christ)
Iglesia ni Cristo (Church of Christ),308893,1,2,0,0,0,0,0,1,1,0,10,1,0,0,0,0,0,0,1,0,0,1,0,1,1,1,0,0,0,0,2,2,0,2,6,6,0,0,1,1,1,1,0,1,1,0,0,0,0,1,1,0,0,0,1,2,0,0,0,6,0,0,0,0,6,4,6,4,4,4,4,4,4,0,0,0,1,0,0,0,0,0,1,5,0,0,0,0,0,0,0,0,1,1,1,1,0,0,1,1,1,0,0,0,0,0,0,0,8,80213501,Iglesia ni Cristo (Church of Christ)
Iglesia ni Cristo (Church of Christ),310395,1,0,0,0,0,0,0,1,0,0,10,0,5,6,0,6,1,0,1,1,0,1,0,0,0,0,1,0,0,0,2,0,0,0,9,8,5,0,1,1,1,0,0,0,0,0,0,0,0,0,0,0,0,0,3,3,3,1,5,5,1,1,1,4,2,1,1,4,4,4,4,1,1,0,0,5,4,2,0,0,0,0,0,0,0,0,4,0,3,0,0,0,0,0,0,0,0,0,1,1,1,0,0,0,3,0,0,3,8,80213501,Iglesia ni Cristo (Church of Christ)
Iglesia ni Cristo (Church of Christ),307719,1,1,0,0,0,0,0,1,1,0,10,2,0,0,0,0,1,0,1,1,0,0,0,0,0,1,1,0,2,4,2,0,0,3,5,8,1,7,1,1,1,1,0,1,1,0,0,0,0,1,0,0,0,2,2,2,0,0,0,3,0,0,0,0,10,4,4,10,6,6,6,10,10,0,0,0,2,0,1,0,0,0,0,0,0,0,0,0,0,0,2,0,0,0,0,0,2,0,1,1,1,0,0,0,0,0,0,0,8,80213501,Iglesia ni Cristo (Church of Christ)
Iglesia ni Cristo (Church of Christ),307582,1,1,0,0,0,0,0,1,1,0,10,1,0,0,0,0,0,0,1,1,0,0,0,1,1,0,1,0,4,3,2,0,0,1,6,5,1,10,1,1,1,1,0,1,1,0,0,0,0,1,1,0,0,2,3,3,0,0,0,1,0,0,0,0,1,1,1,5,5,1,1,1,1,0,0,0,1,0,1,0,0,0,0,0,0,0,0,0,0,0,2,0,0,0,0,0,1,0,1,1,1,0,0,0,0,0,0,0,8,80213501,Iglesia ni Cristo (Church of Christ)
Iglesia ni Cristo (Church of Christ),309993,1,2,0,0,0,0,0,1,0,0,10,0,8,9,0,7,0,0,0,0,0,1,1,0,1,1,1,0,0,0,2,0,9,0,8,8,1,7,0,0,0,0,0,0,0,0,0,0,0,0,0,0,0,0,2,4,3,0,0,2,1,2,2,0,1,1,2,5,1,1,2,1,1,0,0,1,3,2,0,0,0,0,0,0,0,0,4,3,4,0,1,0,0,0,0,0,0,0,0,0,0,0,0,1,2,1,1,3,8,80213501,Iglesia ni Cristo (Church of Christ)
Iglesia ni Cristo (Church of Christ),308019,1,1,0,0,0,0,0,1,0,0,10,2,0,0,0,0,0,1,0,1,0,0,0,1,1,0,1,0,0,0,2,2,0,1,8,5,0,0,0,1,1,1,0,1,1,0,0,0,0,1,1,1,0,0,3,2,0,0,0,5,0,0,0,0,2,2,2,1,1,1,1,1,1,0,0,0,1,0,0,0,0,0,1,1,0,0,0,0,0,1,0,0,2,3,2,4,0,0,0,1,1,0,0,0,0,0,0,0,8,80213501,Iglesia ni Cristo (Church of Christ)
Iglesia ni Cristo (Church of Christ),310262,1,0,0,0,0,0,0,1,0,0,10,0,10,1,0,1,1,0,0,0,0,1,1,0,1,0,1,0,0,0,2,0,0,0,10,5,3,0,1,1,1,0,0,0,0,0,0,0,0,0,0,0,0,0,2,3,3,2,1,2,2,6,2,2,1,2,2,10,2,2,5,1,2,0,0,2,1,2,0,0,0,0,0,0,0,0,10,0,2,1,2,0,0,0,0,0,0,0,1,1,1,0,0,0,2,0,0,2,8,80213501,Iglesia ni Cristo (Church of Christ)
Iglesia ni Cristo (Church of Christ),308352,1,2,0,0,0,0,0,1,1,0,10,1,0,0,0,0,0,1,1,0,0,0,1,0,0,1,1,0,0,0,1,1,0,1,6,3,0,0,1,1,1,1,0,1,1,0,0,0,0,1,1,0,0,0,1,2,0,0,0,7,0,0,0,0,1,1,1,1,1,1,1,1,1,0,0,0,2,0,0,0,0,0,1,1,0,0,0,0,0,0,0,0,2,2,1,1,0,0,1,1,1,0,0,0,0,0,0,0,8,80213501,Iglesia ni Cristo (Church of Christ)
Iglesia ni Cristo (Church of Christ),307121,1,2,0,0,0,0,0,1,1,0,10,1,0,0,0,0,1,0,1,1,0,1,0,1,0,0,0,0,3,2,2,0,0,1,5,6,10,6,1,1,1,1,0,1,1,0,0,0,0,1,1,0,0,2,3,3,0,0,0,1,0,0,0,0,1,1,1,1,1,1,1,1,1,0,0,0,1,0,1,0,0,0,0,0,0,0,0,0,0,0,0,0,0,0,0,0,1,0,1,1,1,0,0,0,0,0,0,0,8,80213501,Iglesia ni Cristo (Church of Christ)
Iglesia ni Cristo (Church of Christ),308549,1,1,0,0,0,0,0,1,1,0,10,2,0,0,0,0,0,0,1,1,0,0,1,0,1,0,1,0,0,0,2,0,0,2,2,3,0,0,1,1,1,1,0,1,1,0,0,0,0,1,1,0,0,0,3,3,0,0,0,3,0,0,0,0,1,1,2,9,1,1,1,1,1,0,0,0,1,0,0,0,0,0,1,1,0,0,0,0,0,0,0,0,1,1,1,1,0,0,1,1,1,0,0,0,0,0,0,0,8,80213501,Iglesia ni Cristo (Church of Christ)
Iglesia ni Cristo (Church of Christ),310454,2,0,0,0,0,0,0,1,0,0,10,0,10,9,0,8,1,0,1,1,1,1,0,0,0,0,0,0,0,0,2,0,0,0,7,8,2,0,1,1,1,0,0,0,0,0,0,0,0,0,0,0,0,0,3,0,2,3,7,2,3,8,7,2,3,4,4,4,3,4,4,8,4,0,0,3,1,1,0,0,0,0,0,0,0,0,9,0,2,1,2,0,0,0,0,0,0,0,1,1,1,0,0,0,3,0,0,2,8,80213501,Iglesia ni Cristo (Church of Christ)
Iglesia ni Cristo (Church of Christ),309152,1,1,0,0,0,0,0,1,0,0,10,0,10,9,0,7,0,1,1,1,1,1,0,0,0,0,0,0,0,0,2,0,5,0,10,5,5,1,0,1,0,0,0,0,0,0,0,0,0,0,0,0,0,0,1,3,3,0,0,1,1,2,2,0,1,1,1,1,1,1,1,2,1,0,0,2,1,1,0,0,0,0,0,0,0,0,9,3,1,0,2,0,0,0,0,0,0,0,0,1,0,0,0,0,1,3,4,3,8,80213501,Iglesia ni Cristo (Church of Christ)
Iglesia ni Cristo (Church of Christ),306984,1,3,0,0,0,0,0,1,1,0,9,1,0,0,0,0,0,0,1,1,0,1,1,1,0,0,0,0,4,1,2,0,0,2,5,5,1,9,1,0,0,1,0,1,1,0,0,0,0,1,1,0,0,2,3,3,0,0,0,2,0,0,0,0,3,1,3,5,5,3,5,2,5,0,0,0,1,0,1,0,0,0,0,0,0,0,0,0,0,0,0,0,0,0,0,0,1,0,1,0,0,0,0,0,0,0,0,0,8,80213501,Iglesia ni Cristo (Church of Christ)
Iglesia ni Cristo (Church of Christ),310557,1,0,0,0,0,0,0,1,0,0,10,0,8,8,0,7,1,1,1,1,0,0,0,0,1,0,0,0,0,0,2,0,0,0,8,8,5,0,1,1,1,0,0,0,0,0,0,0,0,0,0,0,0,0,2,3,3,2,1,7,8,1,1,1,5,8,9,5,9,8,6,1,2,0,0,3,2,1,0,0,0,0,0,0,0,0,5,0,1,1,2,0,0,0,0,0,0,0,1,1,1,0,0,0,1,0,0,1,8,80213501,Iglesia ni Cristo (Church of Christ)
Iglesia ni Cristo (Church of Christ),308275,1,1,0,0,0,0,0,1,1,0,10,2,0,0,0,0,0,1,1,1,0,0,1,0,1,0,0,0,0,0,2,2,0,2,8,8,0,0,1,1,1,1,0,1,1,0,0,0,0,1,1,0,2,0,1,1,0,0,0,1,0,0,0,0,9,8,5,1,1,1,1,1,1,0,0,0,1,0,0,0,0,0,1,1,0,0,0,0,0,1,0,0,2,3,1,3,0,0,1,1,1,0,0,0,0,0,0,0,8,80213501,Iglesia ni Cristo (Church of Christ)
Iglesia ni Cristo (Church of Christ),310304,1,0,0,0,0,0,0,1,0,0,10,0,5,10,0,5,1,0,0,1,0,0,1,0,1,0,1,0,0,0,2,0,0,0,10,1,5,0,1,1,1,0,0,0,0,0,0,0,0,0,0,0,0,0,4,4,4,5,1,1,1,1,1,1,1,1,1,1,1,1,1,1,1,0,0,1,1,1,0,0,0,0,0,0,0,0,5,0,1,1,2,0,0,0,0,0,0,0,1,1,1,0,0,0,1,0,0,2,8,80213501,Iglesia ni Cristo (Church of Christ)
Iglesia ni Cristo (Church of Christ),307424,2,3,0,0,0,0,0,1,1,0,10,2,0,0,0,0,1,1,1,1,1,0,0,0,0,0,0,0,2,3,2,0,0,1,6,5,4,4,1,1,1,1,0,1,1,0,0,0,0,1,1,0,2,3,2,3,0,0,0,3,0,0,0,0,2,3,1,1,2,1,1,1,1,0,0,0,2,0,1,0,0,0,0,0,0,0,0,0,0,0,0,0,0,0,0,0,1,0,1,1,1,0,0,0,0,0,0,0,8,80213501,Iglesia ni Cristo (Church of Christ)
Iglesia ni Cristo (Church of Christ),306904,2,2,0,0,0,0,0,1,1,0,10,2,0,0,0,0,0,1,0,1,0,1,1,0,1,0,0,0,4,1,2,0,0,1,7,5,5,5,0,1,1,1,0,1,1,0,0,0,0,1,1,0,0,2,2,1,0,0,0,5,0,0,0,0,1,1,1,1,1,1,1,5,1,0,0,0,1,0,1,0,0,0,0,0,0,0,0,0,0,0,2,0,0,0,0,0,1,0,0,1,1,0,0,0,0,0,0,0,8,80213501,Iglesia ni Cristo (Church of Christ)
Iglesia ni Cristo (Church of Christ),310412,2,0,0,0,0,0,0,1,0,0,9,0,6,5,0,5,1,0,1,1,0,0,1,0,1,0,0,0,0,0,2,0,0,0,8,7,6,0,1,0,1,0,0,0,0,0,0,0,0,0,0,0,0,0,3,3,3,4,8,6,1,6,5,9,8,1,1,1,6,1,7,1,6,0,0,1,2,7,0,0,0,0,0,0,0,0,4,0,2,0,0,0,0,0,0,0,0,0,1,0,1,0,0,1,2,0,0,3,8,80213501,Iglesia ni Cristo (Church of Christ)
Iglesia ni Cristo (Church of Christ),310542,1,0,0,0,0,0,0,1,0,0,10,0,7,6,0,8,0,0,0,1,0,1,1,0,1,0,1,0,0,0,2,0,0,0,10,6,6,0,1,1,1,0,0,0,0,0,0,0,0,0,0,0,0,0,3,3,3,2,3,7,1,1,1,4,5,1,1,1,1,1,1,1,1,0,0,1,1,1,0,0,0,0,0,0,0,0,7,0,2,0,0,0,0,0,0,0,0,0,1,1,1,0,0,0,1,0,0,2,8,80213501,Iglesia ni Cristo (Church of Christ)
Iglesia ni Cristo (Church of Christ),311182,1,0,0,0,0,0,0,1,0,0,10,0,10,10,0,9,0,1,1,0,0,1,1,0,0,0,1,0,0,0,2,0,0,0,10,10,1,0,1,1,1,0,0,0,0,0,0,0,0,0,0,0,0,0,3,3,3,3,9,1,1,1,1,10,9,1,9,5,1,1,1,1,1,0,0,1,4,1,0,0,0,0,0,0,0,0,10,0,2,0,0,0,0,0,0,0,0,0,1,1,1,0,0,0,2,0,0,2,8,80213501,Iglesia ni Cristo (Church of Christ)
Iglesia ni Cristo (Church of Christ),308163,1,2,0,0,0,0,0,1,1,0,10,1,0,0,0,0,0,0,0,1,0,1,0,1,1,0,1,0,0,0,2,1,0,2,8,10,0,0,1,1,1,1,0,1,1,0,0,0,0,1,1,0,1,0,1,3,0,0,0,0,0,0,0,0,1,0,1,1,10,10,10,0,0,0,0,0,1,0,0,0,0,0,1,3,0,0,0,0,0,0,0,0,2,3,1,1,0,0,1,1,1,0,0,0,0,0,0,0,8,80213501,Iglesia ni Cristo (Church of Christ)
Iglesia ni Cristo (Church of Christ),307076,1,1,0,0,0,0,0,1,1,0,10,1,0,0,0,0,1,1,1,0,0,0,1,0,1,0,0,0,4,2,2,0,0,1,7,5,6,8,1,1,1,1,0,1,1,0,0,0,0,1,1,0,0,2,3,3,0,0,0,6,0,0,0,0,3,7,8,5,3,3,3,3,3,0,0,0,1,0,1,0,0,0,0,0,0,0,0,0,0,0,0,0,0,0,0,0,1,0,1,1,1,0,0,0,0,0,0,0,8,80213501,Iglesia ni Cristo (Church of Christ)
Iglesia ni Cristo (Church of Christ),306980,1,1,0,0,0,0,0,1,1,0,10,2,0,0,0,0,0,0,1,1,0,1,0,0,1,0,1,0,4,2,2,0,0,2,5,8,1,10,1,1,0,1,0,1,1,0,0,0,0,1,1,0,0,3,1,3,0,0,0,2,0,0,0,0,2,8,2,10,2,2,5,9,2,0,0,0,1,0,0,0,0,0,0,0,0,0,0,0,0,0,0,0,0,0,0,0,1,0,1,1,0,0,0,0,0,0,0,0,8,80213501,Iglesia ni Cristo (Church of Christ)
Iglesia ni Cristo (Church of Christ),310115,1,2,0,0,0,0,0,1,0,0,8,0,7,4,0,3,0,1,1,1,0,1,0,0,1,0,0,0,0,0,2,0,5,0,5,7,4,7,0,1,0,0,0,0,0,0,0,0,0,0,0,0,0,0,4,3,4,0,0,3,1,1,4,0,2,7,4,3,6,8,2,3,5,0,0,2,1,1,0,0,0,0,0,0,0,0,8,3,2,0,0,0,0,0,0,0,0,0,0,1,0,0,0,0,4,2,3,2,8,80213501,Iglesia ni Cristo (Church of Christ)
Iglesia ni Cristo (Church of Christ),309264,1,2,0,0,0,0,0,1,0,0,10,0,10,10,0,2,0,0,1,0,0,1,0,0,1,1,0,0,0,0,2,0,2,0,7,8,1,3,0,1,0,0,0,0,0,0,0,0,0,0,0,0,0,0,2,2,3,0,0,2,1,1,1,0,1,1,1,6,1,1,1,1,1,0,0,1,2,2,0,0,0,0,0,0,0,0,1,3,3,0,1,0,0,0,0,0,0,0,0,1,0,0,0,0,1,4,2,4,8,80213501,Iglesia ni Cristo (Church of Christ)
Iglesia ni Cristo (Church of Christ),310744,1,0,0,0,0,0,0,1,0,0,10,0,10,10,0,10,1,1,0,0,0,1,0,0,1,0,1,0,0,0,2,0,0,0,10,1,1,0,1,1,1,0,0,0,0,0,0,0,0,0,0,0,0,0,2,3,2,4,1,2,2,1,1,1,2,2,2,2,1,1,1,1,1,0,0,1,1,1,0,0,0,0,0,0,0,0,1,0,2,1,2,0,0,0,0,0,0,0,1,1,1,0,0,0,4,0,0,3,8,80213501,Iglesia ni Cristo (Church of Christ)
Iglesia ni Cristo (Church of Christ),308354,1,1,0,0,0,0,0,1,1,0,8,2,0,0,0,0,0,0,1,1,1,0,1,0,0,0,1,0,0,0,2,1,0,1,9,6,0,0,1,1,1,1,0,1,0,0,0,0,0,1,1,1,1,0,1,3,0,0,0,2,0,0,0,0,3,2,2,3,2,1,2,2,3,0,0,0,1,0,0,0,0,0,1,1,0,0,0,0,0,1,0,0,2,1,2,2,0,0,1,1,1,0,0,0,0,0,0,0,8,80213501,Iglesia ni Cristo (Church of Christ)
Iglesia ni Cristo (Church of Christ),309504,1,1,0,0,0,0,0,1,0,0,10,0,5,5,0,5,0,1,1,0,1,0,1,0,1,0,0,0,0,0,2,0,7,0,8,9,5,6,0,0,0,0,0,0,0,0,0,0,0,0,0,0,0,0,2,2,2,0,0,1,5,1,1,0,1,5,5,1,1,1,1,1,1,0,0,1,1,2,0,0,0,0,0,0,0,0,5,3,2,0,2,0,0,0,0,0,0,0,0,0,0,0,0,0,2,3,3,4,8,80213501,Iglesia ni Cristo (Church of Christ)
Iglesia ni Cristo (Church of Christ),310778,1,0,0,0,0,0,0,1,0,0,10,0,6,8,0,9,1,0,1,1,1,0,0,1,0,0,0,0,0,0,2,0,0,0,9,7,10,0,1,1,1,0,0,0,0,0,0,0,0,0,0,0,0,0,2,4,1,2,2,1,1,1,1,1,1,1,1,3,1,1,1,1,1,0,0,3,1,1,0,0,0,0,0,0,0,0,10,0,1,1,2,0,0,0,0,0,0,0,1,1,1,0,0,0,1,0,0,3,8,80213501,Iglesia ni Cristo (Church of Christ)
Iglesia ni Cristo (Church of Christ),310067,1,2,0,0,0,0,0,1,0,0,10,0,10,10,0,1,0,1,1,1,1,1,0,0,0,0,0,0,0,0,2,0,10,0,1,10,1,10,0,1,0,0,0,0,0,0,0,0,0,0,0,0,0,0,1,3,3,0,0,10,1,1,1,0,1,1,10,1,1,1,1,1,1,0,0,1,1,1,0,0,0,0,0,0,0,0,1,3,1,0,2,0,0,0,0,0,0,0,0,1,0,0,0,0,1,1,3,4,8,80213501,Iglesia ni Cristo (Church of Christ)
Iglesia ni Cristo (Church of Christ),306723,1,1,0,0,0,0,0,1,1,0,10,2,0,0,0,0,1,0,0,1,0,1,0,0,1,0,1,0,4,3,2,0,0,2,10,1,1,5,1,1,1,1,0,1,1,0,0,0,0,1,0,0,0,2,4,2,0,0,0,5,0,0,0,0,10,1,1,1,1,1,1,1,1,0,0,0,1,0,1,0,0,0,0,0,0,0,0,0,0,0,2,0,0,0,0,0,2,0,1,1,1,0,0,0,0,0,0,0,8,80213501,Iglesia ni Cristo (Church of Christ)
Iglesia ni Cristo (Church of Christ),309056,2,1,0,0,0,0,0,1,0,0,6,0,5,6,0,6,0,0,1,0,1,0,1,0,0,0,1,0,0,0,2,0,5,0,5,5,6,6,0,1,0,0,0,0,0,0,0,0,0,0,0,0,0,0,2,2,1,0,0,4,4,3,4,0,3,3,4,3,4,4,4,3,4,0,0,3,1,3,0,0,0,0,0,0,0,0,6,3,2,0,0,0,0,0,0,0,0,0,0,1,0,0,0,0,2,3,3,2,8,80213501,Iglesia ni Cristo (Church of Christ)
Islam,342017,1,2,0,0,0,0,0,1,1,0,10,0,0,0,0,0,0,1,1,1,1,0,0,0,1,0,0,0,0,0,2,2,0,1,3,10,0,0,1,1,1,1,0,1,1,0,0,0,0,1,0,0,0,0,4,4,0,0,0,1,0,0,0,0,1,1,1,1,1,1,1,1,1,0,0,0,1,0,0,0,0,0,1,1,0,0,0,0,0,1,0,0,0,0,0,0,0,0,1,1,1,0,0,0,0,0,0,0,5,50000000,Islam
Islam,715,3,2,0,0,0,0,0,1,0,0,3,2,0,0,0,0,1,1,0,0,1,1,0,1,0,0,0,0,3,2,2,0,0,3,6,7,1,5,0,0,0,0,0,1,2,0,0,0,0,1,1,0,2,3,1,4,0,0,0,8,0,0,0,0,6,7,5,1,1,4,3,9,1,0,0,0,4,0,0,0,0,0,0,0,0,0,0,0,0,0,0,0,0,0,0,0,1,0,0,0,0,0,0,0,0,0,0,0,5,50000000,Islam
Islam,173611,1,2,0,0,0,0,0,1,1,0,10,2,0,0,0,0,1,0,1,0,0,1,0,0,1,0,1,0,2,3,2,0,0,2,8,0,1,0,1,1,1,1,0,1,1,0,0,0,0,1,1,0,0,0,3,3,0,0,0,1,0,0,0,0,1,1,1,1,1,1,1,1,1,0,0,0,1,0,1,0,0,0,0,0,0,0,0,0,0,0,0,0,0,0,0,0,1,0,1,1,1,0,0,0,0,0,0,0,5,50000000,Islam
Islam,109378,2,2,0,0,0,0,0,1,0,0,10,0,7,7,0,7,0,0,0,1,0,0,1,0,1,0,1,0,0,0,2,0,6,0,7,8,7,6,0,1,0,0,0,0,0,0,0,0,0,0,0,0,0,0,1,1,2,0,0,5,3,5,1,0,4,1,1,1,0,1,1,1,1,0,0,0,1,1,0,0,0,0,0,0,0,0,7,1,1,0,0,0,0,0,0,0,0,0,0,1,0,0,0,0,2,2,2,2,5,50000000,Islam
Islam,378101,1,0,0,0,0,0,0,1,1,0,10,0,0,0,0,0,1,0,1,1,1,1,0,0,0,0,0,0,0,0,2,1,0,0,10,1,0,0,1,1,1,1,0,1,1,0,0,0,0,1,0,0,0,0,3,4,0,0,0,0,0,0,0,0,0,0,0,0,0,0,0,0,0,0,0,0,1,0,0,0,0,0,0,0,0,0,0,0,0,0,0,0,1,1,1,0,0,0,1,1,1,0,0,0,0,0,0,0,5,50000000,Islam
Islam,109608,1,2,0,0,0,0,0,1,0,0,10,0,8,7,0,10,0,0,1,1,0,0,0,0,1,1,1,0,0,0,2,0,9,0,9,9,3,4,0,1,0,0,0,0,0,0,0,0,0,0,0,0,0,0,3,3,3,0,0,3,3,1,1,0,3,10,10,1,0,1,1,1,1,0,0,0,2,1,0,0,0,0,0,0,0,0,10,0,2,0,0,0,0,0,0,0,0,0,0,1,0,0,0,1,2,3,1,3,5,50000000,Islam
Islam,216245,1,0,0,0,0,0,0,1,0,0,10,0,8,8,0,9,0,0,1,1,0,0,1,1,0,0,0,0,0,0,2,0,0,0,5,8,5,0,1,1,1,0,0,0,0,0,0,0,0,0,0,0,0,0,1,4,2,5,1,2,2,2,2,1,2,2,2,1,1,1,1,1,2,0,0,1,3,4,0,0,0,0,0,0,0,0,6,0,3,0,0,0,0,0,0,0,0,0,1,1,1,0,0,0,3,0,0,3,5,50000000,Islam
Islam,262888,1,1,0,0,0,0,0,1,0,0,10,2,0,0,0,0,0,1,0,1,0,1,0,1,0,1,0,0,0,0,2,2,0,3,8,3,0,0,1,1,1,1,0,1,1,0,0,0,0,1,1,1,1,0,3,4,0,0,0,1,0,0,0,0,1,1,1,1,1,8,10,6,1,0,0,0,4,0,0,0,0,0,1,2,0,0,0,0,0,0,0,0,4,1,4,4,0,0,1,1,1,0,0,0,0,0,0,0,5,50000000,Islam
Islam,108508,1,1,0,0,0,0,0,1,1,0,10,0,0,0,0,0,1,0,1,0,0,1,0,0,1,1,0,0,0,0,2,1,0,0,5,9,0,0,1,1,1,1,0,1,1,0,0,0,0,1,0,0,0,0,4,4,0,0,0,1,0,0,0,0,1,1,1,1,1,1,6,1,1,1,0,0,2,0,0,0,0,0,0,0,0,0,0,0,0,0,0,0,0,0,0,0,0,0,1,1,1,0,0,0,0,0,0,0,5,50000000,Islam
Islam,439245,1,2,0,0,0,0,0,0,0,0,5,0,3,4,3,0,0,0,1,0,1,1,0,1,0,1,0,0,0,0,1,0,4,0,4,3,9,1,0,0,0,0,6,0,0,0,0,0,0,0,0,0,0,0,3,1,0,0,0,3,0,0,0,0,5,6,5,4,5,4,5,4,6,0,0,0,2,0,0,0,0,0,0,0,0,0,4,0,0,0,0,0,3,3,4,2,0,0,0,0,0,0,0,0,0,0,0,3,5,50000000,Islam
Islam,200653,1,1,0,0,0,0,0,1,1,0,10,1,0,0,0,0,1,0,1,1,0,1,1,0,0,0,0,0,0,0,2,1,0,0,9,7,0,0,1,1,1,1,0,1,1,0,0,0,0,1,1,0,0,0,0,4,0,0,0,1,0,0,0,0,1,1,1,1,1,1,1,1,1,1,0,0,2,0,0,0,0,0,0,0,0,0,0,0,0,0,0,0,1,0,1,0,0,0,1,1,1,0,0,0,0,0,0,0,5,50000000,Islam
Islam,368812,1,1,0,0,0,0,0,0,0,0,10,0,5,7,9,0,0,0,0,1,1,1,0,0,1,0,1,0,0,0,2,0,1,0,8,5,1,10,0,0,0,0,10,0,0,0,0,0,0,1,0,0,0,0,0,4,0,0,0,1,0,0,0,0,1,1,1,1,1,1,1,1,1,0,0,0,2,0,0,0,0,0,1,0,0,0,9,0,0,0,2,0,1,1,3,1,0,0,0,0,0,0,0,0,0,0,0,2,5,50000000,Islam
Islam,28919,1,2,0,0,0,0,0,1,1,0,10,0,0,0,0,0,1,1,0,1,0,1,1,0,0,0,0,0,1,4,1,0,0,1,5,0,1,0,0,1,1,1,0,1,2,0,0,0,0,1,1,0,0,0,0,3,0,0,0,1,0,0,0,0,1,0,0,0,0,0,0,1,1,0,0,0,1,0,1,0,0,0,0,0,0,0,0,0,0,0,0,0,0,0,0,0,1,0,0,1,1,0,0,0,0,0,0,0,5,50000000,Islam
Islam,270999,1,2,0,0,0,0,0,1,0,0,9,0,5,5,0,5,0,1,0,0,0,1,1,0,0,1,1,0,0,0,2,0,8,0,8,8,5,6,0,1,0,0,0,0,0,0,0,0,0,0,0,0,0,0,3,3,4,0,0,5,5,2,2,0,5,5,5,5,2,2,2,0,3,0,0,2,7,7,0,0,0,0,0,0,0,0,5,3,2,0,0,0,0,0,0,0,0,0,0,1,0,0,0,1,2,2,2,4,5,50000000,Islam
Islam,25387,2,1,0,0,0,0,0,1,0,0,10,1,0,0,0,0,1,1,0,1,0,0,1,1,0,0,0,0,1,3,2,0,0,1,8,8,1,8,0,1,1,1,0,1,1,0,0,0,0,1,1,0,0,2,1,1,0,0,0,1,0,0,0,0,1,1,1,1,1,5,5,1,1,0,0,0,4,0,1,0,0,0,0,0,0,0,0,0,0,0,0,0,0,0,0,0,1,0,0,1,1,0,0,0,0,0,0,0,5,50000000,Islam
Islam,244725,1,0,0,0,0,0,0,1,0,0,1,0,9,9,0,6,1,0,1,0,1,0,1,0,0,0,1,0,0,0,1,0,0,0,4,2,7,0,0,1,1,0,0,0,0,0,0,0,0,0,0,0,0,0,3,4,1,0,5,1,4,5,5,5,4,7,9,9,9,5,5,5,5,0,0,5,3,1,0,0,0,0,0,0,0,0,6,0,2,0,0,0,0,0,0,0,0,0,0,1,1,0,0,0,2,0,0,2,5,50000000,Islam
Islam,200998,1,3,0,0,0,0,0,1,1,0,10,0,0,0,0,0,1,0,0,1,0,1,0,0,1,0,1,0,0,0,1,2,0,0,5,10,0,0,1,1,1,1,0,1,1,0,0,0,0,1,1,0,0,0,1,4,0,0,0,1,0,0,0,0,1,1,1,1,1,1,5,1,1,1,0,0,1,0,0,0,0,0,0,0,0,0,0,0,0,0,0,0,0,0,0,0,0,0,1,1,1,0,0,0,0,0,0,0,5,50000000,Islam
Islam,370783,1,2,0,0,0,0,0,0,0,0,10,0,8,10,0,0,0,1,1,1,0,0,0,1,1,0,0,0,0,0,2,0,4,0,4,4,10,1,0,0,0,0,0,0,0,0,0,0,0,0,0,0,0,0,1,3,1,0,0,0,1,8,2,0,7,7,1,0,0,0,9,0,1,0,0,0,1,1,0,0,0,0,0,0,0,0,10,0,1,0,0,0,0,0,0,0,0,0,0,0,0,0,0,0,1,0,0,4,5,50000000,Islam
Islam,112372,1,3,0,0,0,0,0,1,1,0,10,0,0,0,0,0,1,1,1,0,0,0,0,0,1,0,1,0,0,0,2,2,0,0,2,9,0,0,1,1,1,1,0,1,1,0,0,0,0,1,1,0,0,0,1,3,0,0,0,1,0,0,0,0,1,1,1,1,1,1,1,1,1,1,0,0,8,0,0,0,0,0,0,0,0,0,0,0,0,0,0,0,1,1,2,0,0,0,1,1,1,0,0,0,0,0,0,0,5,50000000,Islam
Islam,185622,1,2,0,0,0,0,0,1,1,0,10,0,0,0,0,0,1,0,0,0,0,1,0,1,1,0,1,0,0,0,2,1,0,0,6,6,0,0,1,1,1,1,0,1,1,0,0,0,0,1,0,1,0,0,4,4,0,0,0,1,0,0,0,0,1,1,1,1,1,1,6,1,1,1,0,0,4,0,0,0,0,0,0,1,0,1,0,0,0,0,0,0,0,0,0,0,0,0,1,1,1,0,0,0,0,0,0,0,5,50000000,Islam
Islam,166331,1,0,0,0,0,0,0,1,0,0,10,0,9,9,0,9,1,0,0,1,1,1,0,0,1,0,0,0,0,0,2,0,0,0,5,6,6,0,1,1,1,0,0,0,0,0,0,0,0,0,0,0,0,0,2,3,3,4,1,1,1,3,1,1,1,1,1,1,1,1,4,1,1,0,0,1,7,1,0,0,0,0,0,0,0,0,3,0,1,1,2,0,0,0,0,0,0,0,1,1,1,0,0,0,1,0,0,4,5,50000000,Islam
Islam,280541,2,0,0,0,0,0,0,1,0,0,3,0,2,3,0,4,1,1,1,0,0,1,0,1,0,0,0,0,0,0,1,0,0,0,2,2,5,0,1,1,1,0,0,0,0,0,0,0,0,0,0,0,0,0,2,2,2,4,2,3,1,1,2,1,1,2,1,1,1,1,2,1,1,0,0,2,2,2,0,0,0,0,0,0,0,0,3,0,2,1,2,0,0,0,0,0,0,0,1,1,1,0,0,0,2,0,0,1,5,50000000,Islam
Islam,218822,2,0,0,0,0,0,0,1,0,0,10,2,0,0,0,0,0,1,1,0,0,0,1,1,0,0,1,0,0,0,2,2,0,1,1,1,0,0,0,0,0,0,0,1,1,0,0,0,0,0,0,0,2,0,3,3,0,0,0,0,0,0,0,0,1,1,2,1,1,1,1,3,1,0,0,0,7,0,0,0,0,0,1,1,0,0,0,0,0,0,0,0,4,4,4,5,0,0,0,0,0,0,0,0,0,0,0,0,5,50000000,Islam
Islam,200833,1,1,0,0,0,0,0,1,1,0,10,2,0,0,0,0,1,1,1,0,0,0,0,0,1,0,1,0,0,0,1,1,0,0,7,7,0,0,1,1,1,1,0,1,1,0,0,0,0,1,1,0,0,0,1,3,0,0,0,1,0,0,0,0,1,1,1,1,1,1,5,1,1,1,0,0,2,0,0,0,0,0,0,0,0,0,0,0,0,0,0,0,2,2,3,0,0,0,1,1,1,0,0,0,0,0,0,0,5,50000000,Islam
Islam,118188,1,2,0,0,0,0,0,0,0,0,10,0,9,3,8,0,0,0,1,0,0,0,1,0,1,1,1,0,0,0,2,0,10,0,1,8,10,8,0,0,0,0,1,0,0,0,0,0,0,1,0,0,0,0,2,4,0,0,0,1,0,0,0,0,1,1,1,0,0,0,5,1,1,0,0,0,4,0,0,0,0,0,1,0,0,0,10,0,0,0,0,0,0,0,0,0,0,0,0,0,0,0,0,0,0,0,0,3,5,50000000,Islam
Islam,113086,1,3,0,0,0,0,0,1,1,0,10,0,0,0,0,0,1,1,1,0,0,1,0,0,1,0,0,0,0,0,2,2,0,0,2,6,0,0,1,1,1,1,0,1,2,0,0,0,0,1,1,0,0,0,2,3,0,0,0,1,0,0,0,0,1,1,1,1,1,1,3,3,1,1,0,0,2,0,0,0,0,0,0,0,0,0,0,0,0,0,0,0,1,3,2,0,0,0,1,1,1,0,0,0,0,0,0,0,5,50000000,Islam
Islam,379151,1,1,0,0,0,0,0,0,0,0,10,0,5,4,5,0,0,1,1,0,0,1,1,0,0,0,1,0,0,0,2,0,5,0,10,10,7,5,0,0,0,0,7,0,0,0,0,0,0,1,0,0,0,0,1,3,0,0,0,10,0,0,0,0,9,10,4,5,4,5,4,3,1,0,0,0,8,0,0,0,0,0,1,0,0,0,6,2,0,0,0,0,5,1,3,2,0,0,0,0,0,0,0,0,0,0,0,3,5,50000000,Islam
Islam,200273,1,1,0,0,0,0,0,1,1,0,10,1,0,0,0,0,1,0,1,1,0,1,1,0,0,0,0,0,0,0,1,2,0,0,7,7,0,0,1,1,1,1,0,1,1,0,0,0,0,1,1,0,1,0,1,1,0,0,0,1,0,0,0,0,1,1,1,1,1,1,1,1,1,1,0,0,1,0,0,0,0,0,0,0,0,0,0,0,0,0,0,0,1,3,2,0,0,0,1,1,1,0,0,1,0,0,0,0,5,50000000,Islam
Islam,109256,1,1,0,0,0,0,0,1,0,0,10,0,9,9,0,1,0,0,1,1,0,1,0,0,1,0,0,1,0,0,0,0,9,0,6,8,1,2,0,1,0,0,0,0,0,0,0,0,0,0,0,0,0,0,1,3,1,0,0,0,0,0,0,0,0,0,0,0,0,0,0,0,0,0,0,0,1,1,0,0,0,0,0,0,0,0,1,0,0,0,0,0,0,0,0,0,0,0,0,1,0,0,0,1,0,0,0,3,5,50000000,Islam
Islam,367316,3,0,0,0,0,0,0,1,0,0,10,0,10,10,0,6,0,1,1,1,0,0,0,1,0,0,0,0,0,0,2,0,0,0,10,10,10,0,0,0,0,0,0,0,0,0,0,0,0,0,0,0,0,0,1,4,1,0,6,6,6,6,6,6,6,6,6,0,6,6,5,6,6,0,0,6,4,8,0,0,0,0,0,0,0,0,10,0,4,0,0,0,0,0,0,0,0,0,0,0,0,0,0,0,1,0,0,4,5,50000000,Islam
Islam,93266,3,3,0,0,0,0,0,0,0,0,10,0,10,10,10,0,0,0,1,1,0,1,1,0,0,1,0,0,0,0,2,0,8,0,4,6,1,5,0,0,0,0,4,0,0,0,0,0,0,1,0,0,0,0,1,4,0,0,0,1,0,0,0,0,1,1,1,5,1,1,9,5,1,0,0,0,4,0,0,0,0,0,1,0,0,0,10,0,0,0,0,0,1,1,5,1,0,0,0,0,0,0,0,0,0,0,0,4,5,50000000,Islam
Islam,178971,1,1,0,0,0,0,0,1,0,0,8,0,8,7,0,6,0,1,1,1,1,1,1,1,1,1,1,1,0,0,1,0,2,0,9,5,1,5,0,1,0,0,0,0,0,0,0,0,0,0,0,0,0,0,0,3,0,0,0,1,1,6,1,0,1,2,1,1,1,1,3,0,1,0,0,2,7,2,0,0,0,0,0,0,0,0,5,3,2,0,0,0,0,0,0,0,0,0,0,1,0,0,0,1,0,2,2,2,5,50000000,Islam
Islam,230547,1,2,0,0,0,0,0,0,0,0,0,0,7,7,0,6,0,0,1,1,1,0,0,0,1,0,1,0,0,0,2,0,9,0,8,9,3,5,0,0,0,0,0,0,0,0,0,0,0,0,0,0,0,0,1,0,4,0,0,0,0,3,0,0,0,5,0,0,0,1,5,2,1,0,0,0,0,0,0,0,0,0,0,0,0,0,9,0,1,0,0,0,0,0,0,0,0,0,0,0,0,0,0,0,1,1,3,3,5,50000000,Islam
Islam,279210,1,1,0,0,0,0,0,1,0,0,10,0,6,6,0,5,0,1,1,0,0,0,0,0,1,1,1,0,0,0,2,0,3,0,3,5,2,7,0,1,0,0,0,0,0,0,0,0,0,0,0,0,0,0,2,1,3,0,0,1,1,5,1,0,1,2,3,1,1,1,5,0,1,0,0,2,1,1,0,0,0,0,0,0,0,0,5,3,1,0,2,0,0,0,0,0,0,0,0,1,0,0,0,0,2,1,2,2,5,50000000,Islam
Islam,298075,1,0,0,0,0,0,0,1,0,0,10,0,10,10,0,10,0,0,0,0,1,0,1,0,1,1,1,0,0,0,2,0,0,0,5,1,1,0,1,1,1,0,0,0,0,0,0,0,0,0,0,0,0,0,1,1,1,0,1,1,1,10,1,1,1,1,1,1,1,1,1,1,1,0,0,1,1,1,0,0,0,0,0,0,0,0,10,0,1,0,0,0,0,0,0,0,0,0,1,1,1,0,0,0,1,0,0,4,5,50000000,Islam
Islam,420895,1,2,0,0,0,0,0,0,0,0,10,0,10,10,0,5,0,0,0,1,0,1,1,0,1,0,1,0,0,0,2,0,1,0,5,5,1,5,0,0,0,0,0,0,0,0,0,0,0,0,0,0,0,0,1,1,2,0,0,7,1,5,1,0,1,1,1,0,0,1,1,1,1,0,0,0,8,8,0,0,0,0,0,0,0,0,2,2,2,0,0,0,0,0,0,0,0,0,0,0,0,0,0,0,2,3,3,4,5,50000000,Islam
Islam,249144,1,0,0,0,0,0,0,1,0,0,10,0,10,10,0,10,1,0,0,0,1,1,0,0,1,0,1,0,0,0,2,0,0,0,8,10,1,0,1,1,1,0,0,0,0,0,0,0,0,0,0,0,0,0,1,4,2,5,1,1,1,1,1,1,1,1,1,1,1,1,2,1,1,0,0,1,1,1,0,0,0,0,0,0,0,0,10,0,1,0,0,0,0,0,0,0,0,0,1,1,1,0,0,0,1,0,0,3,5,50000000,Islam
Islam,94802,2,1,0,0,0,0,0,1,0,0,10,0,10,10,0,5,0,0,1,1,1,0,0,1,0,0,1,0,0,0,2,0,1,0,8,10,1,10,0,1,0,0,0,0,0,0,0,0,0,0,0,0,0,0,1,4,3,0,0,1,1,5,5,0,1,1,1,1,1,10,10,0,1,0,0,10,8,8,0,0,0,0,0,0,0,0,5,0,2,0,0,0,0,0,0,0,0,0,0,1,0,0,0,0,1,4,4,2,5,50000000,Islam
Islam,184444,1,1,0,0,0,0,0,1,1,0,10,0,0,0,0,0,1,1,0,0,0,0,1,0,1,0,0,0,0,0,0,0,0,0,8,9,0,0,1,1,1,1,0,1,2,0,0,0,0,1,0,1,0,0,0,1,0,0,0,10,0,0,0,0,10,5,1,1,1,1,8,1,1,1,0,0,3,0,0,0,0,0,0,0,0,1,0,0,0,0,0,0,0,0,0,0,0,0,1,1,1,0,0,1,0,0,0,0,5,50000000,Islam
Islam,29853,1,2,0,0,0,0,0,1,1,0,10,2,0,0,0,0,0,1,1,1,0,0,1,0,1,0,0,0,0,0,2,2,0,2,2,0,0,0,1,1,1,1,0,1,1,0,0,0,0,1,1,0,2,0,2,1,0,0,0,1,0,0,0,0,1,1,1,1,1,1,5,1,1,1,0,0,1,0,0,0,0,0,1,1,0,0,0,0,0,0,0,0,2,2,4,2,0,0,1,1,1,0,0,1,0,0,0,0,5,50000000,Islam
Islam,382725,2,0,0,0,0,0,0,1,0,0,7,0,4,6,0,5,1,0,0,1,0,1,0,0,0,1,1,0,0,0,2,0,0,0,7,6,2,0,1,1,1,0,0,0,0,0,0,0,0,0,0,0,0,0,3,3,3,3,0,2,1,1,1,0,1,1,0,1,1,1,6,1,1,0,0,1,3,2,0,0,0,0,0,0,0,0,7,0,2,0,0,0,0,0,0,0,0,0,1,1,1,0,0,1,2,0,0,4,5,50000000,Islam
Islam,113481,1,3,0,0,0,0,0,1,1,0,10,0,0,0,0,0,1,1,0,1,0,1,0,0,1,0,0,0,0,0,1,2,0,0,3,9,0,0,1,1,1,1,0,1,2,0,0,0,0,0,0,0,0,0,1,4,0,0,0,1,0,0,0,0,1,1,1,1,2,1,1,2,1,1,0,0,4,0,0,0,0,0,0,0,0,0,0,0,0,0,0,0,1,1,1,0,0,0,1,1,1,0,0,0,0,0,0,0,5,50000000,Islam
Islam,112681,1,2,0,0,0,0,0,1,1,0,10,0,0,0,0,0,1,0,0,1,0,1,0,0,1,0,1,0,0,0,1,2,0,0,9,9,0,0,1,1,1,1,0,1,1,0,0,0,0,1,1,0,0,0,2,4,0,0,0,1,0,0,0,0,1,1,1,1,2,2,4,2,1,1,0,0,4,0,0,0,0,0,0,0,0,0,0,0,0,0,0,0,1,4,1,0,0,0,1,1,1,0,0,0,0,0,0,0,5,50000000,Islam
Islam,366975,1,0,0,0,0,0,0,1,0,0,6,0,5,7,0,9,1,0,1,1,0,0,1,0,0,1,0,0,0,0,2,0,0,0,8,9,6,0,1,1,1,0,0,0,0,0,0,0,0,0,0,0,0,0,2,3,3,4,1,2,1,2,1,1,3,1,1,1,1,1,1,1,1,0,0,1,4,1,0,0,0,0,0,0,0,0,8,0,1,1,2,0,0,0,0,0,0,0,1,1,1,0,0,0,1,0,0,3,5,50000000,Islam
Islam,107391,1,3,0,0,0,0,0,1,1,0,10,0,0,0,0,0,1,1,1,1,0,0,1,0,0,0,0,0,0,0,0,0,0,0,9,7,0,0,1,1,1,1,0,1,1,0,0,0,0,1,1,0,0,0,1,2,0,0,0,1,0,0,0,0,1,1,1,1,1,1,10,1,1,1,0,0,7,0,0,0,0,0,0,0,0,0,0,0,0,0,0,0,2,3,3,3,0,0,1,1,1,0,0,0,0,0,0,0,5,50000000,Islam
Islam,342510,1,2,0,0,0,0,0,1,0,0,10,0,0,0,0,0,0,0,1,0,1,1,0,0,1,1,0,0,0,0,2,1,0,2,6,7,0,0,0,1,1,1,0,1,2,0,0,0,0,1,1,1,0,0,2,3,0,0,0,8,0,0,0,0,7,6,8,3,2,3,6,9,3,0,0,0,1,0,0,0,0,0,1,1,0,0,0,0,0,0,0,0,0,0,0,0,0,0,0,1,1,0,0,0,0,0,0,0,5,50000000,Islam
Islam,378271,1,0,0,0,0,0,0,1,1,0,9,0,0,0,0,0,1,0,1,1,0,1,0,0,0,0,1,0,0,0,2,1,0,0,9,8,0,0,1,1,1,1,0,2,2,0,0,0,0,1,1,0,0,0,4,4,0,0,0,0,0,0,0,0,0,0,0,0,0,0,0,0,0,0,0,0,2,0,0,0,0,0,0,0,0,0,0,0,0,0,0,0,3,1,5,0,0,0,1,1,1,0,0,0,0,0,0,0,5,50000000,Islam
Islam,200560,1,2,0,0,0,0,0,1,1,0,10,1,0,0,0,0,1,0,1,1,0,0,0,0,1,0,1,0,0,0,2,1,0,0,6,6,0,0,1,1,1,1,0,1,1,0,0,0,0,0,1,0,0,0,1,2,0,0,0,1,0,0,0,0,1,1,1,1,1,1,8,1,1,1,0,0,1,0,0,0,0,0,0,0,0,0,0,0,0,0,0,0,4,4,2,0,0,0,1,1,1,0,0,0,0,0,0,0,5,50000000,Islam
Islam,244848,1,0,0,0,0,0,0,1,0,0,10,0,10,10,0,4,0,0,0,1,0,1,0,1,1,1,0,0,0,0,2,0,0,0,8,6,1,0,1,1,1,0,0,0,0,0,0,0,0,0,0,0,0,0,3,3,2,0,1,1,4,5,1,1,1,2,1,1,1,6,7,6,3,0,0,2,8,1,0,0,0,0,0,0,0,0,2,0,2,0,0,0,0,0,0,0,0,0,1,1,1,0,0,0,1,0,0,3,5,50000000,Islam
Islam,340255,1,2,0,0,0,0,0,1,1,0,1,1,0,0,0,0,1,0,1,0,1,1,1,1,1,1,1,0,0,0,2,2,0,0,8,8,0,0,1,1,1,1,0,2,1,0,0,0,0,1,1,0,0,0,2,1,0,0,0,7,0,0,0,0,8,0,5,1,1,8,8,1,1,0,0,0,6,0,0,0,0,0,0,0,0,0,0,0,0,0,0,0,0,0,0,0,0,0,1,1,1,0,0,0,0,0,0,0,5,50000000,Islam
Jainism,172372,1,2,0,0,0,0,0,1,1,0,10,2,0,0,0,0,1,0,1,1,0,1,0,0,1,0,0,0,2,4,2,0,0,0,7,8,3,0,1,0,0,1,0,1,1,0,0,0,0,1,1,0,0,2,0,0,0,0,0,1,0,0,0,0,2,1,2,1,2,3,2,1,2,0,0,0,1,0,1,0,0,0,0,0,0,0,0,0,0,0,0,0,0,0,0,0,0,0,1,0,0,0,0,0,0,0,0,0,9,90700000,Jainism
Jainism,53265,1,2,0,0,0,0,0,1,1,0,10,2,0,0,0,0,0,0,1,0,1,1,0,0,1,1,0,0,0,0,1,2,0,1,8,5,0,0,1,1,1,1,0,1,1,0,0,0,0,1,1,0,0,0,2,3,0,0,0,1,0,0,0,0,1,1,1,1,1,5,5,9,1,0,0,0,3,0,0,0,0,0,1,1,0,0,0,0,0,1,0,0,3,2,3,2,0,0,1,1,1,0,0,0,0,0,0,0,9,90700000,Jainism
Jainism,172354,1,4,0,0,0,0,0,1,1,0,9,2,0,0,0,0,1,0,1,0,0,0,1,1,0,0,1,0,2,3,2,0,0,0,8,6,1,1,1,0,0,1,0,1,1,0,0,0,0,1,1,1,0,1,0,3,0,0,0,1,0,0,0,0,2,1,1,1,1,1,6,2,1,0,0,0,1,0,1,0,0,0,0,0,0,0,0,0,0,0,2,0,0,0,0,0,1,0,1,0,0,0,0,0,0,0,0,0,9,90700000,Jainism
Jainism,172373,1,2,0,0,0,0,0,1,1,0,8,2,0,0,0,0,1,0,1,0,0,1,0,1,1,0,0,0,2,4,2,0,0,2,9,8,3,7,0,0,0,1,0,1,1,0,0,0,0,1,1,0,0,2,3,4,0,0,0,3,0,0,0,0,1,1,3,2,1,3,3,2,1,0,0,0,2,0,1,0,0,0,0,0,0,0,0,0,0,0,0,0,0,0,0,0,0,0,0,0,0,0,0,0,0,0,0,0,9,90700000,Jainism
Jainism,172349,1,3,0,0,0,0,0,1,1,0,10,0,0,0,0,0,0,1,0,0,0,0,1,1,1,1,0,0,2,3,2,0,0,2,10,8,9,5,1,1,1,1,0,1,1,0,0,0,0,1,1,0,0,2,3,3,0,0,0,1,0,0,0,0,1,1,1,1,1,1,1,6,1,0,0,0,1,0,1,0,0,0,0,0,0,0,0,0,0,0,2,0,0,0,0,0,1,0,1,1,1,0,0,0,0,0,0,0,9,90700000,Jainism
Jainism,172367,4,1,0,0,0,0,0,1,1,0,10,2,0,0,0,0,1,0,1,0,0,0,1,1,0,0,1,0,2,3,2,0,0,3,6,3,1,8,0,1,1,0,0,1,1,0,0,0,0,1,1,1,0,1,3,3,0,0,0,1,0,0,0,0,1,1,1,1,1,1,1,1,1,0,0,0,8,0,1,0,0,0,0,0,0,0,0,0,0,0,2,0,0,0,0,0,2,0,0,1,1,0,0,0,0,0,0,0,9,90700000,Jainism
Jainism,172338,4,1,0,0,0,0,0,1,1,0,10,2,0,0,0,0,1,0,1,0,0,0,1,1,0,0,1,0,2,3,2,0,0,3,6,3,1,8,0,1,1,0,0,1,1,0,0,0,0,1,1,1,0,1,3,3,0,0,0,1,0,0,0,0,1,1,1,1,1,1,1,1,1,0,0,0,8,0,1,0,0,0,0,0,0,0,0,0,0,0,2,0,0,0,0,0,2,0,0,1,1,0,0,0,0,0,0,0,9,90700000,Jainism
Jainism,177153,1,2,0,0,0,0,0,0,0,0,10,0,1,10,10,0,0,1,1,1,0,0,1,0,0,0,1,0,0,0,2,0,0,0,7,10,5,1,0,0,0,0,10,0,0,0,0,0,0,1,0,1,0,0,1,1,0,0,0,10,0,0,0,0,10,10,10,10,10,10,10,10,10,0,0,0,1,0,0,0,0,0,1,0,0,0,10,3,0,0,1,0,0,0,0,0,0,0,0,0,0,0,0,1,0,0,0,3,9,90700000,Jainism
Jainism,172316,0,0,0,0,0,0,0,1,1,0,0,0,0,0,0,0,1,0,0,0,0,0,1,1,1,1,1,0,1,2,0,0,0,0,10,10,5,5,1,1,1,0,0,1,1,0,0,0,0,1,0,0,0,0,3,0,0,0,0,1,0,0,0,0,1,1,1,1,1,5,1,1,1,0,0,0,1,0,1,0,0,0,0,0,0,0,0,0,0,0,0,0,0,0,0,0,0,0,1,1,1,0,0,0,0,0,0,0,9,90700000,Jainism
Jainism,172343,1,4,0,0,0,0,0,1,1,0,1,2,0,0,0,0,0,0,1,1,0,1,0,0,1,0,1,0,1,2,2,0,0,1,9,6,1,9,0,0,0,1,0,1,1,0,0,0,0,1,1,0,0,1,0,3,0,0,0,1,0,0,0,0,1,1,1,1,7,1,6,8,1,0,0,0,1,0,1,0,0,0,0,0,0,0,0,0,0,0,2,0,0,0,0,0,0,0,0,0,0,0,0,0,0,0,0,0,9,90700000,Jainism
Jainism,175180,1,1,0,0,0,0,0,1,1,0,7,2,0,0,0,0,0,0,1,0,0,1,1,0,1,1,0,0,0,0,1,2,0,2,5,10,0,0,0,1,1,1,0,1,1,0,0,0,0,1,1,0,0,0,3,3,0,0,0,3,0,0,0,0,3,3,3,3,3,3,3,3,3,0,0,0,7,0,0,0,0,0,1,1,0,0,0,0,0,1,0,0,1,4,1,1,0,0,0,1,1,0,0,1,0,0,0,0,9,90700000,Jainism
Jainism,172778,1,2,0,0,0,0,0,1,1,0,10,2,0,0,0,0,1,0,1,0,0,0,0,1,1,0,1,0,2,3,2,0,0,2,9,9,2,7,1,0,0,1,0,1,1,0,0,0,0,1,1,0,0,2,2,4,0,0,0,2,0,0,0,0,1,1,1,4,1,3,2,2,2,0,0,0,1,0,1,0,0,0,0,0,0,0,0,0,0,0,0,0,0,0,0,0,1,0,1,0,0,0,0,0,0,0,0,0,9,90700000,Jainism
Jainism,177047,2,1,0,0,0,0,0,0,0,0,5,0,10,10,10,0,0,1,1,0,0,1,0,1,0,0,1,0,0,0,2,0,0,0,10,7,1,5,0,0,0,0,10,0,0,0,0,0,0,1,0,0,2,0,3,3,0,0,0,1,0,0,0,0,1,1,1,1,1,1,1,1,1,0,0,0,2,0,0,0,0,0,1,0,0,0,10,3,0,0,0,0,2,2,2,2,0,0,0,0,0,0,0,0,0,0,0,4,9,90700000,Jainism
Jainism,173013,2,2,0,0,0,0,0,1,0,0,10,2,0,0,0,0,1,0,1,0,0,1,1,0,0,0,1,0,2,4,2,0,0,1,8,9,1,6,0,0,0,1,0,1,1,0,0,0,0,0,1,0,0,2,3,4,0,0,0,1,0,0,0,0,1,1,1,1,1,4,1,1,1,0,0,0,3,0,1,0,0,0,0,0,0,0,0,0,0,0,0,0,0,0,0,0,1,0,0,0,0,0,0,0,0,0,0,0,9,90700000,Jainism
Jainism,177048,0,1,0,0,0,0,0,0,0,0,5,0,7,10,10,0,0,1,1,1,0,1,1,0,0,0,0,0,0,0,2,0,0,0,7,10,5,1,0,0,0,0,5,0,0,0,0,0,0,1,0,0,2,0,4,4,0,0,0,1,0,0,0,0,1,1,1,0,8,8,8,8,8,0,0,0,7,0,0,0,0,0,1,0,0,0,0,2,0,0,0,0,0,2,0,1,0,0,0,0,0,0,0,0,0,0,0,0,9,90700000,Jainism
Jainism,174986,2,0,0,0,0,0,0,1,1,0,7,2,0,0,0,0,0,1,1,1,1,1,1,1,1,1,1,0,0,0,2,1,0,0,7,10,0,0,1,1,1,1,0,1,1,0,0,0,0,1,1,0,0,0,2,2,0,0,0,1,0,0,0,0,1,1,1,7,7,7,7,10,10,0,0,0,4,0,0,0,0,0,1,1,0,0,0,0,0,0,0,0,1,0,0,2,0,0,1,1,1,0,0,0,0,0,0,0,9,90700000,Jainism
Jainism,177255,1,1,0,0,0,0,0,0,0,0,10,0,10,10,10,0,0,1,0,0,1,0,1,0,1,0,1,0,0,0,2,0,0,0,10,10,10,10,0,0,0,0,10,0,0,0,0,0,0,0,0,1,0,0,4,0,0,0,0,1,0,0,0,0,1,1,1,1,1,1,1,1,1,0,0,0,1,0,0,0,0,0,1,0,0,0,10,0,0,0,1,0,1,1,1,1,0,0,0,0,0,0,0,1,0,0,0,1,9,90700000,Jainism
Jainism,176545,2,0,0,0,0,0,0,0,0,0,10,0,0,0,0,0,0,0,1,1,0,0,0,0,1,1,1,0,0,0,2,0,0,0,5,0,0,0,0,0,0,0,0,0,0,0,0,0,0,1,0,0,0,0,0,0,0,0,0,0,0,0,0,0,0,0,0,1,1,0,0,0,0,0,0,0,6,0,0,0,0,0,1,0,0,0,0,3,0,0,1,0,0,0,0,0,0,0,0,0,0,0,0,0,0,0,0,0,9,90700000,Jainism
Jainism,175908,2,1,0,0,0,0,0,1,1,0,7,2,0,0,0,0,0,1,1,1,0,0,1,1,0,0,0,0,0,0,2,1,0,2,3,3,0,0,1,1,1,1,0,1,2,0,0,0,0,1,1,1,0,0,2,4,0,0,0,1,0,0,0,0,3,3,1,7,1,7,7,7,7,0,0,0,6,0,0,0,0,0,0,6,0,0,0,0,0,0,0,0,4,2,4,2,0,0,1,1,1,0,0,1,0,0,0,0,9,90700000,Jainism
Jainism,173188,1,2,0,0,0,0,0,1,1,0,10,2,0,0,0,0,1,1,0,1,1,0,0,0,0,0,1,0,2,3,2,0,0,1,8,8,1,7,1,1,1,1,0,1,3,0,0,0,0,1,1,0,0,2,3,4,0,0,0,1,0,0,0,0,1,3,3,4,1,1,3,2,1,0,0,0,2,0,1,0,0,0,0,0,0,0,0,0,0,0,2,0,0,0,0,0,2,0,1,1,1,0,0,0,0,0,0,0,9,90700000,Jainism
Jainism,172337,1,1,0,0,0,0,0,1,1,0,10,2,0,0,0,0,1,1,1,0,0,0,1,0,0,1,0,0,1,3,1,0,0,3,10,6,1,6,1,1,1,1,0,1,1,0,0,0,0,1,1,0,1,1,3,3,0,0,0,4,0,0,0,0,1,1,1,1,1,1,7,1,1,0,0,0,1,0,1,0,0,0,0,0,0,0,0,0,0,0,1,0,0,0,0,0,1,0,1,1,1,0,0,0,0,0,0,0,9,90700000,Jainism
Jainism,177041,4,1,0,0,0,0,0,0,0,0,5,0,10,10,10,0,0,1,0,1,0,1,0,1,0,0,1,0,0,0,2,0,0,0,7,7,5,5,0,0,0,0,5,0,0,0,0,0,0,1,0,0,2,0,2,4,0,0,0,1,0,0,0,0,1,1,1,6,6,6,6,6,6,0,0,0,3,0,0,0,0,0,1,0,0,0,10,0,0,0,1,0,4,1,3,2,0,0,0,0,0,0,0,0,0,0,0,0,9,90700000,Jainism
Jainism,172319,1,2,0,0,0,0,0,1,1,0,10,2,0,0,0,0,0,1,0,1,0,0,0,1,1,0,1,0,3,4,1,0,0,0,7,9,3,0,1,1,1,1,0,1,1,0,0,0,0,1,1,0,0,2,3,4,0,0,0,1,0,0,0,0,1,1,1,1,1,1,4,2,1,0,0,0,1,0,1,0,0,0,0,0,0,0,0,0,0,0,0,0,0,0,0,0,1,0,1,1,1,0,0,0,0,0,0,0,9,90700000,Jainism
Jainism,175168,1,1,0,0,0,0,0,1,1,0,7,2,0,0,0,0,0,0,0,0,0,1,1,1,1,1,0,0,0,0,1,1,0,2,10,10,0,0,1,1,1,1,0,1,1,0,0,0,0,1,1,0,0,0,4,3,0,0,0,1,0,0,0,0,1,1,1,1,1,1,1,1,1,0,0,0,1,0,0,0,0,0,1,1,0,0,0,0,0,0,0,0,1,4,1,3,0,0,1,1,1,0,0,1,0,0,0,0,9,90700000,Jainism
Jainism,173000,1,2,0,0,0,0,0,1,0,0,10,2,0,0,0,0,1,0,1,0,0,1,0,0,1,0,1,0,1,4,1,0,0,1,8,10,5,5,0,0,0,1,0,1,1,0,0,0,0,1,1,0,0,3,4,4,0,0,0,1,0,0,0,0,1,1,1,1,1,3,5,5,2,0,0,0,4,0,1,0,0,0,0,0,0,0,0,0,0,0,0,0,0,0,0,0,1,0,0,0,0,0,0,0,0,0,0,0,9,90700000,Jainism
Jainism,176869,2,1,0,0,0,0,0,0,0,0,10,0,7,7,10,0,0,1,1,1,0,0,1,1,0,0,0,0,0,0,1,0,0,0,10,10,1,0,0,0,0,0,5,0,0,0,0,0,0,1,0,0,0,0,2,3,0,0,0,1,0,0,0,0,1,1,1,1,1,1,1,0,1,0,0,0,4,0,0,0,0,0,1,0,0,0,4,0,0,0,0,0,3,2,3,2,0,0,0,0,0,0,0,0,0,0,0,4,9,90700000,Jainism
Jainism,174203,1,2,0,0,0,0,0,1,0,0,7,2,0,0,0,0,0,1,1,1,0,0,1,0,1,0,0,0,0,0,2,1,0,2,5,6,0,0,1,1,1,1,0,1,1,0,0,0,0,1,1,0,0,0,2,2,0,0,0,1,0,0,0,0,1,1,1,0,3,1,3,1,3,0,0,0,4,0,0,0,0,0,1,1,0,0,0,0,0,0,0,0,4,2,3,2,0,0,1,1,1,0,0,0,0,0,0,0,9,90700000,Jainism
Jainism,175904,2,2,0,0,0,0,0,1,1,0,7,2,0,0,0,0,0,1,1,1,0,0,1,0,1,0,0,0,0,0,2,1,0,2,1,3,0,0,1,1,1,1,0,2,1,0,0,0,0,1,0,1,0,0,4,4,0,0,0,1,0,0,0,0,1,1,1,1,1,1,7,0,1,0,0,0,6,0,0,0,0,0,1,3,0,0,0,0,0,0,0,0,5,2,3,3,0,0,1,1,1,0,0,0,0,0,0,0,9,90700000,Jainism
Jainism,172347,1,3,0,0,0,0,0,1,1,0,10,1,0,0,0,0,1,0,1,0,0,0,1,0,1,0,1,0,1,4,1,0,0,2,10,6,1,9,0,1,1,1,0,2,2,0,0,0,0,1,1,0,1,1,3,3,0,0,0,1,0,0,0,0,1,1,1,1,1,1,1,1,1,0,0,0,1,0,1,0,0,0,0,0,0,0,0,0,0,0,1,0,0,0,0,0,2,0,0,1,1,0,0,0,0,0,0,0,9,90700000,Jainism
Jainism,173170,1,3,0,0,0,0,0,0,0,0,2,2,0,0,0,0,1,0,1,0,0,1,0,1,0,0,1,0,2,3,2,0,0,2,7,8,4,7,0,0,0,0,0,1,1,0,0,0,0,1,1,0,0,2,2,4,0,0,0,2,0,0,0,0,2,5,7,3,1,3,7,3,2,0,0,0,8,0,1,0,0,0,0,0,0,0,0,0,0,0,0,0,0,0,0,0,2,0,0,0,0,0,0,0,0,0,0,0,9,90700000,Jainism
Jainism,175951,1,1,0,0,0,0,0,0,0,0,10,0,7,7,10,0,0,1,1,1,0,1,0,0,0,1,0,0,0,0,2,0,0,0,5,4,1,10,0,0,0,0,10,0,0,0,0,0,0,1,0,1,2,0,3,2,0,0,0,1,0,0,0,0,1,1,8,1,1,8,8,8,1,0,0,0,7,0,0,0,0,0,1,0,0,0,1,0,0,0,2,0,1,1,4,4,0,0,0,0,0,0,0,0,0,0,0,2,9,90700000,Jainism
Jainism,177784,2,0,0,0,0,0,0,0,0,0,10,0,7,7,7,0,0,0,1,1,1,1,0,1,0,0,0,0,0,0,2,0,0,0,5,7,1,7,0,0,0,0,10,0,0,0,0,0,0,1,0,0,0,0,3,3,0,0,0,0,0,0,0,0,0,0,0,4,4,4,4,4,4,0,0,0,7,0,0,0,0,0,0,0,0,0,7,0,0,0,1,0,1,0,0,0,0,0,0,0,0,0,0,1,0,0,0,3,9,90700000,Jainism
Jainism,172323,1,2,0,0,0,0,0,1,1,0,10,2,0,0,0,0,1,0,1,0,0,0,0,1,1,0,1,0,3,4,2,0,0,0,9,5,1,10,0,1,1,1,0,1,1,0,0,0,0,1,1,0,1,1,3,3,0,0,0,1,0,0,0,0,1,1,1,1,1,1,1,1,1,0,0,0,1,0,1,0,0,0,0,0,0,0,0,0,0,0,1,0,0,0,0,0,1,0,0,1,1,0,0,0,0,0,0,0,9,90700000,Jainism
Jainism,175181,1,1,0,0,0,0,0,1,1,0,7,2,0,0,0,0,0,0,1,1,1,0,0,1,1,0,0,0,0,0,1,1,0,2,3,0,0,0,0,1,1,1,0,1,1,0,0,0,0,1,1,0,0,0,1,3,0,0,0,1,0,0,0,0,1,1,1,1,1,1,1,1,1,0,0,0,4,0,0,0,0,0,1,1,0,0,0,0,0,1,0,0,3,1,4,1,0,0,0,1,1,0,0,1,0,0,0,0,9,90700000,Jainism
Jainism,175242,2,1,0,0,0,0,0,1,0,0,7,2,0,0,0,0,0,0,1,1,1,0,1,0,1,0,0,0,0,0,1,2,0,2,5,6,0,0,0,0,0,1,0,1,1,0,0,0,0,1,1,0,0,0,4,4,0,0,0,1,0,0,0,0,1,1,1,1,1,1,1,1,1,0,0,0,2,0,0,0,0,0,0,1,0,0,0,0,0,0,0,0,1,1,4,2,0,0,0,0,0,0,0,1,0,0,0,0,9,90700000,Jainism
Jainism,172350,1,1,0,0,0,0,0,1,1,0,10,2,0,0,0,0,0,0,1,0,0,1,1,1,0,0,1,0,1,3,2,0,0,0,10,8,1,10,0,0,0,1,0,1,1,0,0,0,0,1,1,0,0,1,3,3,0,0,0,1,0,0,0,0,1,1,1,1,2,3,1,5,1,0,0,0,1,0,1,0,0,0,0,0,0,0,0,0,0,0,2,0,0,0,0,0,1,0,0,0,0,0,0,0,0,0,0,0,9,90700000,Jainism
Jainism,177046,2,1,0,0,0,0,0,0,0,0,5,0,10,10,10,0,0,1,1,1,0,1,0,0,0,0,1,0,0,0,2,0,0,0,7,7,1,1,0,0,0,0,5,0,0,0,0,0,0,1,0,0,1,0,4,4,0,0,0,1,0,0,0,0,1,1,1,0,1,1,1,1,1,0,0,0,1,0,0,0,0,0,1,0,0,0,10,3,0,0,0,0,0,0,0,0,0,0,0,0,0,0,0,1,0,0,0,4,9,90700000,Jainism
Jainism,172361,3,2,0,0,0,0,0,1,1,0,10,2,0,0,0,0,0,0,1,1,0,1,1,1,0,0,0,0,1,3,2,0,0,0,10,8,1,8,0,1,1,1,0,1,1,0,0,0,0,1,0,0,0,2,3,3,0,0,0,2,0,0,0,0,2,1,1,1,2,1,6,3,1,0,0,0,1,0,1,0,0,0,0,0,0,0,0,0,0,0,0,0,0,0,0,0,0,0,0,1,1,0,0,0,0,0,0,0,9,90700000,Jainism
Jainism,174917,2,2,0,0,0,0,0,1,1,0,7,1,0,0,0,0,0,0,1,1,0,1,0,0,0,0,0,0,0,0,0,2,0,2,10,3,0,0,0,0,0,1,0,2,1,0,0,0,0,0,1,0,0,0,3,2,0,0,0,9,0,0,0,0,7,5,3,1,1,1,7,3,1,0,0,0,2,0,0,0,0,0,1,2,0,0,0,0,0,0,0,0,1,2,3,2,0,0,0,0,0,0,0,0,0,0,0,0,9,90700000,Jainism
Jainism,172344,1,1,0,0,0,0,0,1,1,0,10,2,0,0,0,0,1,0,1,0,0,0,1,0,1,0,1,0,1,2,0,0,0,2,10,7,8,8,0,1,1,1,0,1,2,0,0,0,0,1,1,0,0,1,4,3,0,0,0,1,0,0,0,0,4,9,1,1,7,6,7,3,1,0,0,0,1,0,1,0,0,0,0,0,0,0,0,0,0,0,2,0,0,0,0,0,1,0,0,1,1,0,0,0,0,0,0,0,9,90700000,Jainism
Jainism,177753,2,0,0,0,0,0,0,0,0,0,1,0,0,7,7,0,0,0,1,0,1,1,0,0,0,0,0,0,0,0,2,0,0,0,5,4,1,7,0,0,0,0,5,0,0,0,0,0,0,1,0,0,0,0,2,2,0,0,0,0,0,0,0,0,0,0,0,1,1,1,1,1,1,0,0,0,2,0,0,0,0,0,0,0,0,0,0,3,0,0,2,0,0,0,0,0,0,0,0,0,0,0,0,0,0,0,0,3,9,90700000,Jainism
Jainism,172315,1,2,0,0,0,0,0,1,1,0,10,2,0,0,0,0,0,0,1,1,0,0,1,1,1,0,1,0,3,4,2,0,0,2,8,7,4,7,0,0,0,1,0,1,2,0,0,0,0,1,1,0,0,2,3,4,0,0,0,2,0,0,0,0,1,1,1,1,1,3,3,1,1,0,0,0,2,0,1,0,0,0,0,0,0,0,0,0,0,0,2,0,0,0,0,0,1,0,0,0,0,0,0,0,0,0,0,0,9,90700000,Jainism
Jainism,172348,1,4,0,0,0,0,0,1,1,0,10,1,0,0,0,0,1,0,1,0,0,0,0,1,1,0,1,0,2,4,2,0,0,2,8,7,9,9,1,1,1,1,0,1,1,0,0,0,0,1,1,1,0,2,3,3,0,0,0,1,0,0,0,0,1,1,1,1,1,1,6,1,1,0,0,0,1,0,1,0,0,0,0,0,0,0,0,0,0,0,2,0,0,0,0,0,2,0,1,1,1,0,0,0,0,0,0,0,9,90700000,Jainism
Jainism,173080,1,2,0,0,0,0,0,1,0,0,10,2,0,0,0,0,1,1,0,1,0,1,0,0,1,0,0,0,2,4,2,0,0,0,5,5,4,6,0,1,1,1,0,1,1,0,0,0,0,1,1,1,0,2,4,4,0,0,0,1,0,0,0,0,1,1,1,1,1,1,1,1,1,0,0,0,2,0,1,0,0,0,0,0,0,0,0,0,0,0,0,0,0,0,0,0,1,0,0,1,1,0,0,0,0,0,0,0,9,90700000,Jainism
Jainism,172324,1,1,0,0,0,0,0,1,1,0,10,2,0,0,0,0,0,0,0,0,0,0,1,1,1,1,1,0,2,3,2,0,0,0,10,4,1,8,1,0,0,1,0,1,1,0,0,0,0,1,1,0,0,1,3,3,0,0,0,1,0,0,0,0,1,1,1,1,7,5,10,7,1,0,0,0,8,0,0,0,0,0,0,0,0,0,0,0,0,0,2,0,0,0,0,0,1,0,1,0,0,0,0,0,0,0,0,0,9,90700000,Jainism
Jainism,177045,0,1,0,0,0,0,0,0,0,0,5,0,10,10,10,0,0,1,1,1,0,0,1,0,0,0,1,0,0,0,2,0,0,0,5,4,5,1,0,0,0,0,5,0,0,0,0,0,0,1,0,0,2,0,2,2,0,0,0,1,0,0,0,0,1,1,1,0,0,8,8,8,8,0,0,0,3,0,0,0,0,0,1,0,0,0,10,2,0,0,1,0,0,2,0,1,0,0,0,0,0,0,0,0,0,0,0,0,9,90700000,Jainism
Jainism,172322,1,2,0,0,0,0,0,1,1,0,10,2,0,0,0,0,1,0,1,0,0,0,0,1,1,0,1,0,2,3,1,0,0,2,8,6,2,2,1,1,1,1,0,1,1,0,0,0,0,1,1,0,0,2,3,4,0,0,0,2,0,0,0,0,2,1,1,1,0,2,2,1,1,0,0,0,1,0,1,0,0,0,0,0,0,0,0,0,0,0,0,0,0,0,0,0,1,0,1,1,1,0,0,0,0,0,0,0,9,90700000,Jainism
Jainism,173021,1,2,0,0,0,0,0,1,1,0,10,1,0,0,0,0,1,0,1,0,0,1,1,0,0,0,1,0,2,3,2,0,0,1,9,8,1,5,1,0,0,1,0,1,1,0,0,0,0,1,1,0,0,3,3,4,0,0,0,1,0,0,0,0,1,1,1,1,1,1,1,4,1,0,0,0,3,0,1,0,0,0,0,0,0,0,0,0,0,0,1,0,0,0,0,0,2,0,1,0,0,0,0,0,0,0,0,0,9,90700000,Jainism
Jainism,177233,2,0,0,0,0,0,0,0,0,0,5,0,7,0,0,0,0,0,1,0,0,1,0,0,1,1,1,0,0,0,2,0,0,0,7,10,1,10,0,0,0,0,5,0,0,0,0,0,0,1,0,1,0,0,3,3,0,0,0,1,0,0,0,0,1,1,1,1,1,1,1,1,1,0,0,0,2,0,0,0,0,0,1,0,0,0,0,0,0,0,1,0,0,0,0,0,0,0,0,0,0,0,0,1,0,0,0,2,9,90700000,Jainism
Jainism,176400,1,0,0,0,0,0,0,0,0,0,10,0,7,7,7,0,0,0,1,0,1,1,0,1,0,1,0,0,0,0,2,0,0,0,5,4,1,1,0,0,0,0,10,0,0,0,0,0,0,1,0,0,2,0,3,3,0,0,0,1,0,0,0,0,1,1,1,1,1,1,1,1,1,0,0,0,3,0,0,0,0,0,1,0,0,0,7,3,0,0,0,0,2,1,1,1,0,0,0,0,0,0,0,0,0,0,0,1,9,90700000,Jainism
Jehovah's Witnesses,409934,2,0,0,0,0,0,0,1,0,0,5,0,8,9,0,4,1,0,1,1,0,1,1,0,0,0,0,0,0,0,2,0,0,0,7,8,3,0,0,1,1,0,0,0,0,0,0,0,0,0,0,0,0,0,3,3,3,2,1,7,1,1,2,1,6,1,1,5,2,7,8,2,2,0,0,8,2,3,0,0,0,0,0,0,0,0,3,0,3,1,2,0,0,0,0,0,0,0,0,1,1,0,0,0,3,0,0,2,8,80213304,Jehovah's Witnesses
Jehovah's Witnesses,256898,2,3,0,0,0,0,0,0,0,0,10,0,10,10,10,0,0,0,1,1,1,1,1,0,0,0,0,0,0,0,2,0,10,0,10,10,5,5,0,0,0,0,10,0,0,0,0,0,0,1,0,0,0,0,3,3,0,0,0,5,0,0,0,0,5,5,5,4,6,4,5,5,5,0,0,0,1,0,0,0,0,0,1,0,0,0,0,0,0,0,1,0,2,2,2,2,0,0,0,0,0,0,0,0,0,0,0,3,8,80213304,Jehovah's Witnesses
Jehovah's Witnesses,434024,1,2,0,0,0,0,0,0,0,0,10,0,10,9,10,0,0,1,1,1,0,0,0,1,1,0,0,0,0,0,0,0,10,0,10,10,2,10,0,0,0,0,10,0,0,0,0,0,0,1,0,1,0,0,2,1,0,0,0,1,0,0,0,0,1,1,1,1,1,1,1,1,1,0,0,0,2,0,0,0,0,0,1,0,0,0,10,0,0,0,2,0,4,2,1,1,0,0,0,0,0,0,0,0,0,0,0,2,8,80213304,Jehovah's Witnesses
Jehovah's Witnesses,146021,1,1,0,0,0,0,0,1,0,0,10,0,10,10,0,10,0,1,1,1,1,1,0,0,0,0,0,0,0,0,2,0,5,0,7,10,8,3,0,1,0,0,0,0,0,0,0,0,0,0,0,0,0,0,0,4,2,0,0,1,1,1,1,0,1,1,1,1,1,1,7,1,1,0,0,1,8,1,0,0,0,0,0,0,0,0,10,3,1,0,2,0,0,0,0,0,0,0,0,1,0,0,0,0,1,4,0,2,8,80213304,Jehovah's Witnesses
Jehovah's Witnesses,433839,1,2,0,0,0,0,0,0,0,0,10,0,10,10,10,0,0,1,1,1,0,1,0,0,0,0,1,0,0,0,0,0,10,0,10,10,7,10,0,0,0,0,10,0,0,0,0,0,0,1,0,1,0,0,2,3,0,0,0,10,0,0,0,0,8,9,8,10,8,9,10,8,8,0,0,0,1,0,0,0,0,0,1,0,0,0,10,0,0,0,2,0,1,2,1,2,0,0,0,0,0,0,0,0,0,0,0,2,8,80213304,Jehovah's Witnesses
Jehovah's Witnesses,415988,1,0,0,0,0,0,0,1,0,0,9,0,0,0,0,0,1,0,0,1,0,1,0,0,1,1,0,0,0,0,2,0,0,0,5,8,1,0,1,0,1,0,0,0,0,0,0,0,0,0,0,0,0,0,3,4,3,3,5,5,3,10,1,1,1,1,3,1,1,1,5,1,3,0,0,3,3,2,0,0,0,0,0,0,0,0,0,0,2,0,2,0,0,0,0,0,0,0,1,0,1,0,0,0,3,0,0,2,8,80213304,Jehovah's Witnesses
Jehovah's Witnesses,436348,1,2,0,0,0,0,0,1,0,0,1,0,7,7,0,5,0,1,1,1,0,0,0,0,1,0,0,1,0,0,2,0,10,0,1,1,6,6,0,1,0,0,0,0,0,0,0,0,0,0,0,0,0,0,4,4,2,0,0,8,9,7,8,0,8,8,8,8,8,7,7,7,8,0,0,7,2,4,0,0,0,0,0,0,0,0,5,3,2,0,2,0,0,0,0,0,0,0,0,1,0,0,0,0,2,2,2,2,8,80213304,Jehovah's Witnesses
Jehovah's Witnesses,85915,2,2,0,0,0,0,0,1,1,0,10,0,0,0,0,0,1,0,0,0,0,1,0,0,0,1,1,0,1,2,2,0,0,2,10,5,0,0,1,1,1,1,0,1,1,0,0,0,0,1,0,0,0,2,2,2,0,0,0,1,0,0,0,0,1,1,1,1,1,1,1,1,1,0,0,0,6,0,0,0,0,0,0,0,0,0,0,0,0,0,0,0,0,0,0,0,2,0,1,1,1,0,0,0,0,0,0,0,8,80213304,Jehovah's Witnesses
Jehovah's Witnesses,432690,1,4,0,0,0,0,0,0,0,0,9,0,7,8,5,0,0,1,0,0,0,1,0,1,1,1,0,0,0,0,0,0,7,0,7,7,4,7,0,0,0,0,8,0,0,0,0,0,0,1,0,0,0,0,0,4,0,0,0,2,0,0,0,0,1,2,1,1,2,2,2,1,2,0,0,0,1,0,0,0,0,0,1,0,0,0,7,0,0,0,2,0,1,2,1,2,0,0,0,0,0,0,0,0,0,0,0,3,8,80213304,Jehovah's Witnesses
Jehovah's Witnesses,110268,1,1,0,0,0,0,0,1,0,0,10,0,6,7,0,2,0,0,1,1,0,1,0,0,1,1,0,0,0,0,2,0,8,0,8,8,2,8,0,1,0,0,0,0,0,0,0,0,0,0,0,0,0,0,1,3,2,0,0,2,1,3,3,0,1,1,1,3,2,1,5,2,3,0,0,1,3,3,0,0,0,0,0,0,0,0,3,2,1,0,1,0,0,0,0,0,0,0,0,1,0,0,0,1,1,1,2,2,8,80213304,Jehovah's Witnesses
Jehovah's Witnesses,259566,1,1,0,0,0,0,0,0,0,0,10,0,8,7,0,5,0,0,0,1,0,0,1,0,1,0,0,0,0,0,1,0,5,0,8,9,2,7,0,0,0,0,0,0,0,0,0,0,0,0,0,0,0,0,4,4,2,0,0,1,1,1,1,0,4,1,1,1,1,1,1,1,1,0,0,1,1,1,0,0,0,0,0,0,0,0,3,3,2,0,2,0,0,0,0,0,0,0,0,0,0,0,0,0,3,1,1,3,8,80213304,Jehovah's Witnesses
Jehovah's Witnesses,42120,1,0,0,0,0,0,0,1,0,0,10,0,5,5,0,7,1,0,1,1,0,1,0,0,1,0,0,0,0,0,2,0,0,0,7,8,5,0,0,0,1,0,0,0,0,0,0,0,0,0,0,0,0,0,1,4,3,5,1,6,1,1,1,1,2,1,1,1,1,1,1,1,1,0,0,1,1,1,0,0,0,0,0,0,0,0,7,0,2,1,2,0,0,0,0,0,0,0,0,0,1,0,0,0,2,0,0,3,8,80213304,Jehovah's Witnesses
Jehovah's Witnesses,83929,2,1,0,0,0,0,0,1,1,0,10,0,0,0,0,0,1,0,1,1,0,0,0,0,0,0,1,0,2,4,2,0,0,2,8,10,0,0,1,1,1,1,0,1,1,0,0,0,0,1,0,0,0,1,2,2,0,0,0,8,0,0,0,0,3,2,3,1,1,1,1,1,1,0,0,0,2,0,1,0,0,0,0,0,0,0,0,0,0,0,0,0,0,0,0,0,1,0,1,1,1,0,0,0,0,0,0,0,8,80213304,Jehovah's Witnesses
Jehovah's Witnesses,87362,0,3,0,0,0,0,0,0,0,0,9,0,10,9,10,0,0,0,0,1,0,1,0,0,1,1,1,0,0,0,2,0,7,0,10,10,1,4,0,0,0,0,0,0,0,0,0,0,0,0,0,0,1,0,3,3,0,0,0,10,0,0,0,0,0,3,1,10,1,2,1,2,1,0,0,0,2,0,0,0,0,0,1,0,0,0,5,0,0,0,2,0,0,0,0,0,0,0,0,0,0,0,0,0,0,0,0,2,8,80213304,Jehovah's Witnesses
Jehovah's Witnesses,310450,1,0,0,0,0,0,0,1,0,0,10,0,9,9,0,1,1,0,1,1,0,0,0,0,1,0,1,0,0,0,2,0,0,0,9,6,3,0,1,0,1,0,0,0,0,0,0,0,0,0,0,0,0,0,3,4,2,3,1,1,1,2,1,1,1,1,1,1,1,1,4,1,1,0,0,1,1,1,0,0,0,0,0,0,0,0,3,0,1,1,2,0,0,0,0,0,0,0,1,0,1,0,0,0,1,0,0,3,8,80213304,Jehovah's Witnesses
Jehovah's Witnesses,85897,2,1,0,0,0,0,0,1,1,0,10,0,0,0,0,0,1,0,1,1,0,0,0,0,0,1,0,0,4,2,2,0,0,1,10,9,0,0,1,0,1,1,0,1,1,0,0,0,0,1,1,0,0,1,0,3,0,0,0,6,0,0,0,0,6,2,1,1,1,1,2,1,1,0,0,0,2,0,1,0,0,0,0,0,0,0,0,0,0,0,1,0,0,0,0,0,2,0,1,0,1,0,0,0,0,0,0,0,8,80213304,Jehovah's Witnesses
Jehovah's Witnesses,11549,4,1,0,0,0,0,0,0,0,0,4,2,0,0,0,0,1,1,0,1,0,1,0,1,0,0,0,0,3,0,2,0,0,3,2,3,4,6,0,0,0,0,0,0,0,0,0,0,0,1,1,0,2,0,1,4,0,0,0,2,0,0,0,0,1,3,6,10,5,10,10,10,0,0,0,0,6,0,0,0,0,0,0,0,0,0,0,0,0,0,1,0,0,0,0,0,2,0,0,0,0,0,0,0,0,0,0,0,8,80213304,Jehovah's Witnesses
Jehovah's Witnesses,408869,2,0,0,0,0,0,0,1,0,0,7,0,6,6,0,5,1,0,1,0,1,1,0,0,0,1,0,0,0,0,1,0,0,0,6,5,4,0,0,1,1,0,0,0,0,0,0,0,0,0,0,0,0,0,3,3,4,2,1,5,1,1,1,1,5,1,1,8,5,7,5,5,2,0,0,5,7,7,0,0,0,0,0,0,0,0,5,0,3,1,1,0,0,0,0,0,0,0,0,1,1,0,0,0,3,0,0,2,8,80213304,Jehovah's Witnesses
Jehovah's Witnesses,141604,1,1,0,0,0,0,0,1,0,0,10,2,0,0,0,0,0,0,1,1,0,1,0,0,1,1,0,0,4,2,2,0,0,1,10,6,1,10,0,0,1,1,0,1,2,0,0,0,0,1,1,0,2,3,0,3,0,0,0,1,0,0,0,0,1,1,1,1,1,1,1,1,1,0,0,0,7,0,1,0,0,0,0,0,0,0,0,0,0,0,1,0,0,0,0,0,1,0,0,0,1,0,0,1,0,0,0,0,8,80213304,Jehovah's Witnesses
Jehovah's Witnesses,436597,1,1,0,0,0,0,0,1,0,0,8,0,7,7,0,8,0,1,1,0,1,0,0,1,0,0,0,1,0,0,2,0,7,0,8,7,8,9,0,0,0,0,0,0,0,0,0,0,0,0,0,0,0,0,1,1,2,0,0,10,10,10,10,0,9,9,10,10,9,9,9,10,9,0,0,10,2,3,0,0,0,0,0,0,0,0,7,1,1,0,2,0,0,0,0,0,0,0,0,0,0,0,0,0,2,1,1,2,8,80213304,Jehovah's Witnesses
Jehovah's Witnesses,106985,1,1,0,0,0,0,0,1,0,0,10,2,0,0,0,0,0,0,1,1,0,1,0,0,1,0,1,0,4,3,1,0,0,1,6,9,1,10,0,0,1,1,0,1,1,0,0,0,0,1,0,0,2,3,2,4,0,0,0,1,0,0,0,0,1,1,1,1,1,1,1,1,1,0,0,0,1,0,1,0,0,0,0,0,0,0,0,0,0,0,2,0,0,0,0,0,1,0,0,0,1,0,0,0,0,0,0,0,8,80213304,Jehovah's Witnesses
Jehovah's Witnesses,110759,1,2,0,0,0,0,0,1,0,0,10,0,8,8,0,7,0,0,0,1,0,0,1,0,1,1,0,1,0,0,1,0,2,0,8,8,2,7,0,1,0,0,0,0,0,0,0,0,0,0,0,0,0,0,3,3,1,0,0,3,2,2,2,0,3,2,2,2,2,2,2,2,2,0,0,6,1,1,0,0,0,0,0,0,0,0,3,3,2,0,0,0,0,0,0,0,0,0,0,1,0,0,0,0,3,2,3,4,8,80213304,Jehovah's Witnesses
Jehovah's Witnesses,52760,2,1,0,0,0,0,0,1,0,0,10,2,0,0,0,0,0,0,0,1,1,1,0,0,0,1,1,0,0,0,1,2,0,1,8,10,0,0,1,0,1,1,0,1,1,0,0,0,0,0,0,0,0,0,0,4,0,0,0,1,0,0,0,0,5,1,1,1,1,1,5,5,5,0,0,0,2,0,0,0,0,0,1,1,0,0,0,0,0,1,0,0,0,2,4,4,0,0,1,0,1,0,0,0,0,0,0,0,8,80213304,Jehovah's Witnesses
Jehovah's Witnesses,437018,2,2,0,0,0,0,0,1,0,0,10,0,8,10,0,6,0,1,1,0,0,1,0,0,1,0,1,0,0,0,2,0,6,0,3,7,5,1,0,1,0,0,0,0,0,0,0,0,0,0,0,0,0,0,2,4,2,0,0,1,1,1,1,0,1,1,1,1,1,1,8,1,1,0,0,1,1,3,0,0,0,0,0,0,0,0,10,3,2,0,2,0,0,0,0,0,0,0,0,1,0,0,0,1,2,1,2,4,8,80213304,Jehovah's Witnesses
Jehovah's Witnesses,408828,2,0,0,0,0,0,0,1,0,0,9,0,9,8,0,6,1,0,0,1,0,0,0,0,1,1,1,0,0,0,1,0,0,0,8,8,9,0,1,1,1,0,0,0,0,0,0,0,0,0,0,0,0,0,3,3,3,3,3,2,5,1,1,1,6,5,4,4,6,4,7,2,4,0,0,6,2,1,0,0,0,0,0,0,0,0,7,0,1,1,2,0,0,0,0,0,0,0,1,1,1,0,0,0,3,0,0,2,8,80213304,Jehovah's Witnesses
Jehovah's Witnesses,89252,0,1,0,0,0,0,0,0,0,0,10,0,8,9,7,0,0,1,1,1,0,1,0,1,0,0,0,0,0,0,1,0,7,0,10,5,4,9,0,0,0,0,0,0,0,0,0,0,0,0,0,0,0,0,3,3,0,0,0,1,0,0,0,0,0,1,1,10,5,4,1,1,1,0,0,0,1,0,0,0,0,0,1,0,0,0,10,2,0,0,1,0,0,0,0,0,0,0,0,0,0,0,0,0,0,0,0,2,8,80213304,Jehovah's Witnesses
Jehovah's Witnesses,111274,1,0,0,0,0,0,0,1,0,0,10,0,7,8,0,8,0,0,0,1,0,1,0,1,1,0,1,0,0,0,2,0,0,0,7,8,1,0,1,0,0,0,0,0,0,0,0,0,0,0,0,0,0,0,4,4,3,5,1,1,1,6,1,1,1,1,1,2,2,1,2,0,1,0,0,2,1,0,0,0,0,0,0,0,0,0,8,0,1,1,2,0,0,0,0,0,0,0,1,0,0,0,0,0,2,0,0,4,8,80213304,Jehovah's Witnesses
Jehovah's Witnesses,436167,1,1,0,0,0,0,0,1,0,0,10,0,10,10,0,3,0,0,1,0,1,0,1,1,0,0,1,0,0,0,2,0,3,0,10,7,3,7,0,0,0,0,0,0,0,0,0,0,0,0,0,0,0,0,2,4,3,0,0,2,1,2,4,0,1,0,4,2,1,0,0,7,0,0,0,9,7,7,0,0,0,0,0,0,0,0,9,2,1,0,1,0,0,0,0,0,0,0,0,0,0,0,0,0,4,0,1,4,8,80213304,Jehovah's Witnesses
Jehovah's Witnesses,436969,3,3,0,0,0,0,0,1,0,0,3,0,5,5,0,4,0,1,0,1,0,1,0,1,0,1,0,0,0,0,1,0,4,0,5,5,5,4,0,0,0,0,0,0,0,0,0,0,0,0,0,0,0,0,3,3,2,0,0,7,6,9,9,0,7,6,6,7,8,8,8,9,9,0,0,8,2,2,0,0,0,0,0,0,0,0,5,3,2,0,2,0,0,0,0,0,0,0,0,0,0,0,0,0,2,2,1,3,8,80213304,Jehovah's Witnesses
Jehovah's Witnesses,307084,1,1,0,0,0,0,0,1,0,0,10,2,0,0,0,0,1,0,1,1,0,0,0,1,0,0,1,0,2,4,2,0,0,0,6,5,5,0,0,0,1,1,0,1,1,0,0,0,0,1,0,0,0,2,2,3,0,0,0,1,0,0,0,0,5,1,1,1,1,1,1,1,1,0,0,0,2,0,1,0,0,0,0,0,0,0,0,0,0,0,0,0,0,0,0,0,0,0,0,0,1,0,0,0,0,0,0,0,8,80213304,Jehovah's Witnesses
Jehovah's Witnesses,134597,1,1,0,0,0,0,0,0,0,0,10,0,7,3,8,0,0,0,0,1,0,1,0,0,1,1,1,0,0,0,1,0,6,0,9,9,3,6,0,0,0,0,8,0,0,0,0,0,0,1,0,0,0,0,0,0,0,0,0,1,0,0,0,0,1,1,1,1,1,1,5,1,1,0,0,0,1,0,0,0,0,0,1,0,0,0,10,0,0,0,2,0,3,3,3,3,0,0,0,0,0,0,0,0,0,0,0,2,8,80213304,Jehovah's Witnesses
Jehovah's Witnesses,259106,1,2,0,0,0,0,0,1,0,0,10,0,8,7,0,10,0,0,0,1,0,1,0,0,1,0,0,1,0,0,2,0,10,0,10,10,1,10,0,0,0,0,0,0,0,0,0,0,0,0,0,0,0,0,4,4,4,0,0,1,1,1,1,0,1,1,1,6,6,6,6,1,10,0,0,10,1,1,0,0,0,0,0,0,0,0,10,3,1,0,2,0,0,0,0,0,0,0,0,0,0,0,0,0,4,4,4,2,8,80213304,Jehovah's Witnesses
Jehovah's Witnesses,258419,1,1,0,0,0,0,0,0,0,0,10,0,9,3,0,7,0,1,1,1,0,0,0,1,0,0,0,0,0,0,2,0,5,0,7,5,10,10,0,1,0,0,0,0,0,0,0,0,0,0,0,0,0,0,1,3,3,0,0,1,1,1,1,0,1,1,1,1,1,1,1,1,1,0,0,1,1,1,0,0,0,0,0,0,0,0,7,3,2,0,2,0,0,0,0,0,0,0,0,1,0,0,0,0,1,1,1,4,8,80213304,Jehovah's Witnesses
Jehovah's Witnesses,300417,3,1,0,0,0,0,0,1,1,0,10,2,0,0,0,0,1,0,1,1,0,0,0,0,1,0,1,0,1,4,2,0,0,1,1,1,1,5,1,1,1,1,0,1,1,0,0,0,0,1,1,1,1,2,1,3,0,0,0,1,0,0,0,0,10,1,1,1,1,1,10,10,1,0,0,0,3,0,1,0,0,0,0,0,0,0,0,0,0,0,1,0,0,0,0,0,2,0,1,1,1,0,0,0,0,0,0,0,8,80213304,Jehovah's Witnesses
Jehovah's Witnesses,107020,1,3,0,0,0,0,0,1,1,0,10,2,0,0,0,0,1,1,0,1,0,1,0,0,1,0,0,0,4,2,2,0,0,3,5,1,10,1,0,0,0,1,0,1,2,0,0,0,0,1,1,0,1,3,4,4,0,0,0,1,0,0,0,0,1,1,1,1,1,1,1,1,1,0,0,0,4,0,1,0,0,0,0,0,0,0,0,0,0,0,1,0,0,0,0,0,2,0,0,0,0,0,0,0,0,0,0,0,8,80213304,Jehovah's Witnesses
Jehovah's Witnesses,302276,2,1,0,0,0,0,0,1,1,0,10,2,0,0,0,0,0,1,0,1,0,1,0,1,0,1,0,0,0,0,2,0,0,2,8,10,0,0,1,1,1,1,0,1,1,0,0,0,0,1,1,0,0,0,3,3,0,0,0,1,0,0,0,0,1,1,1,1,1,1,10,0,1,0,0,0,8,0,0,0,0,0,0,7,0,0,0,0,0,0,0,0,0,0,0,0,0,0,1,1,1,0,0,0,0,0,0,0,8,80213304,Jehovah's Witnesses
Jehovah's Witnesses,396208,1,1,0,0,0,0,0,1,0,0,10,0,8,8,0,10,0,1,1,1,0,0,0,0,1,1,0,0,0,0,2,0,4,0,8,8,5,5,0,0,0,0,0,0,0,0,0,0,0,0,0,0,0,0,3,3,3,0,0,3,1,3,1,0,6,1,1,1,1,1,1,0,1,0,0,1,1,1,0,0,0,0,0,0,0,0,10,3,0,0,2,0,0,0,0,0,0,0,0,0,0,0,0,0,0,4,2,3,8,80213304,Jehovah's Witnesses
Jehovah's Witnesses,436697,1,2,0,0,0,0,0,1,0,0,10,0,8,8,0,9,0,1,0,1,0,1,1,0,1,0,0,0,0,0,2,0,10,0,8,10,1,6,0,0,0,0,0,0,0,0,0,0,0,0,0,0,0,0,3,4,3,0,0,1,1,1,1,0,4,1,1,1,1,1,1,1,1,0,0,1,1,1,0,0,0,0,0,0,0,0,10,0,1,0,2,0,0,0,0,0,0,0,0,0,0,0,0,0,3,1,1,2,8,80213304,Jehovah's Witnesses
Jehovah's Witnesses,301722,2,2,0,0,0,0,0,1,1,0,0,2,0,0,0,0,0,1,1,0,0,1,0,0,1,0,1,0,0,0,2,1,0,0,5,10,0,0,1,0,1,1,0,1,1,0,0,0,0,1,0,0,0,0,4,3,0,0,0,0,0,0,0,0,1,1,1,1,1,1,1,0,1,0,0,0,1,0,0,0,0,0,1,1,0,0,0,0,0,1,0,0,0,0,0,0,0,0,1,0,1,0,0,0,0,0,0,0,8,80213304,Jehovah's Witnesses
Jehovah's Witnesses,301738,1,1,0,0,0,0,0,1,0,0,10,2,0,0,0,0,0,1,1,1,0,1,0,0,0,1,0,0,0,0,2,1,0,1,6,4,0,0,0,0,0,1,0,1,2,0,0,0,0,1,0,1,0,0,4,3,0,0,0,1,0,0,0,0,1,1,1,1,1,1,1,0,1,0,0,0,8,0,0,0,0,0,1,1,0,0,0,0,0,1,0,0,0,0,0,0,0,0,0,0,0,0,0,0,0,0,0,0,8,80213304,Jehovah's Witnesses
Jehovah's Witnesses,303344,2,3,0,0,0,0,0,0,0,0,10,0,6,7,9,0,0,0,1,1,0,1,0,0,0,0,0,0,0,0,2,0,5,0,10,10,5,10,0,0,0,0,7,0,0,0,0,0,0,1,0,0,0,0,2,2,0,0,0,0,0,0,0,0,0,0,0,0,0,0,0,0,0,0,0,0,2,0,0,0,0,0,1,0,0,0,10,0,0,0,0,0,1,2,1,2,0,0,0,0,0,0,0,0,0,0,0,3,8,80213304,Jehovah's Witnesses
Jehovah's Witnesses,51535,1,1,0,0,0,0,0,1,1,0,10,2,0,0,0,0,0,0,0,1,1,0,0,0,1,1,1,0,0,0,2,2,0,3,7,9,0,0,0,0,1,1,0,1,1,0,0,0,0,1,0,0,0,0,2,3,0,0,0,1,0,0,0,0,1,1,1,1,1,1,5,1,1,0,0,0,1,0,0,0,0,0,1,1,0,0,0,0,0,0,0,0,0,2,4,2,0,0,0,0,1,0,0,0,0,0,0,0,8,80213304,Jehovah's Witnesses
Jehovah's Witnesses,87123,0,1,0,0,0,0,0,0,0,0,10,0,9,10,10,0,0,0,0,1,0,0,1,1,1,1,0,0,0,0,2,0,0,0,7,9,1,10,0,0,0,0,0,0,0,0,0,0,0,0,0,0,0,0,3,3,0,0,0,1,0,0,0,0,0,1,1,5,5,5,5,0,5,0,0,0,1,0,0,0,0,0,1,0,0,0,10,0,0,0,2,0,0,0,0,0,0,0,0,0,0,0,0,0,0,0,0,1,8,80213304,Jehovah's Witnesses
Jehovah's Witnesses,302523,1,1,0,0,0,0,0,1,0,0,10,2,0,0,0,0,0,0,1,1,1,1,0,0,1,0,0,0,0,0,2,1,0,1,10,7,0,0,0,0,1,1,0,1,1,0,0,0,0,1,0,0,0,0,4,4,0,0,0,1,0,0,0,0,1,1,1,1,1,1,1,0,1,0,0,0,1,0,0,0,0,0,1,1,0,0,0,0,0,1,0,0,0,0,0,0,0,0,0,0,1,0,0,0,0,0,0,0,8,80213304,Jehovah's Witnesses
Jehovah's Witnesses,311006,1,0,0,0,0,0,0,1,0,0,10,0,5,7,0,5,1,0,1,1,0,1,0,1,0,0,0,0,0,0,2,0,0,0,8,7,5,0,0,0,1,0,0,0,0,0,0,0,0,0,0,0,0,0,2,3,3,5,7,4,8,8,8,8,8,9,9,10,10,10,10,8,8,0,0,10,1,1,0,0,0,0,0,0,0,0,3,0,1,1,2,0,0,0,0,0,0,0,0,0,1,0,0,0,1,0,0,2,8,80213304,Jehovah's Witnesses
Jehovah's Witnesses,145563,1,1,0,0,0,0,0,1,0,0,10,0,7,6,0,5,0,1,1,1,0,1,1,0,0,0,0,0,0,0,2,0,8,0,6,6,4,4,0,0,0,0,0,0,0,0,0,0,0,0,0,0,0,0,2,3,2,0,0,1,1,1,1,0,1,1,1,1,1,1,1,1,1,0,0,1,8,1,0,0,0,0,0,0,0,0,5,3,2,0,2,0,0,0,0,0,0,0,0,0,0,0,0,0,2,4,3,4,8,80213304,Jehovah's Witnesses
Jehovah's Witnesses,408681,1,0,0,0,0,0,0,1,0,0,10,0,10,10,0,1,0,0,1,1,0,0,0,1,1,0,1,0,0,0,2,0,0,0,10,10,3,0,0,1,1,0,0,0,0,0,0,0,0,0,0,0,0,0,4,4,4,4,1,1,1,1,5,1,10,1,1,1,1,1,1,1,1,0,0,1,1,2,0,0,0,0,0,0,0,0,10,0,3,1,2,0,0,0,0,0,0,0,0,1,1,0,0,0,3,0,0,2,8,80213304,Jehovah's Witnesses
Jehovah's Witnesses,435307,1,0,0,0,0,0,0,1,0,0,10,0,10,10,0,0,0,0,1,1,0,0,1,0,1,1,0,0,0,0,2,0,10,0,10,10,10,10,0,0,0,0,0,0,0,0,0,0,0,0,0,0,0,0,3,3,3,0,0,10,10,0,0,0,10,10,10,10,10,10,10,0,0,0,0,0,0,0,0,0,0,0,0,0,0,0,0,0,1,0,2,0,0,0,0,0,0,0,0,0,0,0,0,0,1,1,1,0,8,80213304,Jehovah's Witnesses
Jehovah's Witnesses,86226,1,1,0,0,0,0,0,1,0,0,10,0,0,0,0,0,1,0,0,0,1,1,0,0,1,0,0,0,4,3,2,0,0,1,9,6,0,0,0,0,1,1,0,1,1,0,0,0,0,1,1,0,1,2,2,3,0,0,0,1,0,0,0,0,1,1,1,1,1,1,3,1,1,0,0,0,2,0,1,0,0,0,0,0,0,0,0,0,0,0,2,0,0,0,0,0,2,0,0,0,1,0,0,0,0,0,0,0,8,80213304,Jehovah's Witnesses
Jehovah's Witnesses,302908,2,3,0,0,0,0,0,0,0,0,10,0,1,10,1,0,0,1,0,1,0,1,0,0,1,0,1,0,0,0,2,0,1,0,8,5,10,10,0,0,0,0,10,0,0,0,0,0,0,0,0,0,0,0,3,3,0,0,0,0,0,0,0,0,0,0,0,0,0,0,0,0,0,0,0,0,2,0,0,0,0,0,1,0,0,0,10,0,0,0,2,0,4,2,4,2,0,0,0,0,0,0,0,0,0,0,0,3,8,80213304,Jehovah's Witnesses
Judaism,198341,0,0,0,0,0,0,0,0,0,0,9,0,0,0,0,0,0,0,1,1,0,1,1,1,0,0,0,0,0,0,2,0,0,0,4,0,0,0,0,0,0,0,0,0,0,0,0,0,0,0,0,0,0,0,0,0,0,0,0,0,0,0,0,0,0,0,1,9,9,10,10,0,0,0,0,0,0,0,0,0,0,0,0,0,0,0,0,0,0,0,0,0,0,0,0,0,0,0,0,0,0,0,0,0,0,0,0,0,4,40000000,Judaism
Judaism,133160,0,3,0,0,0,0,0,0,0,0,1,0,0,0,0,0,0,0,0,0,0,0,0,0,0,0,0,0,0,0,1,0,0,2,7,8,0,0,0,0,0,0,0,1,2,0,0,0,0,0,0,0,1,2,0,0,0,0,0,1,0,0,0,0,1,1,1,3,3,5,5,5,1,0,0,0,0,0,0,0,0,0,0,0,0,0,0,0,0,0,0,0,0,0,0,0,0,0,0,0,0,0,0,0,0,0,0,0,4,40000000,Judaism
Judaism,139554,3,0,0,0,0,0,0,0,0,0,1,0,7,5,0,1,1,1,0,0,1,1,0,0,0,1,0,0,0,0,1,0,0,0,7,6,5,0,0,0,0,0,0,0,0,0,0,0,0,0,0,0,0,0,4,4,4,1,1,4,3,1,1,1,3,3,1,10,6,10,10,10,5,0,0,10,4,8,0,0,0,0,0,0,0,0,2,0,4,0,0,0,0,0,0,0,0,0,0,0,0,0,0,0,4,0,0,2,4,40000000,Judaism
Judaism,198054,0,0,0,0,0,0,0,0,0,0,8,0,0,0,0,0,0,1,1,1,1,0,0,0,0,1,0,0,0,0,1,0,0,0,10,0,0,0,0,0,0,0,0,0,0,0,0,0,0,0,0,0,0,0,0,0,0,0,0,0,0,0,0,0,0,0,1,10,8,10,10,0,0,0,0,0,0,0,0,0,0,0,0,0,0,0,0,0,0,0,0,0,0,0,0,0,0,0,0,0,0,0,0,0,0,0,0,0,4,40000000,Judaism
Judaism,133433,0,3,0,0,0,0,0,0,0,0,4,0,0,0,0,0,0,0,0,0,0,0,0,0,0,0,0,0,0,0,2,0,0,2,7,9,0,0,0,0,0,0,0,1,1,0,0,0,0,0,0,0,2,2,0,0,0,0,0,1,0,0,0,0,1,2,1,1,5,5,2,2,2,0,0,0,8,0,0,0,0,0,0,0,0,0,0,0,0,0,0,0,0,0,0,0,0,0,0,0,0,0,0,0,0,0,0,0,4,40000000,Judaism
Judaism,435417,1,0,0,0,0,0,0,1,0,0,7,0,6,7,0,7,0,1,1,1,0,0,0,1,0,0,1,0,0,0,2,0,8,0,8,6,4,7,0,1,0,0,0,0,0,0,0,0,0,0,0,0,0,0,3,2,2,0,0,5,6,1,1,0,4,5,4,7,2,3,4,1,3,0,0,6,2,3,0,0,0,0,0,0,0,0,4,3,2,0,2,0,0,0,0,0,0,0,0,1,0,0,0,0,1,1,3,3,4,40000000,Judaism
Judaism,23105,3,0,0,0,0,0,0,1,0,0,10,0,5,5,0,5,1,1,1,1,1,0,0,0,0,0,0,0,0,0,2,0,0,0,5,7,5,0,1,1,1,0,0,0,0,0,0,0,0,0,0,0,0,0,4,4,4,3,1,5,1,3,1,1,5,4,5,9,5,5,5,5,5,0,0,5,8,7,0,0,0,0,0,0,0,0,5,0,3,1,1,0,0,0,0,0,0,0,1,1,1,0,0,0,4,0,0,4,4,40000000,Judaism
Judaism,132799,0,3,0,0,0,0,0,0,0,0,7,0,0,0,0,0,0,0,0,0,0,0,0,0,0,0,0,0,0,0,2,0,0,2,9,9,0,0,0,0,0,0,0,2,1,0,0,0,0,1,1,0,2,3,0,0,0,0,0,1,0,0,0,0,1,1,1,2,2,5,2,6,5,0,0,0,8,0,0,0,0,0,0,0,0,0,0,0,0,0,0,0,0,0,0,0,0,0,0,0,0,0,0,0,0,0,0,0,4,40000000,Judaism
Judaism,197855,0,0,0,0,0,0,0,0,0,0,9,0,0,0,0,0,1,1,0,1,1,0,0,1,0,0,0,0,0,0,2,0,0,0,8,0,0,0,0,0,0,0,0,0,0,0,0,0,0,0,0,0,0,0,0,0,0,0,0,0,0,0,0,0,0,0,1,10,6,10,10,0,0,0,0,0,0,0,0,0,0,0,0,0,0,0,0,0,0,0,0,0,0,0,0,0,0,0,0,0,0,0,0,0,0,0,0,0,4,40000000,Judaism
Judaism,5992,2,1,2,1,2,2,2,1,0,1,8,0,0,0,0,0,1,1,1,1,1,0,0,0,0,0,0,0,0,0,2,0,0,2,6,7,8,5,0,0,0,1,0,0,1,1,0,0,0,1,0,0,1,1,0,0,3,0,0,0,0,0,0,0,0,0,0,0,0,0,0,0,0,0,0,0,5,0,0,1,1,1,0,0,4,0,0,0,0,1,0,0,0,0,0,0,0,1,0,0,0,0,0,0,0,0,0,0,4,40000000,Judaism
Judaism,198071,0,0,0,0,0,0,0,0,0,0,9,0,0,0,0,0,0,1,0,1,1,1,0,0,0,1,0,0,0,0,2,0,0,0,8,0,0,0,0,0,0,0,0,0,0,0,0,0,0,0,0,0,0,0,0,0,0,0,0,0,0,0,0,0,0,0,1,10,1,7,3,0,0,0,0,0,0,0,0,0,0,0,0,0,0,0,0,0,0,0,0,0,0,0,0,0,0,0,0,0,0,0,0,0,0,0,0,0,4,40000000,Judaism
Judaism,198429,0,0,0,0,0,0,0,0,0,0,1,0,0,0,0,0,1,1,1,0,0,1,0,0,0,1,0,0,0,0,2,0,0,0,7,0,0,0,0,0,0,0,0,0,0,0,0,0,0,0,0,0,0,0,0,0,0,0,0,0,0,0,0,0,0,0,1,10,5,5,10,0,0,0,0,0,0,0,0,0,0,0,0,0,0,0,0,0,0,0,0,0,0,0,0,0,0,0,0,0,0,0,0,0,0,0,0,0,4,40000000,Judaism
Judaism,401911,1,2,0,0,0,0,0,1,1,0,8,2,0,0,0,0,1,1,0,1,1,1,0,0,0,0,0,0,3,1,1,0,0,0,9,10,3,5,0,0,1,1,0,1,1,0,0,0,0,0,0,0,1,2,3,4,0,0,0,1,0,0,0,0,1,1,1,10,3,5,5,5,1,0,0,0,2,0,1,0,0,0,0,0,0,0,0,0,0,0,2,0,0,0,0,0,1,0,0,0,1,0,0,0,0,0,0,0,4,40000000,Judaism
Judaism,198331,0,0,0,0,0,0,0,0,0,0,6,0,0,0,0,0,1,1,0,1,0,1,0,1,0,0,0,0,0,0,2,0,0,0,9,0,0,0,0,0,0,0,0,0,0,0,0,0,0,0,0,0,0,0,0,0,0,0,0,0,0,0,0,0,0,0,1,10,3,10,10,0,0,0,0,0,0,0,0,0,0,0,0,0,0,0,0,0,0,0,0,0,0,0,0,0,0,0,0,0,0,0,0,0,0,0,0,0,4,40000000,Judaism
Judaism,198495,0,0,0,0,0,0,0,0,0,0,3,0,0,0,0,0,0,1,1,1,1,0,0,0,0,0,0,0,0,0,2,0,0,0,3,0,0,0,0,0,0,0,0,0,0,0,0,0,0,0,0,0,0,0,0,0,0,0,0,0,0,0,0,0,0,0,9,10,10,10,9,0,0,0,0,0,0,0,0,0,0,0,0,0,0,0,0,0,0,0,0,0,0,0,0,0,0,0,0,0,0,0,0,0,0,0,0,0,4,40000000,Judaism
Judaism,198874,0,0,0,0,0,0,0,0,0,0,10,0,0,0,0,0,0,0,1,1,1,1,0,0,1,0,0,0,0,0,2,0,0,0,8,0,0,0,0,0,0,0,0,0,0,0,0,0,0,0,0,0,0,0,0,0,0,0,0,0,0,0,0,0,0,0,1,5,5,8,7,0,0,0,0,0,0,0,0,0,0,0,0,0,0,0,0,0,0,0,0,0,0,0,0,0,0,0,0,0,0,0,0,0,0,0,0,0,4,40000000,Judaism
Judaism,316842,2,1,0,0,0,0,0,1,1,0,10,2,0,0,0,0,0,0,1,1,0,1,0,0,1,0,1,0,0,0,2,1,0,1,8,8,0,0,1,1,1,1,0,1,1,0,0,0,0,0,0,0,1,0,3,3,0,0,0,5,0,0,0,0,2,2,3,5,0,3,4,1,1,0,0,0,2,0,0,0,0,0,1,1,0,0,0,0,0,0,0,0,2,4,3,2,0,0,1,1,1,0,0,0,0,0,0,0,4,40000000,Judaism
Judaism,198402,0,0,0,0,0,0,0,0,0,0,1,0,0,0,0,0,1,1,0,1,0,0,0,1,0,0,0,0,0,0,1,0,0,0,9,0,0,0,0,0,0,0,0,0,0,0,0,0,0,0,0,0,0,0,0,0,0,0,0,0,0,0,0,0,0,0,1,10,10,10,10,0,0,0,0,0,0,0,0,0,0,0,0,0,0,0,0,0,0,0,0,0,0,0,0,0,0,0,0,0,0,0,0,0,0,0,0,0,4,40000000,Judaism
Judaism,198241,0,0,0,0,0,0,0,0,0,0,1,0,0,0,0,0,1,0,1,1,0,1,0,1,0,0,0,0,0,0,2,0,0,0,2,0,0,0,0,0,0,0,0,0,0,0,0,0,0,0,0,0,0,0,0,0,0,0,0,0,0,0,0,0,0,0,1,6,8,5,9,0,0,0,0,0,0,0,0,0,0,0,0,0,0,0,0,0,0,0,0,0,0,0,0,0,0,0,0,0,0,0,0,0,0,0,0,0,4,40000000,Judaism
Judaism,407925,1,0,0,0,0,0,0,1,0,0,10,0,10,10,0,1,1,0,1,0,0,1,0,0,1,0,1,0,0,0,2,0,0,0,10,10,1,0,1,1,1,0,0,0,0,0,0,0,0,0,0,0,0,0,2,1,2,1,1,1,1,1,1,1,1,1,1,5,1,5,6,1,1,0,0,5,2,1,0,0,0,0,0,0,0,0,8,0,1,1,2,0,0,0,0,0,0,0,1,1,1,0,0,0,3,0,0,2,4,40000000,Judaism
Judaism,56959,1,0,0,0,0,0,0,1,0,0,8,0,8,6,0,9,1,0,0,1,1,0,0,1,1,0,0,0,0,0,1,0,0,0,7,8,7,0,0,0,0,0,0,0,0,0,0,0,0,0,0,0,0,0,2,3,2,2,5,9,7,8,6,7,6,7,5,6,8,8,8,6,7,0,0,8,2,2,0,0,0,0,0,0,0,0,6,0,1,1,2,0,0,0,0,0,0,0,0,0,0,0,0,0,2,0,0,1,4,40000000,Judaism
Judaism,262235,4,1,0,0,0,0,0,0,1,0,1,2,0,0,0,0,1,1,0,1,0,1,0,1,0,0,0,0,3,1,2,0,0,3,3,4,6,6,0,1,0,0,0,1,3,0,0,0,0,1,1,0,1,3,2,2,0,0,0,1,0,0,0,0,1,1,1,1,1,6,6,10,1,0,0,0,8,0,0,0,0,0,0,0,0,0,0,0,0,0,0,0,0,0,0,0,2,0,0,1,0,0,0,0,0,0,0,0,4,40000000,Judaism
Judaism,1835,2,2,0,0,0,0,0,1,1,0,9,0,0,0,0,0,0,0,1,1,0,0,1,0,1,0,0,0,0,0,1,1,0,2,2,5,0,0,1,0,0,1,0,1,1,0,0,0,0,1,0,0,2,0,2,3,0,0,0,3,0,0,0,0,3,2,3,1,1,4,4,1,1,0,0,0,2,0,0,0,0,0,1,1,0,0,0,0,0,0,0,0,2,2,3,1,0,0,1,0,0,0,0,0,0,0,0,0,4,40000000,Judaism
Judaism,158492,2,2,0,0,0,0,0,1,0,0,5,0,6,6,0,10,0,1,0,1,0,1,0,0,0,1,0,0,0,0,2,0,1,0,10,6,10,1,0,1,0,0,0,0,0,0,0,0,0,0,0,0,0,0,3,1,3,0,0,4,1,5,1,0,5,5,1,1,5,1,1,1,1,0,0,5,7,2,0,0,0,0,0,0,0,0,4,2,4,0,0,0,0,0,0,0,0,0,0,1,0,0,0,0,3,3,3,2,4,40000000,Judaism
Judaism,1868,2,1,0,0,0,0,0,1,1,0,7,0,0,0,0,0,0,0,0,1,0,1,1,1,0,0,1,0,0,0,2,1,0,2,6,6,0,0,0,0,0,1,0,1,1,0,0,0,0,1,1,0,0,0,1,3,0,0,0,1,0,0,0,0,1,1,1,1,1,1,1,1,1,0,0,0,8,0,0,0,0,0,0,6,0,0,0,0,0,0,0,0,1,1,4,1,0,0,0,0,0,0,0,0,0,0,0,0,4,40000000,Judaism
Judaism,198472,0,0,0,0,0,0,0,0,0,0,10,0,0,0,0,0,1,0,0,1,1,1,1,0,0,0,0,0,0,0,2,0,0,0,7,0,0,0,0,0,0,0,0,0,0,0,0,0,0,0,0,0,0,0,0,0,0,0,0,0,0,0,0,0,0,0,1,10,5,10,10,0,0,0,0,0,0,0,0,0,0,0,0,0,0,0,0,0,0,0,0,0,0,0,0,0,0,0,0,0,0,0,0,0,0,0,0,0,4,40000000,Judaism
Judaism,408759,3,0,0,0,0,0,0,1,0,0,4,0,10,10,0,1,0,1,1,0,0,1,0,1,0,1,0,0,0,0,1,0,0,0,10,9,6,0,1,1,1,0,0,0,0,0,0,0,0,0,0,0,0,0,4,4,4,1,2,1,5,1,1,1,7,3,2,10,5,10,10,4,3,0,0,10,7,8,0,0,0,0,0,0,0,0,1,0,4,1,1,0,0,0,0,0,0,0,1,1,1,0,0,0,4,0,0,2,4,40000000,Judaism
Judaism,198299,0,0,0,0,0,0,0,0,0,0,10,0,0,0,0,0,0,1,0,1,1,0,0,1,0,1,0,0,0,0,1,0,0,0,8,0,0,0,0,0,0,0,0,0,0,0,0,0,0,0,0,0,0,0,0,0,0,0,0,0,0,0,0,0,0,0,1,8,6,5,8,0,0,0,0,0,0,0,0,0,0,0,0,0,0,0,0,0,0,0,0,0,0,0,0,0,0,0,0,0,0,0,0,0,0,0,0,0,4,40000000,Judaism
Judaism,365591,3,0,0,0,0,0,0,1,0,0,5,0,8,4,0,5,1,1,1,0,0,0,1,0,0,1,0,0,0,0,1,0,0,0,10,10,8,0,1,1,1,0,0,0,0,0,0,0,0,0,0,0,0,0,2,3,3,3,1,5,1,1,1,1,3,1,1,1,1,1,1,1,1,0,0,1,7,7,0,0,0,0,0,0,0,0,7,0,3,0,0,0,0,0,0,0,0,0,1,1,1,0,0,0,3,0,0,2,4,40000000,Judaism
Judaism,64089,1,4,1,1,1,1,3,1,1,1,10,0,0,0,0,0,1,0,0,1,0,1,1,0,1,0,0,0,0,0,2,0,0,3,6,1,2,6,1,1,1,1,0,1,1,0,0,0,1,1,1,0,2,2,0,0,1,0,0,1,0,0,0,0,9,1,1,1,1,1,7,1,1,0,1,0,1,0,0,1,1,0,1,0,1,0,0,0,0,1,0,0,0,0,0,0,0,1,1,1,1,1,1,0,0,0,0,0,4,40000000,Judaism
Judaism,18549,3,2,0,0,0,0,0,1,1,0,8,2,0,0,0,0,1,1,0,0,0,1,1,0,0,0,1,0,1,3,2,0,0,2,8,5,10,4,1,1,1,0,0,1,2,0,0,0,0,1,0,0,1,1,0,3,0,0,0,5,0,0,0,0,10,1,3,9,7,5,9,0,2,0,0,0,4,0,0,0,0,0,0,0,0,0,0,0,0,0,0,0,0,0,0,0,2,0,1,1,1,0,0,0,0,0,0,0,4,40000000,Judaism
Judaism,198041,0,0,0,0,0,0,0,0,0,0,10,0,0,0,0,0,0,0,0,1,1,0,0,0,0,1,0,0,0,0,2,0,0,0,9,0,0,0,0,0,0,0,0,0,0,0,0,0,0,0,0,0,0,0,0,0,0,0,0,0,0,0,0,0,0,0,1,10,4,5,5,0,0,0,0,0,0,0,0,0,0,0,0,0,0,0,0,0,0,0,0,0,0,0,0,0,0,0,0,0,0,0,0,0,0,0,0,0,4,40000000,Judaism
Judaism,133223,0,3,0,0,0,0,0,0,0,0,1,0,0,0,0,0,0,0,0,0,0,0,0,0,0,0,0,0,0,0,1,0,0,2,7,7,0,0,0,0,0,0,0,1,1,0,0,0,0,0,0,0,1,2,0,0,0,0,0,1,0,0,0,0,1,1,1,5,4,3,5,1,1,0,0,0,8,0,0,0,0,0,0,0,0,0,0,0,0,0,0,0,0,0,0,0,0,0,0,0,0,0,0,0,0,0,0,0,4,40000000,Judaism
Judaism,198883,0,0,0,0,0,0,0,0,0,0,10,0,0,0,0,0,1,1,0,1,0,1,0,1,0,0,0,0,0,0,2,0,0,0,7,0,0,0,0,0,0,0,0,0,0,0,0,0,0,0,0,0,0,0,0,0,0,0,0,0,0,0,0,0,0,0,1,7,7,1,10,0,0,0,0,0,0,0,0,0,0,0,0,0,0,0,0,0,0,0,0,0,0,0,0,0,0,0,0,0,0,0,0,0,0,0,0,0,4,40000000,Judaism
Judaism,198735,0,0,0,0,0,0,0,0,0,0,8,0,0,0,0,0,1,1,0,1,0,1,0,0,0,1,0,0,0,0,2,0,0,0,8,0,0,0,0,0,0,0,0,0,0,0,0,0,0,0,0,0,0,0,0,0,0,0,0,0,0,0,0,0,0,0,1,10,5,7,8,0,0,0,0,0,0,0,0,0,0,0,0,0,0,0,0,0,0,0,0,0,0,0,0,0,0,0,0,0,0,0,0,0,0,0,0,0,4,40000000,Judaism
Judaism,428632,1,1,0,0,0,0,0,0,0,0,0,2,0,0,0,0,1,1,0,1,0,0,0,1,0,0,1,0,3,2,2,0,0,2,10,8,1,10,0,0,0,1,0,2,1,0,0,0,0,1,0,0,0,2,3,3,0,0,0,1,0,0,0,0,1,1,1,3,1,7,8,10,0,0,0,0,2,0,0,0,0,0,0,0,0,0,0,0,0,0,2,0,0,0,0,0,2,0,0,0,0,0,0,0,0,0,0,0,4,40000000,Judaism
Judaism,320708,2,1,0,0,0,0,0,1,0,0,7,2,0,0,0,0,1,1,1,0,0,1,0,0,1,0,0,0,3,1,2,0,0,1,4,4,6,1,0,0,0,0,0,2,3,0,0,0,0,0,0,0,1,2,4,2,0,0,0,1,0,0,0,0,1,1,1,1,1,1,10,1,1,0,0,0,7,0,1,0,0,0,0,0,0,0,0,0,0,0,0,0,0,0,0,0,2,0,0,0,0,0,0,0,0,0,0,0,4,40000000,Judaism
Judaism,404571,2,3,0,0,0,0,0,0,0,0,8,0,8,8,5,0,0,0,1,1,1,1,0,1,0,0,0,0,0,0,2,0,5,0,8,8,3,5,0,0,0,0,7,0,0,0,0,0,0,0,0,0,1,0,2,3,0,0,0,1,0,0,0,0,3,3,1,10,8,9,10,7,1,0,0,0,8,0,0,0,0,0,0,0,0,0,2,0,0,0,0,0,5,1,4,2,0,0,0,0,0,0,0,0,0,0,0,2,4,40000000,Judaism
Judaism,219532,2,1,0,0,0,0,0,1,0,0,9,0,7,6,0,8,0,1,1,1,1,1,0,0,0,0,0,0,0,0,2,0,8,0,8,7,2,8,0,1,0,0,0,0,0,0,0,0,0,0,0,0,0,0,2,3,4,0,0,3,2,1,1,0,3,4,2,3,1,1,2,0,1,0,0,2,3,4,0,0,0,0,0,0,0,0,4,3,0,0,0,0,0,0,0,0,0,0,0,1,0,0,0,0,0,4,2,3,4,40000000,Judaism
Judaism,198142,0,0,0,0,0,0,0,0,0,0,7,0,0,0,0,0,0,1,0,1,1,1,0,1,0,0,0,0,0,0,2,0,0,0,7,0,0,0,0,0,0,0,0,0,0,0,0,0,0,0,0,0,0,0,0,0,0,0,0,0,0,0,0,0,0,0,1,10,6,9,9,0,0,0,0,0,0,0,0,0,0,0,0,0,0,0,0,0,0,0,0,0,0,0,0,0,0,0,0,0,0,0,0,0,0,0,0,0,4,40000000,Judaism
Judaism,55956,1,0,0,0,0,0,0,0,0,0,10,0,10,6,0,10,0,0,1,0,0,1,1,0,1,0,0,0,0,0,1,0,0,0,10,10,8,0,0,0,0,0,0,0,0,0,0,0,0,0,0,0,0,0,4,4,4,4,10,2,3,10,6,10,5,10,5,6,8,10,10,5,10,0,0,3,4,8,0,0,0,0,0,0,0,0,7,0,4,1,2,0,0,0,0,0,0,0,0,0,0,0,0,0,3,0,0,3,4,40000000,Judaism
Judaism,443146,2,0,0,0,0,0,0,1,0,0,10,0,1,1,0,8,1,0,1,0,0,0,1,0,1,0,1,0,0,0,2,0,0,0,1,5,2,0,0,0,0,0,0,0,0,0,0,0,0,0,0,0,0,0,2,4,2,5,1,1,1,1,1,1,1,1,1,1,1,1,1,1,1,0,0,1,8,8,0,0,0,0,0,0,0,0,1,0,0,0,0,0,0,0,0,0,0,0,0,0,0,0,0,0,4,0,0,2,4,40000000,Judaism
Judaism,405902,2,2,0,0,0,0,0,1,0,0,8,0,10,10,0,1,0,1,1,1,0,1,0,0,0,1,0,0,0,0,1,0,8,0,10,10,0,5,0,0,0,0,0,0,0,0,0,0,0,0,0,0,0,0,3,3,3,0,0,1,1,1,1,0,1,1,1,10,0,10,10,0,5,0,0,5,2,4,0,0,0,0,0,0,0,0,1,2,4,0,1,0,0,0,0,0,0,0,0,0,0,0,0,0,4,1,1,1,4,40000000,Judaism
Judaism,198841,0,0,0,0,0,0,0,0,0,0,8,0,0,0,0,0,1,0,0,0,0,1,0,0,1,1,1,0,0,0,2,0,0,0,10,0,0,0,0,0,0,0,0,0,0,0,0,0,0,0,0,0,0,0,0,0,0,0,0,0,0,0,0,0,0,0,1,1,1,1,5,0,0,0,0,0,0,0,0,0,0,0,0,0,0,0,0,0,0,0,0,0,0,0,0,0,0,0,0,0,0,0,0,0,0,0,0,0,4,40000000,Judaism
Judaism,198528,0,0,0,0,0,0,0,0,0,0,10,0,0,0,0,0,1,1,1,1,0,1,0,0,0,0,0,0,0,0,2,0,0,0,10,0,0,0,0,0,0,0,0,0,0,0,0,0,0,0,0,0,0,0,0,0,0,0,0,0,0,0,0,0,0,0,1,10,3,6,10,0,0,0,0,0,0,0,0,0,0,0,0,0,0,0,0,0,0,0,0,0,0,0,0,0,0,0,0,0,0,0,0,0,0,0,0,0,4,40000000,Judaism
Judaism,238578,1,1,0,0,0,0,0,1,1,0,10,2,0,0,0,0,0,0,1,1,0,1,0,1,1,0,0,0,4,3,2,0,0,1,4,8,9,8,1,1,1,1,0,1,2,0,0,0,0,1,1,0,0,2,1,1,0,0,0,9,0,0,0,0,5,1,1,1,1,3,8,6,2,0,0,0,3,0,0,0,0,0,0,0,0,0,0,0,0,0,1,0,0,0,0,0,1,0,1,1,1,0,0,0,0,0,0,0,4,40000000,Judaism
Judaism,278455,2,3,0,0,0,0,0,1,0,0,9,0,9,9,0,9,0,1,1,0,0,1,0,0,1,0,1,0,0,0,1,0,10,0,9,10,5,5,0,1,0,0,0,0,0,0,0,0,0,0,0,0,0,0,3,3,2,0,0,1,3,10,5,0,3,3,3,2,1,2,3,0,4,0,0,9,2,1,0,0,0,0,0,0,0,0,10,1,1,0,2,0,0,0,0,0,0,0,0,1,0,0,0,0,4,0,0,1,4,40000000,Judaism
Judaism,220930,1,1,0,0,0,0,0,1,0,0,10,0,9,10,0,9,0,1,0,1,0,1,1,1,0,0,0,0,0,0,2,0,3,0,8,2,9,2,0,1,0,0,0,0,0,0,0,0,0,0,0,0,0,0,1,1,2,0,0,4,7,9,8,0,6,4,8,3,8,4,0,0,9,0,0,3,7,1,0,0,0,0,0,0,0,0,8,3,1,0,0,0,0,0,0,0,0,0,0,1,0,0,0,0,1,4,2,4,4,40000000,Judaism
Judaism,4145,0,1,0,0,0,0,0,1,1,0,10,0,0,0,0,0,0,1,1,1,0,0,0,0,0,0,0,0,0,0,1,0,0,2,10,10,0,0,1,1,1,1,0,1,0,0,0,0,0,1,1,0,0,1,0,0,0,0,0,1,0,0,0,0,1,1,1,1,1,6,10,1,1,0,0,0,3,0,0,0,0,0,0,0,0,0,0,0,0,0,0,0,0,0,0,0,0,0,1,1,1,0,0,0,0,0,0,0,4,40000000,Judaism
Judaism,333396,3,2,0,0,0,0,0,1,0,0,1,0,9,8,0,8,0,1,1,0,0,1,0,1,0,1,0,0,0,0,2,0,6,0,3,2,7,10,0,1,0,0,0,0,0,0,0,0,0,0,0,0,0,0,3,3,3,0,0,9,9,7,8,0,8,9,9,8,10,10,10,0,8,0,0,9,2,3,0,0,0,0,0,0,0,0,7,2,3,0,0,0,0,0,0,0,0,0,0,1,0,0,0,1,2,3,3,2,4,40000000,Judaism
Maronite Church,233846,1,0,0,0,0,0,0,1,0,0,9,0,8,6,0,4,0,0,0,0,1,1,1,1,1,0,0,0,0,0,2,0,0,0,1,2,3,0,1,1,1,0,0,0,0,0,0,0,0,0,0,0,0,0,1,3,2,0,1,4,4,6,1,1,0,3,3,1,0,1,1,1,1,0,0,1,4,2,0,0,0,0,0,0,0,0,5,0,2,0,0,0,0,0,0,0,0,0,1,1,1,0,0,1,2,0,0,3,1,10205010,Maronite Church
Maronite Church,233940,3,0,0,0,0,0,0,1,0,0,6,0,8,6,0,1,0,1,0,1,1,0,0,0,0,0,0,0,0,0,2,0,0,0,7,1,1,0,0,0,0,0,0,0,0,0,0,0,0,0,0,0,0,0,3,3,3,0,1,1,1,1,1,1,0,1,1,1,0,1,1,1,1,0,0,1,8,8,0,0,0,0,0,0,0,0,7,0,2,0,0,0,0,0,0,0,0,0,0,0,0,0,0,0,0,0,0,4,1,10205010,Maronite Church
Maronite Church,233201,1,0,0,0,0,0,0,1,0,0,10,0,10,10,0,2,1,0,0,0,0,1,0,1,1,1,0,0,0,0,2,0,0,0,2,8,6,0,1,1,1,0,0,0,0,0,0,0,0,0,0,0,0,0,3,1,2,0,1,1,1,1,1,1,0,1,1,1,0,3,2,2,1,0,0,2,2,2,0,0,0,0,0,0,0,0,5,0,3,0,0,0,0,0,0,0,0,0,1,1,1,0,0,0,2,0,0,4,1,10205010,Maronite Church
Maronite Church,233796,1,0,0,0,0,0,0,1,0,0,10,0,9,7,0,7,1,0,1,1,0,1,1,0,0,0,0,0,0,0,2,0,0,0,8,8,7,0,1,1,1,0,0,0,0,0,0,0,0,0,0,0,0,0,1,4,4,0,1,1,1,1,1,1,0,1,1,7,0,1,7,1,1,0,0,1,4,1,0,0,0,0,0,0,0,0,7,0,1,0,0,0,0,0,0,0,0,0,1,1,1,0,0,1,1,0,0,1,1,10205010,Maronite Church
Maronite Church,233007,2,0,0,0,0,0,0,1,0,0,9,0,8,9,0,4,1,0,0,1,0,0,1,0,0,0,0,0,0,0,2,0,0,0,8,5,5,0,1,1,1,0,0,0,0,0,0,0,0,0,0,0,0,0,4,4,2,0,2,4,2,2,2,2,0,3,2,2,0,2,6,2,2,0,0,5,2,2,0,0,0,0,0,0,0,0,9,0,3,0,0,0,0,0,0,0,0,0,1,1,1,0,0,1,3,0,0,2,1,10205010,Maronite Church
Maronite Church,233303,1,0,0,0,0,0,0,1,0,0,10,0,10,10,0,1,1,0,1,1,0,1,0,0,1,0,0,0,0,0,2,0,0,0,7,8,6,0,1,1,1,0,0,0,0,0,0,0,0,0,0,0,0,0,4,4,1,0,1,1,1,2,1,1,0,1,1,3,0,3,2,1,1,0,0,1,2,2,0,0,0,0,0,0,0,0,10,0,1,0,0,0,0,0,0,0,0,0,1,1,1,0,0,0,1,0,0,2,1,10205010,Maronite Church
Maronite Church,233875,4,0,0,0,0,0,0,1,0,0,8,0,8,7,0,8,0,1,0,1,0,1,0,0,0,0,0,0,0,0,2,0,0,0,7,8,6,0,0,0,0,0,0,0,0,0,0,0,0,0,0,0,0,0,3,2,3,0,3,7,1,0,1,1,0,2,2,1,0,3,3,2,3,0,0,2,4,4,0,0,0,0,0,0,0,0,8,0,2,0,0,0,0,0,0,0,0,0,0,0,0,0,0,1,2,0,0,2,1,10205010,Maronite Church
Maronite Church,233829,1,0,0,0,0,0,0,1,0,0,8,0,9,8,0,6,1,1,1,1,0,1,0,0,0,0,0,0,0,0,2,0,0,0,10,10,4,0,0,1,1,0,0,0,0,0,0,0,0,0,0,0,0,0,4,4,1,0,4,4,4,5,5,4,0,4,4,5,0,5,5,7,5,0,0,5,2,3,0,0,0,0,0,0,0,0,5,0,2,0,0,0,0,0,0,0,0,0,0,1,1,0,0,0,2,0,0,1,1,10205010,Maronite Church
Maronite Church,233013,2,0,0,0,0,0,0,1,0,0,10,0,7,5,0,3,1,1,1,0,0,1,1,0,0,0,0,0,0,0,2,0,0,0,7,6,4,0,1,1,1,0,0,0,0,0,0,0,0,0,0,0,0,0,3,3,2,0,8,5,5,6,5,7,0,6,5,7,0,5,7,7,7,0,0,7,2,5,0,0,0,0,0,0,0,0,5,0,1,0,0,0,0,0,0,0,0,0,1,1,1,0,0,0,1,0,0,2,1,10205010,Maronite Church
Maronite Church,233618,1,0,0,0,0,0,0,1,0,0,10,0,9,8,0,8,1,1,0,0,1,0,1,0,0,0,0,0,0,0,2,0,0,0,8,8,8,0,1,1,1,0,0,0,0,0,0,0,0,0,0,0,0,0,4,4,4,0,3,8,1,1,2,2,0,1,2,2,0,2,6,2,2,0,0,1,4,5,0,0,0,0,0,0,0,0,2,0,3,0,0,0,0,0,0,0,0,0,1,1,1,0,0,1,3,0,0,2,1,10205010,Maronite Church
Maronite Church,234148,1,0,0,0,0,0,0,1,0,0,9,0,7,7,0,2,1,1,0,1,0,0,0,0,0,0,0,0,0,0,2,0,0,0,8,2,2,0,1,1,1,0,0,0,0,0,0,0,0,0,0,0,0,0,2,3,2,0,2,1,2,2,2,2,0,2,2,2,0,2,2,2,2,0,0,2,3,2,0,0,0,0,0,0,0,0,2,0,2,0,0,0,0,0,0,0,0,0,1,1,1,0,0,0,2,0,0,2,1,10205010,Maronite Church
Maronite Church,233304,1,0,0,0,0,0,0,1,0,0,10,0,10,10,0,1,1,0,1,1,0,1,0,0,1,0,0,0,0,0,2,0,0,0,6,6,6,0,1,1,1,0,0,0,0,0,0,0,0,0,0,0,0,0,2,4,3,0,1,1,1,1,1,1,0,1,1,1,0,1,1,1,1,0,0,1,2,2,0,0,0,0,0,0,0,0,10,0,1,0,0,0,0,0,0,0,0,0,1,1,1,0,0,0,1,0,0,3,1,10205010,Maronite Church
Maronite Church,233472,1,0,0,0,0,0,0,1,0,0,9,0,7,7,0,8,1,1,1,1,1,0,0,0,0,0,0,0,0,0,2,0,0,0,6,5,5,0,1,1,1,0,0,0,0,0,0,0,0,0,0,0,0,0,4,4,1,0,1,7,1,1,1,1,0,4,1,1,0,1,5,1,1,0,0,6,2,1,0,0,0,0,0,0,0,0,7,0,3,0,0,0,0,0,0,0,0,0,1,1,1,0,0,1,4,0,0,2,1,10205010,Maronite Church
Maronite Church,233506,1,0,0,0,0,0,0,1,0,0,10,0,10,10,0,0,1,0,0,1,0,1,0,1,1,0,0,0,0,0,2,0,0,0,7,8,6,0,1,1,1,0,0,0,0,0,0,0,0,0,0,0,0,0,1,4,4,0,1,0,1,1,2,1,0,1,5,1,0,1,7,2,1,0,0,1,2,2,0,0,0,0,0,0,0,0,10,0,1,0,0,0,0,0,0,0,0,0,1,1,1,0,0,0,1,0,0,2,1,10205010,Maronite Church
Maronite Church,233066,3,0,0,0,0,0,0,1,0,0,6,0,7,7,0,4,1,1,1,1,0,0,0,1,0,0,0,0,0,0,2,0,0,0,6,5,4,0,1,1,1,0,0,0,0,0,0,0,0,0,0,0,0,0,3,3,2,0,2,5,3,2,2,2,0,3,3,2,0,2,2,2,2,0,0,2,2,2,0,0,0,0,0,0,0,0,5,0,2,0,0,0,0,0,0,0,0,0,1,1,1,0,0,0,2,0,0,2,1,10205010,Maronite Church
Maronite Church,233960,2,0,0,0,0,0,0,1,0,0,10,0,2,6,0,6,0,1,0,1,0,0,1,0,1,1,0,0,0,0,1,0,0,0,5,2,8,0,1,0,0,0,0,0,0,0,0,0,0,0,0,0,0,0,3,2,3,0,4,1,5,2,1,5,0,2,2,5,0,2,4,4,3,0,0,7,3,4,0,0,0,0,0,0,0,0,4,0,4,0,0,0,0,0,0,0,0,0,1,0,0,0,0,1,4,0,0,3,1,10205010,Maronite Church
Maronite Church,234143,2,0,0,0,0,0,0,1,0,0,9,0,7,5,0,3,1,0,1,1,0,1,1,0,0,0,0,0,0,0,1,0,0,0,6,4,2,0,1,1,1,0,0,0,0,0,0,0,0,0,0,0,0,0,4,4,4,0,3,3,3,3,3,3,0,3,3,4,0,3,3,3,3,0,0,3,2,2,0,0,0,0,0,0,0,0,4,0,2,0,0,0,0,0,0,0,0,0,1,1,1,0,0,0,2,0,0,1,1,10205010,Maronite Church
Maronite Church,233056,1,0,0,0,0,0,0,1,0,0,10,0,10,10,0,1,1,1,0,0,0,1,0,1,1,0,0,0,0,0,2,0,0,0,7,7,10,0,1,1,1,0,0,0,0,0,0,0,0,0,0,0,0,0,4,4,1,0,1,1,1,2,1,1,0,1,1,3,0,3,3,1,1,0,0,1,2,2,0,0,0,0,0,0,0,0,10,0,1,0,0,0,0,0,0,0,0,0,1,1,1,0,0,0,1,0,0,2,1,10205010,Maronite Church
Maronite Church,234087,1,0,0,0,0,0,0,1,0,0,9,0,7,4,0,2,1,0,1,1,0,1,0,0,0,0,0,0,0,0,2,0,0,0,8,3,5,0,0,1,1,0,0,0,0,0,0,0,0,0,0,0,0,0,2,3,1,0,1,1,1,1,1,1,0,1,1,4,0,1,1,1,1,0,0,1,2,3,0,0,0,0,0,0,0,0,2,0,4,0,0,0,0,0,0,0,0,0,0,1,1,0,0,0,3,0,0,4,1,10205010,Maronite Church
Maronite Church,233784,1,0,0,0,0,0,0,1,0,0,10,0,5,1,0,5,1,0,0,1,0,1,1,0,0,1,0,0,0,0,2,0,0,0,6,6,5,0,1,0,0,0,0,0,0,0,0,0,0,0,0,0,0,0,3,4,2,0,1,1,1,1,1,1,0,1,1,1,0,1,1,1,1,0,0,1,2,1,0,0,0,0,0,0,0,0,7,0,1,0,0,0,0,0,0,0,0,0,1,0,0,0,0,0,1,0,0,3,1,10205010,Maronite Church
Maronite Church,234060,2,0,0,0,0,0,0,1,0,0,7,0,8,7,0,1,0,1,0,1,1,0,1,0,0,0,0,0,0,0,2,0,0,0,7,1,2,0,0,0,1,0,0,0,0,0,0,0,0,0,0,0,0,0,3,4,3,0,1,1,1,1,1,1,0,1,1,1,0,1,1,1,1,0,0,1,2,4,0,0,0,0,0,0,0,0,1,0,3,0,0,0,0,0,0,0,0,0,0,0,1,0,0,0,3,0,0,4,1,10205010,Maronite Church
Maronite Church,233071,2,0,0,0,0,0,0,1,0,0,10,0,7,8,0,9,1,0,0,1,1,1,0,0,0,0,1,0,0,0,2,0,0,0,8,6,5,0,1,0,1,0,0,0,0,0,0,0,0,0,0,0,0,0,4,4,1,0,1,1,1,1,1,1,0,1,1,9,0,3,5,10,1,0,0,1,4,2,0,0,0,0,0,0,0,0,8,0,2,0,0,0,0,0,0,0,0,0,1,0,1,0,0,1,4,0,0,1,1,10205010,Maronite Church
Maronite Church,233197,1,0,0,0,0,0,0,1,0,0,10,0,10,10,0,1,1,0,1,1,0,0,0,1,1,0,0,0,0,0,2,0,0,0,6,7,7,0,1,1,1,0,0,0,0,0,0,0,0,0,0,0,0,0,4,4,1,0,1,1,1,2,1,1,0,1,1,2,0,2,3,1,1,0,0,1,2,2,0,0,0,0,0,0,0,0,8,0,1,0,0,0,0,0,0,0,0,0,1,1,1,0,0,0,1,0,0,3,1,10205010,Maronite Church
Maronite Church,233073,1,0,0,0,0,0,0,1,0,0,10,0,6,9,0,8,1,1,0,0,0,1,0,0,1,0,1,0,0,0,2,0,0,0,8,7,7,0,1,0,1,0,0,0,0,0,0,0,0,0,0,0,0,0,4,4,1,0,1,1,1,1,1,1,0,6,1,1,0,5,5,1,1,0,0,5,4,1,0,0,0,0,0,0,0,0,8,0,2,0,0,0,0,0,0,0,0,0,1,0,1,0,0,1,4,0,0,2,1,10205010,Maronite Church
Maronite Church,234138,2,0,0,0,0,0,0,1,0,0,9,0,9,5,0,7,1,1,0,0,1,1,1,0,0,0,0,0,0,0,2,0,0,0,7,4,2,0,1,1,1,0,0,0,0,0,0,0,0,0,0,0,0,0,4,4,4,0,1,1,1,0,3,1,0,1,2,1,0,1,9,1,2,0,0,1,1,1,0,0,0,0,0,0,0,0,8,0,1,0,0,0,0,0,0,0,0,0,1,1,1,0,0,1,4,0,0,2,1,10205010,Maronite Church
Maronite Church,234052,1,0,0,0,0,0,0,1,0,0,8,0,8,7,0,7,1,0,1,1,0,0,0,0,0,0,0,0,0,0,2,0,0,0,7,1,2,0,0,0,0,0,0,0,0,0,0,0,0,0,0,0,0,0,4,3,4,0,1,1,1,1,1,1,0,1,1,1,0,1,1,1,1,0,0,1,8,8,0,0,0,0,0,0,0,0,7,0,3,0,0,0,0,0,0,0,0,0,0,0,0,0,0,0,3,0,0,3,1,10205010,Maronite Church
Maronite Church,233855,3,0,0,0,0,0,0,1,0,0,8,0,7,7,0,2,0,1,1,0,1,1,0,0,0,0,0,0,0,0,2,0,0,0,7,1,2,0,0,0,0,0,0,0,0,0,0,0,0,0,0,0,0,0,3,4,2,0,1,2,1,1,1,1,0,1,1,1,0,1,1,1,1,0,0,1,8,8,0,0,0,0,0,0,0,0,2,0,3,0,0,0,0,0,0,0,0,0,0,0,0,0,0,0,3,0,0,2,1,10205010,Maronite Church
Maronite Church,233983,1,0,0,0,0,0,0,1,0,0,10,0,9,9,0,7,1,0,1,0,0,1,0,1,1,0,0,0,0,0,2,0,0,0,7,9,8,0,1,1,1,0,0,0,0,0,0,0,0,0,0,0,0,0,1,4,4,0,1,1,1,1,1,1,0,1,1,8,0,4,7,8,6,0,0,8,2,1,0,0,0,0,0,0,0,0,9,0,1,0,0,0,0,0,0,0,0,0,1,1,1,0,0,1,4,0,0,2,1,10205010,Maronite Church
Maronite Church,233024,1,0,0,0,0,0,0,1,0,0,9,0,5,5,0,1,1,0,0,0,0,1,0,0,1,1,1,0,0,0,2,0,0,0,6,6,8,0,0,0,0,0,0,0,0,0,0,0,0,0,0,0,0,0,3,4,1,0,1,1,1,2,1,1,0,1,1,1,0,1,3,1,1,0,0,1,2,2,0,0,0,0,0,0,0,0,6,0,2,0,0,0,0,0,0,0,0,0,0,0,0,0,0,0,3,0,0,3,1,10205010,Maronite Church
Maronite Church,234139,2,0,0,0,0,0,0,1,0,0,9,0,9,6,0,6,1,1,0,0,0,1,1,0,0,0,0,0,0,0,2,0,0,0,8,5,4,0,1,1,1,0,0,0,0,0,0,0,0,0,0,0,0,0,4,4,4,0,2,1,1,1,3,2,0,2,1,3,0,1,6,1,1,0,0,2,4,4,0,0,0,0,0,0,0,0,8,0,2,0,0,0,0,0,0,0,0,0,1,1,1,0,0,1,3,0,0,3,1,10205010,Maronite Church
Maronite Church,233516,2,0,0,0,0,0,0,1,0,0,6,0,7,8,0,2,1,1,1,0,0,1,1,0,0,0,0,0,0,0,2,0,0,0,7,4,4,0,1,1,1,0,0,0,0,0,0,0,0,0,0,0,0,0,2,3,2,0,1,2,3,1,1,1,0,2,2,2,0,2,2,1,2,0,0,2,3,2,0,0,0,0,0,0,0,0,7,0,2,0,0,0,0,0,0,0,0,0,1,1,1,0,0,0,2,0,0,2,1,10205010,Maronite Church
Maronite Church,233956,2,0,0,0,0,0,0,1,0,0,10,0,5,8,0,8,1,1,1,0,0,0,1,1,0,0,0,0,0,0,2,0,0,0,3,4,7,0,1,1,1,0,0,0,0,0,0,0,0,0,0,0,0,0,2,2,2,0,1,3,1,1,1,1,0,1,1,1,0,1,1,1,1,0,0,1,4,3,0,0,0,0,0,0,0,0,5,0,2,0,0,0,0,0,0,0,0,0,1,1,1,0,0,0,2,0,0,3,1,10205010,Maronite Church
Maronite Church,233036,2,0,0,0,0,0,0,1,0,0,10,0,1,1,0,4,1,0,1,1,0,1,0,0,0,1,0,0,0,0,2,0,0,0,6,6,5,0,1,1,1,0,0,0,0,0,0,0,0,0,0,0,0,0,3,3,1,0,5,7,5,4,4,3,0,8,5,4,0,9,4,6,6,0,0,5,2,1,0,0,0,0,0,0,0,0,6,0,2,0,0,0,0,0,0,0,0,0,1,1,1,0,0,0,2,0,0,2,1,10205010,Maronite Church
Maronite Church,233461,1,0,0,0,0,0,0,1,0,0,10,0,8,9,0,8,1,0,0,0,0,1,0,1,1,1,0,0,0,0,2,0,0,0,6,10,3,0,1,0,0,0,0,0,0,0,0,0,0,0,0,0,0,0,3,3,1,0,1,4,1,1,1,1,0,4,1,1,0,1,1,4,1,0,0,4,2,2,0,0,0,0,0,0,0,0,4,0,1,0,0,0,0,0,0,0,0,0,1,0,0,0,0,1,3,0,0,1,1,10205010,Maronite Church
Maronite Church,233010,1,0,0,0,0,0,0,1,0,0,10,0,8,8,0,3,1,0,1,0,0,1,0,1,0,1,0,0,0,0,2,0,0,0,7,8,4,0,1,1,1,0,0,0,0,0,0,0,0,0,0,0,0,0,4,4,2,0,1,1,1,1,1,1,0,1,1,1,0,9,4,1,1,0,0,3,1,1,0,0,0,0,0,0,0,0,8,0,2,0,0,0,0,0,0,0,0,0,1,1,1,0,0,0,2,0,0,2,1,10205010,Maronite Church
Maronite Church,233296,2,0,0,0,0,0,0,1,0,0,8,0,9,4,0,4,1,1,1,1,0,0,1,0,0,0,0,0,0,0,2,0,0,0,7,4,4,0,1,1,1,0,0,0,0,0,0,0,0,0,0,0,0,0,2,3,2,0,2,3,2,10,2,2,0,3,3,3,0,3,3,2,2,0,0,2,2,3,0,0,0,0,0,0,0,0,4,0,3,0,0,0,0,0,0,0,0,0,1,1,1,0,0,0,3,0,0,3,1,10205010,Maronite Church
Maronite Church,233513,2,0,0,0,0,0,0,1,0,0,10,0,7,4,0,4,1,1,1,1,0,0,1,0,0,0,0,0,0,0,2,0,0,0,7,4,3,0,1,1,1,0,0,0,0,0,0,0,0,0,0,0,0,0,2,3,2,0,2,2,2,2,3,1,0,2,2,2,0,2,2,1,2,0,0,2,2,3,0,0,0,0,0,0,0,0,7,0,3,0,0,0,0,0,0,0,0,0,1,1,1,0,0,0,3,0,0,3,1,10205010,Maronite Church
Maronite Church,233463,1,0,0,0,0,0,0,1,0,0,10,0,7,7,0,6,1,0,0,1,0,1,0,0,1,1,0,0,0,0,2,0,0,0,8,8,8,0,0,0,0,0,0,0,0,0,0,0,0,0,0,0,0,0,3,3,1,0,1,3,1,1,1,1,0,3,1,1,0,1,3,1,1,0,0,3,2,2,0,0,0,0,0,0,0,0,8,0,1,0,0,0,0,0,0,0,0,0,0,0,0,0,0,1,3,0,0,2,1,10205010,Maronite Church
Maronite Church,233470,1,0,0,0,0,0,0,1,0,0,9,0,7,7,0,2,1,1,0,1,1,1,0,0,0,0,0,0,0,0,2,0,0,0,7,6,8,0,1,1,1,0,0,0,0,0,0,0,0,0,0,0,0,0,3,4,2,0,2,3,1,1,1,1,0,1,2,1,0,4,6,1,1,0,0,7,4,1,0,0,0,0,0,0,0,0,3,0,2,0,0,0,0,0,0,0,0,0,1,1,1,0,0,1,4,0,0,2,1,10205010,Maronite Church
Maronite Church,233270,1,0,0,0,0,0,0,1,0,0,10,0,10,4,0,9,1,1,0,1,0,1,0,0,1,0,0,0,0,0,2,0,0,0,7,8,8,0,1,1,1,0,0,0,0,0,0,0,0,0,0,0,0,0,4,4,4,0,1,1,1,1,1,1,0,1,1,6,0,1,5,1,1,0,0,5,6,2,0,0,0,0,0,0,0,0,8,0,1,0,0,0,0,0,0,0,0,0,1,1,1,0,0,1,1,0,0,1,1,10205010,Maronite Church
Maronite Church,233553,1,0,0,0,0,0,0,1,0,0,10,0,10,10,0,0,1,0,1,1,0,1,0,1,0,0,0,0,0,0,2,0,0,0,6,6,6,0,1,1,1,0,0,0,0,0,0,0,0,0,0,0,0,0,1,4,1,0,1,8,1,4,1,1,0,1,5,1,0,1,5,4,1,0,0,1,2,1,0,0,0,0,0,0,0,0,10,0,1,0,0,0,0,0,0,0,0,0,1,1,1,0,0,0,1,0,0,2,1,10205010,Maronite Church
Maronite Church,233563,1,0,0,0,0,0,0,1,0,0,10,0,5,1,0,7,1,0,0,1,0,1,1,0,1,0,0,0,0,0,2,0,0,0,6,7,10,0,0,1,1,0,0,0,0,0,0,0,0,0,0,0,0,0,4,4,3,0,1,1,1,1,1,1,0,1,1,1,0,2,1,1,1,0,0,1,2,1,0,0,0,0,0,0,0,0,6,0,1,0,0,0,0,0,0,0,0,0,0,1,1,0,0,0,3,0,0,4,1,10205010,Maronite Church
Maronite Church,233981,1,0,0,0,0,0,0,1,0,0,8,0,8,3,0,5,0,1,1,0,0,1,0,0,0,1,1,0,0,0,2,0,0,0,7,7,3,0,1,1,1,0,0,0,0,0,0,0,0,0,0,0,0,0,2,2,4,0,2,3,3,1,2,2,0,3,3,3,0,1,1,1,1,0,0,1,2,2,0,0,0,0,0,0,0,0,5,0,2,1,2,0,0,0,0,0,0,0,1,1,1,0,0,0,2,0,0,3,1,10205010,Maronite Church
Maronite Church,233196,1,0,0,0,0,0,0,1,0,0,10,0,10,9,0,1,1,0,1,1,0,1,0,1,0,0,0,0,0,0,2,0,0,0,8,7,8,0,1,1,1,0,0,0,0,0,0,0,0,0,0,0,0,0,1,4,1,0,1,1,1,2,1,1,0,1,1,2,0,2,2,1,1,0,0,2,2,2,0,0,0,0,0,0,0,0,9,0,1,0,0,0,0,0,0,0,0,0,1,1,1,0,0,0,1,0,0,2,1,10205010,Maronite Church
Maronite Church,233900,1,0,0,0,0,0,0,1,0,0,10,0,10,10,0,0,1,0,1,1,0,0,0,1,1,0,0,0,0,0,2,0,0,0,6,6,6,0,1,1,1,0,0,0,0,0,0,0,0,0,0,0,0,0,3,4,1,0,1,0,1,2,2,1,0,1,5,5,0,1,3,1,1,0,0,1,2,2,0,0,0,0,0,0,0,0,10,0,1,0,0,0,0,0,0,0,0,0,1,1,1,0,0,0,1,0,0,2,1,10205010,Maronite Church
Maronite Church,233937,1,0,0,0,0,0,0,1,0,0,7,0,9,6,0,7,1,0,0,0,0,1,1,0,1,0,0,0,0,0,2,0,0,0,6,8,4,0,1,1,1,0,0,0,0,0,0,0,0,0,0,0,0,0,4,4,4,0,3,1,2,1,2,1,0,1,3,1,0,1,2,0,2,0,0,1,1,1,0,0,0,0,0,0,0,0,9,0,1,0,0,0,0,0,0,0,0,0,1,1,1,0,0,1,4,0,0,3,1,10205010,Maronite Church
Maronite Church,233502,1,0,0,0,0,0,0,1,0,0,6,0,7,8,0,2,0,1,0,1,0,1,1,1,0,0,0,0,0,0,2,0,0,0,6,6,2,0,0,1,1,0,0,0,0,0,0,0,0,0,0,0,0,0,4,4,3,0,4,2,9,1,1,1,0,8,7,5,0,8,8,0,7,0,0,7,0,0,0,0,0,0,0,0,0,0,7,0,3,0,0,0,0,0,0,0,0,0,0,1,1,0,0,1,0,0,0,2,1,10205010,Maronite Church
Maronite Church,233883,1,0,0,0,0,0,0,1,0,0,8,0,7,8,0,5,0,1,0,1,1,0,0,0,0,0,0,0,0,0,2,0,0,0,6,7,8,0,0,1,1,0,0,0,0,0,0,0,0,0,0,0,0,0,2,4,4,0,1,1,1,1,2,1,0,2,2,1,0,2,1,3,3,0,0,1,4,4,0,0,0,0,0,0,0,0,6,0,3,0,0,0,0,0,0,0,0,0,0,1,1,0,0,1,3,0,0,3,1,10205010,Maronite Church
Maronite Church,233858,2,0,0,0,0,0,0,1,0,0,6,0,7,7,0,2,0,1,0,0,1,0,0,0,0,0,0,0,0,0,2,0,0,0,8,2,2,0,0,0,0,0,0,0,0,0,0,0,0,0,0,0,0,0,2,3,3,0,2,3,2,2,2,2,0,2,2,2,0,2,2,2,2,0,0,2,8,8,0,0,0,0,0,0,0,0,2,0,3,0,0,0,0,0,0,0,0,0,0,0,0,0,0,0,3,0,0,3,1,10205010,Maronite Church
Maronite Church,233561,2,0,0,0,0,0,0,1,0,0,10,0,10,3,0,7,1,0,0,1,0,1,0,1,0,1,0,0,0,0,2,0,0,0,6,10,10,0,0,0,0,0,0,0,0,0,0,0,0,0,0,0,0,0,3,4,3,0,1,5,1,0,1,1,0,1,5,1,0,5,5,10,1,0,0,10,4,2,0,0,0,0,0,0,0,0,10,0,4,0,0,0,0,0,0,0,0,0,0,0,0,0,0,0,4,0,0,2,1,10205010,Maronite Church
Methodist,291109,3,1,0,0,0,0,0,0,0,0,4,0,0,0,0,0,0,1,1,0,0,0,1,1,0,0,0,0,0,0,1,0,0,0,7,8,1,9,0,0,0,0,0,0,0,0,0,0,0,1,0,0,2,0,0,4,0,0,0,1,0,0,0,0,2,2,1,6,5,8,8,8,5,0,0,0,7,0,0,0,0,0,1,0,0,0,0,0,0,0,0,0,4,2,3,2,0,0,0,0,0,0,0,0,0,0,0,0,2,20700000,Methodist
Methodist,291834,3,4,0,0,0,0,0,0,0,0,5,0,0,0,0,0,0,1,1,1,1,1,1,1,0,1,1,0,0,0,2,0,0,0,10,9,3,7,0,0,0,0,0,0,0,0,0,0,0,0,0,0,0,0,3,3,0,0,0,1,0,0,0,0,1,1,1,6,4,0,6,6,1,0,0,0,8,0,0,0,0,0,0,0,0,0,0,0,0,0,0,0,3,2,3,2,0,0,0,0,0,0,0,0,0,0,0,0,2,20700000,Methodist
Methodist,291223,4,3,0,0,0,0,0,0,0,0,2,0,0,0,0,0,0,1,0,1,0,1,0,1,0,0,0,0,0,0,1,0,0,0,8,10,3,9,0,0,0,0,0,0,0,0,0,0,0,1,0,0,0,0,4,4,0,0,0,1,0,0,0,0,1,1,1,8,6,6,9,7,1,0,0,0,8,0,0,0,0,0,0,0,0,0,0,0,0,0,0,0,4,1,4,1,0,0,0,0,0,0,0,0,0,0,0,2,2,20700000,Methodist
Methodist,52540,1,1,0,0,0,0,0,1,1,0,10,2,0,0,0,0,0,0,0,1,0,1,0,1,1,0,1,0,0,0,2,1,0,1,8,9,0,0,1,1,1,1,0,1,1,0,0,0,0,1,1,0,1,0,3,3,0,0,0,3,0,0,0,0,1,1,1,1,1,1,1,3,1,0,0,0,1,0,0,0,0,0,1,1,0,0,0,0,0,1,0,0,3,2,2,3,0,0,1,1,1,0,0,0,0,0,0,0,2,20700000,Methodist
Methodist,292116,3,2,0,0,0,0,0,0,0,0,0,0,5,7,0,3,0,1,0,0,0,1,0,1,0,1,0,0,0,0,0,2,0,0,10,10,5,6,0,0,0,0,0,0,0,0,0,0,0,0,0,0,0,0,3,3,3,0,0,1,1,2,1,0,1,1,1,5,1,5,6,2,1,0,0,1,7,0,0,0,0,0,0,0,0,0,6,2,3,0,1,0,0,0,0,0,0,0,0,0,0,0,0,0,3,3,2,0,2,20700000,Methodist
Methodist,292173,4,1,0,0,0,0,0,1,0,0,8,0,7,6,0,6,0,0,1,1,0,1,0,1,0,0,0,0,0,0,2,1,0,0,6,6,2,5,0,1,0,0,0,0,0,0,0,0,0,0,0,0,0,0,4,4,2,0,0,1,1,1,1,0,1,1,1,6,6,3,5,8,1,0,0,5,8,2,0,0,0,0,0,0,0,0,7,2,4,0,0,0,0,0,0,0,0,0,0,1,0,0,0,0,4,3,1,0,2,20700000,Methodist
Methodist,292758,2,3,0,0,0,0,0,1,0,0,7,0,8,7,0,7,0,0,0,0,0,1,1,0,0,1,0,1,0,0,2,2,0,0,8,8,4,6,0,0,0,0,0,0,0,0,0,0,0,0,0,0,0,0,0,0,0,0,0,1,1,1,1,0,1,1,1,5,5,5,9,1,1,0,0,9,6,4,0,0,0,0,0,0,0,0,7,2,0,0,1,0,0,0,0,0,0,0,0,0,0,0,0,0,3,3,2,0,2,20700000,Methodist
Methodist,292373,2,2,0,0,0,0,0,0,0,0,0,0,5,5,0,6,0,0,0,1,0,1,1,0,0,0,0,1,0,0,0,2,0,0,9,9,3,5,0,0,0,0,0,0,0,0,0,0,0,0,0,0,0,0,3,3,3,0,0,1,1,1,1,0,1,3,1,6,3,4,6,9,3,0,0,6,8,0,0,0,0,0,0,0,0,0,6,2,3,0,0,0,0,0,0,0,0,0,0,0,0,0,0,0,4,3,0,0,2,20700000,Methodist
Methodist,292279,4,4,0,0,0,0,0,0,0,0,2,0,8,7,0,5,0,0,1,1,0,1,0,1,0,0,0,0,0,0,1,2,0,0,8,8,4,7,0,0,0,0,0,0,0,0,0,0,0,0,0,0,0,0,0,3,3,0,0,2,1,1,2,0,3,2,2,8,6,6,6,7,6,0,0,9,8,8,0,0,0,0,0,0,0,0,3,2,4,0,0,0,0,0,0,0,0,0,0,0,0,0,0,0,4,2,2,0,2,20700000,Methodist
Methodist,291641,4,4,0,0,0,0,0,0,0,0,5,0,0,0,0,0,0,1,1,0,0,1,1,1,0,0,0,0,0,0,1,0,0,0,5,5,1,9,0,0,0,0,0,0,0,0,0,0,0,0,0,0,2,0,3,4,0,0,0,2,0,0,0,0,2,2,2,2,2,2,2,2,2,0,0,0,8,0,0,0,0,0,1,0,0,0,0,0,0,0,0,0,3,3,3,3,0,0,0,0,0,0,0,0,0,0,0,0,2,20700000,Methodist
Methodist,292804,3,2,0,0,0,0,0,1,0,0,8,0,8,6,0,5,0,1,0,1,1,1,0,1,0,0,1,1,0,0,1,2,0,0,9,8,4,7,0,0,0,0,0,0,0,0,0,0,0,0,0,0,0,0,3,3,3,0,0,1,1,1,1,0,5,1,1,7,7,8,8,8,3,0,0,8,7,3,0,0,0,0,0,0,0,0,6,2,3,0,0,0,0,0,0,0,0,0,0,0,0,0,0,0,3,3,2,0,2,20700000,Methodist
Methodist,409289,1,0,0,0,0,0,0,1,0,0,10,0,8,10,0,5,0,1,1,0,0,1,0,0,1,0,1,0,0,0,2,0,0,0,8,10,1,0,1,1,1,0,0,0,0,0,0,0,0,0,0,0,0,0,4,4,4,2,5,10,2,1,5,1,1,1,1,5,3,1,6,1,1,0,0,7,2,1,0,0,0,0,0,0,0,0,10,0,1,1,2,0,0,0,0,0,0,0,1,1,1,0,0,0,3,0,0,2,2,20700000,Methodist
Methodist,291464,4,4,0,0,0,0,0,0,0,0,2,0,0,0,0,0,0,0,1,1,1,1,0,1,0,0,0,0,0,0,1,0,0,0,4,4,1,7,0,0,0,0,0,0,0,0,0,0,0,1,0,0,2,0,0,3,0,0,0,1,0,0,0,0,3,1,1,5,10,6,6,9,3,0,0,0,8,0,0,0,0,0,0,0,0,0,0,0,0,0,0,0,4,2,5,2,0,0,0,0,0,0,0,0,0,0,0,2,2,20700000,Methodist
Methodist,291326,2,1,0,0,0,0,0,0,0,0,10,0,0,0,0,0,0,0,1,1,0,1,1,0,0,0,0,0,0,0,2,0,0,0,10,9,5,9,0,0,0,0,0,0,0,0,0,0,0,1,0,0,1,0,3,3,0,0,0,10,0,0,0,0,10,10,10,0,0,0,0,0,0,0,0,0,0,0,0,0,0,0,1,0,0,0,0,0,0,0,1,0,3,2,3,2,0,0,0,0,0,0,0,0,0,0,0,2,2,20700000,Methodist
Methodist,292433,3,1,0,0,0,0,0,1,0,0,7,0,8,7,0,8,0,1,1,0,0,1,0,0,0,1,0,0,0,0,1,2,0,0,6,6,1,9,0,0,0,0,0,0,0,0,0,0,0,0,0,0,0,0,0,0,0,0,0,1,1,1,2,0,1,1,1,1,1,7,7,1,1,0,0,1,8,4,0,0,0,0,0,0,0,0,7,2,3,0,1,0,0,0,0,0,0,0,0,0,0,0,0,0,3,3,1,0,2,20700000,Methodist
Methodist,291807,3,1,0,0,0,0,0,0,0,0,4,0,0,0,0,0,0,0,0,1,0,1,1,1,0,0,0,0,0,0,1,0,0,0,8,9,7,9,0,0,0,0,0,0,0,0,0,0,0,1,0,0,0,0,4,4,0,0,0,1,0,0,0,0,1,1,1,1,1,4,6,1,1,0,0,0,7,0,0,0,0,0,0,0,0,0,0,0,0,0,1,0,4,1,4,1,0,0,0,0,0,0,0,0,0,0,0,2,2,20700000,Methodist
Methodist,291207,3,4,0,0,0,0,0,0,0,0,3,0,0,0,0,0,0,1,1,1,0,1,0,0,0,0,0,0,0,0,1,0,0,0,10,10,3,7,0,0,0,0,0,0,0,0,0,0,0,1,0,0,2,0,3,4,0,0,0,1,0,0,0,0,1,1,1,5,7,7,8,8,3,0,0,0,8,0,0,0,0,0,0,0,0,0,0,0,0,0,0,0,4,2,4,2,0,0,0,0,0,0,0,0,0,0,0,1,2,20700000,Methodist
Methodist,291131,1,3,0,0,0,0,0,0,0,0,10,0,0,0,0,0,0,1,0,0,0,1,1,0,0,0,1,0,0,0,2,0,0,0,8,5,1,0,0,0,0,0,0,0,0,0,0,0,0,1,0,0,2,0,2,0,0,0,0,1,0,0,0,0,1,1,1,1,1,3,10,1,1,0,0,0,8,0,0,0,0,0,1,0,0,0,0,0,0,0,1,0,0,1,0,1,0,0,0,0,0,0,0,0,0,0,0,0,2,20700000,Methodist
Methodist,291817,1,3,0,0,0,0,0,0,0,0,8,0,0,0,0,0,0,1,1,1,1,1,1,1,1,1,1,0,0,0,1,0,0,0,10,9,5,5,0,0,0,0,0,0,0,0,0,0,0,0,0,0,2,0,3,3,0,0,0,0,0,0,0,0,0,0,0,0,0,0,0,0,0,0,0,0,8,0,0,0,0,0,1,0,0,0,0,0,0,0,1,0,0,0,0,0,0,0,0,0,0,0,0,0,0,0,0,0,2,20700000,Methodist
Methodist,291524,4,3,0,0,0,0,0,0,0,0,1,0,0,0,0,0,0,1,0,0,1,1,0,1,0,0,0,0,0,0,1,0,0,0,8,10,1,7,0,0,0,0,0,0,0,0,0,0,0,0,0,0,1,0,4,4,0,0,0,1,0,0,0,0,1,1,1,6,6,6,6,8,6,0,0,0,7,0,0,0,0,0,0,0,0,0,0,0,0,0,0,0,3,1,4,1,0,0,0,0,0,0,0,0,0,0,0,0,2,20700000,Methodist
Methodist,291770,3,3,0,0,0,0,0,0,0,0,2,0,0,0,0,0,0,0,0,1,0,1,0,1,0,1,0,0,0,0,1,0,0,0,8,8,5,9,0,0,0,0,0,0,0,0,0,0,0,1,0,1,2,0,3,3,0,0,0,1,0,0,0,0,2,2,1,1,5,7,9,9,3,0,0,0,4,0,0,0,0,0,1,0,0,0,0,0,0,0,0,0,4,1,4,1,0,0,0,0,0,0,0,0,0,0,0,0,2,20700000,Methodist
Methodist,291955,4,3,0,0,0,0,0,0,0,0,0,0,0,0,0,0,0,1,1,1,0,1,0,0,0,0,0,0,0,0,2,0,0,0,4,3,0,0,0,0,0,0,0,0,0,0,0,0,0,1,0,1,1,0,3,3,0,0,0,1,0,0,0,0,1,1,1,10,1,6,10,10,9,0,0,0,7,0,0,0,0,0,0,0,0,0,0,0,0,0,0,0,2,2,2,2,0,0,0,0,0,0,0,0,0,0,0,2,2,20700000,Methodist
Methodist,291943,3,3,0,0,0,0,0,0,0,0,1,0,0,0,0,0,0,1,0,1,1,1,0,1,0,0,0,0,0,0,2,0,0,0,9,10,3,9,0,0,0,0,0,0,0,0,0,0,0,0,0,0,0,0,4,4,0,0,0,1,0,0,0,0,1,1,1,7,7,6,9,9,7,0,0,0,8,0,0,0,0,0,0,0,0,0,0,0,0,0,1,0,4,2,4,3,0,0,0,0,0,0,0,0,0,0,0,0,2,20700000,Methodist
Methodist,291456,3,1,0,0,0,0,0,0,0,0,4,0,0,0,0,0,0,0,1,0,0,1,0,0,0,1,1,0,0,0,1,0,0,0,10,10,7,3,0,0,0,0,0,0,0,0,0,0,0,1,0,0,2,0,3,3,0,0,0,1,0,0,0,0,1,1,1,1,6,10,6,10,6,0,0,0,6,0,0,0,0,0,1,0,0,0,0,0,0,0,1,0,3,1,4,1,0,0,0,0,0,0,0,0,0,0,0,0,2,20700000,Methodist
Methodist,292752,4,3,0,0,0,0,0,0,0,0,0,0,8,8,0,6,0,0,1,1,0,1,0,0,0,0,1,0,0,0,2,2,0,0,9,8,7,6,0,0,0,0,0,0,0,0,0,0,0,0,0,0,0,0,3,3,3,0,0,1,1,1,1,0,1,1,1,5,5,5,5,8,5,0,0,5,8,0,0,0,0,0,0,0,0,0,5,0,3,0,0,0,0,0,0,0,0,0,0,0,0,0,0,0,3,4,2,0,2,20700000,Methodist
Methodist,292387,0,2,0,0,0,0,0,0,0,0,0,0,9,5,0,5,0,0,0,1,1,1,0,0,0,1,0,0,0,0,1,2,0,0,5,7,5,5,0,0,0,0,0,0,0,0,0,0,0,0,0,0,0,0,2,3,3,0,0,4,2,8,4,0,2,2,2,0,0,0,0,10,6,0,0,0,8,8,0,0,0,0,0,0,0,0,5,0,4,0,1,0,0,0,0,0,0,0,0,0,0,0,0,0,4,4,2,0,2,20700000,Methodist
Methodist,291789,3,3,0,0,0,0,0,0,0,0,7,0,0,0,0,0,0,0,0,0,0,0,0,0,0,0,0,0,0,0,0,0,0,0,10,10,3,10,0,0,0,0,0,0,0,0,0,0,0,0,0,0,2,0,3,4,0,0,0,1,0,0,0,0,1,1,1,0,1,5,8,3,1,0,0,0,7,0,0,0,0,0,1,0,0,0,0,0,0,0,0,0,3,2,3,3,0,0,0,0,0,0,0,0,0,0,0,0,2,20700000,Methodist
Methodist,291167,1,1,0,0,0,0,0,0,0,0,10,0,0,0,0,0,0,0,1,0,0,1,1,0,1,0,1,0,0,0,2,0,0,0,8,8,3,5,0,0,0,0,0,0,0,0,0,0,0,1,0,0,0,0,2,4,0,0,0,1,0,0,0,0,1,1,1,1,1,1,2,0,1,0,0,0,1,0,0,0,0,0,1,0,0,0,0,0,0,0,2,0,3,2,3,2,0,0,0,0,0,0,0,0,0,0,0,3,2,20700000,Methodist
Methodist,292743,4,0,0,0,0,0,0,1,0,0,1,0,4,7,0,3,0,0,1,1,1,1,0,0,0,0,0,0,0,0,2,2,0,0,6,10,5,7,0,0,0,0,0,0,0,0,0,0,0,0,0,0,0,0,4,4,3,0,0,1,1,1,1,0,1,1,1,8,4,4,3,10,1,0,0,10,8,8,0,0,0,0,0,0,0,0,7,3,3,0,0,0,0,0,0,0,0,0,0,0,0,0,0,0,3,4,1,0,2,20700000,Methodist
Methodist,292086,3,2,0,0,0,0,0,1,0,0,4,0,6,7,0,7,0,0,1,0,0,1,0,0,0,1,1,0,0,0,1,2,0,0,9,9,3,8,0,0,0,0,0,0,0,0,0,0,0,0,0,0,0,0,4,4,3,0,0,1,1,1,1,0,1,1,1,8,6,9,9,9,7,0,0,9,7,7,0,0,0,0,0,0,0,0,5,0,3,0,1,0,0,0,0,0,0,0,0,0,0,0,0,0,3,3,1,0,2,20700000,Methodist
Methodist,310564,2,0,0,0,0,0,0,1,0,0,10,0,10,10,0,1,0,0,1,1,1,1,0,0,0,1,0,0,0,0,1,0,0,0,10,1,1,0,1,1,1,0,0,0,0,0,0,0,0,0,0,0,0,0,2,2,2,2,1,1,1,6,4,2,1,3,2,6,3,2,1,10,8,0,0,9,2,3,0,0,0,0,0,0,0,0,1,0,2,1,2,0,0,0,0,0,0,0,1,1,1,0,0,0,1,0,0,1,2,20700000,Methodist
Methodist,292277,2,2,0,0,0,0,0,1,0,0,10,0,9,10,0,8,0,1,1,1,0,1,0,0,0,0,0,0,0,0,2,2,0,0,10,9,1,10,0,0,0,0,0,0,0,0,0,0,0,0,0,0,0,0,3,3,3,0,0,1,1,1,1,0,1,2,1,1,6,8,8,8,1,0,0,8,4,2,0,0,0,0,0,0,0,0,2,2,3,0,1,0,0,0,0,0,0,0,0,0,0,0,0,0,3,3,2,0,2,20700000,Methodist
Methodist,410361,1,0,0,0,0,0,0,1,0,0,8,0,10,10,0,8,0,1,1,1,1,1,0,0,0,0,0,0,0,0,1,0,0,0,8,5,8,0,0,0,0,0,0,0,0,0,0,0,0,0,0,0,0,0,3,3,3,2,7,1,1,2,4,4,1,1,1,9,2,7,7,7,7,0,0,7,1,1,0,0,0,0,0,0,0,0,3,0,4,1,2,0,0,0,0,0,0,0,0,0,0,0,0,0,4,0,0,2,2,20700000,Methodist
Methodist,291483,3,3,0,0,0,0,0,0,0,0,9,0,0,0,0,0,0,0,1,0,0,1,1,0,0,0,1,0,0,0,2,0,0,0,10,10,1,9,0,0,0,0,0,0,0,0,0,0,0,1,0,0,0,0,3,3,0,0,0,1,0,0,0,0,1,1,1,1,5,10,10,8,1,0,0,0,7,0,0,0,0,0,1,0,0,0,0,0,0,0,1,0,3,1,3,3,0,0,0,0,0,0,0,0,0,0,0,2,2,20700000,Methodist
Methodist,292751,1,1,0,0,0,0,0,1,0,0,8,0,3,6,0,2,0,1,1,1,0,0,0,0,0,0,0,0,0,0,2,0,0,0,0,10,7,4,0,0,0,0,0,0,0,0,0,0,0,0,0,0,0,0,0,0,3,0,0,0,0,1,1,0,5,3,4,0,0,0,1,2,1,0,0,7,3,2,0,0,0,0,0,0,0,0,7,0,2,0,2,0,0,0,0,0,0,0,0,0,0,0,0,0,1,1,3,0,2,20700000,Methodist
Methodist,291554,0,1,0,0,0,0,0,0,0,0,5,0,0,0,0,0,0,0,0,0,0,0,0,0,0,0,0,0,0,0,0,0,0,0,10,10,1,10,0,0,0,0,0,0,0,0,0,0,0,0,0,0,1,0,3,4,0,0,0,1,0,0,0,0,1,1,1,8,8,1,8,10,1,0,0,0,8,0,0,0,0,0,1,0,0,0,0,0,0,0,0,0,4,2,4,1,0,0,0,0,0,0,0,0,0,0,0,0,2,20700000,Methodist
Methodist,292048,2,2,0,0,0,0,0,1,0,0,10,0,5,5,0,5,0,1,1,0,1,0,0,1,0,0,1,0,0,0,2,1,0,0,8,8,5,4,0,1,0,0,0,0,0,0,0,0,0,0,0,0,0,0,3,3,3,0,0,1,1,1,1,0,7,1,1,5,5,5,5,5,1,0,0,5,7,2,0,0,0,0,0,0,0,0,5,2,3,0,0,0,0,0,0,0,0,0,0,1,0,0,0,0,3,3,3,0,2,20700000,Methodist
Methodist,291388,2,4,0,0,0,0,0,0,0,0,5,0,0,0,0,0,0,1,0,1,0,1,1,0,0,0,0,0,0,0,2,0,0,0,5,6,7,3,0,0,0,0,0,0,0,0,0,0,0,1,0,1,0,0,3,3,0,0,0,10,0,0,0,0,10,10,0,0,0,0,0,0,0,0,0,0,8,0,0,0,0,0,0,0,0,0,0,0,0,0,1,0,3,2,3,0,0,0,0,0,0,0,0,0,0,0,0,0,2,20700000,Methodist
Methodist,292396,3,1,0,0,0,0,0,1,0,0,8,0,8,8,0,3,0,1,0,0,0,1,0,1,0,0,1,0,0,0,2,0,0,0,9,10,1,9,0,0,0,0,0,0,0,0,0,0,0,0,0,0,0,0,3,3,0,0,0,1,1,1,1,0,1,1,1,1,1,5,1,5,1,0,0,5,7,3,0,0,0,0,0,0,0,0,6,0,3,0,1,0,0,0,0,0,0,0,0,0,0,0,0,0,3,2,2,0,2,20700000,Methodist
Methodist,291092,4,4,0,0,0,0,0,0,0,0,3,0,0,0,0,0,0,1,0,1,0,1,1,1,0,0,0,0,0,0,1,0,0,0,9,8,3,9,0,0,0,0,0,0,0,0,0,0,0,1,0,0,0,0,2,2,0,0,0,1,0,0,0,0,3,2,1,8,7,3,4,8,8,0,0,0,4,0,0,0,0,0,0,0,0,0,0,0,0,0,0,0,3,3,2,2,0,0,0,0,0,0,0,0,0,0,0,3,2,20700000,Methodist
Methodist,291457,3,1,0,0,0,0,0,0,0,0,3,0,0,0,0,0,0,0,0,1,0,1,0,0,0,0,1,0,0,0,2,0,0,0,0,0,0,0,0,0,0,0,0,0,0,0,0,0,0,1,0,0,0,0,0,3,0,0,0,1,0,0,0,0,1,1,1,3,1,4,6,2,1,0,0,0,8,0,0,0,0,0,0,0,0,0,0,0,0,0,0,0,4,2,0,0,0,0,0,0,0,0,0,0,0,0,0,0,2,20700000,Methodist
Methodist,291908,2,3,0,0,0,0,0,0,0,0,6,0,0,0,0,0,0,1,1,1,0,1,0,0,0,0,0,0,0,0,2,0,0,0,0,0,5,5,0,0,0,0,0,0,0,0,0,0,0,1,0,0,2,0,3,3,0,0,0,1,0,0,0,0,1,5,1,0,0,5,5,5,5,0,0,0,7,0,0,0,0,0,1,0,0,0,0,0,0,0,1,0,4,2,1,2,0,0,0,0,0,0,0,0,0,0,0,0,2,20700000,Methodist
Methodist,291202,2,1,0,0,0,0,0,0,0,0,10,0,0,0,0,0,0,1,1,1,0,0,0,0,0,0,1,0,0,0,1,0,0,0,7,6,3,9,0,0,0,0,0,0,0,0,0,0,0,1,0,0,0,0,2,3,0,0,0,1,0,0,0,0,1,1,1,0,1,1,0,0,0,0,0,0,2,0,0,0,0,0,1,0,0,0,0,0,0,0,2,0,2,2,3,2,0,0,0,0,0,0,0,0,0,0,0,1,2,20700000,Methodist
Methodist,292699,1,2,0,0,0,0,0,1,0,0,10,0,5,5,0,5,0,0,0,0,0,0,0,0,0,0,0,0,0,0,0,0,0,0,1,1,4,5,0,1,0,0,0,0,0,0,0,0,0,0,0,0,0,0,3,2,2,0,0,6,2,4,2,0,5,2,1,6,1,1,4,2,1,0,0,4,1,3,0,0,0,0,0,0,0,0,10,3,1,0,0,0,0,0,0,0,0,0,0,1,0,0,0,0,3,2,1,0,2,20700000,Methodist
Methodist,291154,2,1,0,0,0,0,0,0,0,0,10,0,0,0,0,0,0,0,0,1,0,1,0,0,1,0,1,0,0,0,2,0,0,0,5,7,0,9,0,0,0,0,0,0,0,0,0,0,0,1,0,0,0,0,3,4,0,0,0,9,0,0,0,0,8,8,9,10,10,10,10,9,10,0,0,0,1,0,0,0,0,0,1,0,0,0,0,0,0,0,2,0,2,1,1,2,0,0,0,0,0,0,0,0,0,0,0,1,2,20700000,Methodist
Methodist,291874,3,4,0,0,0,0,0,0,0,0,3,0,0,0,0,0,0,1,0,1,1,1,0,0,0,0,0,0,0,0,1,0,0,0,10,9,3,5,0,0,0,0,0,0,0,0,0,0,0,0,0,0,2,0,3,3,0,0,0,1,0,0,0,0,1,2,1,5,2,5,5,5,2,0,0,0,8,0,0,0,0,0,0,0,0,0,0,0,0,0,0,0,4,1,5,1,0,0,0,0,0,0,0,0,0,0,0,0,2,20700000,Methodist
Methodist,307020,2,1,0,0,0,0,0,1,1,0,10,1,0,0,0,0,1,1,0,0,0,1,1,0,1,0,0,0,4,3,2,0,0,1,6,2,1,7,1,0,1,1,0,1,1,0,0,0,0,1,1,0,0,2,3,3,0,0,0,3,0,0,0,0,5,3,1,1,8,4,1,1,1,0,0,0,2,0,1,0,0,0,0,0,0,0,0,0,0,0,0,0,0,0,0,0,1,0,1,0,1,0,0,0,0,0,0,0,2,20700000,Methodist
Methodist,292405,1,1,0,0,0,0,0,1,0,0,10,0,3,5,0,5,0,0,0,1,0,1,0,0,1,1,0,0,0,0,1,2,0,0,3,3,9,4,0,0,0,0,0,0,0,0,0,0,0,0,0,0,0,0,2,2,1,0,0,2,1,1,1,0,2,2,1,5,5,1,5,1,2,0,0,5,2,1,0,0,0,0,0,0,0,0,5,2,2,0,2,0,0,0,0,0,0,0,0,0,0,0,0,0,3,2,2,0,2,20700000,Methodist
Methodist,292165,0,2,0,0,0,0,0,0,0,0,1,0,10,10,0,0,0,0,0,0,0,0,0,0,0,0,0,0,0,0,0,0,0,0,10,10,1,10,0,0,0,0,0,0,0,0,0,0,0,0,0,0,0,0,3,2,3,0,0,1,1,1,1,0,1,1,1,1,1,10,10,1,1,0,0,1,8,4,0,0,0,0,0,0,0,0,10,0,3,0,0,0,0,0,0,0,0,0,0,0,0,0,0,0,3,3,1,0,2,20700000,Methodist
Methodist,409925,1,0,0,0,0,0,0,1,0,0,10,0,9,9,0,2,0,0,1,1,0,0,1,1,1,0,0,0,0,0,1,0,0,0,9,9,2,0,1,1,1,0,0,0,0,0,0,0,0,0,0,0,0,0,2,3,3,4,1,1,1,1,1,1,1,1,1,1,1,1,5,1,1,0,0,1,1,1,0,0,0,0,0,0,0,0,4,0,3,1,2,0,0,0,0,0,0,0,1,1,1,0,0,0,2,0,0,1,2,20700000,Methodist
Mormons,291702,1,1,0,0,0,0,0,0,0,0,10,0,0,0,0,0,0,1,1,1,1,1,1,1,1,1,1,0,0,0,1,0,0,0,0,0,1,7,0,0,0,0,0,0,0,0,0,0,0,1,0,0,2,0,3,3,0,0,0,1,0,0,0,0,1,1,1,1,1,1,6,7,1,0,0,0,1,0,0,0,0,0,1,0,0,0,0,0,0,0,2,0,2,2,3,1,0,0,0,0,0,0,0,0,0,0,0,1,8,80213122,Mormons
Mormons,307937,1,1,0,0,0,0,0,1,1,0,10,1,0,0,0,0,0,1,0,0,0,1,1,0,1,1,0,0,0,0,1,2,0,1,6,5,0,0,1,1,1,1,0,1,1,0,0,0,0,1,1,0,1,0,2,2,0,0,0,2,0,0,0,0,2,1,1,1,1,1,1,1,1,0,0,0,1,0,0,0,0,0,1,1,0,0,0,0,0,1,0,0,2,2,2,2,0,0,1,1,1,0,0,0,0,0,0,0,8,80213122,Mormons
Mormons,41640,1,0,0,0,0,0,0,1,0,0,10,0,10,0,0,5,1,0,1,0,0,1,0,0,1,0,1,0,0,0,2,0,0,0,6,3,1,0,1,1,1,0,0,0,0,0,0,0,0,0,0,0,0,0,4,1,3,5,5,10,1,1,1,1,1,1,1,8,4,1,4,1,1,0,0,1,1,1,0,0,0,0,0,0,0,0,3,0,3,1,2,0,0,0,0,0,0,0,1,1,1,0,0,1,2,0,0,3,8,80213122,Mormons
Mormons,291058,1,1,0,0,0,0,0,0,0,0,10,0,0,0,0,0,0,1,1,1,1,1,1,1,1,1,1,0,0,0,1,0,0,0,10,10,1,10,0,0,0,0,0,0,0,0,0,0,0,1,0,0,0,0,3,4,0,0,0,1,0,0,0,0,1,1,1,1,1,4,4,1,1,0,0,0,1,0,0,0,0,0,1,0,0,0,0,0,0,0,2,0,3,1,3,1,0,0,0,0,0,0,0,0,0,0,0,0,8,80213122,Mormons
Mormons,42835,2,0,0,0,0,0,0,1,0,0,10,0,6,6,0,7,1,0,0,1,0,1,1,0,0,1,0,0,0,0,2,0,0,0,10,9,3,0,1,1,1,0,0,0,0,0,0,0,0,0,0,0,0,0,3,3,2,3,2,6,1,1,1,1,5,1,1,2,1,1,3,1,1,0,0,5,7,2,0,0,0,0,0,0,0,0,8,0,3,1,1,0,0,0,0,0,0,0,1,1,1,0,0,0,3,0,0,2,8,80213122,Mormons
Mormons,258330,1,1,0,0,0,0,0,1,0,0,10,0,9,10,0,7,0,0,1,1,0,1,0,0,0,0,1,0,0,0,1,0,2,0,10,5,7,9,0,1,0,0,0,0,0,0,0,0,0,0,0,0,0,0,3,4,3,0,0,1,1,1,1,0,1,1,1,1,1,9,1,1,1,0,0,1,2,1,0,0,0,0,0,0,0,0,4,3,1,0,2,0,0,0,0,0,0,0,0,1,0,0,0,0,2,3,2,1,8,80213122,Mormons
Mormons,53115,2,2,0,0,0,0,0,1,1,0,6,2,0,0,0,0,0,1,1,1,0,1,1,0,0,0,0,0,0,0,2,1,0,2,7,6,0,0,1,0,1,1,0,2,3,0,0,0,0,1,0,1,2,0,3,3,0,0,0,1,0,0,0,0,1,1,1,0,1,0,8,8,0,0,0,0,8,0,0,0,0,0,1,4,0,0,0,0,0,0,0,0,3,2,3,3,0,0,1,0,1,0,0,0,0,0,0,0,8,80213122,Mormons
Mormons,51941,1,1,0,0,0,0,0,1,1,0,10,2,0,0,0,0,0,0,1,1,0,1,0,0,1,0,1,0,0,0,1,0,0,2,10,10,0,0,1,1,1,1,0,1,1,0,0,0,0,1,0,0,2,0,4,4,0,0,0,1,0,0,0,0,10,1,1,8,1,9,9,9,2,0,0,0,2,0,0,0,0,0,1,1,0,0,0,0,0,1,0,0,5,1,3,1,0,0,1,1,1,0,0,0,0,0,0,0,8,80213122,Mormons
Mormons,111668,1,0,0,0,0,0,0,1,0,0,10,0,1,5,0,5,1,0,0,1,1,0,0,0,1,0,1,0,0,0,2,0,0,0,5,5,1,0,1,1,1,0,0,0,0,0,0,0,0,0,0,0,0,0,3,3,3,4,5,5,5,5,5,10,1,1,10,5,5,10,10,0,10,0,0,10,2,1,0,0,0,0,0,0,0,0,5,0,1,1,2,0,0,0,0,0,0,0,1,1,1,0,0,0,1,0,0,2,8,80213122,Mormons
Mormons,308731,1,1,0,0,0,0,0,1,1,0,10,2,0,0,0,0,0,1,1,1,0,0,0,1,1,0,0,0,0,0,2,1,0,1,10,7,0,0,1,1,1,1,0,1,1,0,0,0,0,1,1,0,0,0,1,1,0,0,0,1,0,0,0,0,1,1,10,10,10,10,10,10,10,0,0,0,2,0,0,0,0,0,1,1,0,0,0,0,0,1,0,0,1,2,2,2,0,0,1,1,1,0,0,0,0,0,0,0,8,80213122,Mormons
Mormons,292629,1,1,0,0,0,0,0,1,0,0,10,0,5,10,0,10,0,1,1,1,1,1,1,1,1,1,1,1,0,0,1,2,0,0,6,10,1,8,0,1,0,0,0,0,0,0,0,0,0,0,0,0,0,0,1,4,1,0,0,1,1,1,1,0,1,1,1,1,1,4,8,1,1,0,0,10,2,7,0,0,0,0,0,0,0,0,10,2,4,0,1,0,0,0,0,0,0,0,0,1,0,0,0,0,4,3,2,0,8,80213122,Mormons
Mormons,51600,2,3,0,0,0,0,0,1,1,0,7,2,0,0,0,0,0,1,0,1,0,1,1,1,0,0,0,0,0,0,1,2,0,1,3,7,0,0,0,1,0,0,0,1,1,0,0,0,0,0,0,0,2,0,3,4,0,0,0,1,0,0,0,0,4,1,1,7,7,8,8,7,7,0,0,0,8,0,0,0,0,0,0,6,0,0,0,0,0,0,0,0,1,1,5,1,0,0,0,1,0,0,0,0,0,0,0,0,8,80213122,Mormons
Mormons,258673,1,1,0,0,0,0,0,1,0,0,10,0,1,10,0,1,0,0,1,1,0,1,1,0,0,0,1,0,0,0,2,0,7,0,10,10,6,6,0,1,0,0,0,0,0,0,0,0,0,0,0,0,0,0,4,4,4,0,0,1,1,1,1,0,1,1,1,1,1,1,1,1,1,0,0,1,1,2,0,0,0,0,0,0,0,0,10,3,4,0,1,0,0,0,0,0,0,0,0,1,0,0,0,0,2,4,2,3,8,80213122,Mormons
Mormons,51991,1,1,0,0,0,0,0,1,1,0,10,2,0,0,0,0,0,0,1,1,0,1,0,0,1,1,0,0,0,0,1,2,0,1,8,9,0,0,1,1,1,1,0,1,1,0,0,0,0,0,0,0,0,0,2,4,0,0,0,1,0,0,0,0,1,1,1,5,5,1,4,1,1,0,0,0,1,0,0,0,0,0,1,1,0,0,0,0,0,1,0,0,4,4,4,4,0,0,1,1,1,0,0,0,0,0,0,0,8,80213122,Mormons
Mormons,257822,1,2,0,0,0,0,0,1,0,0,10,0,6,8,0,5,0,0,1,1,0,1,0,1,0,0,0,1,0,0,1,0,8,0,10,10,1,10,0,1,0,0,0,0,0,0,0,0,0,0,0,0,0,0,1,4,4,0,0,1,1,5,5,0,1,1,1,1,5,5,1,1,5,0,0,1,2,1,0,0,0,0,0,0,0,0,10,2,3,0,2,0,0,0,0,0,0,0,0,1,0,0,0,1,2,4,1,2,8,80213122,Mormons
Mormons,291614,1,3,0,0,0,0,0,0,0,0,10,0,0,0,0,0,0,0,1,1,0,0,0,0,1,0,0,0,0,0,1,0,0,0,7,7,3,2,0,0,0,0,0,0,0,0,0,0,0,1,0,0,0,0,0,3,0,0,0,7,0,0,0,0,3,2,2,2,2,2,5,2,2,0,0,0,1,0,0,0,0,0,1,0,0,0,0,0,0,0,2,0,4,4,2,4,0,0,0,0,0,0,0,0,0,0,0,2,8,80213122,Mormons
Mormons,41983,3,0,0,0,0,0,0,1,0,0,10,0,5,8,0,8,1,0,0,1,0,1,0,0,1,0,1,0,0,0,2,0,0,0,7,7,1,0,1,1,1,0,0,0,0,0,0,0,0,0,0,0,0,0,3,3,3,3,0,6,1,5,1,1,10,1,1,1,1,1,5,10,1,0,0,1,8,3,0,0,0,0,0,0,0,0,8,0,3,0,0,0,0,0,0,0,0,0,1,1,1,0,0,0,2,0,0,4,8,80213122,Mormons
Mormons,109901,3,3,0,0,0,0,0,1,0,0,6,0,6,4,0,5,0,1,1,0,0,1,0,1,0,1,0,0,0,0,2,0,6,0,7,6,4,4,0,1,0,0,0,0,0,0,0,0,0,0,0,0,0,0,1,2,1,0,0,3,1,2,1,0,2,3,2,2,3,2,3,3,3,0,0,2,2,2,0,0,0,0,0,0,0,0,6,3,2,0,0,0,0,0,0,0,0,0,0,1,0,0,0,0,3,3,3,2,8,80213122,Mormons
Mormons,291489,2,1,0,0,0,0,0,0,0,0,10,0,0,0,0,0,0,0,1,0,0,0,0,0,1,0,1,0,0,0,2,0,0,0,9,9,5,7,0,0,0,0,0,0,0,0,0,0,0,1,0,0,0,0,0,4,0,0,0,1,0,0,0,0,1,1,1,1,1,1,5,1,1,0,0,0,1,0,0,0,0,0,1,0,0,0,0,0,0,0,2,0,4,2,2,2,0,0,0,0,0,0,0,0,0,0,0,0,8,80213122,Mormons
Mormons,51501,1,1,0,0,0,0,0,1,1,0,10,2,0,0,0,0,0,1,0,0,0,1,0,1,1,1,0,0,0,0,2,1,0,2,7,8,0,0,1,1,1,1,0,2,1,0,0,0,0,0,0,0,0,0,3,3,0,0,0,1,0,0,0,0,1,1,1,0,1,1,5,5,1,0,0,0,2,0,0,0,0,0,1,1,0,0,0,0,0,1,0,0,3,3,2,4,0,0,1,1,1,0,0,0,0,0,0,0,8,80213122,Mormons
Mormons,43513,1,0,0,0,0,0,0,1,0,0,9,0,7,8,0,9,1,0,1,1,0,1,0,1,0,0,0,0,0,0,2,0,0,0,9,8,5,0,1,1,1,0,0,0,0,0,0,0,0,0,0,0,0,0,4,4,2,2,1,8,1,1,1,1,3,4,1,5,1,1,1,1,1,0,0,1,1,2,0,0,0,0,0,0,0,0,9,0,2,1,2,0,0,0,0,0,0,0,1,1,1,0,0,0,3,0,0,3,8,80213122,Mormons
Mormons,257796,2,4,0,0,0,0,0,1,0,0,10,0,7,7,0,7,0,1,0,1,0,0,0,1,0,0,0,1,0,0,2,0,6,0,8,10,8,8,0,1,0,0,0,0,0,0,0,0,0,0,0,0,0,0,3,3,3,0,0,3,1,1,8,0,7,4,3,0,7,7,10,4,2,0,0,8,2,1,0,0,0,0,0,0,0,0,5,2,3,0,2,0,0,0,0,0,0,0,0,1,0,0,0,0,3,3,1,4,8,80213122,Mormons
Mormons,42137,1,0,0,0,0,0,0,1,0,0,10,0,9,8,0,8,1,0,0,0,0,1,1,0,1,0,1,0,0,0,2,0,0,0,9,10,9,0,1,1,1,0,0,0,0,0,0,0,0,0,0,0,0,0,3,3,2,4,1,2,1,1,1,1,0,1,1,1,1,1,5,0,1,0,0,1,2,1,0,0,0,0,0,0,0,0,10,0,4,1,2,0,0,0,0,0,0,0,1,1,1,0,0,0,1,0,0,2,8,80213122,Mormons
Mormons,291196,3,3,0,0,0,0,0,0,0,0,5,0,0,0,0,0,0,1,1,0,1,1,0,0,0,0,0,0,0,0,2,0,0,0,9,10,1,10,0,0,0,0,0,0,0,0,0,0,0,1,0,0,0,0,3,4,0,0,0,1,0,0,0,0,1,1,1,2,2,10,10,10,2,0,0,0,7,0,0,0,0,0,1,0,0,0,0,0,0,0,1,0,3,1,3,1,0,0,0,0,0,0,0,0,0,0,0,0,8,80213122,Mormons
Mormons,109927,2,3,0,0,0,0,0,1,0,0,10,0,9,7,0,1,0,0,0,1,1,1,0,0,1,1,0,0,0,0,2,0,9,0,9,10,1,10,0,1,0,0,0,0,0,0,0,0,0,0,0,0,0,0,3,3,2,0,0,1,1,1,1,0,1,1,1,1,1,1,1,1,1,0,0,1,2,1,0,0,0,0,0,0,0,0,10,3,3,0,2,0,0,0,0,0,0,0,0,1,0,0,0,0,4,2,2,4,8,80213122,Mormons
Mormons,292604,3,1,0,0,0,0,0,1,0,0,6,0,5,5,0,5,0,0,0,1,1,1,0,0,0,0,0,1,0,0,2,0,0,0,7,5,5,4,0,0,0,0,0,0,0,0,0,0,0,0,0,0,0,0,4,4,4,0,0,6,1,1,3,0,1,7,7,10,10,4,10,10,1,0,0,10,4,7,0,0,0,0,0,0,0,0,6,2,4,0,1,0,0,0,0,0,0,0,0,0,0,0,0,0,4,3,1,0,8,80213122,Mormons
Mormons,258952,1,1,0,0,0,0,0,1,0,0,10,0,9,9,0,8,0,0,1,1,0,0,1,0,1,0,1,0,0,0,2,0,9,0,10,10,2,8,0,1,0,0,0,0,0,0,0,0,0,0,0,0,0,0,3,3,1,0,0,5,1,1,1,0,1,1,1,1,1,1,1,1,1,0,0,1,1,1,0,0,0,0,0,0,0,0,9,3,4,0,2,0,0,0,0,0,0,0,0,1,0,0,0,0,2,1,2,2,8,80213122,Mormons
Mormons,292628,1,1,0,0,0,0,0,1,0,0,10,0,8,8,0,7,0,1,0,0,1,1,0,1,1,0,0,0,0,0,2,1,0,0,8,8,1,9,0,0,0,0,0,0,0,0,0,0,0,0,0,0,0,0,3,3,3,0,0,1,1,1,1,0,1,1,1,1,1,1,6,1,1,0,0,3,1,1,0,0,0,0,0,0,0,0,10,2,2,0,2,0,0,0,0,0,0,0,0,0,0,0,0,0,2,3,2,0,8,80213122,Mormons
Mormons,256960,1,2,0,0,0,0,0,0,0,0,10,0,8,9,9,0,0,0,0,1,0,1,1,0,1,0,1,0,0,0,2,0,8,0,10,10,1,10,0,0,0,0,10,0,0,0,0,0,0,1,0,0,1,0,3,3,0,0,0,1,0,0,0,0,1,1,1,1,1,1,1,1,1,0,0,0,1,0,0,0,0,0,1,0,0,0,3,0,0,0,2,0,4,2,4,2,0,0,0,0,0,0,0,0,0,0,0,3,8,80213122,Mormons
Mormons,256481,1,3,0,0,0,0,0,0,0,0,10,0,8,8,3,0,0,0,0,1,1,1,0,0,0,1,1,0,0,0,2,0,10,0,9,9,1,10,0,0,0,0,1,0,0,0,0,0,0,1,0,1,1,0,3,3,0,0,0,1,0,0,0,0,1,1,1,10,1,1,10,10,1,0,0,0,2,0,0,0,0,0,1,0,0,0,9,0,0,0,2,0,1,2,4,4,0,0,0,0,0,0,0,0,0,0,0,4,8,80213122,Mormons
Mormons,308394,1,1,0,0,0,0,0,1,1,0,10,1,0,0,0,0,0,0,0,1,0,1,0,1,1,1,0,0,0,0,2,2,0,1,10,8,0,0,1,1,1,1,0,1,1,0,0,0,0,1,1,0,0,0,2,2,0,0,0,6,0,0,0,0,2,4,4,2,2,2,2,2,2,0,0,0,2,0,0,0,0,0,1,1,0,0,0,0,0,1,0,0,3,1,2,2,0,0,1,1,1,0,0,0,0,0,0,0,8,80213122,Mormons
Mormons,308546,1,1,0,0,0,0,0,1,0,0,8,2,0,0,0,0,0,1,1,0,0,0,0,0,1,1,1,0,0,0,2,2,0,1,6,10,0,0,1,1,1,1,0,1,1,0,0,0,0,1,1,0,0,0,1,1,0,0,0,1,0,0,0,0,1,1,1,1,1,1,1,1,1,0,0,0,1,0,0,0,0,0,1,1,0,0,0,0,0,0,0,0,1,1,1,1,0,0,1,1,1,0,0,0,0,0,0,0,8,80213122,Mormons
Mormons,52628,1,2,0,0,0,0,0,1,1,0,9,2,0,0,0,0,0,1,0,0,1,1,0,0,1,1,0,0,0,0,2,0,0,1,8,6,0,0,0,0,0,1,0,1,1,0,0,0,0,1,0,0,0,0,2,4,0,0,0,2,0,0,0,0,1,1,1,7,1,3,6,4,1,0,0,0,4,0,0,0,0,0,1,4,0,0,0,0,0,0,0,0,4,2,4,0,0,0,0,0,0,0,0,0,0,0,0,0,8,80213122,Mormons
Mormons,112128,1,0,0,0,0,0,0,1,0,0,10,0,3,3,0,10,0,0,0,1,0,1,1,0,1,0,1,0,0,0,2,0,0,0,10,5,3,0,1,1,1,0,0,0,0,0,0,0,0,0,0,0,0,0,2,2,3,0,1,5,1,1,1,1,5,1,1,1,1,1,1,1,1,0,0,1,3,1,0,0,0,0,0,0,0,0,5,0,2,0,0,0,0,0,0,0,0,0,1,1,1,0,0,0,2,0,0,3,8,80213122,Mormons
Mormons,111677,1,0,0,0,0,0,0,1,0,0,10,0,7,4,0,3,1,0,0,1,0,1,0,0,0,1,1,0,0,0,2,0,0,0,7,6,6,0,1,0,1,0,0,0,0,0,0,0,0,0,0,0,0,0,3,2,2,3,2,2,2,2,2,2,2,1,2,2,2,1,4,4,2,0,0,3,1,1,0,0,0,0,0,0,0,0,3,0,2,1,1,0,0,0,0,0,0,0,1,0,1,0,0,0,2,0,0,2,8,80213122,Mormons
Mormons,111513,1,0,0,0,0,0,0,1,0,0,10,0,10,5,0,0,1,0,1,0,0,1,0,0,1,0,1,0,0,0,2,0,0,0,10,10,1,0,1,1,1,0,0,0,0,0,0,0,0,0,0,0,0,0,3,3,3,4,1,5,1,5,1,1,1,1,1,5,5,1,5,1,5,0,0,5,1,1,0,0,0,0,0,0,0,0,1,0,2,1,2,0,0,0,0,0,0,0,1,1,1,0,0,0,3,0,0,3,8,80213122,Mormons
Mormons,291165,1,1,0,0,0,0,0,0,0,0,8,0,0,0,0,0,0,0,0,0,0,0,0,0,0,0,0,0,0,0,0,0,0,0,0,0,7,3,0,0,0,0,0,0,0,0,0,0,0,0,0,0,0,0,0,0,0,0,0,2,0,0,0,0,3,5,1,8,4,5,8,2,2,0,0,0,2,0,0,0,0,0,1,0,0,0,0,0,0,0,0,0,4,4,4,3,0,0,0,0,0,0,0,0,0,0,0,0,8,80213122,Mormons
Mormons,51890,1,1,0,0,0,0,0,1,1,0,10,2,0,0,0,0,0,0,0,1,0,1,0,1,1,0,1,0,0,0,1,2,0,1,6,6,0,0,1,1,1,1,0,1,1,0,0,0,0,1,1,0,0,0,3,3,0,0,0,10,0,0,0,0,10,10,10,0,10,0,0,1,0,0,0,0,2,0,0,0,0,0,1,1,0,0,0,0,0,1,0,0,5,1,1,1,0,0,1,1,1,0,0,0,0,0,0,0,8,80213122,Mormons
Mormons,257249,1,1,0,0,0,0,0,0,0,0,10,0,10,10,10,0,0,1,0,1,0,1,1,0,0,0,1,0,0,0,2,0,4,0,8,10,5,1,0,0,0,0,10,0,0,0,0,0,0,1,0,0,1,0,3,3,0,0,0,1,0,0,0,0,1,1,1,1,5,1,8,1,1,0,0,0,1,0,0,0,0,0,1,0,0,0,10,0,0,0,2,0,4,1,4,1,0,0,0,0,0,0,0,0,0,0,0,4,8,80213122,Mormons
Mormons,307864,1,3,0,0,0,0,0,0,0,0,10,2,0,0,0,0,0,0,1,1,0,0,1,0,1,0,1,0,0,0,2,2,0,1,8,4,0,0,0,0,0,1,0,1,1,0,0,0,0,1,0,0,2,0,1,2,0,0,0,5,0,0,0,0,1,1,1,5,5,1,5,1,5,0,0,0,1,0,0,0,0,0,1,2,0,0,0,0,0,0,0,0,2,2,4,2,0,0,0,0,0,0,0,0,0,0,0,0,8,80213122,Mormons
Mormons,291064,1,1,0,0,0,0,0,0,0,0,10,0,0,0,0,0,0,1,1,0,1,1,0,0,1,0,0,0,0,0,2,0,0,0,7,8,7,7,0,0,0,0,0,0,0,0,0,0,0,0,0,0,0,0,1,3,0,0,0,2,0,0,0,0,2,1,1,1,1,1,6,1,6,0,0,0,2,0,0,0,0,0,1,0,0,0,0,0,0,0,2,0,4,1,2,4,0,0,0,0,0,0,0,0,0,0,0,0,8,80213122,Mormons
Mormons,258342,1,1,0,0,0,0,0,1,0,0,10,0,5,7,0,8,0,0,0,1,0,1,0,1,0,0,1,0,0,0,2,0,10,0,8,10,1,10,0,1,0,0,0,0,0,0,0,0,0,0,0,0,0,0,3,3,2,0,0,5,1,1,1,0,8,1,1,1,1,1,1,1,1,0,0,8,2,1,0,0,0,0,0,0,0,0,7,2,3,0,1,0,0,0,0,0,0,0,0,1,0,0,0,0,2,2,2,3,8,80213122,Mormons
Mormons,256453,1,1,0,0,0,0,0,0,0,0,10,0,9,3,10,0,0,0,1,1,0,1,0,0,1,0,1,0,0,0,2,0,3,0,9,9,3,9,0,0,0,0,3,0,0,0,0,0,0,0,0,1,1,0,3,2,0,0,0,2,0,0,0,0,2,3,10,2,3,3,9,10,3,0,0,0,2,0,0,0,0,0,1,0,0,0,10,0,0,0,0,0,4,4,2,4,0,0,0,0,0,0,0,0,0,0,0,4,8,80213122,Mormons
Mormons,259346,1,3,0,0,0,0,0,1,0,0,10,0,8,10,0,3,0,0,1,1,0,0,1,0,1,0,1,0,0,0,2,0,5,0,10,8,3,3,0,0,0,0,0,0,0,0,0,0,0,0,0,0,0,0,2,2,3,0,0,3,1,1,1,0,1,1,1,1,1,1,1,1,1,0,0,1,2,1,0,0,0,0,0,0,0,0,8,3,3,0,2,0,0,0,0,0,0,0,0,0,0,0,0,0,3,2,2,4,8,80213122,Mormons
Mormons,291361,1,1,0,0,0,0,0,0,0,0,10,0,0,0,0,0,0,1,1,0,0,0,0,1,1,0,0,0,0,0,1,0,0,0,8,5,5,3,0,0,0,0,0,0,0,0,0,0,0,0,0,0,0,0,3,4,0,0,0,1,0,0,0,0,1,1,1,4,4,4,4,1,1,0,0,0,1,0,0,0,0,0,1,0,0,0,0,0,0,0,2,0,4,2,3,2,0,0,0,0,0,0,0,0,0,0,0,2,8,80213122,Mormons
Mormons,41840,1,0,0,0,0,0,0,1,0,0,10,0,6,7,0,3,1,0,1,1,0,1,0,0,1,0,0,0,0,0,2,0,0,0,10,10,4,0,1,1,1,0,0,0,0,0,0,0,0,0,0,0,0,0,2,3,2,2,7,2,1,1,1,1,1,1,1,2,1,1,6,0,2,0,0,7,2,2,0,0,0,0,0,0,0,0,8,0,1,1,2,0,0,0,0,0,0,0,1,1,1,0,0,0,2,0,0,2,8,80213122,Mormons
Mormons,110139,1,1,0,0,0,0,0,1,0,0,9,0,6,7,0,7,0,1,1,0,0,1,0,0,1,0,1,0,0,0,2,0,2,0,7,5,1,7,0,0,0,0,0,0,0,0,0,0,0,0,0,0,0,0,3,2,2,0,0,1,1,2,2,0,1,2,2,1,2,3,1,2,2,0,0,2,1,2,0,0,0,0,0,0,0,0,5,3,4,0,2,0,0,0,0,0,0,0,0,0,0,0,0,0,3,4,1,3,8,80213122,Mormons
Mormons,41941,1,0,0,0,0,0,0,1,0,0,9,0,6,8,0,5,1,0,0,1,0,1,0,0,1,0,1,0,0,0,2,0,0,0,8,7,3,0,1,1,1,0,0,0,0,0,0,0,0,0,0,0,0,0,3,2,2,0,10,7,2,1,1,1,6,7,3,4,4,4,4,5,7,0,0,8,2,2,0,0,0,0,0,0,0,0,4,0,2,1,2,0,0,0,0,0,0,0,1,1,1,0,0,0,2,0,0,3,8,80213122,Mormons
Mormons,311134,1,0,0,0,0,0,0,1,0,0,10,0,10,10,0,10,1,1,1,1,0,0,0,1,0,0,0,0,0,0,2,0,0,0,7,8,1,0,1,1,1,0,0,0,0,0,0,0,0,0,0,0,0,0,3,3,2,4,4,8,2,4,4,4,6,2,2,2,2,5,5,3,2,0,0,6,2,1,0,0,0,0,0,0,0,0,10,0,2,1,1,0,0,0,0,0,0,0,1,1,1,0,0,0,1,0,0,3,8,80213122,Mormons
Mormons,258596,3,2,0,0,0,0,0,1,0,0,10,0,5,6,0,5,0,0,0,1,1,1,1,0,1,0,0,0,0,0,2,0,7,0,6,6,5,5,0,0,0,0,0,0,0,0,0,0,0,0,0,0,0,0,3,3,3,0,0,6,5,5,5,0,6,6,5,5,5,5,5,2,2,0,0,2,1,1,0,0,0,0,0,0,0,0,5,3,3,0,0,0,0,0,0,0,0,0,0,0,0,0,0,1,2,3,3,4,8,80213122,Mormons
Netherlands Reformed Churches,286378,1,0,0,0,0,0,0,1,0,0,8,0,7,8,0,5,1,0,0,1,0,1,1,0,0,1,0,0,0,0,1,0,0,0,8,8,4,0,1,1,1,0,0,0,0,0,0,0,0,0,0,0,0,0,3,3,3,0,1,1,1,1,1,1,1,1,1,0,0,1,1,1,1,0,0,0,2,1,0,0,0,0,0,0,0,0,6,0,2,1,2,0,0,0,0,0,0,0,1,1,1,0,0,0,2,0,0,2,2,20301250,Netherlands Reformed Churches
Netherlands Reformed Churches,285305,1,3,0,0,0,0,0,1,0,0,10,0,6,9,0,7,0,0,1,1,0,0,1,0,1,0,1,0,0,0,2,0,9,0,7,7,9,3,0,1,0,0,0,0,0,0,0,0,0,0,0,0,0,0,3,3,3,0,0,1,1,6,6,0,1,1,1,1,1,1,1,9,1,0,0,1,2,1,0,0,0,0,0,0,0,0,8,0,3,0,1,0,0,0,0,0,0,0,0,1,0,0,0,0,3,2,1,3,2,20301250,Netherlands Reformed Churches
Netherlands Reformed Churches,286579,3,0,0,0,0,0,0,1,0,0,4,0,8,8,0,3,0,1,0,1,1,1,0,1,0,0,0,0,0,0,1,0,0,0,8,8,10,0,1,0,1,0,0,0,0,0,0,0,0,0,0,0,0,0,4,4,3,1,1,1,1,1,1,1,1,1,1,10,2,10,10,9,7,0,0,10,8,8,0,0,0,0,0,0,0,0,5,0,4,0,0,0,0,0,0,0,0,0,1,0,1,0,0,0,4,0,0,1,2,20301250,Netherlands Reformed Churches
Netherlands Reformed Churches,284059,1,1,0,0,0,0,0,1,0,0,10,0,6,6,0,6,0,0,1,1,0,0,0,1,1,0,1,0,0,0,1,0,8,0,8,8,1,4,0,1,0,0,0,0,0,0,0,0,0,0,0,0,0,0,1,0,0,0,0,1,1,4,3,0,1,1,1,1,1,3,2,2,0,0,0,0,1,2,0,0,0,0,0,0,0,0,10,3,3,0,2,0,0,0,0,0,0,0,0,1,0,0,0,0,1,2,2,3,2,20301250,Netherlands Reformed Churches
Netherlands Reformed Churches,284584,1,1,0,0,0,0,0,1,0,0,10,0,8,7,0,8,0,0,0,1,0,1,0,0,1,1,1,0,0,0,1,0,7,0,7,6,3,7,0,1,0,0,0,0,0,0,0,0,0,0,0,0,0,0,2,3,1,0,0,1,1,3,1,0,1,1,1,0,1,1,3,1,1,0,0,1,1,1,0,0,0,0,0,0,0,0,3,0,2,0,2,0,0,0,0,0,0,0,0,1,0,0,0,0,2,2,2,2,2,20301250,Netherlands Reformed Churches
Netherlands Reformed Churches,285248,2,2,0,0,0,0,0,1,0,0,8,0,4,4,0,3,0,0,0,1,0,1,0,0,1,0,0,1,0,0,1,0,9,0,8,6,8,9,0,1,0,0,0,0,0,0,0,0,0,0,0,0,0,0,3,4,4,0,0,1,1,6,3,0,1,1,1,6,1,1,6,1,0,0,0,6,2,1,0,0,0,0,0,0,0,0,6,0,3,0,2,0,0,0,0,0,0,0,0,1,0,0,0,0,3,3,2,2,2,20301250,Netherlands Reformed Churches
Netherlands Reformed Churches,283932,2,2,0,0,0,0,0,1,0,0,8,0,7,7,0,5,0,1,0,1,0,1,0,0,0,0,1,1,0,0,1,0,8,0,7,6,4,0,0,0,0,0,0,0,0,0,0,0,0,0,0,0,0,0,0,3,3,0,0,1,1,1,1,0,1,1,1,10,0,6,6,6,0,0,0,6,4,2,0,0,0,0,0,0,0,0,5,0,3,0,1,0,0,0,0,0,0,0,0,0,0,0,0,0,4,2,2,0,2,20301250,Netherlands Reformed Churches
Netherlands Reformed Churches,286701,2,0,0,0,0,0,0,1,0,0,8,0,6,6,0,5,1,1,0,1,0,1,0,0,1,0,0,0,0,0,1,0,0,0,8,7,6,0,1,1,1,0,0,0,0,0,0,0,0,0,0,0,0,0,4,4,4,2,1,1,1,5,2,1,1,1,1,6,0,2,6,2,5,0,0,6,2,1,0,0,0,0,0,0,0,0,8,0,0,1,1,0,0,0,0,0,0,0,1,1,1,0,0,0,3,0,0,1,2,20301250,Netherlands Reformed Churches
Netherlands Reformed Churches,287309,2,0,0,0,0,0,0,1,0,0,9,0,3,3,0,1,1,0,0,1,0,0,1,0,1,0,0,0,0,0,2,0,0,0,1,2,2,0,1,1,1,0,0,0,0,0,0,0,0,0,0,0,0,0,0,3,3,0,1,1,1,1,1,1,1,1,1,10,5,6,6,10,10,0,0,6,8,2,0,0,0,0,0,0,0,0,3,0,3,0,0,0,0,0,0,0,0,0,1,1,1,0,0,0,3,0,0,2,2,20301250,Netherlands Reformed Churches
Netherlands Reformed Churches,287368,1,0,0,0,0,0,0,1,0,0,10,0,3,5,0,10,0,0,1,1,0,1,0,0,1,1,0,0,0,0,2,0,0,0,4,6,10,0,1,1,1,0,0,0,0,0,0,0,0,0,0,0,0,0,4,3,4,1,1,2,1,5,1,1,1,1,1,10,6,6,6,5,5,0,0,7,7,1,0,0,0,0,0,0,0,0,10,0,2,1,2,0,0,0,0,0,0,0,1,1,1,0,0,0,3,0,0,2,2,20301250,Netherlands Reformed Churches
Netherlands Reformed Churches,284634,2,2,0,0,0,0,0,1,0,0,9,0,8,8,0,6,0,1,1,1,0,1,0,0,1,0,0,0,0,0,1,0,8,0,8,4,2,7,0,1,0,0,0,0,0,0,0,0,0,0,0,0,0,0,4,4,3,0,0,1,1,4,5,0,1,2,2,10,4,4,5,5,5,0,0,9,2,1,0,0,0,0,0,0,0,0,6,0,3,0,2,0,0,0,0,0,0,0,0,1,0,0,0,0,3,3,2,3,2,20301250,Netherlands Reformed Churches
Netherlands Reformed Churches,284549,1,2,0,0,0,0,0,1,0,0,10,0,8,6,0,5,0,0,0,1,0,1,1,0,1,0,1,0,0,0,1,0,9,0,9,3,8,8,0,0,0,0,0,0,0,0,0,0,0,0,0,0,0,0,0,3,3,0,0,1,1,3,1,0,1,1,1,10,6,2,9,1,3,0,0,9,2,1,0,0,0,0,0,0,0,0,10,0,2,0,2,0,0,0,0,0,0,0,0,0,0,0,0,0,3,0,1,2,2,20301250,Netherlands Reformed Churches
Netherlands Reformed Churches,284204,2,1,0,0,0,0,0,1,0,0,8,0,7,7,0,5,0,0,1,1,0,1,1,0,1,0,0,0,0,0,1,0,8,0,8,7,3,6,0,1,0,0,0,0,0,0,0,0,0,0,0,0,0,0,3,3,3,0,0,1,1,2,2,0,1,1,1,4,1,5,6,6,4,0,0,6,2,2,0,0,0,0,0,0,0,0,5,0,4,0,2,0,0,0,0,0,0,0,0,1,0,0,0,0,3,1,2,3,2,20301250,Netherlands Reformed Churches
Netherlands Reformed Churches,286419,2,0,0,0,0,0,0,1,0,0,8,0,10,10,0,7,1,0,0,0,1,1,0,0,0,0,0,0,0,0,1,0,0,0,7,5,7,0,1,0,1,0,0,0,0,0,0,0,0,0,0,0,0,0,4,4,4,1,1,1,1,1,1,1,1,1,1,10,4,10,10,10,10,0,0,10,3,3,0,0,0,0,0,0,0,0,1,0,4,1,2,0,0,0,0,0,0,0,1,0,1,0,0,0,4,0,0,2,2,20301250,Netherlands Reformed Churches
Netherlands Reformed Churches,287053,3,0,0,0,0,0,0,1,0,0,7,0,10,8,0,5,0,1,1,1,0,0,1,0,0,0,1,0,0,0,2,0,0,0,8,5,3,0,0,0,1,0,0,0,0,0,0,0,0,0,0,0,0,0,2,3,3,3,4,1,1,3,3,1,4,4,1,7,7,6,5,5,5,0,0,10,8,2,0,0,0,0,0,0,0,0,4,0,4,0,0,0,0,0,0,0,0,0,0,0,1,0,0,0,4,0,0,3,2,20301250,Netherlands Reformed Churches
Netherlands Reformed Churches,284357,3,3,0,0,0,0,0,1,0,0,6,0,8,5,0,3,0,0,1,1,0,1,1,0,0,1,0,0,0,0,1,0,8,0,8,8,2,8,0,0,0,0,0,0,0,0,0,0,0,0,0,0,0,0,4,4,4,0,0,1,1,6,2,0,1,1,1,10,7,7,7,10,10,0,0,7,3,3,0,0,0,0,0,0,0,0,3,2,4,0,0,0,0,0,0,0,0,0,0,0,0,0,0,0,3,0,2,2,2,20301250,Netherlands Reformed Churches
Netherlands Reformed Churches,284834,1,2,0,0,0,0,0,1,0,0,8,0,8,7,0,6,0,0,1,1,0,1,1,0,0,1,0,0,0,0,1,0,7,0,7,6,3,6,0,0,0,0,0,0,0,0,0,0,0,0,0,0,0,0,3,3,3,0,0,1,1,1,1,0,1,1,1,8,9,3,3,3,3,0,0,6,3,2,0,0,0,0,0,0,0,0,3,3,3,0,1,0,0,0,0,0,0,0,0,0,0,0,0,0,3,3,2,2,2,20301250,Netherlands Reformed Churches
Netherlands Reformed Churches,283738,3,0,0,0,0,0,0,1,0,0,8,0,6,6,0,6,0,0,0,1,0,0,0,0,0,0,1,0,0,0,1,0,0,0,8,0,7,7,0,0,0,0,0,0,0,0,0,0,0,0,0,0,0,0,0,3,3,0,0,0,0,0,0,0,0,0,0,0,0,0,0,0,0,0,0,0,8,7,0,0,0,0,0,0,0,0,6,2,0,0,0,0,0,0,0,0,0,0,0,0,0,0,0,0,0,0,0,2,2,20301250,Netherlands Reformed Churches
Netherlands Reformed Churches,285914,1,0,0,0,0,0,0,1,0,0,9,0,4,4,0,8,1,1,0,1,0,1,0,0,1,0,0,0,0,0,2,0,0,0,8,8,5,0,1,1,1,0,0,0,0,0,0,0,0,0,0,0,0,0,3,3,3,4,1,2,2,1,2,1,2,8,1,6,6,6,6,5,1,0,0,9,3,1,0,0,0,0,0,0,0,0,8,0,3,1,1,0,0,0,0,0,0,0,1,1,1,0,0,0,3,0,0,3,2,20301250,Netherlands Reformed Churches
Netherlands Reformed Churches,285720,2,0,0,0,0,0,0,1,0,0,8,0,8,8,0,3,1,0,0,1,0,1,0,1,0,0,1,0,0,0,2,0,0,0,7,8,3,0,1,0,1,0,0,0,0,0,0,0,0,0,0,0,0,0,3,4,3,2,1,1,1,1,1,1,1,1,1,10,5,5,5,7,5,0,0,5,7,2,0,0,0,0,0,0,0,0,5,0,3,1,1,0,0,0,0,0,0,0,1,0,1,0,0,0,4,0,0,3,2,20301250,Netherlands Reformed Churches
Netherlands Reformed Churches,285928,3,0,0,0,0,0,0,0,0,0,3,0,8,8,0,1,1,1,1,1,0,1,0,0,0,0,0,0,0,0,2,0,0,0,9,8,2,0,1,0,0,0,0,0,0,0,0,0,0,0,0,0,0,0,4,4,4,1,1,1,1,1,1,1,1,1,1,10,7,10,10,10,10,0,0,10,8,8,0,0,0,0,0,0,0,0,1,0,4,0,0,0,0,0,0,0,0,0,1,0,0,0,0,0,4,0,0,2,2,20301250,Netherlands Reformed Churches
Netherlands Reformed Churches,284199,1,3,0,0,0,0,0,1,0,0,10,0,7,6,0,6,0,1,0,1,0,1,0,0,1,1,0,0,0,0,1,0,8,0,9,6,3,7,0,1,0,0,0,0,0,0,0,0,0,0,0,0,0,0,4,4,3,0,0,1,1,1,4,0,1,1,1,8,1,1,6,1,1,0,0,6,2,1,0,0,0,0,0,0,0,0,9,3,3,0,2,0,0,0,0,0,0,0,0,1,0,0,0,0,3,0,3,2,2,20301250,Netherlands Reformed Churches
Netherlands Reformed Churches,284006,2,1,0,0,0,0,0,1,0,0,9,0,10,10,0,9,0,0,1,1,0,1,1,0,1,0,0,0,0,0,1,0,8,0,9,8,2,8,0,0,0,0,0,0,0,0,0,0,0,0,0,0,0,0,2,3,3,0,0,1,1,2,3,0,1,3,2,10,2,2,7,7,9,0,0,8,2,2,0,0,0,0,0,0,0,0,9,3,3,0,2,0,0,0,0,0,0,0,0,0,0,0,0,0,2,2,2,3,2,20301250,Netherlands Reformed Churches
Netherlands Reformed Churches,284034,1,1,0,0,0,0,0,1,0,0,10,0,8,9,0,3,0,1,0,1,0,1,0,0,1,0,0,1,0,0,1,0,8,0,7,7,5,6,0,1,0,0,0,0,0,0,0,0,0,0,0,0,0,0,2,3,3,0,0,1,2,10,10,0,2,1,1,4,2,2,4,6,10,0,0,6,2,1,0,0,0,0,0,0,0,0,5,0,3,0,2,0,0,0,0,0,0,0,0,1,0,0,0,0,2,2,2,2,2,20301250,Netherlands Reformed Churches
Netherlands Reformed Churches,283900,2,2,0,0,0,0,0,1,0,0,10,0,6,4,0,5,0,1,0,1,0,1,0,0,1,0,1,0,0,0,2,0,5,0,6,6,3,7,0,0,0,0,0,0,0,0,0,0,0,0,0,0,0,0,2,3,3,0,0,2,1,9,1,0,2,2,1,10,7,9,9,9,1,0,0,8,3,1,0,0,0,0,0,0,0,0,8,2,2,0,0,0,0,0,0,0,0,0,0,0,0,0,0,0,3,3,3,3,2,20301250,Netherlands Reformed Churches
Netherlands Reformed Churches,286723,3,0,0,0,0,0,0,1,0,0,7,0,8,8,0,5,1,0,1,1,1,1,0,0,0,0,0,0,0,0,1,0,0,0,8,8,7,0,0,0,1,0,0,0,0,0,0,0,0,0,0,0,0,0,4,4,3,1,1,1,1,2,2,1,4,4,2,10,5,5,7,9,2,0,0,10,8,3,0,0,0,0,0,0,0,0,3,0,3,0,0,0,0,0,0,0,0,0,0,0,1,0,0,0,3,0,0,2,2,20301250,Netherlands Reformed Churches
Netherlands Reformed Churches,284656,1,3,0,0,0,0,0,1,0,0,9,0,6,7,0,6,0,0,1,1,0,1,1,0,1,0,0,0,0,0,2,0,0,0,8,8,3,1,0,0,0,0,0,0,0,0,0,0,0,0,0,0,0,0,3,3,3,0,0,1,1,7,1,0,1,1,1,1,6,6,6,7,1,0,0,8,2,1,0,0,0,0,0,0,0,0,5,3,3,0,2,0,0,0,0,0,0,0,0,0,0,0,0,0,2,2,2,3,2,20301250,Netherlands Reformed Churches
Netherlands Reformed Churches,283901,2,1,0,0,0,0,0,1,0,0,10,0,8,8,0,5,0,1,0,1,0,1,0,1,1,0,0,0,0,0,1,0,9,0,7,8,4,8,0,1,0,0,0,0,0,0,0,0,0,0,0,0,0,0,0,4,3,0,0,1,1,1,1,0,1,1,1,10,5,5,5,10,1,0,0,10,3,2,0,0,0,0,0,0,0,0,5,2,1,0,0,0,0,0,0,0,0,0,0,1,0,0,0,0,2,2,2,3,2,20301250,Netherlands Reformed Churches
Netherlands Reformed Churches,287214,1,0,0,0,0,0,0,1,0,0,8,0,0,0,0,6,1,0,1,1,0,1,0,0,0,0,1,0,0,0,1,0,0,0,8,8,7,0,0,0,0,0,0,0,0,0,0,0,0,0,0,0,0,0,3,3,3,2,1,4,1,1,1,1,1,1,1,8,8,6,7,6,6,0,0,7,4,2,0,0,0,0,0,0,0,0,5,0,3,1,1,0,0,0,0,0,0,0,0,0,0,0,0,0,3,0,0,2,2,20301250,Netherlands Reformed Churches
Netherlands Reformed Churches,285674,3,0,0,0,0,0,0,1,0,0,4,0,8,8,0,7,1,1,0,1,0,1,0,0,0,1,0,0,0,0,1,0,0,0,9,8,5,0,0,0,0,0,0,0,0,0,0,0,0,0,0,0,0,0,3,3,3,1,1,1,1,1,1,1,1,1,1,10,10,8,10,10,2,0,0,10,7,3,0,0,0,0,0,0,0,0,1,0,3,1,1,0,0,0,0,0,0,0,0,0,0,0,0,0,3,0,0,1,2,20301250,Netherlands Reformed Churches
Netherlands Reformed Churches,286538,3,0,0,0,0,0,0,0,0,0,3,0,7,7,0,8,1,0,0,1,0,1,0,0,0,0,1,0,0,0,1,0,0,0,7,8,7,0,1,0,1,0,0,0,0,0,0,0,0,0,0,0,0,0,3,4,2,2,1,1,1,1,1,1,1,1,1,10,3,8,10,10,5,0,0,10,8,8,0,0,0,0,0,0,0,0,2,0,3,0,0,0,0,0,0,0,0,0,1,0,1,0,0,0,2,0,0,2,2,20301250,Netherlands Reformed Churches
Netherlands Reformed Churches,285844,1,0,0,0,0,0,0,1,0,0,10,0,8,8,0,2,1,0,0,1,0,1,0,1,1,0,0,0,0,0,2,0,0,0,8,7,4,0,1,1,1,0,0,0,0,0,0,0,0,0,0,0,0,0,3,3,3,4,1,1,1,5,1,1,1,1,1,5,1,1,6,2,1,0,0,5,2,2,0,0,0,0,0,0,0,0,7,0,3,1,2,0,0,0,0,0,0,0,1,1,1,0,0,0,3,0,0,2,2,20301250,Netherlands Reformed Churches
Netherlands Reformed Churches,284472,1,1,0,0,0,0,0,1,0,0,10,0,6,5,0,7,0,0,0,1,0,1,1,0,1,0,1,0,0,0,1,0,7,0,8,7,8,8,0,1,0,0,0,0,0,0,0,0,0,0,0,0,0,0,3,2,2,0,0,2,1,2,1,0,1,2,1,2,1,2,2,3,1,0,0,2,2,1,0,0,0,0,0,0,0,0,7,0,2,0,2,0,0,0,0,0,0,0,0,1,0,0,0,0,2,2,2,3,2,20301250,Netherlands Reformed Churches
Netherlands Reformed Churches,283661,2,2,0,0,0,0,0,1,0,0,8,0,7,7,0,2,0,1,0,1,0,1,0,1,0,0,0,0,0,0,1,0,8,0,8,8,5,7,0,0,0,0,0,0,0,0,0,0,0,0,0,0,0,0,3,3,3,0,0,1,1,1,1,0,1,1,1,10,6,8,8,9,2,0,0,10,4,3,0,0,0,0,0,0,0,0,2,0,3,0,0,0,0,0,0,0,0,0,0,0,0,0,0,0,3,2,2,2,2,20301250,Netherlands Reformed Churches
Netherlands Reformed Churches,285322,1,1,0,0,0,0,0,1,0,0,8,0,8,8,0,8,0,0,0,1,0,1,0,0,1,0,0,0,0,0,1,0,8,0,8,5,3,2,0,1,0,0,0,0,0,0,0,0,0,0,0,0,0,0,0,4,4,0,0,1,1,1,1,0,5,3,0,7,1,7,7,8,3,0,0,4,2,2,0,0,0,0,0,0,0,0,8,3,0,0,2,0,0,0,0,0,0,0,0,1,0,0,0,0,1,2,0,2,2,20301250,Netherlands Reformed Churches
Netherlands Reformed Churches,285080,1,2,0,0,0,0,0,1,0,0,9,0,8,8,0,7,0,0,1,1,0,1,1,0,1,0,0,0,0,0,1,0,8,0,8,6,6,7,0,1,0,0,0,0,0,0,0,0,0,0,0,0,0,0,2,2,2,0,0,1,1,1,1,0,1,1,1,6,2,1,4,1,1,0,0,1,1,1,0,0,0,0,0,0,0,0,5,0,2,0,2,0,0,0,0,0,0,0,0,1,0,0,0,0,2,3,2,3,2,20301250,Netherlands Reformed Churches
Netherlands Reformed Churches,284160,1,3,0,0,0,0,0,1,0,0,10,0,10,9,0,10,0,0,0,1,0,1,1,0,1,1,0,0,0,0,2,0,10,0,9,8,5,6,0,1,0,0,0,0,0,0,0,0,0,0,0,0,0,0,2,4,2,0,0,1,1,1,1,0,1,1,1,7,1,1,1,6,1,0,0,10,2,1,0,0,0,0,0,0,0,0,10,0,1,0,2,0,0,0,0,0,0,0,0,1,0,0,0,0,2,2,1,3,2,20301250,Netherlands Reformed Churches
Netherlands Reformed Churches,286841,2,0,0,0,0,0,0,1,0,0,8,0,6,7,0,0,1,0,0,1,0,1,1,0,0,1,0,0,0,0,1,0,0,0,7,8,7,0,1,0,0,0,0,0,0,0,0,0,0,0,0,0,0,0,0,3,3,0,0,3,2,1,1,1,2,2,2,0,0,0,0,0,0,0,0,0,3,0,0,0,0,0,0,0,0,0,0,0,3,1,2,0,0,0,0,0,0,0,1,0,0,0,0,0,3,0,0,2,2,20301250,Netherlands Reformed Churches
Netherlands Reformed Churches,287052,1,0,0,0,0,0,0,1,0,0,10,0,7,4,0,8,0,1,0,1,1,0,0,0,1,1,0,0,0,0,2,0,0,0,6,4,7,0,1,1,1,0,0,0,0,0,0,0,0,0,0,0,0,0,4,4,2,3,2,4,2,2,2,2,4,2,2,6,2,4,4,4,4,0,0,5,2,2,0,0,0,0,0,0,0,0,7,0,3,1,1,0,0,0,0,0,0,0,1,1,1,0,0,0,0,0,0,2,2,20301250,Netherlands Reformed Churches
Netherlands Reformed Churches,284935,2,2,0,0,0,0,0,0,0,0,4,0,8,6,0,3,0,0,0,1,0,1,0,0,0,1,0,0,0,0,1,0,7,0,8,7,4,8,0,0,0,0,0,0,0,0,0,0,0,0,0,0,0,0,0,2,3,0,0,1,1,6,4,0,1,1,1,8,6,4,9,6,6,0,0,7,6,5,0,0,0,0,0,0,0,0,4,0,4,0,1,0,0,0,0,0,0,0,0,0,0,0,0,0,4,2,2,3,2,20301250,Netherlands Reformed Churches
Netherlands Reformed Churches,283987,2,2,0,0,0,0,0,1,0,0,0,0,8,8,0,2,0,1,1,1,0,1,1,0,0,0,0,0,0,0,1,0,8,0,8,8,2,9,0,0,0,0,0,0,0,0,0,0,0,0,0,0,0,0,3,3,2,0,0,1,1,1,1,0,1,8,1,10,10,1,5,5,1,0,0,5,8,8,0,0,0,0,0,0,0,0,2,0,4,0,0,0,0,0,0,0,0,0,0,0,0,0,0,0,4,4,4,2,2,20301250,Netherlands Reformed Churches
Netherlands Reformed Churches,287341,1,0,0,0,0,0,0,1,0,0,10,0,9,9,0,3,1,0,1,1,0,1,0,0,0,1,0,0,0,0,1,0,0,0,9,9,3,0,1,1,1,0,0,0,0,0,0,0,0,0,0,0,0,0,4,4,4,0,1,1,1,3,1,1,1,1,1,10,3,5,5,0,0,0,0,10,2,3,0,0,0,0,0,0,0,0,8,0,3,1,2,0,0,0,0,0,0,0,1,1,1,0,0,0,4,0,0,2,2,20301250,Netherlands Reformed Churches
Netherlands Reformed Churches,284512,2,2,0,0,0,0,0,1,0,0,8,0,6,6,0,6,0,1,1,1,0,1,0,0,0,0,1,0,0,0,1,0,7,0,7,7,3,7,0,0,0,0,0,0,0,0,0,0,0,0,0,0,0,0,3,3,3,0,0,1,1,1,1,0,1,2,1,10,5,7,5,5,5,0,0,8,3,3,0,0,0,0,0,0,0,0,2,0,3,0,2,0,0,0,0,0,0,0,0,0,0,0,0,0,3,3,2,2,2,20301250,Netherlands Reformed Churches
Netherlands Reformed Churches,284118,3,2,0,0,0,0,0,1,0,0,8,0,9,9,0,2,0,1,0,1,1,1,0,0,0,0,0,1,0,0,1,0,5,0,8,7,6,5,0,0,0,0,0,0,0,0,0,0,0,0,0,0,0,0,3,3,3,0,0,1,1,1,1,0,1,3,1,10,8,10,9,10,5,0,0,10,4,3,0,0,0,0,0,0,0,0,2,0,4,0,1,0,0,0,0,0,0,0,0,0,0,0,0,0,4,2,1,2,2,20301250,Netherlands Reformed Churches
Netherlands Reformed Churches,285263,1,2,0,0,0,0,0,1,0,0,6,0,10,10,0,1,0,1,1,1,0,1,0,0,0,1,0,0,0,0,1,0,7,0,8,8,2,8,0,0,0,0,0,0,0,0,0,0,0,0,0,0,0,0,3,4,4,0,0,1,1,1,1,0,1,1,1,10,1,10,10,10,1,0,0,10,6,6,0,0,0,0,0,0,0,0,1,0,4,0,1,0,0,0,0,0,0,0,0,0,0,0,0,0,4,3,2,2,2,20301250,Netherlands Reformed Churches
Netherlands Reformed Churches,285388,1,3,0,0,0,0,0,1,0,0,10,0,10,10,0,1,0,0,0,1,0,1,0,1,1,1,0,0,0,0,1,0,7,0,9,7,4,8,0,1,0,0,0,0,0,0,0,0,0,0,0,0,0,0,4,3,2,0,0,1,1,1,1,0,1,1,1,1,1,1,4,1,1,0,0,1,1,1,0,0,0,0,0,0,0,0,6,3,1,0,2,0,0,0,0,0,0,0,0,1,0,0,0,0,1,2,2,2,2,20301250,Netherlands Reformed Churches
Netherlands Reformed Churches,286223,2,0,0,0,0,0,0,1,0,0,9,0,10,10,0,1,1,0,0,1,0,0,1,0,0,1,1,0,0,0,2,0,0,0,9,9,6,0,1,0,1,0,0,0,0,0,0,0,0,0,0,0,0,0,3,3,3,2,1,1,1,1,1,1,1,1,1,10,6,10,10,10,1,0,0,10,7,3,0,0,0,0,0,0,0,0,6,0,4,1,1,0,0,0,0,0,0,0,1,0,1,0,0,0,4,0,0,2,2,20301250,Netherlands Reformed Churches
Netherlands Reformed Churches,284779,2,2,0,0,0,0,0,1,0,0,8,0,8,8,0,3,0,0,0,1,0,1,1,0,1,1,0,0,0,0,2,0,5,0,8,5,3,6,0,0,0,0,0,0,0,0,0,0,0,0,0,0,0,0,3,3,3,0,0,1,1,4,2,0,1,2,1,8,3,3,5,8,1,0,0,5,2,2,0,0,0,0,0,0,0,0,4,1,4,0,1,0,0,0,0,0,0,0,0,0,0,0,0,0,4,2,2,3,2,20301250,Netherlands Reformed Churches
Netherlands Reformed Churches,284306,3,2,0,0,0,0,0,0,0,0,3,0,10,10,0,1,0,0,0,1,0,0,1,1,0,0,0,0,0,0,1,0,3,0,7,5,5,8,0,0,0,0,0,0,0,0,0,0,0,0,0,0,0,0,4,4,3,0,0,1,1,1,2,0,1,6,7,10,10,10,10,6,1,0,0,10,4,4,0,0,0,0,0,0,0,0,1,3,4,0,1,0,0,0,0,0,0,0,0,0,0,0,0,1,0,0,3,3,2,20301250,Netherlands Reformed Churches
Netherlands Reformed Churches,285619,2,0,0,0,0,0,0,1,0,0,6,0,7,7,0,0,1,0,0,1,0,1,1,0,0,1,0,0,0,0,1,0,0,0,7,0,4,0,1,0,1,0,0,0,0,0,0,0,0,0,0,0,0,0,3,3,4,2,2,1,1,1,1,1,1,2,1,10,0,5,5,5,0,0,0,7,3,2,0,0,0,0,0,0,0,0,5,0,0,1,2,0,0,0,0,0,0,0,1,0,1,0,0,0,3,0,0,1,2,20301250,Netherlands Reformed Churches
Orthodox,410201,2,0,0,0,0,0,0,1,0,0,10,0,9,7,0,4,0,1,1,0,1,1,0,0,1,0,0,0,0,0,1,0,0,0,9,9,7,0,1,1,1,0,0,0,0,0,0,0,0,0,0,0,0,0,3,4,3,1,1,1,1,1,1,1,1,1,1,10,5,10,5,8,2,0,0,10,3,1,0,0,0,0,0,0,0,0,3,0,3,1,2,0,0,0,0,0,0,0,1,1,1,0,0,0,4,0,0,2,3,30000000,Orthodox
Orthodox,221696,2,0,0,0,0,0,0,1,0,0,10,0,1,1,0,1,1,0,1,1,0,1,1,0,0,0,0,0,0,0,2,0,0,0,5,10,10,0,0,0,0,0,0,0,0,0,0,0,0,0,0,0,0,0,3,3,3,5,1,10,1,1,1,1,1,1,1,1,1,1,1,10,1,0,0,1,1,1,0,0,0,0,0,0,0,0,1,0,1,0,0,0,0,0,0,0,0,0,0,0,0,0,0,0,1,0,0,3,3,30000000,Orthodox
Orthodox,148653,1,1,0,0,0,0,0,1,0,0,10,0,10,10,0,6,0,0,1,1,0,1,1,0,0,0,1,0,0,0,2,0,7,0,1,6,1,1,0,1,0,0,0,0,0,0,0,0,0,0,0,0,0,0,1,4,1,0,0,1,1,8,1,0,1,1,1,1,1,1,1,0,1,0,0,1,1,1,0,0,0,0,0,0,0,0,1,3,1,0,1,0,0,0,0,0,0,0,0,1,0,0,0,0,4,4,1,2,3,30000000,Orthodox
Orthodox,148606,3,1,0,0,0,0,0,1,0,0,7,0,7,6,0,7,0,0,1,0,1,1,0,0,0,1,1,0,0,0,2,0,8,0,2,7,7,6,0,1,0,0,0,0,0,0,0,0,0,0,0,0,0,0,1,2,1,0,0,3,2,2,3,0,2,3,3,2,1,2,2,0,3,0,0,3,1,2,0,0,0,0,0,0,0,0,7,3,2,0,1,0,0,0,0,0,0,0,0,1,0,0,0,0,2,1,2,3,3,30000000,Orthodox
Orthodox,408010,1,0,0,0,0,0,0,1,0,0,10,0,8,3,0,5,0,1,1,0,0,1,0,0,1,1,0,0,0,0,1,0,0,0,9,7,3,0,1,1,1,0,0,0,0,0,0,0,0,0,0,0,0,0,3,3,3,3,1,1,1,1,1,1,1,1,1,1,1,1,5,1,1,0,0,1,1,1,0,0,0,0,0,0,0,0,10,0,1,1,2,0,0,0,0,0,0,0,1,1,1,0,0,0,3,0,0,2,3,30000000,Orthodox
Orthodox,147605,1,1,0,0,0,0,0,1,0,0,10,0,9,10,0,5,0,0,1,1,0,0,0,1,1,0,1,0,0,0,2,0,9,0,2,5,2,9,0,0,0,0,0,0,0,0,0,0,0,0,0,0,0,0,2,4,4,0,0,1,2,1,1,0,1,1,6,1,1,1,10,0,1,0,0,10,7,1,0,0,0,0,0,0,0,0,7,3,2,0,1,0,0,0,0,0,0,0,0,0,0,0,0,1,3,4,2,4,3,30000000,Orthodox
Orthodox,148002,1,2,0,0,0,0,0,1,0,0,7,0,8,7,0,6,0,1,1,0,0,0,1,0,1,1,0,0,0,0,1,0,8,0,6,9,1,3,0,1,0,0,0,0,0,0,0,0,0,0,0,0,0,0,2,3,3,0,0,1,1,4,1,0,1,1,1,1,1,1,1,0,1,0,0,1,2,1,0,0,0,0,0,0,0,0,6,3,1,0,0,0,0,0,0,0,0,0,0,1,0,0,0,1,2,2,2,3,3,30000000,Orthodox
Orthodox,411989,1,0,0,0,0,0,0,1,0,0,4,0,1,1,0,4,1,1,1,1,1,0,0,0,0,0,0,0,0,0,2,0,0,0,5,6,5,0,1,1,1,0,0,0,0,0,0,0,0,0,0,0,0,0,4,3,3,0,2,2,1,3,4,2,2,1,2,0,2,2,2,4,2,0,0,2,2,1,0,0,0,0,0,0,0,0,2,0,1,0,0,0,0,0,0,0,0,0,1,1,1,0,0,1,0,0,0,4,2,30000000,Orthodox
Orthodox,412502,1,0,0,0,0,0,0,1,0,0,10,0,10,2,0,3,1,0,1,0,0,1,0,0,0,1,1,0,0,0,2,0,0,0,5,7,1,0,1,1,1,0,0,0,0,0,0,0,0,0,0,0,0,0,3,1,2,0,0,3,3,0,0,0,4,6,3,0,7,3,6,5,4,0,0,3,4,1,0,0,0,0,0,0,0,0,2,0,2,1,1,0,0,0,0,0,0,0,1,1,1,0,0,0,2,0,0,3,2,30000000,Orthodox
Orthodox,148687,1,1,0,0,0,0,0,1,0,0,10,0,10,9,0,9,0,1,1,0,0,1,0,1,0,0,1,0,0,0,2,0,1,0,9,6,1,6,0,1,0,0,0,0,0,0,0,0,0,0,0,0,0,0,3,4,3,0,0,1,1,6,1,0,1,1,1,1,1,1,1,0,1,0,0,1,1,1,0,0,0,0,0,0,0,0,3,3,4,0,1,0,0,0,0,0,0,0,0,1,0,0,0,0,3,1,1,3,3,30000000,Orthodox
Orthodox,149108,1,1,0,0,0,0,0,1,0,0,10,0,10,10,0,1,0,1,1,0,0,1,1,0,0,0,1,0,0,0,2,0,10,0,7,7,6,7,0,1,0,0,0,0,0,0,0,0,0,0,0,0,0,0,2,4,4,0,0,2,1,3,2,0,1,2,1,2,1,1,1,0,2,0,0,1,6,1,0,0,0,0,0,0,0,0,1,3,2,0,2,0,0,0,0,0,0,0,0,1,0,0,0,0,3,2,2,4,3,30000000,Orthodox
Orthodox,222029,2,0,0,0,0,0,0,1,0,0,9,0,10,10,0,10,0,0,1,1,0,1,1,0,0,0,1,0,0,0,2,0,0,0,6,5,1,0,0,0,0,0,0,0,0,0,0,0,0,0,0,0,0,0,2,2,3,3,1,1,1,1,1,1,1,1,1,1,1,5,5,1,1,0,0,5,4,1,0,0,0,0,0,0,0,0,10,0,3,0,0,0,0,0,0,0,0,0,0,0,0,0,0,0,3,0,0,2,3,30000000,Orthodox
Orthodox,148072,1,1,0,0,0,0,0,1,0,0,10,0,10,10,0,10,0,0,1,1,0,1,0,1,0,0,1,0,0,0,2,0,5,0,4,1,1,8,0,1,0,0,0,0,0,0,0,0,0,0,0,0,0,0,3,2,3,0,0,3,2,1,1,0,2,1,1,1,1,2,1,0,1,0,0,2,1,1,0,0,0,0,0,0,0,0,1,3,1,0,1,0,0,0,0,0,0,0,0,1,0,0,0,0,3,1,1,4,3,30000000,Orthodox
Orthodox,222049,3,0,0,0,0,0,0,1,0,0,5,0,5,5,0,1,1,0,1,0,0,1,1,0,0,1,0,0,0,0,2,0,0,0,4,5,10,0,0,0,0,0,0,0,0,0,0,0,0,0,0,0,0,0,3,3,2,5,1,4,1,1,1,1,1,1,1,1,1,3,5,1,1,0,0,5,4,8,0,0,0,0,0,0,0,0,6,0,3,0,0,0,0,0,0,0,0,0,0,0,0,0,0,0,3,0,0,3,3,30000000,Orthodox
Orthodox,408312,3,0,0,0,0,0,0,1,0,0,4,0,2,2,0,9,0,0,0,0,0,0,0,1,0,0,0,0,0,0,2,0,0,0,4,4,2,0,0,0,1,0,0,0,0,0,0,0,0,0,0,0,0,0,2,2,2,2,8,2,4,3,4,3,7,3,8,3,8,3,4,2,3,0,0,4,4,5,0,0,0,0,0,0,0,0,1,0,2,0,0,0,0,0,0,0,0,0,0,0,1,0,0,0,2,0,0,2,3,30000000,Orthodox
Orthodox,148012,1,3,0,0,0,0,0,1,0,0,10,0,7,7,0,8,0,0,1,0,0,1,0,0,1,0,1,1,0,0,1,0,6,0,8,8,2,2,0,1,0,0,0,0,0,0,0,0,0,0,0,0,0,0,1,2,2,0,0,3,3,3,2,0,2,2,3,1,1,1,2,0,2,0,0,3,2,3,0,0,0,0,0,0,0,0,8,3,1,0,1,0,0,0,0,0,0,0,0,1,0,0,0,0,2,2,2,2,3,30000000,Orthodox
Orthodox,148009,1,1,0,0,0,0,0,1,0,0,10,0,10,10,0,5,0,0,1,0,0,1,0,1,0,0,1,1,0,0,2,0,10,0,5,10,1,10,0,1,0,0,0,0,0,0,0,0,0,0,0,0,0,0,3,4,2,0,0,1,1,5,1,0,1,1,1,1,1,1,1,0,1,0,0,1,2,1,0,0,0,0,0,0,0,0,5,3,4,0,1,0,0,0,0,0,0,0,0,1,0,0,0,0,3,1,2,2,3,30000000,Orthodox
Orthodox,289598,1,1,0,0,0,0,0,0,0,0,5,0,6,7,8,0,0,1,0,1,0,1,0,1,1,0,0,0,0,0,2,0,10,0,5,10,10,5,0,0,0,0,5,0,0,0,0,0,0,1,0,0,2,0,4,4,0,0,0,10,0,0,0,0,1,5,1,1,1,6,6,1,1,0,0,0,4,0,0,0,0,0,0,0,0,0,9,0,0,0,0,0,3,1,5,1,0,0,0,0,0,0,0,0,0,0,0,3,3,30000000,Orthodox
Orthodox,222072,2,0,0,0,0,0,0,1,0,0,10,0,10,10,0,5,1,1,0,1,1,1,0,0,0,0,0,0,0,0,1,0,0,0,10,10,1,0,0,0,0,0,0,0,0,0,0,0,0,0,0,0,0,0,3,3,3,2,1,5,4,1,1,1,5,4,4,5,5,5,10,4,4,0,0,5,8,3,0,0,0,0,0,0,0,0,5,0,3,0,0,0,0,0,0,0,0,0,0,0,0,0,0,0,2,0,0,2,3,30000000,Orthodox
Orthodox,149006,1,2,0,0,0,0,0,1,0,0,10,0,4,3,0,8,0,0,1,0,0,0,0,0,1,1,1,1,0,0,2,0,3,0,4,7,1,9,0,1,0,0,0,0,0,0,0,0,0,0,0,0,0,0,2,3,2,0,0,1,1,10,2,0,2,1,2,1,1,1,4,0,1,0,0,2,2,1,0,0,0,0,0,0,0,0,8,3,1,0,2,0,0,0,0,0,0,0,0,1,0,0,0,0,3,2,2,2,3,30000000,Orthodox
Orthodox,149094,1,1,0,0,0,0,0,1,0,0,10,0,9,10,0,6,0,1,0,1,0,1,0,0,1,0,0,1,0,0,2,0,8,0,9,9,2,1,0,1,0,0,0,0,0,0,0,0,0,0,0,0,0,0,1,2,3,0,0,1,1,7,2,0,1,1,1,1,4,1,8,0,1,0,0,3,7,7,0,0,0,0,0,0,0,0,7,3,1,0,0,0,0,0,0,0,0,0,0,1,0,0,0,1,3,1,1,4,3,30000000,Orthodox
Orthodox,221819,2,0,0,0,0,0,0,0,0,0,6,0,10,10,0,10,1,0,0,1,0,1,1,0,0,0,1,0,0,0,2,0,0,0,9,9,1,0,0,0,0,0,0,0,0,0,0,0,0,0,0,0,0,0,2,4,4,1,1,1,1,1,1,1,1,1,1,1,1,4,1,10,1,0,0,4,4,2,0,0,0,0,0,0,0,0,10,0,4,0,0,0,0,0,0,0,0,0,0,0,0,0,0,0,1,0,0,3,3,30000000,Orthodox
Orthodox,149112,1,1,0,0,0,0,0,1,0,0,10,0,7,8,0,5,0,1,1,0,0,1,1,0,0,1,0,0,0,0,2,0,9,0,9,10,3,7,0,1,0,0,0,0,0,0,0,0,0,0,0,0,0,0,2,4,3,0,0,3,2,6,1,0,2,1,1,1,1,1,6,0,2,0,0,7,7,2,0,0,0,0,0,0,0,0,5,3,2,0,2,0,0,0,0,0,0,0,0,1,0,0,0,1,4,2,1,4,3,30000000,Orthodox
Orthodox,148705,1,2,0,0,0,0,0,1,0,0,10,0,10,10,0,7,0,0,1,1,0,0,0,1,1,1,0,0,0,0,2,0,2,0,7,6,1,10,0,1,0,0,0,0,0,0,0,0,0,0,0,0,0,0,2,3,4,0,0,1,1,5,1,0,1,1,1,1,3,3,1,0,1,0,0,4,2,1,0,0,0,0,0,0,0,0,8,3,1,0,1,0,0,0,0,0,0,0,0,1,0,0,0,0,4,4,2,2,3,30000000,Orthodox
Orthodox,148866,1,2,0,0,0,0,0,1,0,0,10,0,10,10,0,7,0,0,1,1,0,1,0,0,1,0,1,0,0,0,2,0,4,0,7,6,1,1,0,1,0,0,0,0,0,0,0,0,0,0,0,0,0,0,1,3,1,0,0,1,1,1,1,0,1,1,1,1,1,1,1,0,1,0,0,1,1,1,0,0,0,0,0,0,0,0,10,3,1,0,0,0,0,0,0,0,0,0,0,1,0,0,0,1,4,4,1,2,3,30000000,Orthodox
Orthodox,98178,4,0,0,0,0,0,0,1,0,0,8,0,8,5,0,8,0,1,0,0,0,0,0,0,0,0,1,0,0,0,2,0,0,0,7,7,8,0,0,0,1,0,0,0,0,0,0,0,0,0,0,0,0,0,4,3,4,4,8,7,7,5,6,7,7,7,8,6,8,5,8,4,6,0,0,6,3,4,0,0,0,0,0,0,0,0,8,0,2,0,0,0,0,0,0,0,0,0,0,0,1,0,0,0,3,0,0,4,3,30000000,Orthodox
Orthodox,355347,2,0,0,0,0,0,0,1,0,0,10,0,0,10,0,9,0,0,1,1,0,1,1,0,1,0,0,0,0,0,2,0,0,0,5,5,10,0,1,1,1,0,0,0,0,0,0,0,0,0,0,0,0,0,4,3,4,5,1,10,10,1,1,1,10,10,10,1,1,1,1,1,1,0,0,1,2,1,0,0,0,0,0,0,0,0,0,0,0,0,0,0,0,0,0,0,0,0,1,1,1,0,0,0,2,0,0,4,3,30000000,Orthodox
Orthodox,358125,2,2,0,0,0,0,0,0,0,0,0,0,10,10,0,10,0,0,0,1,0,1,0,0,0,0,0,0,0,0,2,0,5,0,6,8,5,1,0,0,0,0,0,0,0,0,0,0,0,0,0,0,0,0,3,3,1,0,0,1,1,1,1,0,1,1,6,10,0,10,10,1,1,0,0,10,8,8,0,0,0,0,0,0,0,0,10,3,0,0,0,0,0,0,0,0,0,0,0,0,0,0,0,0,0,0,0,4,3,30000000,Orthodox
Orthodox,221853,2,0,0,0,0,0,0,1,0,0,5,0,10,10,0,10,1,0,1,0,0,1,0,1,0,1,0,0,0,0,2,0,0,0,5,1,1,0,0,0,0,0,0,0,0,0,0,0,0,0,0,0,0,0,2,2,3,4,1,1,1,1,1,1,1,1,1,1,1,1,4,8,1,0,0,10,3,2,0,0,0,0,0,0,0,0,10,0,3,0,0,0,0,0,0,0,0,0,0,0,0,0,0,0,2,0,0,3,3,30000000,Orthodox
Orthodox,221921,1,0,0,0,0,0,0,1,0,0,10,0,10,10,0,10,1,1,1,0,0,0,1,0,0,0,1,0,0,0,2,0,0,0,6,6,1,0,0,0,0,0,0,0,0,0,0,0,0,0,0,0,0,0,1,4,2,2,1,1,1,1,1,1,1,1,1,1,1,5,5,1,1,0,0,5,3,2,0,0,0,0,0,0,0,0,10,0,0,0,0,0,0,0,0,0,0,0,0,0,0,0,0,0,1,0,0,4,3,30000000,Orthodox
Orthodox,221987,3,0,0,0,0,0,0,1,0,0,10,0,10,10,0,10,0,0,1,1,0,0,1,1,0,0,1,0,0,0,2,0,0,0,5,10,5,0,0,0,0,0,0,0,0,0,0,0,0,0,0,0,0,0,4,4,4,5,1,1,1,10,1,1,1,1,1,1,1,1,10,1,1,0,0,10,8,1,0,0,0,0,0,0,0,0,10,0,4,0,0,0,0,0,0,0,0,0,0,0,0,0,0,0,4,0,0,2,3,30000000,Orthodox
Orthodox,147791,1,2,0,0,0,0,0,1,0,0,8,0,8,7,0,2,0,0,1,0,0,1,0,1,1,0,1,0,0,0,2,0,3,0,8,8,3,8,0,1,0,0,0,0,0,0,0,0,0,0,0,0,0,0,3,1,4,0,0,1,1,8,1,0,3,2,1,1,1,1,1,0,1,0,0,3,1,1,0,0,0,0,0,0,0,0,7,3,2,0,2,0,0,0,0,0,0,0,0,1,0,0,0,0,4,1,1,3,3,30000000,Orthodox
Orthodox,222056,1,0,0,0,0,0,0,1,0,0,10,0,10,10,0,7,1,0,1,0,0,1,0,0,1,0,1,0,0,0,2,0,0,0,10,1,1,0,0,0,0,0,0,0,0,0,0,0,0,0,0,0,0,0,1,1,1,5,2,7,2,2,2,2,2,9,2,2,2,2,2,2,2,0,0,2,2,2,0,0,0,0,0,0,0,0,1,0,1,1,2,0,0,0,0,0,0,0,0,0,0,0,0,0,1,0,0,2,3,30000000,Orthodox
Orthodox,222047,1,0,0,0,0,0,0,1,0,0,10,0,10,10,0,10,0,0,1,1,0,1,0,1,0,0,1,0,0,0,2,0,0,0,10,6,1,0,0,0,0,0,0,0,0,0,0,0,0,0,0,0,0,0,1,2,1,4,10,4,5,8,1,1,1,1,1,1,10,10,10,1,1,0,0,1,7,6,0,0,0,0,0,0,0,0,1,0,3,1,1,0,0,0,0,0,0,0,0,0,0,0,0,0,1,0,0,3,3,30000000,Orthodox
Orthodox,221998,2,0,0,0,0,0,0,1,0,0,5,0,5,5,0,5,1,1,1,0,0,1,1,0,0,0,0,0,0,0,2,0,0,0,7,7,1,0,0,0,0,0,0,0,0,0,0,0,0,0,0,0,0,0,1,4,3,2,1,1,1,1,1,1,2,3,1,3,3,1,3,5,1,0,0,1,6,7,0,0,0,0,0,0,0,0,4,0,3,0,0,0,0,0,0,0,0,0,0,0,0,0,0,0,4,0,0,2,3,30000000,Orthodox
Orthodox,148139,1,1,0,0,0,0,0,1,0,0,10,0,10,8,0,9,0,0,1,0,1,0,0,1,0,0,1,1,0,0,2,0,8,0,6,8,2,9,0,0,0,0,0,0,0,0,0,0,0,0,0,0,0,0,3,3,3,0,0,1,1,7,1,0,1,1,1,1,1,1,1,0,1,0,0,1,1,1,0,0,0,0,0,0,0,0,3,3,2,0,2,0,0,0,0,0,0,0,0,0,0,0,0,0,2,2,3,4,3,30000000,Orthodox
Orthodox,221903,1,0,0,0,0,0,0,1,0,0,10,0,10,10,0,7,0,0,1,1,0,1,0,0,1,0,1,0,0,0,1,0,0,0,5,5,1,0,0,0,0,0,0,0,0,0,0,0,0,0,0,0,0,0,2,4,3,5,1,5,1,2,1,1,1,1,1,1,1,1,5,1,1,0,0,5,4,1,0,0,0,0,0,0,0,0,10,0,2,1,1,0,0,0,0,0,0,0,0,0,0,0,0,0,3,0,0,2,3,30000000,Orthodox
Orthodox,148924,1,1,0,0,0,0,0,1,0,0,10,0,10,10,0,1,0,0,1,0,0,1,0,1,1,0,1,0,0,0,2,0,1,0,10,9,1,1,0,1,0,0,0,0,0,0,0,0,0,0,0,0,0,0,1,4,4,0,0,1,1,1,1,0,1,1,1,1,1,1,1,0,4,0,0,7,1,2,0,0,0,0,0,0,0,0,10,1,1,0,1,0,0,0,0,0,0,0,0,1,0,0,0,0,3,1,3,3,3,30000000,Orthodox
Orthodox,412527,2,0,0,0,0,0,0,1,0,0,10,0,8,8,0,8,0,1,1,1,1,1,0,0,0,0,0,0,0,0,2,0,0,0,5,5,7,0,1,1,1,0,0,0,0,0,0,0,0,0,0,0,0,0,3,3,3,0,1,1,1,2,1,1,5,5,1,0,1,5,5,1,1,0,0,1,1,1,0,0,0,0,0,0,0,0,8,0,0,1,1,0,0,0,0,0,0,0,1,1,1,0,0,0,0,0,0,3,2,30000000,Orthodox
Orthodox,222016,1,0,0,0,0,0,0,1,0,0,10,0,5,5,0,8,1,1,1,0,0,1,0,1,0,0,0,0,0,0,2,0,0,0,5,8,1,0,0,0,0,0,0,0,0,0,0,0,0,0,0,0,0,0,2,1,3,5,1,1,1,5,3,1,1,1,1,1,1,1,1,1,1,0,0,5,3,3,0,0,0,0,0,0,0,0,4,0,2,0,0,0,0,0,0,0,0,0,0,0,0,0,0,0,4,0,0,2,3,30000000,Orthodox
Orthodox,222018,2,0,0,0,0,0,0,1,0,0,6,0,7,7,0,7,1,0,1,1,1,0,0,1,0,0,0,0,0,0,1,0,0,0,7,7,1,0,0,0,0,0,0,0,0,0,0,0,0,0,0,0,0,0,1,4,4,3,5,1,1,5,1,1,1,5,1,6,6,6,6,10,1,0,0,10,4,5,0,0,0,0,0,0,0,0,7,0,4,0,0,0,0,0,0,0,0,0,0,0,0,0,0,0,4,0,0,2,3,30000000,Orthodox
Orthodox,221894,3,0,0,0,0,0,0,1,0,0,5,0,10,10,0,10,1,1,1,1,1,0,0,0,0,0,0,0,0,0,2,0,0,0,2,5,1,0,0,0,0,0,0,0,0,0,0,0,0,0,0,0,0,0,1,3,3,4,1,1,1,1,1,1,10,1,1,1,1,1,1,1,1,0,0,1,8,8,0,0,0,0,0,0,0,0,5,0,3,0,0,0,0,0,0,0,0,0,0,0,0,0,0,0,3,0,0,2,3,30000000,Orthodox
Orthodox,221862,1,0,0,0,0,0,0,1,0,0,10,0,10,10,0,10,0,0,1,1,0,1,1,0,1,0,0,0,0,0,2,0,0,0,8,8,9,0,0,0,0,0,0,0,0,0,0,0,0,0,0,0,0,0,3,3,3,4,1,1,1,1,1,1,4,1,1,1,1,1,7,1,1,0,0,6,3,2,0,0,0,0,0,0,0,0,10,0,3,0,0,0,0,0,0,0,0,0,0,0,0,0,0,0,4,0,0,3,3,30000000,Orthodox
Orthodox,148843,1,1,0,0,0,0,0,1,0,0,10,0,1,1,0,10,0,1,1,0,0,0,1,0,1,0,1,0,0,0,2,0,1,0,3,10,1,1,0,1,0,0,0,0,0,0,0,0,0,0,0,0,0,0,1,3,3,0,0,10,1,1,1,0,1,1,1,1,1,1,1,0,1,0,0,1,2,2,0,0,0,0,0,0,0,0,1,1,1,0,2,0,0,0,0,0,0,0,0,1,0,0,0,1,1,1,2,3,3,30000000,Orthodox
Orthodox,148070,1,1,0,0,0,0,0,1,0,0,10,0,1,2,0,5,0,1,0,1,0,0,0,1,1,0,1,0,0,0,2,0,10,0,8,10,4,5,0,1,0,0,0,0,0,0,0,0,0,0,0,0,0,0,2,3,2,0,0,2,1,10,1,0,2,1,3,1,1,1,1,0,1,0,0,1,1,1,0,0,0,0,0,0,0,0,10,3,1,0,2,0,0,0,0,0,0,0,0,1,0,0,0,0,1,3,2,4,3,30000000,Orthodox
Orthodox,222067,3,0,0,0,0,0,0,1,0,0,9,0,10,10,0,1,0,0,0,1,1,1,0,1,0,0,0,0,0,0,1,0,0,0,8,10,1,0,0,0,0,0,0,0,0,0,0,0,0,0,0,0,0,0,1,4,4,5,5,5,5,1,1,1,5,5,5,5,5,5,5,5,5,0,0,5,7,3,0,0,0,0,0,0,0,0,5,0,3,0,0,0,0,0,0,0,0,0,0,0,0,0,0,0,3,0,0,2,3,30000000,Orthodox
Orthodox,147738,1,1,0,0,0,0,0,1,0,0,10,0,9,9,0,8,0,1,1,0,1,0,0,0,1,0,1,0,0,0,2,0,7,0,9,9,1,5,0,1,0,0,0,0,0,0,0,0,0,0,0,0,0,0,3,3,3,0,0,1,1,2,1,0,1,1,1,1,1,1,1,0,1,0,0,1,2,1,0,0,0,0,0,0,0,0,5,3,2,0,2,0,0,0,0,0,0,0,0,1,0,0,0,1,3,3,2,2,3,30000000,Orthodox
Orthodox,148453,1,3,0,0,0,0,0,1,0,0,8,0,7,7,0,5,0,0,0,0,0,0,1,0,1,1,1,1,0,0,1,0,10,0,6,9,1,1,0,1,0,0,0,0,0,0,0,0,0,0,0,0,0,0,2,3,4,0,0,2,3,6,6,0,2,4,8,5,4,4,2,0,8,0,0,5,7,1,0,0,0,0,0,0,0,0,6,3,3,0,2,0,0,0,0,0,0,0,0,1,0,0,0,0,2,1,1,2,3,30000000,Orthodox
Orthodox,98229,1,0,0,0,0,0,0,0,0,0,4,0,6,7,0,4,0,0,1,0,0,0,0,0,0,0,1,0,0,0,2,0,0,0,6,7,7,0,0,0,0,0,0,0,0,0,0,0,0,0,0,0,0,0,3,2,3,3,8,7,8,3,6,1,7,4,6,6,5,6,9,8,7,0,0,4,3,3,0,0,0,0,0,0,0,0,4,0,2,0,0,0,0,0,0,0,0,0,0,0,0,0,0,0,2,0,0,4,3,30000000,Orthodox
Orthodox,221859,1,0,0,0,0,0,0,1,0,0,10,0,10,10,0,10,1,0,1,0,0,1,1,1,0,0,0,0,0,0,2,0,0,0,7,8,1,0,0,0,0,0,0,0,0,0,0,0,0,0,0,0,0,0,3,3,3,3,5,1,1,1,3,1,1,1,6,1,1,1,8,1,1,0,0,1,7,2,0,0,0,0,0,0,0,0,10,0,2,0,0,0,0,0,0,0,0,0,0,0,0,0,0,0,2,0,0,1,3,30000000,Orthodox
Orthodox Church of Greece,354281,2,2,0,0,0,0,0,1,1,0,10,2,0,0,0,0,1,0,1,1,0,1,1,0,0,0,0,0,1,3,2,0,0,2,5,6,6,8,1,1,1,1,0,1,2,0,0,0,0,1,1,0,0,3,3,3,0,0,0,3,0,0,0,0,0,3,1,9,1,1,10,0,0,0,0,0,3,0,1,0,0,0,0,0,0,0,0,0,0,0,0,0,0,0,0,0,2,0,1,1,1,0,0,0,0,0,0,0,3,30112000,Orthodox Church of Greece
Orthodox Church of Greece,149233,2,0,0,0,0,0,0,1,0,0,8,0,7,8,0,5,1,1,1,1,1,0,0,0,0,0,0,0,0,0,2,0,0,0,10,10,10,0,1,1,1,0,0,0,0,0,0,0,0,0,0,0,0,0,3,4,1,5,1,1,1,1,1,1,4,1,1,0,0,5,6,1,1,0,0,10,2,2,0,0,0,0,0,0,0,0,7,0,3,0,0,0,0,0,0,0,0,0,1,1,1,0,0,0,3,0,0,2,3,30112000,Orthodox Church of Greece
Orthodox Church of Greece,149178,3,0,0,0,0,0,0,1,0,0,8,0,9,9,0,0,1,1,1,1,0,1,0,0,0,0,0,0,0,0,2,0,0,0,6,5,3,0,0,0,0,0,0,0,0,0,0,0,0,0,0,0,0,0,3,4,3,3,1,1,1,1,1,1,1,1,1,8,8,8,10,9,5,0,0,10,3,1,0,0,0,0,0,0,0,0,3,0,0,0,0,0,0,0,0,0,0,0,0,0,0,0,0,0,2,0,0,2,3,30112000,Orthodox Church of Greece
Orthodox Church of Greece,149191,1,0,0,0,0,0,0,1,0,0,10,0,5,0,0,0,1,0,0,0,1,0,0,0,1,0,0,0,0,0,2,0,0,0,1,4,10,0,0,1,1,0,0,0,0,0,0,0,0,0,0,0,0,0,0,3,2,4,1,1,1,1,1,1,3,1,1,0,1,1,5,0,1,0,0,5,1,3,0,0,0,0,0,0,0,0,10,0,2,1,2,0,0,0,0,0,0,0,0,1,1,0,0,0,1,0,0,4,3,30112000,Orthodox Church of Greece
Orthodox Church of Greece,150267,1,0,0,0,0,0,0,1,0,0,10,0,5,5,0,8,1,0,0,0,0,1,0,0,0,0,1,0,0,0,2,0,0,0,9,7,5,0,0,0,0,0,0,0,0,0,0,0,0,0,0,0,0,0,2,4,3,5,1,2,1,1,1,1,1,1,1,7,1,0,6,5,1,0,0,0,3,3,0,0,0,0,0,0,0,0,8,0,2,0,0,0,0,0,0,0,0,0,0,0,0,0,0,0,1,0,0,4,3,30112000,Orthodox Church of Greece
Orthodox Church of Greece,149986,1,0,0,0,0,0,0,1,0,0,10,0,8,8,0,8,1,1,0,0,0,1,0,1,1,0,0,0,0,0,2,0,0,0,7,2,9,0,1,0,1,0,0,0,0,0,0,0,0,0,0,0,0,0,4,4,3,3,8,7,5,6,7,5,8,8,8,4,3,3,9,6,4,0,0,9,3,2,0,0,0,0,0,0,0,0,7,0,0,0,0,0,0,0,0,0,0,0,1,0,1,0,0,0,2,0,0,3,3,30112000,Orthodox Church of Greece
Orthodox Church of Greece,149364,1,0,0,0,0,0,0,1,0,0,8,0,9,9,0,3,1,0,0,0,0,1,0,1,1,0,1,0,0,0,2,0,0,0,7,6,5,0,0,0,0,0,0,0,0,0,0,0,0,0,0,0,0,0,2,3,3,3,1,1,1,4,1,1,1,1,1,5,5,6,6,4,4,0,0,6,3,3,0,0,0,0,0,0,0,0,3,0,3,0,0,0,0,0,0,0,0,0,0,0,0,0,0,0,3,0,0,3,3,30112000,Orthodox Church of Greece
Orthodox Church of Greece,149640,1,0,0,0,0,0,0,1,0,0,8,0,8,8,0,6,1,0,1,0,0,1,0,1,1,0,0,0,0,0,2,0,0,0,8,7,4,0,1,1,1,0,0,0,0,0,0,0,0,0,0,0,0,0,3,4,2,5,1,1,1,1,1,1,4,1,1,5,6,6,9,3,1,0,0,7,4,4,0,0,0,0,0,0,0,0,6,0,0,0,0,0,0,0,0,0,0,0,1,1,1,0,0,0,2,0,0,3,3,30112000,Orthodox Church of Greece
Orthodox Church of Greece,150102,2,0,0,0,0,0,0,1,0,0,7,0,10,10,0,3,0,0,0,0,0,0,0,0,0,0,0,0,0,0,1,0,0,0,6,6,9,0,1,1,1,0,0,0,0,0,0,0,0,0,0,0,0,0,4,4,1,5,1,1,1,1,1,1,1,1,1,7,4,2,8,6,1,0,0,9,3,3,0,0,0,0,0,0,0,0,3,0,3,0,0,0,0,0,0,0,0,0,1,1,1,0,0,0,2,0,0,4,3,30112000,Orthodox Church of Greece
Orthodox Church of Greece,150111,1,0,0,0,0,0,0,1,0,0,9,0,6,6,0,5,1,1,1,1,0,0,0,0,1,0,0,0,0,0,2,0,0,0,6,6,3,0,0,0,0,0,0,0,0,0,0,0,0,0,0,0,0,0,0,3,3,4,2,2,1,1,1,1,2,1,2,3,2,4,6,0,2,0,0,6,3,3,0,0,0,0,0,0,0,0,5,0,0,0,0,0,0,0,0,0,0,0,0,0,0,0,0,0,3,0,0,3,3,30112000,Orthodox Church of Greece
Orthodox Church of Greece,150116,1,0,0,0,0,0,0,1,0,0,8,0,7,6,0,5,1,1,1,0,0,0,0,0,1,1,0,0,0,0,2,0,0,0,7,7,2,0,0,0,0,0,0,0,0,0,0,0,0,0,0,0,0,0,3,3,3,4,2,2,1,1,1,1,1,1,1,6,6,6,6,0,3,0,0,7,4,3,0,0,0,0,0,0,0,0,6,0,3,0,0,0,0,0,0,0,0,0,0,0,0,0,0,0,3,0,0,3,3,30112000,Orthodox Church of Greece
Orthodox Church of Greece,150191,1,0,0,0,0,0,0,1,0,0,10,0,7,8,0,5,1,0,1,0,0,1,1,0,1,0,0,0,0,0,2,0,0,0,8,5,4,0,1,1,1,0,0,0,0,0,0,0,0,0,0,0,0,0,2,3,2,0,2,2,2,2,1,1,2,2,2,0,0,0,0,0,0,0,0,5,3,3,0,0,0,0,0,0,0,0,8,0,0,0,0,0,0,0,0,0,0,0,1,1,1,0,0,0,2,0,0,3,3,30112000,Orthodox Church of Greece
Orthodox Church of Greece,353289,1,1,0,0,0,0,0,1,1,0,10,2,0,0,0,0,1,0,1,0,0,1,1,0,1,0,0,0,4,1,2,0,0,3,1,2,0,0,1,1,1,1,0,1,2,0,0,0,0,1,1,0,0,2,3,3,0,0,0,0,0,0,0,0,0,0,0,0,0,0,0,0,0,0,0,0,7,0,1,0,0,0,0,0,0,0,0,0,0,0,0,0,0,0,0,0,2,0,1,1,1,0,0,0,0,0,0,0,3,30112000,Orthodox Church of Greece
Orthodox Church of Greece,149613,1,0,0,0,0,0,0,1,0,0,10,0,7,7,0,8,1,0,1,1,0,1,0,0,1,0,0,0,0,0,1,0,0,0,8,7,5,0,1,1,1,0,0,0,0,0,0,0,0,0,0,0,0,0,4,4,2,4,7,1,1,1,1,1,1,2,2,3,3,1,3,1,1,0,0,3,2,1,0,0,0,0,0,0,0,0,8,0,4,0,0,0,0,0,0,0,0,0,1,1,1,0,0,1,2,0,0,3,3,30112000,Orthodox Church of Greece
Orthodox Church of Greece,149738,1,0,0,0,0,0,0,1,0,0,10,0,10,10,0,10,1,0,0,1,0,1,0,0,1,0,1,0,0,0,2,0,0,0,5,6,6,0,1,1,1,0,0,0,0,0,0,0,0,0,0,0,0,0,1,3,1,4,1,1,1,1,1,1,1,1,1,5,3,2,3,1,1,0,0,4,4,1,0,0,0,0,0,0,0,0,10,0,3,0,0,0,0,0,0,0,0,0,1,1,1,0,0,1,3,0,0,4,3,30112000,Orthodox Church of Greece
Orthodox Church of Greece,150090,1,0,0,0,0,0,0,1,0,0,9,0,7,7,0,5,0,1,1,0,0,1,0,1,0,1,0,0,0,0,2,0,0,0,7,7,3,0,1,1,1,0,0,0,0,0,0,0,0,0,0,0,0,0,4,4,3,5,2,2,1,1,1,1,2,1,2,4,4,3,6,0,2,0,0,7,4,3,0,0,0,0,0,0,0,0,5,0,3,0,0,0,0,0,0,0,0,0,1,1,1,0,0,0,3,0,0,3,3,30112000,Orthodox Church of Greece
Orthodox Church of Greece,149733,1,0,0,0,0,0,0,1,0,0,10,0,8,8,0,7,0,0,1,1,0,0,0,1,0,0,0,0,0,0,2,0,0,0,8,8,3,0,1,1,1,0,0,0,0,0,0,0,0,0,0,0,0,0,3,3,3,2,1,1,1,1,1,1,1,1,1,9,9,4,10,10,1,0,0,10,7,1,0,0,0,0,0,0,0,0,8,0,4,0,0,0,0,0,0,0,0,0,1,1,1,0,0,0,3,0,0,4,3,30112000,Orthodox Church of Greece
Orthodox Church of Greece,149422,4,0,0,0,0,0,0,0,0,0,2,0,7,8,0,1,1,0,1,1,0,1,0,1,0,0,0,0,0,0,2,0,0,0,8,8,3,0,0,0,0,0,0,0,0,0,0,0,0,0,0,0,0,0,3,4,4,5,1,1,1,1,1,1,1,1,1,4,5,2,8,1,1,0,0,7,7,7,0,0,0,0,0,0,0,0,1,0,4,0,0,0,0,0,0,0,0,0,0,0,0,0,0,0,4,0,0,4,3,30112000,Orthodox Church of Greece
Orthodox Church of Greece,149755,4,0,0,0,0,0,0,0,0,0,1,0,10,8,0,3,0,1,1,0,0,1,0,1,0,0,1,0,0,0,2,0,0,0,5,8,5,0,0,0,0,0,0,0,0,0,0,0,0,0,0,0,0,0,2,3,1,2,1,1,1,1,1,1,1,1,1,10,10,10,10,10,10,0,0,10,4,4,0,0,0,0,0,0,0,0,7,0,3,1,1,0,0,0,0,0,0,0,0,0,0,0,0,0,3,0,0,3,3,30112000,Orthodox Church of Greece
Orthodox Church of Greece,233926,1,0,0,0,0,0,0,1,0,0,8,0,7,7,0,2,1,0,0,0,0,0,0,0,0,0,0,0,0,0,2,0,0,0,7,3,3,0,1,1,1,0,0,0,0,0,0,0,0,0,0,0,0,0,2,2,1,0,3,3,3,3,3,3,0,4,4,3,0,3,3,3,3,0,0,3,4,2,0,0,0,0,0,0,0,0,2,0,2,0,0,0,0,0,0,0,0,0,1,1,1,0,0,0,2,0,0,2,3,30112000,Orthodox Church of Greece
Orthodox Church of Greece,150152,2,0,0,0,0,0,0,1,0,0,7,0,5,7,0,0,0,1,1,0,0,0,1,1,0,0,0,0,0,0,2,0,0,0,6,6,4,0,0,0,0,0,0,0,0,0,0,0,0,0,0,0,0,0,4,3,0,0,0,2,1,1,1,1,2,1,1,0,0,0,8,0,0,0,0,9,4,4,0,0,0,0,0,0,0,0,0,0,0,0,0,0,0,0,0,0,0,0,0,0,0,0,0,0,0,0,0,3,3,30112000,Orthodox Church of Greece
Orthodox Church of Greece,149512,1,0,0,0,0,0,0,1,0,0,10,0,10,6,0,6,1,1,1,1,1,1,1,1,1,1,0,0,0,0,2,0,0,0,4,2,1,0,0,0,0,0,0,0,0,0,0,0,0,0,0,0,0,0,2,4,2,0,1,1,1,1,1,1,1,1,1,0,1,1,5,10,1,0,0,10,4,3,0,0,0,0,0,0,0,0,9,0,3,0,0,0,0,0,0,0,0,0,0,0,0,0,0,0,2,0,0,3,3,30112000,Orthodox Church of Greece
Orthodox Church of Greece,149914,1,0,0,0,0,0,0,1,0,0,10,0,9,9,0,1,1,0,0,1,0,0,0,1,1,1,0,0,0,0,1,0,0,0,9,9,4,0,0,1,1,0,0,0,0,0,0,0,0,0,0,0,0,0,3,3,3,5,1,1,1,1,1,1,2,1,1,1,1,8,8,8,1,0,0,8,1,1,0,0,0,0,0,0,0,0,1,0,2,1,2,0,0,0,0,0,0,0,0,1,1,0,0,0,3,0,0,3,3,30112000,Orthodox Church of Greece
Orthodox Church of Greece,149789,1,0,0,0,0,0,0,1,0,0,10,0,10,3,0,2,1,1,1,1,0,0,0,1,0,0,0,0,0,0,2,0,0,0,10,10,4,0,1,1,1,0,0,0,0,0,0,0,0,0,0,0,0,0,4,4,3,5,4,1,1,1,1,1,1,1,1,5,4,1,3,1,1,0,0,4,2,1,0,0,0,0,0,0,0,0,10,0,4,0,0,0,0,0,0,0,0,0,1,1,1,0,0,1,2,0,0,4,3,30112000,Orthodox Church of Greece
Orthodox Church of Greece,150247,2,0,0,0,0,0,0,1,0,0,10,0,10,10,0,1,1,0,0,1,0,0,0,0,1,0,0,0,0,0,2,0,0,0,10,3,10,0,1,0,1,0,0,0,0,0,0,0,0,0,0,0,0,0,3,3,3,4,1,3,1,1,1,1,8,1,1,10,6,7,8,0,0,0,0,10,2,1,0,0,0,0,0,0,0,0,5,0,0,0,0,0,0,0,0,0,0,0,1,0,1,0,0,0,1,0,0,4,3,30112000,Orthodox Church of Greece
Orthodox Church of Greece,149546,1,0,0,0,0,0,0,1,0,0,10,0,9,9,0,5,1,0,1,0,0,1,0,0,1,0,1,0,0,0,2,0,0,0,5,6,2,0,1,1,1,0,0,0,0,0,0,0,0,0,0,0,0,0,4,1,2,5,1,1,1,1,1,1,1,1,1,1,1,1,5,1,1,0,0,7,3,1,0,0,0,0,0,0,0,0,5,0,3,0,0,0,0,0,0,0,0,0,1,1,1,0,0,1,4,0,0,4,3,30112000,Orthodox Church of Greece
Orthodox Church of Greece,149994,2,0,0,0,0,0,0,1,0,0,6,0,8,7,0,6,1,1,0,0,1,0,0,1,0,1,0,0,0,0,2,0,0,0,7,5,3,0,0,0,0,0,0,0,0,0,0,0,0,0,0,0,0,0,2,3,3,4,1,2,1,1,3,2,2,1,1,6,6,5,9,5,5,0,0,10,4,4,0,0,0,0,0,0,0,0,8,0,0,0,0,0,0,0,0,0,0,0,0,0,0,0,0,0,3,0,0,3,3,30112000,Orthodox Church of Greece
Orthodox Church of Greece,149681,3,0,0,0,0,0,0,1,0,0,10,0,10,10,0,7,1,0,1,0,0,0,1,1,1,0,0,0,0,0,1,0,0,0,7,7,6,0,1,1,1,0,0,0,0,0,0,0,0,0,0,0,0,0,1,2,1,4,1,1,1,1,1,1,1,1,1,3,4,4,4,1,1,0,0,5,2,3,0,0,0,0,0,0,0,0,8,0,3,0,0,0,0,0,0,0,0,0,1,1,1,0,0,0,3,0,0,3,3,30112000,Orthodox Church of Greece
Orthodox Church of Greece,149818,1,0,0,0,0,0,0,1,0,0,10,0,9,8,0,6,1,0,0,1,0,1,0,0,1,0,0,0,0,0,2,0,0,0,5,5,1,0,0,1,1,0,0,0,0,0,0,0,0,0,0,0,0,0,3,3,3,4,1,1,1,1,1,1,1,1,1,5,5,5,5,1,1,0,0,10,2,1,0,0,0,0,0,0,0,0,8,0,2,0,0,0,0,0,0,0,0,0,0,1,1,0,0,1,2,0,0,4,3,30112000,Orthodox Church of Greece
Orthodox Church of Greece,149167,4,0,0,0,0,0,0,1,0,0,7,0,8,9,0,2,0,0,0,1,1,0,1,1,0,1,0,0,0,0,2,0,0,0,3,3,8,0,0,0,0,0,0,0,0,0,0,0,0,0,0,0,0,0,4,4,3,4,1,3,1,1,1,1,2,1,1,9,7,10,10,10,5,0,0,10,4,5,0,0,0,0,0,0,0,0,2,0,4,0,0,0,0,0,0,0,0,0,0,0,0,0,0,0,4,0,0,0,3,30112000,Orthodox Church of Greece
Orthodox Church of Greece,149607,1,0,0,0,0,0,0,1,0,0,10,0,7,6,0,8,1,0,1,0,0,1,1,0,1,0,0,0,0,0,2,0,0,0,7,6,2,0,1,1,1,0,0,0,0,0,0,0,0,0,0,0,0,0,2,2,4,4,6,1,1,1,1,1,1,2,2,6,6,1,4,1,1,0,0,5,3,1,0,0,0,0,0,0,0,0,7,0,4,0,0,0,0,0,0,0,0,0,1,1,1,0,0,1,2,0,0,3,3,30112000,Orthodox Church of Greece
Orthodox Church of Greece,149959,4,0,0,0,0,0,0,0,0,0,4,0,9,10,0,9,1,0,1,1,0,1,0,0,0,1,0,0,0,0,1,0,0,0,8,8,3,0,0,0,0,0,0,0,0,0,0,0,0,0,0,0,0,0,2,4,3,3,7,1,1,4,3,1,1,2,1,10,10,10,10,10,10,0,0,10,6,7,0,0,0,0,0,0,0,0,10,0,4,0,0,0,0,0,0,0,0,0,0,0,0,0,0,0,4,0,0,3,3,30112000,Orthodox Church of Greece
Orthodox Church of Greece,149801,1,0,0,0,0,0,0,1,0,0,10,0,8,6,0,8,1,0,0,0,0,1,0,1,1,0,1,0,0,0,2,0,0,0,8,7,3,0,1,1,1,0,0,0,0,0,0,0,0,0,0,0,0,0,3,3,4,2,3,1,1,1,1,1,1,1,2,5,5,5,6,1,1,0,0,6,6,1,0,0,0,0,0,0,0,0,7,0,4,0,0,0,0,0,0,0,0,0,1,1,1,0,0,1,1,0,0,3,3,30112000,Orthodox Church of Greece
Orthodox Church of Greece,149580,1,0,0,0,0,0,0,1,0,0,9,0,9,9,0,9,0,1,1,0,0,1,0,1,1,0,0,0,0,0,2,0,0,0,7,7,2,0,1,1,1,0,0,0,0,0,0,0,0,0,0,0,0,0,4,4,4,4,5,3,1,1,1,1,3,1,1,7,6,1,7,1,1,0,0,8,4,3,0,0,0,0,0,0,0,0,6,0,3,0,0,0,0,0,0,0,0,0,1,1,1,0,0,1,1,0,0,4,3,30112000,Orthodox Church of Greece
Orthodox Church of Greece,149821,1,0,0,0,0,0,0,1,0,0,10,0,8,8,0,7,1,0,1,0,0,0,0,0,1,0,1,0,0,0,2,0,0,0,8,6,2,0,1,1,1,0,0,0,0,0,0,0,0,0,0,0,0,0,1,3,3,5,1,1,1,1,1,1,1,1,1,3,3,1,5,4,1,0,0,10,2,2,0,0,0,0,0,0,0,0,5,0,2,0,0,0,0,0,0,0,0,0,1,1,1,0,0,0,2,0,0,4,3,30112000,Orthodox Church of Greece
Orthodox Church of Greece,149477,1,0,0,0,0,0,0,1,0,0,10,0,7,4,0,5,1,0,0,1,0,1,1,0,1,0,0,0,0,0,2,0,0,0,3,7,3,0,1,1,1,0,0,0,0,0,0,0,0,0,0,0,0,0,3,3,2,5,1,1,1,1,1,1,1,1,1,1,1,3,5,1,1,0,0,3,3,1,0,0,0,0,0,0,0,0,10,0,1,0,0,0,0,0,0,0,0,0,1,1,1,0,0,0,2,0,0,2,3,30112000,Orthodox Church of Greece
Orthodox Church of Greece,149333,3,0,0,0,0,0,0,1,0,0,8,0,9,7,0,2,1,0,1,0,0,1,0,1,0,0,1,0,0,0,2,0,0,0,3,3,8,0,0,0,0,0,0,0,0,0,0,0,0,0,0,0,0,0,4,4,4,3,1,3,1,1,1,2,5,4,1,6,1,9,10,3,1,0,0,7,3,4,0,0,0,0,0,0,0,0,1,0,3,0,0,0,0,0,0,0,0,0,0,0,0,0,0,1,4,0,0,4,3,30112000,Orthodox Church of Greece
Orthodox Church of Greece,234116,3,0,0,0,0,0,0,1,0,0,7,0,8,5,0,4,0,0,0,1,0,1,1,1,0,1,0,0,0,0,2,0,0,0,6,4,7,0,1,1,1,0,0,0,0,0,0,0,0,0,0,0,0,0,2,4,1,0,1,8,1,1,1,1,0,2,3,2,0,1,1,1,1,0,0,1,1,2,0,0,0,0,0,0,0,0,4,0,1,0,0,0,0,0,0,0,0,0,1,1,1,0,0,0,2,0,0,3,3,30112000,Orthodox Church of Greece
Orthodox Church of Greece,149302,2,0,0,0,0,0,0,1,0,0,6,0,9,9,0,3,1,1,1,1,0,0,0,1,0,0,0,0,0,0,2,0,0,0,8,7,4,0,0,0,0,0,0,0,0,0,0,0,0,0,0,0,0,0,3,4,3,3,1,1,1,1,1,1,5,3,1,5,5,7,8,5,2,0,0,9,7,7,0,0,0,0,0,0,0,0,2,0,4,0,0,0,0,0,0,0,0,0,0,0,0,0,0,0,4,0,0,2,3,30112000,Orthodox Church of Greece
Orthodox Church of Greece,149375,1,0,0,0,0,0,0,1,0,0,10,0,5,5,0,0,1,0,1,0,0,0,0,0,1,0,0,0,0,0,2,0,0,0,1,5,3,0,1,1,1,0,0,0,0,0,0,0,0,0,0,0,0,0,2,4,3,5,1,1,1,1,1,1,1,1,1,1,1,1,2,1,1,0,0,1,2,2,0,0,0,0,0,0,0,0,8,0,1,0,0,0,0,0,0,0,0,0,1,1,1,0,0,0,1,0,0,4,3,30112000,Orthodox Church of Greece
Orthodox Church of Greece,234120,2,0,0,0,0,0,0,1,0,0,6,0,6,5,0,4,0,1,0,1,1,1,0,0,1,0,0,0,0,0,1,0,0,0,7,5,5,0,0,1,1,0,0,0,0,0,0,0,0,0,0,0,0,0,2,3,1,0,1,1,1,1,1,1,0,1,1,1,0,1,1,1,1,0,0,1,2,2,0,0,0,0,0,0,0,0,4,0,3,0,0,0,0,0,0,0,0,0,0,1,1,0,0,1,1,0,0,4,3,30112000,Orthodox Church of Greece
Orthodox Church of Greece,149793,1,0,0,0,0,0,0,1,0,0,9,0,9,9,0,5,1,0,1,0,0,1,0,1,1,0,0,0,0,0,2,0,0,0,6,7,3,0,1,1,1,0,0,0,0,0,0,0,0,0,0,0,0,0,3,4,4,4,1,1,1,1,1,1,2,1,1,3,1,3,5,1,1,0,0,5,4,4,0,0,0,0,0,0,0,0,8,0,3,0,0,0,0,0,0,0,0,0,1,1,1,0,0,1,3,0,0,3,3,30112000,Orthodox Church of Greece
Orthodox Church of Greece,149308,2,0,0,0,0,0,0,1,0,0,7,0,8,7,0,5,0,1,1,0,1,0,0,0,0,1,0,0,0,0,2,0,0,0,8,7,5,0,0,0,0,0,0,0,0,0,0,0,0,0,0,0,0,0,3,3,3,3,1,1,1,1,1,1,2,2,1,5,4,6,7,1,1,0,0,7,4,2,0,0,0,0,0,0,0,0,5,0,3,0,0,0,0,0,0,0,0,0,0,0,0,0,0,0,3,0,0,3,3,30112000,Orthodox Church of Greece
Orthodox Church of Greece,149255,1,0,0,0,0,0,0,1,0,0,10,0,8,4,0,4,1,0,1,0,0,0,1,0,1,0,1,0,0,0,2,0,0,0,8,6,4,0,1,1,1,0,0,0,0,0,0,0,0,0,0,0,0,0,4,4,3,3,1,1,1,1,1,1,1,1,1,2,2,3,9,1,1,0,0,9,4,3,0,0,0,0,0,0,0,0,7,0,2,0,0,0,0,0,0,0,0,0,1,1,1,0,0,0,3,0,0,3,3,30112000,Orthodox Church of Greece
Orthodox Church of Greece,149335,2,0,0,0,0,0,0,1,0,0,9,0,7,8,0,3,1,0,1,1,0,1,0,0,0,0,1,0,0,0,2,0,0,0,4,5,5,0,1,1,1,0,0,0,0,0,0,0,0,0,0,0,0,0,3,3,3,4,1,1,1,1,1,1,1,1,1,7,1,5,9,9,5,0,0,9,2,3,0,0,0,0,0,0,0,0,2,0,3,0,0,0,0,0,0,0,0,0,1,1,1,0,0,0,3,0,0,2,3,30112000,Orthodox Church of Greece
Orthodox Church of Greece,162416,3,2,0,0,0,0,0,0,0,0,9,0,10,10,10,0,0,1,1,1,0,1,1,0,0,0,0,0,0,0,2,0,9,0,8,8,3,9,0,0,0,0,8,0,0,0,0,0,0,1,0,0,0,0,4,4,0,0,0,1,0,0,0,0,1,1,3,3,1,1,6,6,1,0,0,0,3,0,0,0,0,0,1,0,0,0,5,3,0,0,0,0,4,2,2,3,0,0,0,0,0,0,0,0,0,0,0,2,3,30112000,Orthodox Church of Greece
Orthodox Church of Greece,149627,2,0,0,0,0,0,0,1,0,0,10,0,10,10,0,5,0,0,1,1,0,0,1,1,0,0,1,0,0,0,2,0,0,0,7,6,5,0,0,0,0,0,0,0,0,0,0,0,0,0,0,0,0,0,2,4,3,5,1,3,1,1,1,1,1,1,1,9,7,5,10,3,3,0,0,10,4,2,0,0,0,0,0,0,0,0,5,0,3,0,0,0,0,0,0,0,0,0,0,0,0,0,0,0,3,0,0,4,3,30112000,Orthodox Church of Greece
Orthodox Church of Greece,149137,2,0,0,0,0,0,0,1,0,0,7,0,10,8,0,1,0,1,1,0,1,1,0,1,0,0,0,0,0,0,2,0,0,0,7,10,10,0,0,0,0,0,0,0,0,0,0,0,0,0,0,0,0,0,3,3,3,2,1,1,1,1,1,1,1,1,1,10,10,10,10,10,1,0,0,10,4,7,0,0,0,0,0,0,0,0,4,0,3,0,0,0,0,0,0,0,0,0,0,0,0,0,0,0,0,0,0,0,3,30112000,Orthodox Church of Greece
Orthodox Church of Greece,149360,2,0,0,0,0,0,0,1,0,0,7,0,9,8,0,2,0,1,0,1,1,0,0,1,0,1,0,0,0,0,1,0,0,0,7,7,5,0,0,0,0,0,0,0,0,0,0,0,0,0,0,0,0,0,3,4,4,3,1,3,1,1,1,1,6,4,1,7,7,8,9,8,3,0,0,10,7,4,0,0,0,0,0,0,0,0,1,0,4,0,0,0,0,0,0,0,0,0,0,0,0,0,0,0,4,0,0,2,3,30112000,Orthodox Church of Greece
Orthodox Church of Greece,149869,1,0,0,0,0,0,0,1,0,0,10,0,7,8,0,4,1,1,1,1,0,0,0,0,1,0,0,0,0,0,2,0,0,0,2,2,6,0,1,0,0,0,0,0,0,0,0,0,0,0,0,0,0,0,3,3,3,5,1,5,1,1,1,1,3,5,1,1,3,3,7,1,1,0,0,6,3,2,0,0,0,0,0,0,0,0,6,0,2,0,0,0,0,0,0,0,0,0,1,0,0,0,0,0,2,0,0,4,3,30112000,Orthodox Church of Greece
Orthodox Church of Ukraine,396767,3,0,0,0,0,0,0,1,0,0,0,0,7,8,0,8,1,0,0,0,0,0,0,0,0,0,0,0,0,0,2,0,0,0,7,7,4,0,0,0,0,0,0,0,0,0,0,0,0,0,0,0,0,0,2,3,2,5,0,5,3,3,0,0,4,0,0,2,0,0,0,0,0,0,0,9,4,6,0,0,0,0,0,0,0,0,9,0,2,0,0,0,0,0,0,0,0,0,0,0,0,0,0,1,2,0,0,4,3,30117000,Orthodox Church of Ukraine
Orthodox Church of Ukraine,396986,2,0,0,0,0,0,0,0,0,0,5,0,6,4,0,5,1,0,1,0,0,1,1,1,0,0,0,0,0,0,2,0,0,0,4,8,5,0,0,1,0,0,0,0,0,0,0,0,0,0,0,0,0,0,2,3,1,3,6,5,6,7,5,4,4,5,5,6,7,4,5,6,6,0,0,4,4,6,0,0,0,0,0,0,0,0,7,0,2,1,1,0,0,0,0,0,0,0,0,1,0,0,0,0,2,0,0,1,3,30117000,Orthodox Church of Ukraine
Orthodox Church of Ukraine,397593,3,0,0,0,0,0,0,1,0,0,7,0,10,10,0,10,0,0,1,0,1,1,1,1,0,0,0,0,0,0,2,0,0,0,10,10,5,0,0,0,0,0,0,0,0,0,0,0,0,0,0,0,0,0,3,3,1,4,1,2,3,2,5,1,2,2,1,1,1,1,0,0,1,0,0,0,3,3,0,0,0,0,0,0,0,0,10,0,3,1,1,0,0,0,0,0,0,0,0,0,0,0,0,1,3,0,0,2,3,30117000,Orthodox Church of Ukraine
Orthodox Church of Ukraine,396588,3,0,0,0,0,0,0,1,0,0,5,0,7,6,0,8,1,0,1,1,1,1,0,0,0,0,0,0,0,0,2,0,0,0,8,10,6,0,0,0,0,0,0,0,0,0,0,0,0,0,0,0,0,0,3,3,2,3,3,1,1,2,2,3,3,2,3,1,2,5,5,8,1,0,0,7,4,5,0,0,0,0,0,0,0,0,5,0,3,0,0,0,0,0,0,0,0,0,0,0,0,0,0,0,3,0,0,3,3,30117000,Orthodox Church of Ukraine
Orthodox Church of Ukraine,397471,0,0,0,0,0,0,0,1,0,0,8,0,9,10,0,4,1,1,1,1,0,0,0,1,0,0,0,0,0,0,2,0,0,0,7,10,7,0,0,0,0,0,0,0,0,0,0,0,0,0,0,0,0,0,2,4,2,5,3,1,1,5,2,3,7,1,1,5,7,6,7,0,0,0,0,8,4,4,0,0,0,0,0,0,0,0,3,0,0,0,0,0,0,0,0,0,0,0,0,0,0,0,0,0,3,0,0,0,3,30117000,Orthodox Church of Ukraine
Orthodox Church of Ukraine,396592,2,0,0,0,0,0,0,1,0,0,9,0,9,8,0,2,1,0,1,1,0,0,0,1,0,1,0,0,0,0,1,0,0,0,7,8,2,0,1,1,1,0,0,0,0,0,0,0,0,0,0,0,0,0,2,2,2,2,1,2,2,1,1,1,2,2,2,0,2,5,2,5,2,0,0,9,7,2,0,0,0,0,0,0,0,0,2,0,0,1,1,0,0,0,0,0,0,0,1,1,1,0,0,0,3,0,0,2,3,30117000,Orthodox Church of Ukraine
Orthodox Church of Ukraine,397096,3,0,0,0,0,0,0,1,0,0,4,0,7,8,0,4,1,0,0,1,1,1,0,1,0,0,0,0,0,0,2,0,0,0,5,6,5,0,0,0,0,0,0,0,0,0,0,0,0,0,0,0,0,0,3,3,2,4,1,1,1,1,1,1,2,1,1,1,1,1,7,6,3,0,0,5,4,4,0,0,0,0,0,0,0,0,4,0,3,0,0,0,0,0,0,0,0,0,0,0,0,0,0,0,3,0,0,3,3,30117000,Orthodox Church of Ukraine
Orthodox Church of Ukraine,396725,2,0,0,0,0,0,0,1,0,0,7,0,6,6,0,0,0,0,1,0,0,0,0,0,1,1,1,0,0,0,2,0,0,0,5,5,10,0,0,0,0,0,0,0,0,0,0,0,0,0,0,0,0,0,2,4,2,4,1,1,1,1,1,1,1,1,1,1,1,1,1,0,1,0,0,0,4,4,0,0,0,0,0,0,0,0,6,0,0,0,0,0,0,0,0,0,0,0,0,0,0,0,0,0,0,0,0,3,3,30117000,Orthodox Church of Ukraine
Orthodox Church of Ukraine,397551,2,0,0,0,0,0,0,1,0,0,10,0,10,10,0,0,1,0,1,0,0,1,0,0,0,1,1,0,0,0,2,0,0,0,0,0,0,0,0,0,0,0,0,0,0,0,0,0,0,0,0,0,0,0,3,3,3,4,1,1,1,1,1,1,8,1,1,0,0,0,0,0,1,0,0,0,2,1,0,0,0,0,0,0,0,0,9,0,3,0,0,0,0,0,0,0,0,0,0,0,0,0,0,0,3,0,0,0,3,30117000,Orthodox Church of Ukraine
Orthodox Church of Ukraine,397612,2,0,0,0,0,0,0,1,0,0,10,0,0,10,0,10,1,1,0,1,0,1,0,1,0,0,0,0,0,0,2,0,0,0,6,6,1,0,0,0,0,0,0,0,0,0,0,0,0,0,0,0,0,0,2,3,2,0,2,2,3,4,1,1,5,2,2,0,3,4,0,2,1,0,0,0,6,3,0,0,0,0,0,0,0,0,10,0,3,1,1,0,0,0,0,0,0,0,0,0,0,0,0,0,3,0,0,2,3,30117000,Orthodox Church of Ukraine
Orthodox Church of Ukraine,396852,3,0,0,0,0,0,0,0,0,0,8,0,9,7,0,9,0,0,1,0,1,0,1,0,0,0,0,0,0,0,2,0,0,0,5,7,7,0,0,0,0,0,0,0,0,0,0,0,0,0,0,0,0,0,3,2,2,4,0,0,0,0,0,0,0,0,0,0,0,0,0,0,0,0,0,0,4,8,0,0,0,0,0,0,0,0,9,0,0,0,0,0,0,0,0,0,0,0,0,0,0,0,0,0,0,0,0,4,3,30117000,Orthodox Church of Ukraine
Orthodox Church of Ukraine,396432,2,0,0,0,0,0,0,1,0,0,8,0,7,9,0,6,1,0,1,1,0,0,1,0,0,0,1,0,0,0,1,0,0,0,7,2,8,0,0,0,0,0,0,0,0,0,0,0,0,0,0,0,0,0,4,4,2,0,1,7,1,2,1,1,0,1,1,0,1,8,8,1,1,0,0,1,8,8,0,0,0,0,0,0,0,0,5,0,0,0,0,0,0,0,0,0,0,0,0,0,0,0,0,0,3,0,0,3,3,30117000,Orthodox Church of Ukraine
Orthodox Church of Ukraine,397393,3,0,0,0,0,0,0,0,0,0,7,0,7,5,0,4,0,0,1,0,0,0,0,1,0,0,0,0,0,0,2,0,0,0,4,4,5,0,0,0,0,0,0,0,0,0,0,0,0,0,0,0,0,0,2,3,3,3,8,2,1,4,3,4,8,1,3,5,5,5,5,3,5,0,0,10,8,8,0,0,0,0,0,0,0,0,6,0,0,0,0,0,0,0,0,0,0,0,0,0,0,0,0,0,0,0,0,0,3,30117000,Orthodox Church of Ukraine
Orthodox Church of Ukraine,396594,2,0,0,0,0,0,0,1,0,0,9,0,9,9,0,2,1,1,1,1,0,0,0,1,0,0,0,0,0,0,2,0,0,0,7,5,2,0,1,1,1,0,0,0,0,0,0,0,0,0,0,0,0,0,3,2,2,3,2,2,3,2,2,1,2,2,2,3,3,3,5,0,2,0,0,5,4,3,0,0,0,0,0,0,0,0,2,0,3,1,1,0,0,0,0,0,0,0,1,1,1,0,0,1,3,0,0,2,3,30117000,Orthodox Church of Ukraine
Orthodox Church of Ukraine,397107,2,0,0,0,0,0,0,1,0,0,8,0,8,9,0,2,1,0,1,1,0,1,1,0,0,0,0,0,0,0,2,0,0,0,7,8,5,0,0,0,0,0,0,0,0,0,0,0,0,0,0,0,0,0,3,3,2,4,1,1,1,1,3,1,1,4,1,1,3,1,3,4,1,0,0,5,4,4,0,0,0,0,0,0,0,0,7,0,4,0,0,0,0,0,0,0,0,0,0,0,0,0,0,0,3,0,0,2,3,30117000,Orthodox Church of Ukraine
Orthodox Church of Ukraine,397559,1,0,0,0,0,0,0,1,0,0,10,0,6,5,0,10,0,1,1,1,0,1,0,1,0,0,0,0,0,0,2,0,0,0,7,7,8,0,0,0,0,0,0,0,0,0,0,0,0,0,0,0,0,0,2,3,1,5,0,1,3,2,2,5,2,0,0,0,0,2,3,0,1,0,0,7,3,2,0,0,0,0,0,0,0,0,10,0,0,1,1,0,0,0,0,0,0,0,0,0,0,0,0,0,2,0,0,4,3,30117000,Orthodox Church of Ukraine
Orthodox Church of Ukraine,396695,3,0,0,0,0,0,0,1,0,0,6,0,7,7,0,7,0,0,0,0,0,0,0,0,0,0,0,0,0,0,1,0,0,0,6,6,6,0,1,1,1,0,0,0,0,0,0,0,0,0,0,0,0,0,3,3,3,4,4,6,2,2,2,2,8,3,2,0,10,10,10,3,2,0,0,10,4,5,0,0,0,0,0,0,0,0,5,0,3,0,0,0,0,0,0,0,0,0,1,1,1,0,0,0,3,0,0,3,3,30117000,Orthodox Church of Ukraine
Orthodox Church of Ukraine,397416,4,0,0,0,0,0,0,0,0,0,5,0,5,10,0,0,0,0,0,0,0,0,1,1,0,0,1,0,0,0,2,0,0,0,8,7,10,0,0,0,0,0,0,0,0,0,0,0,0,0,0,0,0,0,2,3,3,5,1,5,1,1,1,1,1,10,1,1,1,5,10,1,1,0,0,1,4,5,0,0,0,0,0,0,0,0,0,0,3,0,0,0,0,0,0,0,0,0,0,0,0,0,0,0,4,0,0,3,3,30117000,Orthodox Church of Ukraine
Orthodox Church of Ukraine,396816,1,0,0,0,0,0,0,1,0,0,5,0,5,5,0,5,1,1,1,1,0,0,0,1,0,0,0,0,0,0,1,0,0,0,3,5,8,0,0,0,0,0,0,0,0,0,0,0,0,0,0,0,0,0,0,3,3,5,2,2,1,2,2,2,2,5,2,1,1,1,5,5,1,0,0,7,3,2,0,0,0,0,0,0,0,0,5,0,0,0,0,0,0,0,0,0,0,0,0,0,0,0,0,0,0,0,0,0,3,30117000,Orthodox Church of Ukraine
Orthodox Church of Ukraine,397466,2,0,0,0,0,0,0,1,0,0,10,0,10,10,0,0,1,0,0,0,0,1,0,0,1,0,1,0,0,0,2,0,0,0,0,1,2,0,1,1,1,0,0,0,0,0,0,0,0,0,0,0,0,0,0,3,2,0,1,1,10,1,1,1,10,0,0,1,1,1,1,1,1,0,0,1,3,1,0,0,0,0,0,0,0,0,10,0,0,0,0,0,0,0,0,0,0,0,1,1,1,0,0,0,0,0,0,2,3,30117000,Orthodox Church of Ukraine
Orthodox Church of Ukraine,396983,3,0,0,0,0,0,0,1,0,0,5,0,4,6,0,2,1,0,1,0,1,1,1,0,0,0,0,0,0,0,2,0,0,0,8,9,5,0,0,0,1,0,0,0,0,0,0,0,0,0,0,0,0,0,3,3,1,2,8,4,3,3,6,7,7,6,5,5,4,4,9,1,10,0,0,5,6,6,0,0,0,0,0,0,0,0,4,0,3,1,1,0,0,0,0,0,0,0,0,0,1,0,0,0,1,0,0,2,3,30117000,Orthodox Church of Ukraine
Orthodox Church of Ukraine,396993,3,0,0,0,0,0,0,1,0,0,8,0,7,9,0,0,0,0,0,0,0,0,0,0,0,0,0,0,0,0,1,0,0,0,8,7,5,0,0,0,1,0,0,0,0,0,0,0,0,0,0,0,0,0,4,4,2,0,2,3,1,3,3,1,5,2,1,1,2,5,5,1,1,0,0,5,4,8,0,0,0,0,0,0,0,0,7,0,3,0,0,0,0,0,0,0,0,0,0,0,1,0,0,0,0,0,0,0,3,30117000,Orthodox Church of Ukraine
Orthodox Church of Ukraine,396484,1,0,0,0,0,0,0,1,0,0,10,0,10,10,0,8,0,0,1,1,0,1,0,0,1,0,1,0,0,0,1,0,0,0,8,9,7,0,1,1,1,0,0,0,0,0,0,0,0,0,0,0,0,0,2,4,4,0,5,1,7,7,5,6,5,4,8,5,6,7,5,6,7,0,0,9,4,1,0,0,0,0,0,0,0,0,8,0,3,1,2,0,0,0,0,0,0,0,1,1,1,0,0,0,3,0,0,1,3,30117000,Orthodox Church of Ukraine
Orthodox Church of Ukraine,397626,2,0,0,0,0,0,0,1,0,0,5,0,10,10,0,0,0,0,1,1,0,1,1,0,0,0,0,0,0,0,2,0,0,0,3,5,10,0,0,0,0,0,0,0,0,0,0,0,0,0,0,0,0,0,3,3,3,0,1,1,1,1,1,1,1,1,1,1,0,5,5,0,1,0,0,10,3,7,0,0,0,0,0,0,0,0,0,0,3,1,1,0,0,0,0,0,0,0,0,0,0,0,0,0,2,0,0,2,3,30117000,Orthodox Church of Ukraine
Orthodox Church of Ukraine,397407,3,0,0,0,0,0,0,1,0,0,10,0,10,10,0,0,1,0,1,1,0,1,1,0,0,0,0,0,0,0,2,0,0,0,6,5,2,0,0,0,0,0,0,0,0,0,0,0,0,0,0,0,0,0,3,3,3,4,1,4,1,1,1,1,7,1,1,3,3,1,5,5,1,0,0,4,4,2,0,0,0,0,0,0,0,0,10,0,3,1,1,0,0,0,0,0,0,0,0,0,0,0,0,0,3,0,0,4,3,30117000,Orthodox Church of Ukraine
Orthodox Church of Ukraine,397459,2,0,0,0,0,0,0,1,0,0,10,0,0,7,0,10,0,0,0,1,0,1,1,0,1,0,1,0,0,0,2,0,0,0,6,5,1,0,1,1,1,0,0,0,0,0,0,0,0,0,0,0,0,0,2,4,2,5,1,1,1,1,1,1,1,1,1,1,1,1,1,1,1,0,0,1,3,1,0,0,0,0,0,0,0,0,10,0,1,1,1,0,0,0,0,0,0,0,1,1,1,0,0,1,1,0,0,4,3,30117000,Orthodox Church of Ukraine
Orthodox Church of Ukraine,396595,1,0,0,0,0,0,0,1,0,0,10,0,9,9,0,3,1,1,0,1,0,0,0,1,0,1,0,0,0,0,1,0,0,0,8,8,1,0,1,1,1,0,0,0,0,0,0,0,0,0,0,0,0,0,2,1,1,2,1,2,2,1,1,1,2,2,2,0,0,2,5,9,1,0,0,6,4,1,0,0,0,0,0,0,0,0,2,0,2,1,1,0,0,0,0,0,0,0,1,1,1,0,0,1,2,0,0,0,3,30117000,Orthodox Church of Ukraine
Orthodox Church of Ukraine,397480,1,0,0,0,0,0,0,1,0,0,7,0,10,10,0,5,0,0,1,0,0,1,1,1,0,0,1,0,0,0,2,0,0,0,4,5,1,0,0,0,0,0,0,0,0,0,0,0,0,0,0,0,0,0,2,3,2,5,1,1,1,3,1,1,1,1,1,1,1,3,6,1,1,0,0,6,4,5,0,0,0,0,0,0,0,0,6,0,3,1,1,0,0,0,0,0,0,0,0,0,0,0,0,0,0,0,0,2,3,30117000,Orthodox Church of Ukraine
Orthodox Church of Ukraine,396836,4,0,0,0,0,0,0,1,0,0,5,0,10,10,0,5,0,1,1,1,0,1,0,1,0,0,0,0,0,0,2,0,0,0,7,10,4,0,1,0,0,0,0,0,0,0,0,0,0,0,0,0,0,0,3,1,4,1,5,1,1,1,1,1,1,1,1,6,1,1,10,1,1,0,0,10,4,8,0,0,0,0,0,0,0,0,1,0,3,0,0,0,0,0,0,0,0,0,1,0,0,0,0,0,4,0,0,3,3,30117000,Orthodox Church of Ukraine
Orthodox Church of Ukraine,397608,2,0,0,0,0,0,0,1,0,0,10,0,10,10,0,0,1,0,1,1,0,1,0,0,0,0,1,0,0,0,2,0,0,0,6,8,5,0,1,1,1,0,0,0,0,0,0,0,0,0,0,0,0,0,3,3,3,0,1,1,1,1,1,1,1,1,1,1,1,1,3,2,1,0,0,1,4,1,0,0,0,0,0,0,0,0,0,0,0,1,1,0,0,0,0,0,0,0,1,1,1,0,0,0,2,0,0,0,3,30117000,Orthodox Church of Ukraine
Orthodox Church of Ukraine,396766,1,0,0,0,0,0,0,1,0,0,10,0,7,8,0,6,1,0,1,0,0,1,1,0,0,0,1,0,0,0,2,0,0,0,5,5,1,0,1,0,1,0,0,0,0,0,0,0,0,0,0,0,0,0,4,3,2,0,2,5,1,3,1,1,1,1,1,1,1,2,5,3,2,0,0,6,4,1,0,0,0,0,0,0,0,0,7,0,3,0,0,0,0,0,0,0,0,0,1,0,1,0,0,1,1,0,0,3,3,30117000,Orthodox Church of Ukraine
Orthodox Church of Ukraine,397100,4,0,0,0,0,0,0,1,0,0,5,0,9,8,0,3,1,0,1,1,0,0,0,0,0,1,0,0,0,0,2,0,0,0,8,9,0,0,0,0,0,0,0,0,0,0,0,0,0,0,0,0,0,0,3,3,1,4,3,3,1,1,1,1,3,3,1,3,3,3,10,5,1,0,0,5,4,4,0,0,0,0,0,0,0,0,7,0,3,0,0,0,0,0,0,0,0,0,0,0,0,0,0,0,3,0,0,2,3,30117000,Orthodox Church of Ukraine
Orthodox Church of Ukraine,397321,2,0,0,0,0,0,0,1,0,0,10,0,10,10,0,3,1,0,1,0,0,0,0,0,1,0,1,0,0,0,2,0,0,0,10,8,10,0,1,1,1,0,0,0,0,0,0,0,0,0,0,0,0,0,3,3,0,0,6,3,6,5,1,1,9,9,6,3,5,7,6,6,8,0,0,5,2,1,0,0,0,0,0,0,0,0,5,0,1,0,0,0,0,0,0,0,0,0,1,1,1,0,0,1,1,0,0,4,3,30117000,Orthodox Church of Ukraine
Orthodox Church of Ukraine,397242,2,0,0,0,0,0,0,1,0,0,9,0,7,10,0,7,0,0,1,1,0,1,0,1,0,1,0,0,0,0,2,0,0,0,6,6,9,0,0,0,0,0,0,0,0,0,0,0,0,0,0,0,0,0,3,4,1,0,0,7,1,1,1,0,3,7,1,3,3,7,8,4,2,0,0,3,3,3,0,0,0,0,0,0,0,0,5,0,2,1,2,0,0,0,0,0,0,0,0,0,0,0,0,0,1,0,0,0,3,30117000,Orthodox Church of Ukraine
Orthodox Church of Ukraine,397534,3,0,0,0,0,0,0,1,0,0,10,0,7,10,0,2,1,0,1,1,0,1,0,1,0,0,0,0,0,0,2,0,0,0,6,8,5,0,1,0,0,0,0,0,0,0,0,0,0,0,0,0,0,0,3,3,2,4,1,1,5,1,1,1,1,1,1,0,0,0,5,5,1,0,0,5,6,2,0,0,0,0,0,0,0,0,8,0,3,0,0,0,0,0,0,0,0,0,1,0,0,0,0,0,3,0,0,4,3,30117000,Orthodox Church of Ukraine
Orthodox Church of Ukraine,396739,3,0,0,0,0,0,0,0,0,0,2,0,7,7,0,7,1,0,1,1,0,1,1,0,0,0,0,0,0,0,2,0,0,0,7,6,8,0,0,0,0,0,0,0,0,0,0,0,0,0,0,0,0,0,2,3,2,0,1,2,1,1,1,1,0,5,0,0,2,6,7,0,1,0,0,0,4,4,0,0,0,0,0,0,0,0,5,0,3,0,0,0,0,0,0,0,0,0,0,0,0,0,0,0,3,0,0,0,3,30117000,Orthodox Church of Ukraine
Orthodox Church of Ukraine,396418,3,0,0,0,0,0,0,0,0,0,4,0,8,7,0,6,1,0,1,1,0,0,0,0,0,0,1,0,0,0,2,0,0,0,7,6,3,0,0,0,0,0,0,0,0,0,0,0,0,0,0,0,0,0,2,2,3,0,4,7,4,1,1,1,3,3,1,1,1,5,7,5,1,0,0,7,6,8,0,0,0,0,0,0,0,0,9,0,3,0,0,0,0,0,0,0,0,0,0,0,0,0,0,0,3,0,0,3,3,30117000,Orthodox Church of Ukraine
Orthodox Church of Ukraine,397135,2,0,0,0,0,0,0,1,0,0,7,0,7,6,0,8,1,0,1,0,0,0,0,1,0,1,0,0,0,0,0,0,0,0,7,8,4,0,1,1,1,0,0,0,0,0,0,0,0,0,0,0,0,0,0,2,3,0,1,1,1,3,1,1,1,1,1,0,0,0,5,0,0,0,0,7,4,2,0,0,0,0,0,0,0,0,5,0,2,0,0,0,0,0,0,0,0,0,1,1,1,0,0,0,4,0,0,0,3,30117000,Orthodox Church of Ukraine
Orthodox Church of Ukraine,396834,2,0,0,0,0,0,0,1,0,0,10,0,8,8,0,2,1,1,1,0,0,0,0,1,0,0,1,0,0,0,2,0,0,0,6,5,8,0,0,0,0,0,0,0,0,0,0,0,0,0,0,0,0,0,0,3,3,0,1,2,1,1,1,1,2,2,1,1,1,2,5,5,1,0,0,10,4,3,0,0,0,0,0,0,0,0,0,0,0,0,0,0,0,0,0,0,0,0,0,0,0,0,0,0,0,0,0,0,3,30117000,Orthodox Church of Ukraine
Orthodox Church of Ukraine,396589,2,0,0,0,0,0,0,0,0,0,10,0,7,7,0,7,1,0,1,1,0,0,0,1,0,1,0,0,0,0,2,0,0,0,7,0,2,0,0,0,0,0,0,0,0,0,0,0,0,0,0,0,0,0,3,3,2,2,1,5,1,2,1,1,2,0,2,0,0,5,5,0,1,0,0,5,4,0,0,0,0,0,0,0,0,0,8,0,0,1,1,0,0,0,0,0,0,0,0,0,0,0,0,0,0,0,0,2,3,30117000,Orthodox Church of Ukraine
Orthodox Church of Ukraine,397606,2,0,0,0,0,0,0,1,0,0,6,0,9,9,0,0,1,1,1,1,0,0,1,0,0,0,0,0,0,0,2,0,0,0,6,9,8,0,0,0,0,0,0,0,0,0,0,0,0,0,0,0,0,0,2,2,2,5,3,5,5,2,3,2,6,6,5,2,3,6,8,6,0,0,0,9,4,5,0,0,0,0,0,0,0,0,6,0,3,0,0,0,0,0,0,0,0,0,0,0,0,0,0,0,3,0,0,0,3,30117000,Orthodox Church of Ukraine
Orthodox Church of Ukraine,397077,3,0,0,0,0,0,0,1,0,0,7,0,7,6,0,7,1,0,0,0,1,0,1,1,0,1,0,0,0,0,2,0,0,0,7,7,6,0,1,1,1,0,0,0,0,0,0,0,0,0,0,0,0,0,2,3,3,4,1,2,1,3,1,1,3,0,1,3,3,3,6,0,1,0,0,7,7,3,0,0,0,0,0,0,0,0,6,0,0,0,0,0,0,0,0,0,0,0,1,1,1,0,0,0,3,0,0,3,3,30117000,Orthodox Church of Ukraine
Orthodox Church of Ukraine,396828,1,0,0,0,0,0,0,1,0,0,9,0,0,0,0,0,1,0,1,1,0,0,0,1,0,0,1,0,0,0,1,0,0,0,7,8,2,0,0,0,0,0,0,0,0,0,0,0,0,0,0,0,0,0,0,3,1,0,0,0,1,1,1,2,1,0,1,0,0,0,0,0,2,0,0,0,4,4,0,0,0,0,0,0,0,0,0,0,0,1,1,0,0,0,0,0,0,0,0,0,0,0,0,0,2,0,0,3,3,30117000,Orthodox Church of Ukraine
Orthodox Church of Ukraine,396578,2,0,0,0,0,0,0,0,0,0,6,0,10,9,0,4,1,0,1,1,0,0,1,1,0,0,0,0,0,0,2,0,0,0,8,7,8,0,0,0,0,0,0,0,0,0,0,0,0,0,0,0,0,0,3,3,2,5,3,8,4,1,1,2,8,3,6,6,7,9,9,9,6,0,0,9,4,8,0,0,0,0,0,0,0,0,3,0,3,0,0,0,0,0,0,0,0,0,0,0,0,0,0,0,0,0,0,2,3,30117000,Orthodox Church of Ukraine
Orthodox Church of Ukraine,396618,2,0,0,0,0,0,0,0,0,0,6,0,7,5,0,4,1,0,1,1,0,0,1,1,0,0,0,0,0,0,2,0,0,0,4,7,7,0,0,0,0,0,0,0,0,0,0,0,0,0,0,0,0,0,2,2,3,3,3,7,3,4,3,4,7,4,3,2,3,9,9,6,2,0,0,9,4,5,0,0,0,0,0,0,0,0,7,0,3,0,0,0,0,0,0,0,0,0,0,0,0,0,0,1,3,0,0,3,3,30117000,Orthodox Church of Ukraine
Orthodox Church of Ukraine,397356,3,0,0,0,0,0,0,0,0,0,7,0,6,7,0,2,0,0,0,0,0,0,0,1,0,0,0,0,0,0,1,0,0,0,7,6,5,0,1,1,1,0,0,0,0,0,0,0,0,0,0,0,0,0,4,3,3,3,8,3,2,7,4,6,2,2,2,1,4,6,7,7,7,0,0,3,4,4,0,0,0,0,0,0,0,0,3,0,2,1,1,0,0,0,0,0,0,0,1,1,1,0,0,0,1,0,0,1,3,30117000,Orthodox Church of Ukraine
Orthodox Church of Ukraine,396493,2,0,0,0,0,0,0,0,0,0,10,0,7,7,0,7,1,1,0,1,0,1,0,1,0,0,0,0,0,0,2,0,0,0,10,6,7,0,1,1,1,0,0,0,0,0,0,0,0,0,0,0,0,0,1,3,3,0,1,1,1,1,1,1,3,1,1,1,1,3,3,0,1,0,0,3,2,3,0,0,0,0,0,0,0,0,7,0,4,0,0,0,0,0,0,0,0,0,1,1,1,0,0,0,2,0,0,0,3,30117000,Orthodox Church of Ukraine
Orthodox Church of Ukraine,396584,3,0,0,0,0,0,0,1,0,0,5,0,10,10,0,6,1,0,1,0,0,0,0,1,0,0,0,0,0,0,2,0,0,0,10,9,5,0,0,0,0,0,0,0,0,0,0,0,0,0,0,0,0,0,2,4,2,0,2,7,4,3,1,1,5,5,2,1,4,4,9,4,1,0,0,10,4,5,0,0,0,0,0,0,0,0,2,0,4,0,0,0,0,0,0,0,0,0,0,0,0,0,0,1,0,0,0,4,3,30117000,Orthodox Church of Ukraine
Orthodox Church of Ukraine,397546,1,0,0,0,0,0,0,1,0,0,3,0,7,5,0,6,0,0,1,1,0,0,1,0,1,0,0,0,0,0,1,0,0,0,6,4,1,0,0,0,0,0,0,0,0,0,0,0,0,0,0,0,0,0,3,3,2,3,2,7,2,6,4,3,6,5,4,1,1,2,9,2,5,0,0,8,3,1,0,0,0,0,0,0,0,0,5,0,3,1,2,0,0,0,0,0,0,0,0,0,0,0,0,0,3,0,0,1,3,30117000,Orthodox Church of Ukraine
Orthodox Church of Ukraine,396366,2,0,0,0,0,0,0,1,0,0,7,0,7,8,0,8,0,0,1,1,0,1,1,1,0,0,0,0,0,0,2,0,0,0,2,4,8,0,1,1,1,0,0,0,0,0,0,0,0,0,0,0,0,0,1,1,2,4,7,1,1,8,4,6,1,1,3,4,3,8,8,9,7,0,0,7,4,5,0,0,0,0,0,0,0,0,9,0,0,1,1,0,0,0,0,0,0,0,1,1,1,0,0,0,0,0,0,3,3,30117000,Orthodox Church of Ukraine
Other Christian,200160,1,1,0,0,0,0,0,1,1,0,10,1,0,0,0,0,1,0,1,0,0,1,0,0,0,1,1,0,0,0,2,1,0,0,10,5,0,0,1,1,1,1,0,1,1,0,0,0,0,1,1,0,0,0,1,3,0,0,0,1,0,0,0,0,1,1,1,1,1,1,1,1,1,1,0,0,2,0,0,0,0,0,0,0,0,0,0,0,0,0,0,0,1,1,5,0,0,0,1,1,1,0,0,0,0,0,0,0,8,80000000,Other Christian
Other Christian,281545,1,0,0,0,0,0,0,1,0,0,10,0,10,3,0,3,1,0,0,1,0,1,0,0,1,0,1,0,0,0,1,0,0,0,5,1,10,0,1,1,1,0,0,0,0,0,0,0,0,0,0,0,0,0,2,2,2,4,10,1,1,10,10,10,9,1,1,10,10,10,10,10,10,0,0,10,1,2,0,0,0,0,0,0,0,0,10,0,1,0,0,0,0,0,0,0,0,0,1,1,1,0,0,1,1,0,0,2,8,80000000,Other Christian
Other Christian,277490,1,1,0,0,0,0,0,1,1,0,10,0,0,0,0,0,1,0,0,0,0,1,0,1,1,1,0,0,0,0,2,2,0,0,7,1,0,0,1,1,1,1,0,1,1,0,0,0,0,1,1,1,0,0,1,4,0,0,0,1,0,0,0,0,1,1,1,1,1,1,1,1,1,1,0,0,1,0,0,0,0,0,0,0,0,0,0,0,0,0,0,0,1,2,1,0,0,0,1,1,1,0,0,1,0,0,0,0,8,80000000,Other Christian
Other Christian,159370,1,4,0,0,0,0,0,0,0,0,1,0,10,10,0,4,0,0,1,0,0,0,0,1,0,1,1,0,0,0,2,0,3,0,5,1,10,1,0,0,0,0,0,0,0,0,0,0,0,0,0,0,0,0,2,1,3,0,0,1,1,5,1,0,5,10,1,1,1,1,1,1,1,0,0,5,3,8,0,0,0,0,0,0,0,0,10,2,4,0,0,0,0,0,0,0,0,0,0,0,0,0,0,0,3,1,2,2,8,80000000,Other Christian
Other Christian,271729,1,0,0,0,0,0,0,1,0,0,4,0,9,7,0,5,0,1,0,1,1,1,0,0,1,0,0,0,0,0,1,0,0,0,9,5,4,0,1,1,1,0,0,0,0,0,0,0,0,0,0,0,0,0,2,2,3,2,5,3,3,5,1,1,5,1,1,8,9,7,7,5,1,0,0,5,1,2,0,0,0,0,0,0,0,0,7,0,1,0,0,0,0,0,0,0,0,0,1,1,1,0,0,0,1,0,0,1,8,80000000,Other Christian
Other Christian,19452,1,1,0,0,0,0,0,0,0,0,10,0,5,1,8,0,0,0,1,0,0,0,1,0,1,1,1,0,0,0,1,0,6,0,7,10,7,4,0,0,0,0,3,0,0,0,0,0,0,1,0,0,0,0,3,3,0,0,0,1,0,0,0,0,5,1,1,1,1,1,5,1,1,0,0,0,1,0,0,0,0,0,1,0,0,0,10,0,0,0,2,0,3,3,3,3,0,0,0,0,0,0,0,0,0,0,0,2,8,80000000,Other Christian
Other Christian,22570,3,0,0,0,0,0,0,1,0,0,6,0,7,1,0,9,1,0,0,1,0,1,0,0,0,1,1,0,0,0,2,0,0,0,9,8,1,0,0,0,1,0,0,0,0,0,0,0,0,0,0,0,0,0,3,3,3,3,1,1,1,5,1,1,1,1,1,5,5,5,5,7,5,0,0,5,7,3,0,0,0,0,0,0,0,0,1,0,3,1,1,0,0,0,0,0,0,0,0,0,1,0,0,0,3,0,0,2,8,80000000,Other Christian
Other Christian,20356,3,1,0,0,0,0,0,0,0,0,7,0,7,5,3,0,0,1,0,1,1,1,0,1,0,0,0,0,0,0,1,0,7,0,7,8,2,7,0,0,0,0,8,0,0,0,0,0,0,0,0,0,0,0,3,3,0,0,0,1,0,0,0,0,1,1,1,8,4,8,8,8,1,0,0,0,4,0,0,0,0,0,1,0,0,0,5,0,0,0,0,0,2,3,4,3,0,0,0,0,0,0,0,0,0,0,0,2,8,80000000,Other Christian
Other Christian,276770,1,2,0,0,0,0,0,1,1,0,10,0,0,0,0,0,1,0,0,1,0,1,0,0,1,0,1,0,0,0,2,1,0,0,9,8,0,0,1,1,1,1,0,1,1,0,0,0,0,1,1,0,0,0,1,4,0,0,0,1,0,0,0,0,1,1,1,1,1,1,1,1,1,1,0,0,2,0,0,0,0,0,0,0,0,0,0,0,0,0,0,0,1,4,1,0,0,0,1,1,1,0,0,1,0,0,0,0,8,80000000,Other Christian
Other Christian,158396,2,2,0,0,0,0,0,1,0,0,10,0,6,6,0,9,0,0,0,0,1,0,0,0,1,0,1,1,0,0,1,0,1,0,1,5,2,3,0,1,0,0,0,0,0,0,0,0,0,0,0,0,0,0,1,2,4,0,0,8,10,2,2,0,10,10,7,5,3,4,2,3,4,0,0,9,1,2,0,0,0,0,0,0,0,0,6,3,2,0,1,0,0,0,0,0,0,0,0,1,0,0,0,0,3,2,3,2,8,80000000,Other Christian
Other Christian,22914,2,0,0,0,0,0,0,1,0,0,8,0,7,7,0,6,1,1,0,0,1,1,0,0,0,1,0,0,0,0,1,0,0,0,9,8,8,0,1,0,1,0,0,0,0,0,0,0,0,0,0,0,0,0,4,4,3,2,1,1,1,1,1,1,2,2,1,10,9,8,10,8,6,0,0,10,7,2,0,0,0,0,0,0,0,0,5,0,3,1,1,0,0,0,0,0,0,0,1,0,1,0,0,0,4,0,0,2,8,80000000,Other Christian
Other Christian,139411,2,0,0,0,0,0,0,1,0,0,10,0,2,4,0,5,1,1,1,0,0,1,0,0,0,0,1,0,0,0,2,0,0,0,10,8,10,0,0,0,1,0,0,0,0,0,0,0,0,0,0,0,0,0,0,3,3,2,3,1,1,1,1,1,1,3,1,10,5,5,8,10,8,0,0,10,8,2,0,0,0,0,0,0,0,0,0,0,3,0,0,0,0,0,0,0,0,0,0,0,1,0,0,0,3,0,0,1,8,80000000,Other Christian
Other Christian,22143,0,0,0,0,0,0,0,1,0,0,7,0,10,10,0,1,0,0,0,0,0,1,0,0,0,0,0,0,0,0,2,0,0,0,10,10,1,0,1,0,1,0,0,0,0,0,0,0,0,0,0,0,0,0,4,4,4,1,1,10,1,6,1,1,0,1,1,10,10,10,10,6,1,0,0,10,4,5,0,0,0,0,0,0,0,0,1,0,4,0,0,0,0,0,0,0,0,0,1,0,1,0,0,0,4,0,0,1,8,80000000,Other Christian
Other Christian,293871,2,0,0,0,0,0,0,0,0,0,0,0,8,5,0,1,1,1,0,1,0,1,0,0,0,1,0,0,0,0,1,0,0,0,8,8,4,0,0,0,0,0,0,0,0,0,0,0,0,0,0,0,0,0,4,4,4,0,1,1,1,1,1,1,1,1,1,10,0,5,7,0,1,0,0,10,0,2,0,0,0,0,0,0,0,0,5,0,4,1,1,0,0,0,0,0,0,0,0,0,0,0,0,0,4,0,0,1,8,80000000,Other Christian
Other Christian,276584,1,2,0,0,0,0,0,1,1,0,10,0,0,0,0,0,1,0,1,1,0,0,0,0,1,0,1,0,0,0,2,1,0,0,10,9,0,0,1,1,1,1,0,1,1,0,0,0,0,1,1,0,1,0,3,4,0,0,0,1,0,0,0,0,1,1,1,1,1,1,1,1,1,1,0,0,1,0,0,0,0,0,0,0,0,0,0,0,0,0,0,0,1,2,1,0,0,0,1,1,1,0,0,0,0,0,0,0,8,80000000,Other Christian
Other Christian,139598,3,0,0,0,0,0,0,1,0,0,9,0,8,8,0,5,1,1,1,1,0,1,0,0,0,0,0,0,0,0,2,0,0,0,7,7,1,0,1,0,1,0,0,0,0,0,0,0,0,0,0,0,0,0,3,3,3,2,1,1,1,4,1,1,1,5,1,7,8,7,4,8,1,0,0,8,7,2,0,0,0,0,0,0,0,0,8,0,3,0,0,0,0,0,0,0,0,0,1,0,1,0,0,0,4,0,0,2,8,80000000,Other Christian
Other Christian,90871,1,1,0,0,0,0,0,1,0,0,10,0,2,2,0,5,0,0,0,1,0,1,0,0,1,1,1,0,0,0,2,0,9,0,10,2,9,2,0,0,0,0,0,0,0,0,0,0,0,0,0,0,0,0,4,4,2,0,0,3,1,1,1,0,3,1,1,1,1,1,3,1,1,0,0,1,1,2,0,0,0,0,0,0,0,0,5,3,3,0,2,0,0,0,0,0,0,0,0,0,0,0,0,0,3,2,2,3,8,80000000,Other Christian
Other Christian,377368,2,0,0,0,0,0,0,1,1,0,10,0,0,0,0,0,1,0,1,1,0,1,1,0,0,0,0,0,0,0,2,2,0,0,1,10,0,0,1,1,1,0,0,1,1,0,0,0,0,0,1,1,0,0,1,1,0,0,0,0,0,0,0,0,0,0,0,0,0,0,0,0,0,0,0,0,7,0,0,0,0,0,0,0,0,0,0,0,0,0,0,0,1,2,2,0,0,0,1,1,1,0,0,0,0,0,0,0,8,80000000,Other Christian
Other Christian,92188,2,0,0,0,0,0,0,1,0,0,10,0,5,4,0,10,1,0,0,1,0,1,0,0,1,1,0,0,0,0,2,0,0,0,7,5,4,0,1,1,1,0,0,0,0,0,0,0,0,0,0,0,0,0,3,3,3,4,1,1,1,3,2,1,1,1,1,3,1,1,5,2,1,0,0,2,1,1,0,0,0,0,0,0,0,0,7,0,3,1,2,0,0,0,0,0,0,0,1,1,1,0,0,0,3,0,0,2,8,80000000,Other Christian
Other Christian,240589,2,0,0,0,0,0,0,1,0,0,9,0,10,10,0,2,1,0,1,0,0,1,1,1,0,0,0,0,0,0,2,0,0,0,7,6,4,0,1,1,1,0,0,0,0,0,0,0,0,0,0,0,0,0,4,4,2,3,1,1,1,1,1,1,1,1,1,9,1,2,10,5,5,0,0,5,4,3,0,0,0,0,0,0,0,0,5,0,3,1,2,0,0,0,0,0,0,0,1,1,1,0,0,0,2,0,0,3,8,80000000,Other Christian
Other Christian,293000,2,0,0,0,0,0,0,1,0,0,8,0,7,3,0,5,1,1,0,0,0,1,1,0,0,1,0,0,0,0,0,0,0,0,7,9,3,0,1,0,1,0,0,0,0,0,0,0,0,0,0,0,0,0,3,3,3,0,1,1,1,1,1,1,1,1,1,8,4,8,8,10,3,0,0,5,7,7,0,0,0,0,0,0,0,0,1,0,3,1,1,0,0,0,0,0,0,0,1,0,1,0,0,0,4,0,0,0,8,80000000,Other Christian
Other Christian,140480,2,0,0,0,0,0,0,1,0,0,6,0,8,8,0,5,1,1,0,1,0,1,1,0,0,0,0,0,0,0,1,0,0,0,8,7,4,0,1,1,1,0,0,0,0,0,0,0,0,0,0,0,0,0,4,4,4,2,3,1,1,1,1,1,1,1,1,10,5,10,10,6,3,0,0,8,3,4,0,0,0,0,0,0,0,0,5,0,3,1,2,0,0,0,0,0,0,0,1,1,1,0,0,0,3,0,0,2,8,80000000,Other Christian
Other Christian,281569,1,0,0,0,0,0,0,1,0,0,10,0,5,6,0,5,1,1,1,0,0,1,0,0,0,0,1,0,0,0,2,0,0,0,5,6,6,0,0,0,0,0,0,0,0,0,0,0,0,0,0,0,0,0,2,3,3,3,1,1,1,1,1,1,1,1,1,1,1,5,1,1,1,0,0,1,7,7,0,0,0,0,0,0,0,0,6,0,2,0,0,0,0,0,0,0,0,0,0,0,0,0,0,0,2,0,0,3,8,80000000,Other Christian
Other Christian,140984,1,0,0,0,0,0,0,0,0,0,0,0,0,0,0,0,1,0,0,0,0,1,0,1,0,1,1,0,0,0,2,0,0,0,8,7,3,0,0,0,0,0,0,0,0,0,0,0,0,0,0,0,0,0,4,4,4,1,1,1,1,1,1,1,1,1,1,10,10,10,7,7,7,0,0,10,2,2,0,0,0,0,0,0,0,0,0,0,4,1,2,0,0,0,0,0,0,0,0,0,0,0,0,0,4,0,0,2,8,80000000,Other Christian
Other Christian,293379,3,0,0,0,0,0,0,1,0,0,7,0,8,8,0,5,0,0,0,1,1,1,1,1,0,0,0,0,0,0,1,0,0,0,9,10,2,0,0,0,0,0,0,0,0,0,0,0,0,0,0,0,0,0,3,3,3,0,1,1,1,1,1,1,1,1,1,10,8,8,8,0,0,0,0,10,8,2,0,0,0,0,0,0,0,0,5,0,4,0,0,0,0,0,0,0,0,0,0,0,0,0,0,0,4,0,0,0,8,80000000,Other Christian
Other Christian,43413,1,0,0,0,0,0,0,1,0,0,10,0,10,10,0,8,1,1,0,1,0,0,0,1,0,0,1,0,0,0,2,0,0,0,8,8,4,0,1,1,1,0,0,0,0,0,0,0,0,0,0,0,0,0,4,4,4,3,1,7,5,1,5,1,1,1,1,1,5,1,1,5,1,0,0,5,2,2,0,0,0,0,0,0,0,0,5,0,3,1,1,0,0,0,0,0,0,0,1,1,1,0,0,0,3,0,0,4,8,80000000,Other Christian
Other Christian,276718,2,1,0,0,0,0,0,1,1,0,10,0,0,0,0,0,1,0,1,0,0,0,0,1,0,1,1,0,0,0,2,1,0,0,2,9,0,0,1,1,1,1,0,1,1,0,0,0,0,1,1,0,0,0,2,2,0,0,0,1,0,0,0,0,9,1,1,1,1,1,1,1,1,1,0,0,2,0,0,0,0,0,0,0,0,0,0,0,0,0,0,0,2,2,3,0,0,0,1,1,1,0,0,1,0,0,0,0,8,80000000,Other Christian
Other Christian,184676,1,1,0,0,0,0,0,1,1,0,10,0,0,0,0,0,0,0,0,0,0,0,0,0,0,0,0,0,0,0,1,0,0,0,9,4,0,0,1,1,1,1,0,1,0,0,0,0,0,0,0,0,0,0,2,4,0,0,0,1,0,0,0,0,1,1,1,1,1,1,3,4,1,1,0,0,1,0,0,0,0,0,0,1,0,1,0,0,0,0,0,0,0,0,0,0,0,0,1,1,1,0,0,1,0,0,0,0,8,80000000,Other Christian
Other Christian,115661,1,1,0,0,0,0,0,0,0,0,10,0,8,7,7,0,0,1,0,0,0,1,1,0,1,1,0,0,0,0,2,0,4,0,8,6,1,5,0,0,0,0,4,0,0,0,0,0,0,1,0,0,0,0,1,4,0,0,0,1,0,0,0,0,2,2,1,0,0,0,1,1,1,0,0,0,3,0,0,0,0,0,1,0,0,0,3,0,0,0,0,0,0,0,0,0,0,0,0,0,0,0,0,0,0,0,0,2,8,80000000,Other Christian
Other Christian,276690,1,2,0,0,0,0,0,1,1,0,10,0,0,0,0,0,1,0,1,1,0,1,0,0,1,0,0,0,0,0,1,1,0,0,10,10,0,0,1,1,1,1,0,1,1,0,0,0,0,1,1,0,0,0,2,4,0,0,0,1,0,0,0,0,1,2,2,2,2,2,2,5,2,1,0,0,1,0,0,0,0,0,0,0,0,0,0,0,0,0,0,0,1,1,1,0,0,0,1,1,1,0,0,0,0,0,0,0,8,80000000,Other Christian
Other Christian,91294,1,1,0,0,0,0,0,1,0,0,10,0,7,7,0,2,0,0,0,1,0,1,1,0,1,0,1,0,0,0,2,0,5,0,9,2,8,8,0,1,0,0,0,0,0,0,0,0,0,0,0,0,0,0,4,3,3,0,0,1,1,5,1,0,1,1,1,1,1,1,1,1,1,0,0,1,1,1,0,0,0,0,0,0,0,0,3,3,1,0,2,0,0,0,0,0,0,0,0,1,0,0,0,0,1,1,2,3,8,80000000,Other Christian
Other Christian,114654,1,1,0,0,0,0,0,1,1,0,10,0,0,0,0,0,1,0,1,1,0,1,0,0,1,0,0,0,0,0,2,1,0,0,2,9,0,0,1,1,1,1,0,1,1,0,0,0,0,1,1,0,0,0,1,4,0,0,0,1,0,0,0,0,3,1,1,1,1,1,1,3,1,1,0,0,4,0,0,0,0,0,0,0,0,0,0,0,0,0,0,0,1,1,1,0,0,0,1,1,1,0,0,0,0,0,0,0,8,80000000,Other Christian
Other Christian,22147,4,0,0,0,0,0,0,1,0,0,2,0,7,6,0,2,1,1,0,1,1,1,0,0,0,0,0,0,0,0,2,0,0,0,7,7,0,0,1,0,1,0,0,0,0,0,0,0,0,0,0,0,0,0,4,4,4,1,1,1,1,1,1,1,1,1,1,10,8,10,9,10,2,0,0,10,8,8,0,0,0,0,0,0,0,0,1,0,4,0,0,0,0,0,0,0,0,0,1,0,1,0,0,0,4,0,0,2,8,80000000,Other Christian
Other Christian,140641,2,0,0,0,0,0,0,1,0,0,8,0,5,4,0,5,1,1,0,0,1,1,0,0,1,0,0,0,0,0,1,0,0,0,5,7,7,0,1,1,1,0,0,0,0,0,0,0,0,0,0,0,0,0,3,4,3,1,1,4,6,1,1,1,6,2,2,10,7,7,8,9,3,0,0,9,8,3,0,0,0,0,0,0,0,0,8,0,3,1,1,0,0,0,0,0,0,0,1,1,1,0,0,0,2,0,0,2,8,80000000,Other Christian
Other Christian,58145,1,0,0,0,0,0,0,1,0,0,8,0,6,6,0,4,1,0,0,0,0,1,1,0,1,0,1,0,0,0,2,0,0,0,6,6,6,0,1,0,1,0,0,0,0,0,0,0,0,0,0,0,0,0,2,3,2,4,3,4,2,2,3,6,3,2,3,2,6,2,2,2,2,0,0,2,2,2,0,0,0,0,0,0,0,0,6,0,2,1,2,0,0,0,0,0,0,0,1,0,1,0,0,0,1,0,0,3,8,80000000,Other Christian
Other Christian,318419,1,0,0,0,0,0,0,1,0,0,10,0,6,8,0,6,1,1,0,1,0,1,0,0,1,0,0,0,0,0,1,0,0,0,8,7,3,0,1,1,1,0,0,0,0,0,0,0,0,0,0,0,0,0,4,2,2,2,1,10,1,1,1,1,4,1,1,2,1,1,10,1,1,0,0,10,7,2,0,0,0,0,0,0,0,0,8,0,3,1,1,0,0,0,0,0,0,0,1,1,1,0,0,0,3,0,0,2,8,80000000,Other Christian
Other Christian,112839,1,2,0,0,0,0,0,1,1,0,10,0,0,0,0,0,0,1,1,1,0,0,0,0,1,0,1,0,0,0,2,2,0,0,2,2,0,0,1,1,1,1,0,2,1,0,0,0,0,1,1,0,0,0,3,4,0,0,0,1,0,0,0,0,1,1,1,1,1,1,3,5,1,1,0,0,1,0,0,0,0,0,0,0,0,0,0,0,0,0,0,0,2,4,2,0,0,0,1,1,1,0,0,0,0,0,0,0,8,80000000,Other Christian
Other Christian,159376,1,1,0,0,0,0,0,1,0,0,1,0,9,9,0,10,0,0,0,1,0,0,0,0,1,0,1,0,0,0,2,0,3,0,4,1,4,1,0,1,0,0,0,0,0,0,0,0,0,0,0,0,0,0,4,1,3,0,0,1,1,5,1,0,5,5,1,1,1,1,1,1,1,0,0,1,8,1,0,0,0,0,0,0,0,0,7,3,4,0,1,0,0,0,0,0,0,0,0,1,0,0,0,0,4,1,2,2,8,80000000,Other Christian
Other Christian,120504,1,0,0,0,0,0,0,0,0,0,10,0,2,2,0,2,1,0,1,1,0,1,0,0,1,0,0,0,0,0,2,0,0,0,5,5,2,0,0,1,1,0,0,0,0,0,0,0,0,0,0,0,0,0,2,3,2,0,1,1,1,1,1,1,1,1,1,0,0,1,5,1,1,0,0,0,4,4,0,0,0,0,0,0,0,0,5,0,1,0,0,0,0,0,0,0,0,0,0,1,1,0,0,0,0,0,0,3,8,80000000,Other Christian
Other Christian,318121,1,0,0,0,0,0,0,1,0,0,10,0,5,5,0,5,1,1,1,1,1,1,1,1,1,1,1,0,0,0,2,0,0,0,4,5,4,0,1,1,1,0,0,0,0,0,0,0,0,0,0,0,0,0,3,3,2,3,1,1,1,1,1,1,1,1,1,5,1,1,7,1,1,0,0,1,2,1,0,0,0,0,0,0,0,0,10,0,3,1,2,0,0,0,0,0,0,0,1,1,1,0,0,1,3,0,0,2,8,80000000,Other Christian
Other Christian,292449,1,2,0,0,0,0,0,1,0,0,10,0,5,5,0,6,0,1,1,0,0,1,0,0,1,0,0,0,0,0,2,1,0,0,3,1,1,6,0,1,0,0,0,0,0,0,0,0,0,0,0,0,0,0,4,4,4,0,0,1,1,1,1,0,1,1,1,1,1,1,1,1,1,0,0,1,2,1,0,0,0,0,0,0,0,0,8,0,1,0,2,0,0,0,0,0,0,0,0,1,0,0,0,0,0,4,0,0,8,80000000,Other Christian
Other Christian,293036,2,0,0,0,0,0,0,1,0,0,9,0,2,2,0,1,1,0,0,1,0,1,0,1,0,0,1,0,0,0,1,0,0,0,9,8,10,0,1,1,1,0,0,0,0,0,0,0,0,0,0,0,0,0,3,2,3,5,1,1,1,1,1,1,1,1,1,10,1,8,8,10,1,0,0,8,7,7,0,0,0,0,0,0,0,0,1,0,2,0,0,0,0,0,0,0,0,0,1,1,1,0,0,0,2,0,0,2,8,80000000,Other Christian
Other Christian,276593,1,2,0,0,0,0,0,0,1,0,10,0,0,0,0,0,1,0,1,0,0,1,0,0,1,0,1,0,0,0,2,1,0,0,7,7,0,0,1,1,1,1,0,1,1,0,0,0,0,1,1,0,0,0,1,1,0,0,0,1,0,0,0,0,1,1,1,1,1,1,1,1,1,1,0,0,1,0,0,0,0,0,0,0,0,0,0,0,0,0,0,0,3,1,1,0,0,0,1,1,1,0,0,0,0,0,0,0,8,80000000,Other Christian
Other Christian,282323,3,0,0,0,0,0,0,0,0,0,5,0,8,10,0,8,1,0,0,1,0,1,0,0,0,1,1,0,0,0,2,0,0,0,10,10,1,0,0,0,0,0,0,0,0,0,0,0,0,0,0,0,0,0,3,4,1,3,1,1,1,1,1,1,1,1,1,5,1,1,1,5,1,0,0,1,7,7,0,0,0,0,0,0,0,0,5,0,3,1,1,0,0,0,0,0,0,0,0,0,0,0,0,0,4,0,0,1,8,80000000,Other Christian
Other Christian,108837,1,3,0,0,0,0,0,1,0,0,7,0,6,8,0,8,0,0,1,0,0,1,0,1,1,0,1,0,0,0,2,0,10,0,10,10,10,1,0,1,0,0,0,0,0,0,0,0,0,0,0,0,0,0,2,4,0,0,0,10,1,1,1,0,1,2,8,0,0,2,3,1,5,0,0,0,7,6,0,0,0,0,0,0,0,0,5,0,4,0,0,0,0,0,0,0,0,0,0,1,0,0,0,1,1,2,0,3,8,80000000,Other Christian
Other Christian,277619,1,1,0,0,0,0,0,1,1,0,10,0,0,0,0,0,1,0,1,0,0,1,0,0,1,0,1,0,0,0,2,1,0,0,8,9,0,0,1,1,1,1,0,1,1,0,0,0,0,1,1,0,0,0,3,3,0,0,0,1,0,0,0,0,1,1,1,1,1,1,1,1,1,1,0,0,3,0,0,0,0,0,0,0,0,0,0,0,0,0,0,0,1,1,1,0,0,0,1,1,1,0,0,0,0,0,0,0,8,80000000,Other Christian
Other Christian,361331,1,1,0,0,0,0,0,0,0,0,10,0,5,7,10,0,0,1,0,1,1,1,0,0,1,0,0,0,0,0,1,0,8,0,9,7,5,7,0,0,0,0,8,0,0,0,0,0,0,1,0,0,0,0,4,4,0,0,0,1,0,0,0,0,1,1,1,10,6,3,4,3,5,0,0,0,2,0,0,0,0,0,1,0,0,0,7,0,0,0,2,0,4,2,3,2,0,0,0,0,0,0,0,0,0,0,0,1,8,80000000,Other Christian
Other Christian,339748,1,0,0,0,0,0,0,0,0,0,10,1,0,0,0,0,1,1,1,1,1,0,0,0,0,0,0,0,0,0,0,2,0,0,7,10,0,0,0,0,0,1,0,1,1,0,0,0,0,1,1,0,0,0,3,4,0,0,0,5,0,0,0,0,1,0,0,1,0,8,0,0,0,0,0,0,8,0,0,0,0,0,0,0,0,0,0,0,0,0,0,0,0,0,0,0,0,0,0,0,0,0,0,0,0,0,0,0,8,80000000,Other Christian
Other Christian,22984,3,0,0,0,0,0,0,0,0,0,3,0,9,8,0,2,1,0,0,1,0,1,1,0,0,1,0,0,0,0,1,0,0,0,7,7,6,0,0,0,0,0,0,0,0,0,0,0,0,0,0,0,0,0,4,2,3,4,1,2,1,1,1,1,2,1,1,5,5,10,5,8,5,0,0,5,7,7,0,0,0,0,0,0,0,0,2,0,4,1,1,0,0,0,0,0,0,0,0,0,0,0,0,0,0,0,0,2,8,80000000,Other Christian
Other Christian,293728,1,0,0,0,0,0,0,1,0,0,10,0,1,1,0,8,0,1,1,0,0,0,1,0,1,0,1,0,0,0,2,0,0,0,9,8,2,0,1,1,1,0,0,0,0,0,0,0,0,0,0,0,0,0,3,2,2,5,9,10,10,8,9,8,9,9,8,9,8,10,7,9,8,0,0,8,1,1,0,0,0,0,0,0,0,0,9,0,1,1,2,0,0,0,0,0,0,0,1,1,1,0,0,0,1,0,0,4,8,80000000,Other Christian
Other syncretists,46342,1,4,0,0,0,0,0,1,1,0,10,2,0,0,0,0,1,0,1,0,0,1,1,0,0,1,0,0,1,2,1,0,0,2,8,10,1,1,1,0,1,1,0,1,1,0,0,0,0,1,0,1,1,1,1,4,0,0,0,10,0,0,0,0,10,1,10,10,1,10,10,10,1,0,0,0,8,0,0,0,0,0,0,0,0,0,0,0,0,0,0,0,0,0,0,0,1,0,1,0,1,0,0,0,0,0,0,0,8,80502000,Other syncretists
Other syncretists,46252,1,1,0,0,0,0,0,1,0,0,10,2,0,0,0,0,1,0,0,1,0,1,0,1,0,0,1,0,2,3,2,0,0,1,10,10,10,10,1,1,1,0,0,1,1,0,0,0,0,1,1,0,0,2,1,4,0,0,0,10,0,0,0,0,10,1,10,1,1,1,1,1,1,0,0,0,3,0,0,0,0,0,0,0,0,0,0,0,0,0,2,0,0,0,0,0,0,0,1,1,1,0,0,0,0,0,0,0,8,80502000,Other syncretists
Other syncretists,46335,1,1,0,0,0,0,0,1,1,0,10,2,0,0,0,0,0,0,1,0,0,1,0,1,1,1,0,0,4,2,2,0,0,2,9,5,8,8,1,1,1,1,0,1,1,0,0,0,0,1,1,0,1,2,2,2,0,0,0,4,0,0,0,0,3,1,1,5,5,1,5,1,1,0,0,0,1,0,1,0,0,0,0,0,0,0,0,0,0,0,2,0,0,0,0,0,1,0,1,1,1,0,0,0,0,0,0,0,8,80502000,Other syncretists
Other syncretists,45941,2,1,0,0,0,0,0,1,1,0,10,1,0,0,0,0,0,0,0,0,0,1,1,1,1,0,1,0,2,3,2,0,0,2,4,6,6,5,1,0,0,1,0,1,1,0,0,0,0,1,1,1,1,1,2,4,0,0,0,3,0,0,0,0,4,1,9,1,1,5,4,3,1,0,0,0,8,0,1,0,0,0,0,0,0,0,0,0,0,0,0,0,0,0,0,0,2,0,1,0,0,0,0,0,0,0,0,0,8,80502000,Other syncretists
Other syncretists,46125,1,1,0,0,0,0,0,1,1,0,10,2,0,0,0,0,0,0,0,1,0,1,1,1,1,0,0,0,3,2,2,0,0,2,10,8,8,6,1,1,1,1,0,1,1,0,0,0,0,1,0,0,1,2,4,4,0,0,0,8,0,0,0,0,5,4,3,5,3,1,5,1,1,0,0,0,1,0,1,0,0,0,0,0,0,0,0,0,0,0,2,0,0,0,0,0,2,0,1,1,1,0,0,0,0,0,0,0,8,80502000,Other syncretists
Other syncretists,45783,1,4,0,0,0,0,0,1,0,0,10,2,0,0,0,0,0,0,0,1,0,1,1,0,1,1,0,0,2,4,2,0,0,2,3,5,5,8,1,1,1,1,0,1,1,0,0,0,0,1,0,0,0,2,4,3,0,0,0,3,0,0,0,0,6,7,5,1,2,1,1,1,1,0,0,0,1,0,1,0,0,0,0,0,0,0,0,0,0,0,0,0,0,0,0,0,2,0,1,1,1,0,0,0,0,0,0,0,8,80502000,Other syncretists
Other syncretists,46526,1,1,0,0,0,0,0,1,1,0,10,2,0,0,0,0,0,0,0,1,0,0,0,1,1,0,0,0,3,4,2,0,0,1,3,5,10,0,1,0,1,1,0,1,1,0,0,0,0,1,0,1,1,2,4,4,0,0,0,1,0,0,0,0,1,1,1,10,10,1,10,5,1,0,0,0,8,0,1,0,0,0,0,0,0,0,0,0,0,0,1,0,0,0,0,0,2,0,1,0,1,0,0,0,0,0,0,0,8,80502000,Other syncretists
Other syncretists,45914,1,4,0,0,0,0,0,1,0,0,10,2,0,0,0,0,1,0,1,0,0,0,0,0,0,0,1,0,4,1,2,0,0,2,6,10,1,10,0,1,1,1,0,1,1,0,0,0,0,0,1,0,1,2,4,4,0,0,0,1,0,0,0,0,1,1,10,10,1,1,10,10,1,0,0,0,2,0,1,0,0,0,0,0,0,0,0,0,0,0,1,0,0,0,0,0,1,0,0,1,1,0,0,0,0,0,0,0,8,80502000,Other syncretists
Other syncretists,46140,1,1,0,0,0,0,0,1,1,0,10,2,0,0,0,0,1,0,1,1,0,0,0,0,1,1,0,0,4,2,2,0,0,1,10,10,3,7,1,1,1,1,0,1,1,0,0,0,0,1,1,0,0,2,1,1,0,0,0,1,0,0,0,0,1,1,1,1,1,1,1,1,1,0,0,0,1,0,1,0,0,0,0,0,0,0,0,0,0,0,2,0,0,0,0,0,2,0,1,1,1,0,0,0,0,0,0,0,8,80502000,Other syncretists
Other syncretists,46429,1,3,0,0,0,0,0,1,1,0,10,2,0,0,0,0,0,0,0,0,1,0,0,0,1,0,1,0,2,4,2,0,0,1,10,8,1,10,1,1,1,1,0,1,2,0,0,0,0,1,1,1,0,1,3,2,0,0,0,5,0,0,0,0,1,10,10,10,1,1,1,1,1,0,0,0,3,0,1,0,0,0,0,0,0,0,0,0,0,0,0,0,0,0,0,0,1,0,1,1,1,0,0,0,0,0,0,0,8,80502000,Other syncretists
Other syncretists,45723,1,1,0,0,0,0,0,1,1,0,10,2,0,0,0,0,1,1,0,1,0,1,0,0,1,0,0,0,4,2,2,0,0,2,5,10,10,10,1,0,0,1,0,1,2,0,0,0,0,1,0,1,1,1,1,4,0,0,0,1,0,0,0,0,1,1,1,10,10,8,5,10,1,0,0,0,6,0,1,0,0,0,0,0,0,0,0,0,0,0,2,0,0,0,0,0,1,0,1,0,0,0,0,0,0,0,0,0,8,80502000,Other syncretists
Other syncretists,46076,2,2,0,0,0,0,0,1,1,0,10,2,0,0,0,0,1,1,1,0,0,0,0,0,1,0,1,0,1,2,2,0,0,2,1,10,10,10,1,1,1,1,0,1,1,0,0,0,0,0,0,1,1,2,4,4,0,0,0,1,0,0,0,0,4,5,1,3,1,3,8,2,1,0,0,0,2,0,1,0,0,0,0,0,0,0,0,0,0,0,2,0,0,0,0,0,2,0,1,1,1,0,0,0,0,0,0,0,8,80502000,Other syncretists
Other syncretists,45655,2,1,0,0,0,0,0,1,1,0,10,2,0,0,0,0,0,0,1,1,0,0,1,0,1,1,0,0,1,4,2,0,0,2,1,9,3,9,1,1,1,1,0,1,2,0,0,0,0,0,0,0,1,2,1,4,0,0,0,1,0,0,0,0,1,2,9,2,2,9,9,2,2,0,0,0,3,0,1,0,0,0,0,0,0,0,0,0,0,0,0,0,0,0,0,0,1,0,1,1,1,0,0,0,0,0,0,0,8,80502000,Other syncretists
Other syncretists,45984,2,1,0,0,0,0,0,1,1,0,10,2,0,0,0,0,1,0,1,1,0,0,0,1,0,1,0,0,3,2,2,0,0,1,4,6,6,4,1,0,0,0,0,1,1,0,0,0,0,1,0,1,0,1,2,4,0,0,0,5,0,0,0,0,4,4,6,7,5,2,3,6,4,0,0,0,3,0,1,0,0,0,0,0,0,0,0,0,0,0,0,0,0,0,0,0,2,0,1,0,0,0,0,0,0,0,0,0,8,80502000,Other syncretists
Other syncretists,45752,2,1,0,0,0,0,0,1,1,0,10,2,0,0,0,0,0,0,0,1,0,0,1,1,1,0,1,0,2,3,2,0,0,2,5,4,9,10,1,0,0,1,0,1,1,0,0,0,0,1,1,0,1,1,3,4,0,0,0,1,0,0,0,0,9,9,4,7,8,5,7,3,5,0,0,0,2,0,1,0,0,0,0,0,0,0,0,0,0,0,1,0,0,0,0,0,1,0,1,0,0,0,0,0,0,0,0,0,8,80502000,Other syncretists
Other syncretists,45794,1,1,0,0,0,0,0,1,1,0,10,2,0,0,0,0,0,0,1,1,0,1,1,0,1,0,0,0,4,2,2,0,0,1,2,1,10,1,1,1,1,1,0,1,1,0,0,0,0,1,1,0,1,1,1,4,0,0,0,1,0,0,0,0,6,6,7,6,2,1,6,1,1,0,0,0,1,0,1,0,0,0,0,0,0,0,0,0,0,0,1,0,0,0,0,0,1,0,1,1,1,0,0,0,0,0,0,0,8,80502000,Other syncretists
Other syncretists,46337,1,2,0,0,0,0,0,1,1,0,10,2,0,0,0,0,1,0,1,1,0,0,1,0,0,0,1,0,4,2,2,0,0,1,8,9,8,8,1,1,1,1,0,1,1,0,0,0,0,1,1,0,0,2,2,2,0,0,0,5,0,0,0,0,5,4,8,4,4,4,4,4,1,0,0,0,1,0,0,0,0,0,0,0,0,0,0,0,0,0,2,0,0,0,0,0,2,0,1,1,1,0,0,0,0,0,0,0,8,80502000,Other syncretists
Other syncretists,46167,3,4,0,0,0,0,0,1,0,0,10,2,0,0,0,0,1,0,1,1,0,1,0,0,0,0,1,0,3,2,2,0,0,2,4,5,8,8,0,0,0,0,0,1,1,0,0,0,0,1,0,0,1,1,1,2,0,0,0,2,0,0,0,0,1,2,5,1,7,5,8,2,1,0,0,0,8,0,1,0,0,0,0,0,0,0,0,0,0,0,2,0,0,0,0,0,1,0,0,0,0,0,0,0,0,0,0,0,8,80502000,Other syncretists
Other syncretists,46496,1,4,0,0,0,0,0,1,1,0,10,1,0,0,0,0,1,1,0,0,0,0,1,0,1,0,1,0,4,1,2,0,0,1,10,10,1,5,1,0,1,1,0,1,1,0,0,0,0,1,1,0,0,1,1,4,0,0,0,1,0,0,0,0,1,1,10,1,1,1,1,1,1,0,0,0,2,0,1,0,0,0,0,0,0,0,0,0,0,0,2,0,0,0,0,0,1,0,1,0,1,0,0,1,0,0,0,0,8,80502000,Other syncretists
Other syncretists,45688,1,1,0,0,0,0,0,1,1,0,10,2,0,0,0,0,0,0,0,1,1,1,0,1,0,1,0,0,3,2,2,0,0,2,1,5,6,7,1,0,0,1,0,1,1,0,0,0,0,1,0,0,1,2,3,4,0,0,0,1,0,0,0,0,1,1,1,8,4,3,8,1,1,0,0,0,6,0,1,0,0,0,0,0,0,0,0,0,0,0,2,0,0,0,0,0,2,0,1,0,0,0,0,0,0,0,0,0,8,80502000,Other syncretists
Other syncretists,46049,1,2,0,0,0,0,0,1,1,0,10,2,0,0,0,0,1,0,0,1,0,1,0,1,0,0,1,0,2,3,2,0,0,1,4,10,1,8,0,1,1,1,0,1,1,0,0,0,0,1,1,0,0,2,3,4,0,0,0,1,0,0,0,0,1,1,1,1,1,1,1,1,1,0,0,0,1,0,1,0,0,0,0,0,0,0,0,0,0,0,2,0,0,0,0,0,2,0,0,1,1,0,0,0,0,0,0,0,8,80502000,Other syncretists
Other syncretists,45708,1,2,0,0,0,0,0,1,1,0,10,2,0,0,0,0,0,0,1,1,0,1,1,1,0,0,0,0,1,3,2,0,0,2,1,2,6,1,1,1,1,1,0,1,1,0,0,0,0,1,1,1,1,1,1,1,0,0,0,10,0,0,0,0,1,1,1,10,1,1,1,1,1,0,0,0,3,0,1,0,0,0,0,0,0,0,0,0,0,0,2,0,0,0,0,0,2,0,1,1,1,0,0,0,0,0,0,0,8,80502000,Other syncretists
Other syncretists,45578,1,4,0,0,0,0,0,1,1,0,10,2,0,0,0,0,0,0,0,0,0,1,0,0,1,0,0,0,4,1,2,0,0,1,1,3,10,1,0,1,1,1,0,1,1,0,0,0,0,1,1,0,0,2,1,1,0,0,0,1,0,0,0,0,5,5,9,1,1,1,1,1,1,0,0,0,3,0,1,0,0,0,0,0,0,0,0,0,0,0,2,0,0,0,0,0,2,0,0,1,1,0,0,1,0,0,0,0,8,80502000,Other syncretists
Other syncretists,45551,1,3,0,0,0,0,0,1,1,0,10,2,0,0,0,0,1,1,0,0,0,0,0,0,1,1,1,0,4,1,2,0,0,1,5,5,6,4,1,1,1,1,0,1,1,0,0,0,0,1,1,0,0,2,2,2,0,0,0,1,0,0,0,0,1,1,1,1,1,1,1,1,1,0,0,0,1,0,0,0,0,0,0,0,0,0,0,0,0,0,2,0,0,0,0,0,2,0,1,1,1,0,0,0,0,0,0,0,8,80502000,Other syncretists
Other syncretists,45795,1,2,0,0,0,0,0,1,1,0,10,0,0,0,0,0,1,0,1,0,0,0,1,0,1,0,1,0,4,2,2,0,0,0,0,0,0,0,0,1,1,1,0,1,1,0,0,0,0,0,0,0,0,0,0,0,0,0,0,0,0,0,0,0,0,0,0,0,0,0,0,0,0,0,0,0,2,0,1,0,0,0,0,0,0,0,0,0,0,0,2,0,0,0,0,0,1,0,0,1,1,0,0,1,0,0,0,0,8,80502000,Other syncretists
Other syncretists,46511,3,1,0,0,0,0,0,1,1,0,9,2,0,0,0,0,1,0,1,0,1,0,1,0,0,0,1,0,2,1,2,0,0,2,5,10,10,10,1,1,0,0,0,1,1,0,0,0,0,1,0,1,0,2,2,4,0,0,0,3,0,0,0,0,8,7,3,10,2,1,1,2,1,0,0,0,3,0,0,0,0,0,0,0,0,0,0,0,0,0,0,0,0,0,0,0,2,0,1,1,0,0,0,0,0,0,0,0,8,80502000,Other syncretists
Other syncretists,46132,1,1,0,0,0,0,0,1,1,0,10,2,0,0,0,0,0,0,0,0,0,1,1,1,1,0,1,0,2,4,2,0,0,1,10,10,5,5,1,1,1,1,0,1,1,0,0,0,0,1,1,0,0,2,1,0,0,0,0,1,0,0,0,0,1,1,10,1,1,1,1,1,1,0,0,0,1,0,1,0,0,0,0,0,0,0,0,0,0,0,2,0,0,0,0,0,2,0,1,1,1,0,0,0,0,0,0,0,8,80502000,Other syncretists
Other syncretists,45944,1,3,0,0,0,0,0,1,1,0,10,2,0,0,0,0,1,0,0,1,0,0,0,1,1,0,1,0,2,3,2,0,0,1,9,6,10,9,1,1,1,1,0,1,1,0,0,0,0,1,0,0,0,2,2,4,0,0,0,1,0,0,0,0,5,5,1,1,1,1,2,1,1,0,0,0,4,0,1,0,0,0,0,0,0,0,0,0,0,0,1,0,0,0,0,0,1,0,1,1,1,0,0,0,0,0,0,0,8,80502000,Other syncretists
Other syncretists,46340,1,1,0,0,0,0,0,1,0,0,10,2,0,0,0,0,0,0,1,1,0,0,0,1,1,0,1,0,3,4,2,0,0,2,10,10,6,6,0,1,1,1,0,1,1,0,0,0,0,1,0,0,0,2,1,3,0,0,0,5,0,0,0,0,8,10,9,1,1,1,7,5,1,0,0,0,2,0,0,0,0,0,0,0,0,0,0,0,0,0,1,0,0,0,0,0,2,0,0,1,1,0,0,0,0,0,0,0,8,80502000,Other syncretists
Other syncretists,46536,2,1,0,0,0,0,0,1,1,0,10,2,0,0,0,0,0,0,0,1,0,1,1,1,0,1,0,0,2,3,2,0,0,1,1,10,10,1,1,1,0,1,0,1,1,0,0,0,0,1,1,1,1,1,2,3,0,0,0,1,0,0,0,0,1,1,2,1,1,4,8,10,1,0,0,0,8,0,0,0,0,0,0,0,0,0,0,0,0,0,0,0,0,0,0,0,2,0,1,1,0,0,0,0,0,0,0,0,8,80502000,Other syncretists
Other syncretists,46370,2,1,0,0,0,0,0,1,0,0,10,2,0,0,0,0,0,0,1,0,0,1,1,0,1,0,1,0,4,2,2,0,0,1,7,2,10,10,1,1,1,1,0,1,1,0,0,0,0,1,1,0,0,2,3,3,0,0,0,1,0,0,0,0,10,1,10,1,1,1,1,1,1,0,0,0,1,0,0,0,0,0,0,0,0,0,0,0,0,0,2,0,0,0,0,0,1,0,1,1,1,0,0,0,0,0,0,0,8,80502000,Other syncretists
Other syncretists,46064,1,1,0,0,0,0,0,1,1,0,10,2,0,0,0,0,0,0,0,1,0,1,1,0,1,1,0,0,2,4,2,0,0,1,5,7,2,10,1,0,1,1,0,1,3,0,0,0,0,1,0,0,0,2,4,4,0,0,0,1,0,0,0,0,1,3,5,5,1,5,5,5,1,0,0,0,2,0,1,0,0,0,0,0,0,0,0,0,0,0,2,0,0,0,0,0,2,0,1,0,1,0,0,0,0,0,0,0,8,80502000,Other syncretists
Other syncretists,45959,1,3,0,0,0,0,0,1,1,0,10,2,0,0,0,0,0,0,0,0,0,1,1,0,1,0,1,0,4,2,2,0,0,2,2,8,1,9,0,0,0,1,0,1,1,0,0,0,0,1,1,1,1,1,1,4,0,0,0,1,0,0,0,0,1,1,1,1,1,1,9,1,1,0,0,0,2,0,1,0,0,0,0,0,0,0,0,0,0,0,2,0,0,0,0,0,2,0,0,0,0,0,0,1,0,0,0,0,8,80502000,Other syncretists
Other syncretists,46071,1,3,0,0,0,0,0,1,1,0,8,2,0,0,0,0,0,0,1,0,0,1,1,0,1,0,0,0,4,2,2,0,0,2,9,8,3,7,0,1,1,1,0,1,1,0,0,0,0,1,0,1,0,2,1,1,0,0,0,8,0,0,0,0,8,7,9,1,1,3,4,6,1,0,0,0,3,0,1,0,0,0,0,0,0,0,0,0,0,0,2,0,0,0,0,0,0,0,0,1,1,0,0,0,0,0,0,0,8,80502000,Other syncretists
Other syncretists,45478,1,1,0,0,0,0,0,1,1,0,10,2,0,0,0,0,0,0,0,1,0,1,0,1,0,0,1,0,2,3,2,0,0,1,1,7,10,9,1,0,1,1,0,1,2,0,0,0,0,0,1,0,1,1,3,2,0,0,0,10,0,0,0,0,1,10,10,10,10,1,10,10,1,0,0,0,2,0,1,0,0,0,0,0,0,0,0,0,0,0,0,0,0,0,0,0,2,0,1,0,1,0,0,0,0,0,0,0,8,80502000,Other syncretists
Other syncretists,46124,3,1,0,0,0,0,0,1,1,0,9,2,0,0,0,0,1,0,0,1,0,1,1,0,0,1,0,0,3,2,2,0,0,2,7,6,5,9,1,0,0,0,0,2,2,0,0,0,0,1,0,1,1,2,3,4,0,0,0,1,0,0,0,0,8,8,5,5,5,1,6,10,10,0,0,0,3,0,0,0,0,0,0,0,0,0,0,0,0,0,0,0,0,0,0,0,2,0,1,0,0,0,0,1,0,0,0,0,8,80502000,Other syncretists
Other syncretists,45872,1,1,0,0,0,0,0,1,1,0,10,2,0,0,0,0,0,0,0,1,0,1,0,1,1,0,0,0,4,1,2,0,0,2,4,5,10,6,1,1,1,1,0,1,1,0,0,0,0,1,0,0,0,3,4,3,0,0,0,1,0,0,0,0,2,1,10,0,0,5,5,1,1,0,0,0,1,0,1,0,0,0,0,0,0,0,0,0,0,0,1,0,0,0,0,0,2,0,1,1,1,0,0,0,0,0,0,0,8,80502000,Other syncretists
Other syncretists,45867,1,2,0,0,0,0,0,1,1,0,10,2,0,0,0,0,1,0,1,0,0,1,0,0,1,0,1,0,4,2,2,0,0,2,5,10,1,1,1,0,1,1,0,1,1,0,0,0,0,0,1,0,1,1,4,3,0,0,0,1,0,0,0,0,2,5,10,1,1,1,9,10,1,0,0,0,3,0,1,0,0,0,0,0,0,0,0,0,0,0,0,0,0,0,0,0,2,0,1,0,1,0,0,0,0,0,0,0,8,80502000,Other syncretists
Other syncretists,45998,1,1,0,0,0,0,0,1,1,0,10,2,0,0,0,0,0,0,1,1,0,1,0,1,0,1,0,0,3,4,2,0,0,2,5,6,10,0,1,1,1,1,0,1,2,0,0,0,0,1,0,0,0,2,4,4,0,0,0,1,0,0,0,0,1,1,1,1,1,1,6,1,1,0,0,0,4,0,1,0,0,0,0,0,0,0,0,0,0,0,2,0,0,0,0,0,2,0,1,1,1,0,0,0,0,0,0,0,8,80502000,Other syncretists
Other syncretists,46500,1,2,0,0,0,0,0,1,1,0,10,2,0,0,0,0,0,0,1,1,0,0,1,1,0,1,0,0,3,2,2,0,0,1,6,5,10,10,1,1,1,1,0,1,1,0,0,0,0,1,1,0,1,1,3,4,0,0,0,1,0,0,0,0,1,1,1,1,1,1,1,8,1,0,0,0,8,0,0,0,0,0,0,0,0,0,0,0,0,0,0,0,0,0,0,0,2,0,1,1,1,0,0,0,0,0,0,0,8,80502000,Other syncretists
Other syncretists,45770,1,1,0,0,0,0,0,1,1,0,10,2,0,0,0,0,1,0,0,0,0,0,1,0,1,1,1,0,3,2,2,0,0,1,8,6,10,5,1,1,1,1,0,1,1,0,0,0,0,1,1,0,0,2,2,3,0,0,0,1,0,0,0,0,1,1,9,1,1,1,6,1,1,0,0,0,1,0,0,0,0,0,0,0,0,0,0,0,0,0,2,0,0,0,0,0,2,0,1,1,1,0,0,1,0,0,0,0,8,80502000,Other syncretists
Other syncretists,46386,1,4,0,0,0,0,0,1,1,0,10,2,0,0,0,0,1,0,1,1,0,1,0,0,1,0,0,0,4,2,2,0,0,0,10,0,1,10,0,1,1,1,0,1,1,0,0,0,0,1,1,0,0,2,4,4,0,0,0,0,0,0,0,0,1,0,10,1,1,1,1,1,1,0,0,0,2,0,1,0,0,0,0,0,0,0,0,0,0,0,0,0,0,0,0,0,1,0,0,1,1,0,0,0,0,0,0,0,8,80502000,Other syncretists
Other syncretists,46259,3,1,0,0,0,0,0,1,1,0,10,2,0,0,0,0,0,0,0,0,0,0,1,1,1,1,1,0,3,2,2,0,0,2,8,6,7,8,1,1,1,1,0,1,1,0,0,0,0,1,0,0,0,2,3,4,0,0,0,1,0,0,0,0,1,1,1,1,1,1,1,5,1,0,0,0,1,0,1,0,0,0,0,0,0,0,0,0,0,0,2,0,0,0,0,0,2,0,1,1,1,0,0,0,0,0,0,0,8,80502000,Other syncretists
Other syncretists,46111,1,1,0,0,0,0,0,1,1,0,10,1,0,0,0,0,1,0,0,0,1,0,1,0,0,0,1,0,2,4,2,0,0,1,10,10,1,10,1,0,1,0,0,1,2,0,0,0,0,1,1,1,0,2,2,1,0,0,0,10,0,0,0,0,10,10,4,9,1,1,1,1,1,0,0,0,3,0,1,0,0,0,0,0,0,0,0,0,0,0,2,0,0,0,0,0,1,0,1,0,1,0,0,0,0,0,0,0,8,80502000,Other syncretists
Other syncretists,46338,1,2,0,0,0,0,0,1,1,0,10,1,0,0,0,0,1,0,0,1,0,0,0,1,1,0,1,0,1,2,2,0,0,1,8,10,7,9,0,0,1,1,0,1,1,0,0,0,0,1,1,0,0,2,1,2,0,0,0,1,0,0,0,0,2,4,1,2,6,4,3,9,1,0,0,0,1,0,0,0,0,0,0,0,0,0,0,0,0,0,2,0,0,0,0,0,2,0,0,0,1,0,0,0,0,0,0,0,8,80502000,Other syncretists
Other syncretists,45816,4,4,0,0,0,0,0,1,1,0,10,2,0,0,0,0,1,0,0,1,0,1,0,0,0,1,1,0,2,3,2,0,0,2,5,6,10,8,1,0,1,0,0,1,1,0,0,0,0,0,1,1,1,1,0,4,0,0,0,1,0,0,0,0,1,1,1,4,1,2,10,1,1,0,0,0,8,0,0,0,0,0,0,0,0,0,0,0,0,0,0,0,0,0,0,0,2,0,1,0,1,0,0,1,0,0,0,0,8,80502000,Other syncretists
Other syncretists,46069,1,1,0,0,0,0,0,1,1,0,10,2,0,0,0,0,0,0,0,1,0,1,1,0,1,1,0,0,4,2,2,0,0,1,8,9,10,10,1,1,1,1,0,1,1,0,0,0,0,1,1,0,0,2,1,4,0,0,0,1,0,0,0,0,1,1,10,1,1,1,5,1,1,0,0,0,1,0,1,0,0,0,0,0,0,0,0,0,0,0,2,0,0,0,0,0,2,0,1,1,1,0,0,0,0,0,0,0,8,80502000,Other syncretists
Other syncretists,45739,2,4,0,0,0,0,0,1,1,0,10,2,0,0,0,0,1,1,1,0,0,0,0,0,1,0,1,0,4,2,2,0,0,1,10,5,10,1,1,1,1,1,0,1,1,0,0,0,0,1,0,0,0,2,1,2,0,0,0,10,0,0,0,0,10,10,1,10,10,1,1,10,10,0,0,0,1,0,0,0,0,0,0,0,0,0,0,0,0,0,1,0,0,0,0,0,1,0,1,1,1,0,0,0,0,0,0,0,8,80502000,Other syncretists
Other syncretists,46321,1,4,0,0,0,0,0,1,0,0,10,2,0,0,0,0,0,0,0,1,0,1,0,1,1,1,0,0,4,3,2,0,0,1,6,6,10,10,0,0,1,1,0,1,1,0,0,0,0,1,0,0,1,3,1,4,0,0,0,1,0,0,0,0,1,1,1,1,1,1,1,1,1,0,0,0,1,0,0,0,0,0,0,0,0,0,0,0,0,0,2,0,0,0,0,0,1,0,0,0,1,0,0,0,0,0,0,0,8,80502000,Other syncretists
Other syncretists,45995,1,4,0,0,0,0,0,1,1,0,10,2,0,0,0,0,0,0,0,1,1,1,0,1,1,0,0,0,3,4,2,0,0,1,8,7,9,9,1,1,1,1,0,1,1,0,0,0,0,1,1,0,1,2,4,4,0,0,0,1,0,0,0,0,1,1,3,6,7,1,10,1,1,0,0,0,3,0,1,0,0,0,0,0,0,0,0,0,0,0,1,0,0,0,0,0,2,0,1,1,1,0,0,0,0,0,0,0,8,80502000,Other syncretists
Pentecostal and Charismatic,274978,2,2,0,0,0,0,0,1,1,0,10,2,0,0,0,0,1,0,0,1,1,1,0,1,0,0,0,0,2,3,0,0,0,2,7,7,4,7,1,1,1,0,0,1,1,0,0,0,0,1,1,0,0,2,1,4,0,0,0,1,0,0,0,0,2,2,2,2,2,2,2,3,3,0,0,0,1,0,1,0,0,0,0,0,0,0,0,0,0,0,2,0,0,0,0,0,1,0,1,1,1,0,0,0,0,0,0,0,2,21200000,Pentecostal and Charismatic
Pentecostal and Charismatic,435362,1,1,0,0,0,0,0,1,0,0,10,0,9,10,0,7,0,0,1,1,0,1,0,0,1,0,0,1,0,0,1,0,7,0,10,5,3,8,0,1,0,0,0,0,0,0,0,0,0,0,0,0,0,0,2,3,2,0,0,1,1,3,1,0,1,1,1,7,5,6,6,6,1,0,0,9,2,2,0,0,0,0,0,0,0,0,8,3,2,0,1,0,0,0,0,0,0,0,0,1,0,0,0,0,3,3,2,2,2,21200000,Pentecostal and Charismatic
Pentecostal and Charismatic,274909,1,2,0,0,0,0,0,1,1,0,10,2,0,0,0,0,1,0,1,0,0,1,0,0,1,0,1,0,2,4,2,0,0,2,9,8,1,1,1,1,1,0,0,1,1,0,0,0,0,1,1,1,0,3,1,1,0,0,0,2,0,0,0,0,10,1,9,1,1,1,1,1,1,0,0,0,1,0,1,0,0,0,0,0,0,0,0,0,0,0,2,0,0,0,0,0,1,0,1,1,1,0,0,0,0,0,0,0,2,21200000,Pentecostal and Charismatic
Pentecostal and Charismatic,274913,1,2,0,0,0,0,0,1,1,0,10,2,0,0,0,0,0,0,1,0,0,1,0,1,1,0,1,0,2,3,1,0,0,1,6,8,1,10,1,1,1,0,0,1,1,0,0,0,0,0,1,0,2,3,1,2,0,0,0,1,0,0,0,0,1,1,1,1,1,1,1,1,1,0,0,0,3,0,0,0,0,0,0,0,0,0,0,0,0,0,1,0,0,0,0,0,1,0,1,1,1,0,0,0,0,0,0,0,2,21200000,Pentecostal and Charismatic
Pentecostal and Charismatic,274927,1,2,0,0,0,0,0,1,1,0,10,1,0,0,0,0,1,0,1,0,0,1,1,0,1,0,1,0,2,4,2,0,0,1,7,6,1,9,1,1,1,0,0,1,1,0,0,0,0,1,1,0,0,2,1,4,0,0,0,1,0,0,0,0,2,1,1,1,1,1,1,3,1,0,0,0,1,0,1,0,0,0,0,0,0,0,0,0,0,0,2,0,0,0,0,0,1,0,1,1,1,0,0,0,0,0,0,0,2,21200000,Pentecostal and Charismatic
Pentecostal and Charismatic,275480,1,2,0,0,0,0,0,1,1,0,10,2,0,0,0,0,1,1,1,1,0,1,0,0,0,0,0,0,2,4,1,0,0,1,4,8,9,10,1,1,1,0,0,1,1,0,0,0,0,1,1,0,0,2,3,3,0,0,0,1,0,0,0,0,1,1,1,1,1,1,1,1,1,0,0,0,2,0,1,0,0,0,0,0,0,0,0,0,0,0,2,0,0,0,0,0,2,0,1,1,1,0,0,0,0,0,0,0,2,21200000,Pentecostal and Charismatic
Pentecostal and Charismatic,315999,1,2,0,0,0,0,0,1,1,0,10,2,0,0,0,0,1,1,0,1,0,0,0,1,1,0,0,0,4,3,2,0,0,1,7,9,4,7,1,1,1,1,0,1,1,0,0,0,0,1,0,0,0,2,3,3,0,0,0,1,0,0,0,0,1,1,1,1,1,1,4,1,1,0,0,0,2,0,1,0,0,0,0,0,0,0,0,0,0,0,2,0,0,0,0,0,2,0,1,1,1,0,0,0,0,0,0,0,2,21200000,Pentecostal and Charismatic
Pentecostal and Charismatic,292506,1,1,0,0,0,0,0,1,0,0,10,0,3,2,0,9,0,1,0,0,0,1,1,0,1,0,0,0,0,0,2,1,0,0,1,1,5,1,0,1,0,0,0,0,0,0,0,0,0,0,0,0,0,0,2,3,3,0,0,1,1,5,1,0,1,1,1,1,1,1,1,1,6,0,0,1,2,1,0,0,0,0,0,0,0,0,10,2,1,0,2,0,0,0,0,0,0,0,0,1,0,0,0,0,1,1,3,0,2,21200000,Pentecostal and Charismatic
Pentecostal and Charismatic,275842,2,1,0,0,0,0,0,1,1,0,10,3,0,0,0,0,1,0,1,0,0,0,0,1,1,0,1,0,2,4,1,0,0,1,4,8,2,1,1,1,1,0,0,1,1,0,0,0,0,1,1,0,0,2,1,3,0,0,0,1,0,0,0,0,1,1,1,1,1,1,1,1,1,0,0,0,1,0,1,0,0,0,0,0,0,0,0,0,0,0,0,0,0,0,0,0,2,0,1,1,1,0,0,0,0,0,0,0,2,21200000,Pentecostal and Charismatic
Pentecostal and Charismatic,53072,1,2,0,0,0,0,0,1,1,0,10,2,0,0,0,0,0,0,1,0,0,1,1,0,1,1,0,0,0,0,2,2,0,1,10,10,0,0,1,1,1,1,0,1,1,0,0,0,0,1,0,0,0,0,0,0,0,0,0,1,0,0,0,0,1,1,1,1,1,1,7,5,4,0,0,0,2,0,0,0,0,0,1,3,0,0,0,0,0,0,0,0,2,0,1,0,0,0,1,1,1,0,0,0,0,0,0,0,2,21200000,Pentecostal and Charismatic
Pentecostal and Charismatic,292455,1,1,0,0,0,0,0,1,0,0,10,0,6,4,0,9,0,0,1,0,0,1,0,0,1,0,1,0,0,0,1,2,0,0,9,10,1,5,0,1,0,0,0,0,0,0,0,0,0,0,0,0,0,0,3,3,3,0,0,1,1,1,1,0,1,1,1,1,1,1,5,1,1,0,0,1,2,1,0,0,0,0,0,0,0,0,9,0,3,0,2,0,0,0,0,0,0,0,0,1,0,0,0,0,1,3,2,0,2,21200000,Pentecostal and Charismatic
Pentecostal and Charismatic,275678,1,2,0,0,0,0,0,1,1,0,10,1,0,0,0,0,1,1,1,0,1,0,1,0,0,0,0,0,2,4,0,0,0,2,7,10,1,10,0,1,1,0,0,1,1,0,0,0,0,1,1,0,0,2,1,3,0,0,0,1,0,0,0,0,1,1,1,1,1,1,1,1,1,0,0,0,1,0,1,0,0,0,0,0,0,0,0,0,0,0,2,0,0,0,0,0,1,0,0,1,1,0,0,0,0,0,0,0,2,21200000,Pentecostal and Charismatic
Pentecostal and Charismatic,274379,1,1,0,0,0,0,0,1,1,0,10,2,0,0,0,0,1,1,0,0,0,1,0,1,1,0,0,0,2,4,0,0,0,1,8,0,1,0,1,1,1,0,0,1,1,0,0,0,0,1,1,0,0,0,0,0,0,0,0,0,0,0,0,0,3,5,4,2,3,2,6,0,2,0,0,0,1,0,1,0,0,0,0,0,0,0,0,0,0,0,2,0,0,0,0,0,1,0,1,1,1,0,0,0,0,0,0,0,2,21200000,Pentecostal and Charismatic
Pentecostal and Charismatic,134964,1,1,0,0,0,0,0,0,0,0,10,0,7,7,9,0,0,0,0,1,0,1,0,1,1,1,0,0,0,0,1,0,6,0,7,8,3,1,0,0,0,0,5,0,0,0,0,0,0,1,0,0,0,0,3,3,0,0,0,1,0,0,0,0,1,1,1,1,1,5,5,1,1,0,0,0,2,0,0,0,0,0,1,0,0,0,10,0,0,0,2,0,3,2,2,3,0,0,0,0,0,0,0,1,0,0,0,2,2,21200000,Pentecostal and Charismatic
Pentecostal and Charismatic,274743,1,3,0,0,0,0,0,1,1,0,10,2,0,0,0,0,1,0,1,0,0,0,0,1,1,0,1,0,4,2,2,0,0,1,7,6,6,6,1,1,1,0,0,1,1,0,0,0,0,1,1,0,0,2,2,2,0,0,0,1,0,0,0,0,1,1,1,1,1,5,5,7,10,0,0,0,1,0,1,0,0,0,0,0,0,0,0,0,0,0,2,0,0,0,0,0,1,0,1,1,1,0,0,0,0,0,0,0,2,21200000,Pentecostal and Charismatic
Pentecostal and Charismatic,92502,1,0,0,0,0,0,0,1,0,0,10,0,1,1,0,10,1,0,0,1,0,1,0,0,1,0,1,0,0,0,2,0,0,0,10,10,8,0,1,1,1,0,0,0,0,0,0,0,0,0,0,0,0,0,3,3,3,4,1,5,3,5,1,1,1,1,1,1,1,1,4,1,1,0,0,5,2,1,0,0,0,0,0,0,0,0,10,0,2,1,1,0,0,0,0,0,0,0,1,1,1,0,0,0,3,0,0,2,2,21200000,Pentecostal and Charismatic
Pentecostal and Charismatic,274443,4,1,0,0,0,0,0,1,1,0,10,1,0,0,0,0,1,1,1,1,0,1,1,1,1,1,1,0,4,2,2,0,0,1,10,10,1,8,1,1,1,0,0,1,1,0,0,0,0,1,1,0,0,2,2,4,0,0,0,1,0,0,0,0,1,1,1,1,2,3,3,1,1,0,0,0,1,0,1,0,0,0,0,0,0,0,0,0,0,0,2,0,0,0,0,0,1,0,1,1,1,0,0,0,0,0,0,0,2,21200000,Pentecostal and Charismatic
Pentecostal and Charismatic,435784,3,1,0,0,0,0,0,1,0,0,8,0,9,7,0,9,0,1,1,1,1,0,0,0,1,0,0,0,0,0,2,0,8,0,9,10,8,10,0,1,0,0,0,0,0,0,0,0,0,0,0,0,0,0,2,3,2,0,0,9,9,7,6,0,9,8,7,7,8,8,9,9,8,0,0,9,2,3,0,0,0,0,0,0,0,0,7,2,1,0,2,0,0,0,0,0,0,0,0,1,0,0,0,1,2,2,2,3,2,21200000,Pentecostal and Charismatic
Pentecostal and Charismatic,275165,1,2,0,0,0,0,0,1,1,0,10,1,0,0,0,0,1,0,1,0,0,1,0,0,1,0,1,0,2,4,2,0,0,1,3,5,1,10,1,1,1,0,0,1,2,0,0,0,0,1,1,0,0,3,1,2,0,0,0,1,0,0,0,0,1,1,1,1,1,4,3,1,2,0,0,0,1,0,1,0,0,0,0,0,0,0,0,0,0,0,2,0,0,0,0,0,1,0,1,1,1,0,0,0,0,0,0,0,2,21200000,Pentecostal and Charismatic
Pentecostal and Charismatic,257742,2,2,0,0,0,0,0,1,0,0,10,0,9,10,0,8,0,1,1,0,1,0,0,0,1,0,1,0,0,0,2,0,9,0,9,10,8,10,0,1,0,0,0,0,0,0,0,0,0,0,0,0,0,0,0,3,3,0,0,1,1,1,1,0,7,1,1,1,1,1,1,1,1,0,0,10,1,2,0,0,0,0,0,0,0,0,8,3,3,0,1,0,0,0,0,0,0,0,0,1,0,0,0,0,2,3,3,2,2,21200000,Pentecostal and Charismatic
Pentecostal and Charismatic,438025,1,2,0,0,0,0,0,1,0,0,6,0,10,10,0,10,0,1,0,1,0,0,0,1,0,0,1,1,0,0,2,0,9,0,10,9,8,6,0,0,0,0,0,0,0,0,0,0,0,0,0,0,0,0,2,2,2,0,0,10,3,9,9,0,9,3,3,4,5,6,7,7,9,0,0,8,7,4,0,0,0,0,0,0,0,0,10,1,1,0,2,0,0,0,0,0,0,0,0,0,0,0,0,1,2,1,2,1,2,21200000,Pentecostal and Charismatic
Pentecostal and Charismatic,274246,1,2,0,0,0,0,0,1,1,0,10,2,0,0,0,0,1,0,1,0,0,0,0,1,1,0,1,0,2,4,0,0,0,2,9,9,1,1,1,1,1,0,0,1,1,0,0,0,0,1,1,1,0,2,1,1,0,0,0,1,0,0,0,0,10,1,2,1,1,1,1,1,1,0,0,0,1,0,1,0,0,0,0,0,0,0,0,0,0,0,2,0,0,0,0,0,1,0,1,1,1,0,0,0,0,0,0,0,2,21200000,Pentecostal and Charismatic
Pentecostal and Charismatic,434842,1,1,0,0,0,0,0,1,0,0,10,0,6,7,0,7,0,1,0,1,0,0,0,0,1,0,1,0,0,0,2,0,5,0,7,10,6,6,0,1,0,0,0,0,0,0,0,0,0,0,0,0,0,0,3,3,3,0,0,5,5,5,6,0,4,4,4,4,4,3,3,6,6,0,0,6,2,3,0,0,0,0,0,0,0,0,7,3,2,0,1,0,0,0,0,0,0,0,0,1,0,0,0,0,2,2,2,4,2,21200000,Pentecostal and Charismatic
Pentecostal and Charismatic,308709,1,2,0,0,0,0,0,1,1,0,10,2,0,0,0,0,0,1,1,0,0,0,1,0,1,1,0,0,0,0,2,2,0,1,3,6,0,0,1,1,1,1,0,1,1,0,0,0,0,1,1,0,0,0,2,3,0,0,0,5,0,0,0,0,5,5,5,5,5,5,5,5,5,0,0,0,1,0,0,0,0,0,1,1,0,0,0,0,0,1,0,0,2,2,2,2,0,0,1,1,1,0,0,0,0,0,0,0,2,21200000,Pentecostal and Charismatic
Pentecostal and Charismatic,136507,1,1,0,0,0,0,0,0,0,0,10,0,0,0,0,0,0,0,1,1,0,1,0,0,1,1,0,0,0,0,2,0,9,0,10,9,3,6,0,0,0,0,0,0,0,0,0,0,0,0,0,0,0,0,2,3,0,0,0,1,0,0,0,0,1,1,1,2,1,1,2,2,2,0,0,0,1,0,0,0,0,0,0,0,0,0,0,0,0,0,2,0,0,0,0,0,0,0,0,0,0,0,0,0,0,0,0,3,2,21200000,Pentecostal and Charismatic
Pentecostal and Charismatic,135290,2,2,0,0,0,0,0,0,0,0,10,0,7,9,7,0,0,0,0,1,0,1,1,1,0,1,0,0,0,0,2,0,5,0,8,8,4,3,0,0,0,0,5,0,0,0,0,0,0,1,0,0,0,0,3,4,0,0,0,1,0,0,0,0,1,1,1,1,1,5,4,3,2,0,0,0,3,0,0,0,0,0,1,0,0,0,8,0,0,0,1,0,4,1,3,2,0,0,0,0,0,0,0,0,0,0,0,3,2,21200000,Pentecostal and Charismatic
Pentecostal and Charismatic,274722,1,2,0,0,0,0,0,1,1,0,8,2,0,0,0,0,1,0,1,0,0,1,0,0,1,0,1,0,2,4,2,0,0,2,7,7,3,4,1,1,1,0,0,2,1,0,0,0,0,1,1,0,0,1,1,1,0,0,0,2,0,0,0,0,2,2,2,1,2,1,1,1,1,0,0,0,2,0,1,0,0,0,0,0,0,0,0,0,0,0,2,0,0,0,0,0,1,0,1,1,1,0,0,0,0,0,0,0,2,21200000,Pentecostal and Charismatic
Pentecostal and Charismatic,434821,2,3,0,0,0,0,0,1,0,0,8,0,7,8,0,5,0,1,1,0,1,0,1,0,1,0,0,0,0,0,2,0,0,0,7,0,5,5,0,1,0,0,0,0,0,0,0,0,0,0,0,0,0,0,0,0,0,0,0,0,0,2,7,0,0,0,0,0,0,7,7,5,6,0,0,7,3,2,0,0,0,0,0,0,0,0,8,3,1,0,2,0,0,0,0,0,0,0,0,1,0,0,0,0,3,2,0,0,2,21200000,Pentecostal and Charismatic
Pentecostal and Charismatic,316671,1,1,0,0,0,0,0,1,1,0,10,2,0,0,0,0,1,0,0,1,0,1,0,0,1,0,1,0,4,2,2,0,0,1,3,5,1,10,0,1,1,1,0,2,1,0,0,0,0,1,1,0,0,2,2,2,0,0,0,1,0,0,0,0,8,10,1,1,1,1,1,1,1,0,0,0,3,0,1,0,0,0,0,0,0,0,0,0,0,0,1,0,0,0,0,0,2,0,0,1,1,0,0,0,0,0,0,0,2,21200000,Pentecostal and Charismatic
Pentecostal and Charismatic,315739,2,1,0,0,0,0,0,1,1,0,10,2,0,0,0,0,1,0,0,1,0,1,0,0,1,1,0,0,4,2,2,0,0,1,10,5,1,10,0,1,1,1,0,1,1,0,0,0,0,1,1,0,0,2,4,4,0,0,0,1,0,0,0,0,1,1,1,1,1,1,5,1,1,0,0,0,2,0,1,0,0,0,0,0,0,0,0,0,0,0,1,0,0,0,0,0,1,0,0,1,1,0,0,0,0,0,0,0,2,21200000,Pentecostal and Charismatic
Pentecostal and Charismatic,274775,1,1,0,0,0,0,0,1,0,0,10,1,0,0,0,0,1,0,1,1,0,0,0,0,1,1,1,0,2,4,2,0,0,2,9,8,9,4,0,1,1,0,0,1,1,0,0,0,0,1,1,1,0,2,2,2,0,0,0,1,0,0,0,0,1,2,2,1,1,1,1,2,3,0,0,0,1,0,1,0,0,0,0,0,0,0,0,0,0,0,2,0,0,0,0,0,2,0,0,1,1,0,0,0,0,0,0,0,2,21200000,Pentecostal and Charismatic
Pentecostal and Charismatic,433008,1,2,0,0,0,0,0,0,0,0,10,0,6,8,9,0,0,1,1,0,0,0,0,1,1,1,0,0,0,0,0,0,8,0,5,10,7,8,0,0,0,0,6,0,0,0,0,0,0,1,0,0,2,0,3,4,0,0,0,1,0,0,0,0,4,2,2,4,4,4,4,2,1,0,0,0,2,0,0,0,0,0,1,0,0,0,7,0,0,0,2,0,4,3,3,4,0,0,0,0,0,0,0,1,0,0,0,3,2,21200000,Pentecostal and Charismatic
Pentecostal and Charismatic,275838,1,2,0,0,0,0,0,1,1,0,10,1,0,0,0,0,1,0,1,0,0,1,0,1,1,0,0,0,4,2,2,0,0,1,9,9,8,3,1,1,1,0,0,1,1,0,0,0,0,1,1,1,0,2,3,3,0,0,0,1,0,0,0,0,2,1,1,2,2,1,2,4,3,0,0,0,2,0,1,0,0,0,0,0,0,0,0,0,0,0,1,0,0,0,0,0,1,0,1,1,1,0,0,0,0,0,0,0,2,21200000,Pentecostal and Charismatic
Pentecostal and Charismatic,274888,1,2,0,0,0,0,0,1,1,0,10,2,0,0,0,0,1,0,1,0,0,1,0,0,1,0,1,0,2,4,2,0,0,2,9,9,1,1,1,1,1,0,0,1,1,0,0,0,0,1,1,1,0,3,1,1,0,0,0,1,0,0,0,0,10,1,2,1,1,1,1,1,1,0,0,0,1,0,1,0,0,0,0,0,0,0,0,0,0,0,2,0,0,0,0,0,1,0,1,1,1,0,0,0,0,0,0,0,2,21200000,Pentecostal and Charismatic
Pentecostal and Charismatic,274560,1,1,0,0,0,0,0,1,1,0,10,2,0,0,0,0,1,0,1,1,0,0,0,0,1,0,1,0,3,4,2,0,0,2,8,1,5,4,1,1,1,0,0,2,1,0,0,0,0,1,1,0,1,2,2,4,0,0,0,8,0,0,0,0,1,1,6,1,1,4,5,1,5,0,0,0,7,0,0,0,0,0,0,0,0,0,0,0,0,0,1,0,0,0,0,0,2,0,1,1,1,0,0,0,0,0,0,0,2,21200000,Pentecostal and Charismatic
Pentecostal and Charismatic,275592,1,1,0,0,0,0,0,1,1,0,10,1,0,0,0,0,1,0,1,0,0,1,0,1,1,0,0,0,2,4,2,0,0,2,6,7,5,10,1,1,1,0,0,1,1,0,0,0,0,1,1,0,0,2,1,4,0,0,0,1,0,0,0,0,1,1,1,3,2,4,1,1,1,0,0,0,2,0,1,0,0,0,0,0,0,0,0,0,0,0,2,0,0,0,0,0,2,0,1,1,1,0,0,0,0,0,0,0,2,21200000,Pentecostal and Charismatic
Pentecostal and Charismatic,274657,1,4,0,0,0,0,0,1,1,0,10,2,0,0,0,0,1,0,1,0,0,1,0,0,1,0,1,0,4,2,2,0,0,1,1,7,1,10,1,1,1,0,0,1,1,0,0,0,0,1,1,0,0,2,2,3,0,0,0,1,0,0,0,0,1,1,1,1,1,1,1,1,1,0,0,0,1,0,1,0,0,0,0,0,0,0,0,0,0,0,0,0,0,0,0,0,1,0,1,1,1,0,0,0,0,0,0,0,2,21200000,Pentecostal and Charismatic
Pentecostal and Charismatic,275568,1,2,0,0,0,0,0,1,1,0,10,1,0,0,0,0,1,1,0,0,0,0,0,1,1,0,1,0,2,4,2,0,0,1,4,10,7,6,1,1,1,0,0,1,1,0,0,0,0,1,1,0,2,3,3,2,0,0,0,1,0,0,0,0,1,1,1,1,1,1,1,1,1,0,0,0,1,0,1,0,0,0,0,0,0,0,0,0,0,0,1,0,0,0,0,0,2,0,1,1,1,0,0,0,0,0,0,0,2,21200000,Pentecostal and Charismatic
Pentecostal and Charismatic,315708,1,1,0,0,0,0,0,1,1,0,10,2,0,0,0,0,1,1,0,1,0,0,0,0,1,1,0,0,3,4,2,0,0,2,9,10,7,8,1,1,1,1,0,1,1,0,0,0,0,0,0,0,1,0,3,1,0,0,0,1,0,0,0,0,1,1,1,6,6,6,6,10,1,0,0,0,1,0,1,0,0,0,0,0,0,0,0,0,0,0,2,0,0,0,0,0,2,0,1,1,1,0,0,0,0,0,0,0,2,21200000,Pentecostal and Charismatic
Pentecostal and Charismatic,52197,1,3,0,0,0,0,0,1,1,0,10,1,0,0,0,0,0,1,0,1,1,1,0,0,1,0,0,0,0,0,2,2,0,1,8,5,0,0,1,1,1,1,0,1,2,0,0,0,0,1,0,0,0,0,3,3,0,0,0,1,0,0,0,0,1,1,1,5,2,1,5,1,1,0,0,0,6,0,0,0,0,0,1,1,0,0,0,0,0,0,0,0,4,4,2,2,0,0,1,1,1,0,0,0,0,0,0,0,2,21200000,Pentecostal and Charismatic
Pentecostal and Charismatic,275221,1,3,0,0,0,0,0,1,1,0,10,2,0,0,0,0,1,0,1,0,0,1,0,0,1,0,1,0,2,4,2,0,0,0,9,9,1,6,1,1,1,0,0,1,3,0,0,0,0,0,1,0,0,2,2,4,0,0,0,1,0,0,0,0,1,1,1,1,1,1,1,1,1,0,0,0,1,0,1,0,0,0,0,0,0,0,0,0,0,0,2,0,0,0,0,0,1,0,1,1,1,0,0,0,0,0,0,0,2,21200000,Pentecostal and Charismatic
Pentecostal and Charismatic,275132,1,1,0,0,0,0,0,1,1,0,10,2,0,0,0,0,1,0,1,1,0,1,0,0,1,0,0,0,4,2,2,0,0,1,10,2,1,0,1,1,1,0,0,1,1,0,0,0,0,1,0,0,0,2,0,4,0,0,0,2,0,0,0,0,1,3,4,1,1,2,3,1,2,0,0,0,1,0,1,0,0,0,0,0,0,0,0,0,0,0,2,0,0,0,0,0,1,0,1,1,1,0,0,0,0,0,0,0,2,21200000,Pentecostal and Charismatic
Pentecostal and Charismatic,274391,1,1,0,0,0,0,0,1,1,0,10,1,0,0,0,0,1,0,1,1,0,1,0,1,0,0,0,0,2,4,2,0,0,2,9,8,3,4,1,1,1,0,0,2,2,0,0,0,0,0,0,0,0,2,1,1,0,0,0,1,0,0,0,0,10,2,2,2,2,1,5,5,4,0,0,0,1,0,1,0,0,0,0,0,0,0,0,0,0,0,2,0,0,0,0,0,2,0,1,1,1,0,0,0,0,0,0,0,2,21200000,Pentecostal and Charismatic
Pentecostal and Charismatic,275681,1,1,0,0,0,0,0,1,1,0,10,2,0,0,0,0,1,0,1,0,0,1,0,1,1,0,0,0,2,4,2,0,0,1,6,9,1,9,0,1,1,0,0,1,1,0,0,0,0,1,1,0,0,2,1,0,0,0,0,1,0,0,0,0,1,1,1,1,1,1,1,1,1,0,0,0,2,0,1,0,0,0,0,0,0,0,0,0,0,0,2,0,0,0,0,0,2,0,0,1,1,0,0,0,0,0,0,0,2,21200000,Pentecostal and Charismatic
Pentecostal and Charismatic,307562,1,1,0,0,0,0,0,1,1,0,10,2,0,0,0,0,0,1,1,1,0,0,0,0,0,1,1,0,4,2,1,0,0,1,10,8,4,8,1,1,1,1,0,1,1,0,0,0,0,1,1,0,0,2,2,3,0,0,0,4,0,0,0,0,4,7,9,4,3,4,5,9,4,0,0,0,2,0,1,0,0,0,0,0,0,0,0,0,0,0,0,0,0,0,0,0,1,0,1,1,1,0,0,0,0,0,0,0,2,21200000,Pentecostal and Charismatic
Pentecostal and Charismatic,438239,1,3,0,0,0,0,0,1,0,0,8,0,9,9,0,7,0,0,1,1,0,1,0,1,0,0,1,0,0,0,2,0,6,0,6,8,6,6,0,0,0,0,0,0,0,0,0,0,0,0,0,0,0,0,3,3,1,0,0,7,5,9,10,0,7,6,4,9,8,7,6,8,7,0,0,5,3,2,0,0,0,0,0,0,0,0,9,3,2,0,2,0,0,0,0,0,0,0,0,0,0,0,0,0,1,1,3,3,2,21200000,Pentecostal and Charismatic
Pentecostal and Charismatic,432157,1,0,0,0,0,0,0,0,0,0,10,0,9,9,9,0,0,1,0,1,0,1,1,0,1,0,0,0,0,0,0,0,0,0,9,0,1,3,0,0,0,0,2,0,0,0,0,0,0,1,0,0,0,0,3,4,0,0,0,2,0,0,0,0,2,2,2,2,2,2,2,2,1,0,0,0,1,0,0,0,0,0,1,0,0,0,10,0,0,0,2,0,2,2,2,4,0,0,0,0,0,0,0,0,0,0,0,2,2,21200000,Pentecostal and Charismatic
Pentecostal and Charismatic,304487,1,1,0,0,0,0,0,1,0,0,10,0,1,7,0,7,0,0,0,0,0,1,0,0,1,1,1,0,0,0,2,0,3,0,9,4,7,7,0,1,0,0,0,0,0,0,0,0,0,0,0,0,0,0,4,1,4,0,0,5,1,7,8,0,3,1,1,3,3,4,5,0,3,0,0,5,2,1,0,0,0,0,0,0,0,0,2,0,1,0,2,0,0,0,0,0,0,0,0,1,0,0,0,0,1,2,2,4,2,21200000,Pentecostal and Charismatic
Pentecostal and Charismatic,316262,1,1,0,0,0,0,0,1,1,0,10,2,0,0,0,0,1,0,0,1,0,1,0,0,1,0,1,0,4,2,2,0,0,1,9,10,3,4,1,1,1,1,0,1,1,0,0,0,0,1,1,0,0,2,3,4,0,0,0,2,0,0,0,0,3,5,2,1,1,1,1,1,1,0,0,0,1,0,0,0,0,0,0,0,0,0,0,0,0,0,2,0,0,0,0,0,1,0,1,1,1,0,0,0,0,0,0,0,2,21200000,Pentecostal and Charismatic
Pentecostal and Charismatic,431942,1,2,0,0,0,0,0,0,0,0,10,0,9,10,5,0,0,0,0,0,0,1,1,1,1,1,0,0,0,0,0,0,4,0,9,9,2,7,0,0,0,0,2,0,0,0,0,0,0,1,0,0,0,0,3,3,0,0,0,1,0,0,0,0,1,1,1,1,1,1,1,1,1,0,0,0,2,0,0,0,0,0,1,0,0,0,10,0,0,0,2,0,1,5,1,4,0,0,0,0,0,0,0,0,0,0,0,1,2,21200000,Pentecostal and Charismatic
Presbyterianism,291624,3,1,0,0,0,0,0,0,0,0,6,0,0,0,0,0,0,1,0,1,0,1,0,1,0,0,0,0,0,0,1,0,0,0,8,8,5,7,0,0,0,0,0,0,0,0,0,0,0,0,0,0,0,0,3,3,0,0,0,1,0,0,0,0,1,1,1,4,3,4,4,6,0,0,0,0,8,0,0,0,0,0,1,0,0,0,0,0,0,0,1,0,4,3,3,3,0,0,0,0,0,0,0,0,0,0,0,0,2,20302000,Presbyterianism
Presbyterianism,292781,4,4,0,0,0,0,0,1,0,0,4,0,10,10,0,1,0,0,0,1,0,1,0,0,0,1,0,1,0,0,2,2,0,0,10,10,8,7,0,0,0,0,0,0,0,0,0,0,0,0,0,0,0,0,2,3,3,0,0,10,1,1,1,0,1,1,1,1,1,1,1,10,1,0,0,1,7,4,0,0,0,0,0,0,0,0,1,0,4,0,0,0,0,0,0,0,0,0,0,0,0,0,0,0,3,3,1,0,2,20302000,Presbyterianism
Presbyterianism,291337,3,3,0,0,0,0,0,0,0,0,3,0,0,0,0,0,0,1,0,0,0,1,0,1,0,1,0,0,0,0,1,0,0,0,7,7,5,7,0,0,0,0,0,0,0,0,0,0,0,0,0,0,2,0,3,4,0,0,0,1,0,0,0,0,1,1,1,10,4,5,8,7,5,0,0,0,7,0,0,0,0,0,0,0,0,0,0,0,0,0,1,0,5,2,3,2,0,0,0,0,0,0,0,0,0,0,0,0,2,20302000,Presbyterianism
Presbyterianism,292140,3,2,0,0,0,0,0,1,0,0,7,0,8,8,0,4,0,1,1,1,1,1,1,1,0,1,1,1,0,0,1,2,0,0,7,8,2,1,0,0,0,0,0,0,0,0,0,0,0,0,0,0,0,0,0,3,2,0,0,1,1,1,3,0,2,1,2,2,2,3,4,6,1,0,0,8,7,7,0,0,0,0,0,0,0,0,6,3,3,0,1,0,0,0,0,0,0,0,0,0,0,0,0,0,4,2,2,0,2,20302000,Presbyterianism
Presbyterianism,291980,1,1,0,0,0,0,0,0,0,0,10,0,0,0,0,0,0,1,1,1,1,1,1,1,1,1,1,0,0,0,1,0,0,0,10,10,1,5,0,0,0,0,0,0,0,0,0,0,0,1,0,0,0,0,2,3,0,0,0,1,0,0,0,0,1,1,1,1,1,1,1,1,1,0,0,0,1,0,0,0,0,0,1,0,0,0,0,0,0,0,2,0,3,5,1,5,0,0,0,0,0,0,0,0,0,0,0,0,2,20302000,Presbyterianism
Presbyterianism,291929,0,3,0,0,0,0,0,0,0,0,0,0,0,0,0,0,0,0,1,1,0,1,0,0,0,0,1,0,0,0,2,0,0,0,10,0,0,0,0,0,0,0,0,0,0,0,0,0,0,1,0,0,2,0,1,3,0,0,0,0,0,0,0,0,0,0,0,0,0,0,0,0,0,0,0,0,6,0,0,0,0,0,0,0,0,0,0,0,0,0,1,0,0,0,0,0,0,0,0,0,0,0,0,0,0,0,0,0,2,20302000,Presbyterianism
Presbyterianism,292428,2,2,0,0,0,0,0,0,0,0,5,0,6,8,0,7,0,1,1,1,1,1,1,1,0,1,1,1,0,0,2,2,0,0,8,8,0,0,0,0,0,0,0,0,0,0,0,0,0,0,0,0,0,0,3,4,3,0,0,2,1,1,1,0,1,1,1,8,5,5,8,5,1,0,0,5,8,8,0,0,0,0,0,0,0,0,7,3,3,0,0,0,0,0,0,0,0,0,0,0,0,0,0,0,4,3,1,0,2,20302000,Presbyterianism
Presbyterianism,291893,4,4,0,0,0,0,0,0,0,0,4,0,0,0,0,0,0,1,0,1,1,1,0,0,0,0,0,0,0,0,1,0,0,0,8,8,5,5,0,0,0,0,0,0,0,0,0,0,0,0,0,0,2,0,4,4,0,0,0,1,0,0,0,0,1,1,1,9,5,5,5,2,2,0,0,0,8,0,0,0,0,0,1,0,0,0,0,0,0,0,0,0,4,2,4,1,0,0,0,0,0,0,0,0,0,0,0,2,2,20302000,Presbyterianism
Presbyterianism,282268,1,0,0,0,0,0,0,1,0,0,10,0,5,8,0,10,1,0,0,1,1,1,0,0,1,0,0,0,0,0,2,0,0,0,8,10,4,0,1,1,1,0,0,0,0,0,0,0,0,0,0,0,0,0,4,4,3,2,1,1,1,1,1,1,1,1,1,5,1,1,6,1,1,0,0,6,2,1,0,0,0,0,0,0,0,0,10,0,2,1,2,0,0,0,0,0,0,0,1,1,1,0,0,0,3,0,0,1,2,20302000,Presbyterianism
Presbyterianism,291634,3,3,0,0,0,0,0,0,0,0,6,0,0,0,0,0,0,0,0,1,0,1,1,0,0,1,0,0,0,0,2,0,0,0,10,8,5,0,0,0,0,0,0,0,0,0,0,0,0,1,0,0,0,0,3,3,0,0,0,1,0,0,0,0,1,1,1,0,0,0,0,0,0,0,0,0,8,0,0,0,0,0,0,0,0,0,0,0,0,0,0,0,0,0,0,2,0,0,0,0,0,0,0,0,0,0,0,0,2,20302000,Presbyterianism
Presbyterianism,291991,3,3,0,0,0,0,0,0,0,0,0,0,0,0,0,0,0,0,1,1,0,1,1,0,0,0,0,0,0,0,2,0,0,0,0,0,3,10,0,0,0,0,0,0,0,0,0,0,0,1,0,0,0,0,3,3,0,0,0,1,0,0,0,0,1,1,1,1,5,5,5,7,1,0,0,0,7,0,0,0,0,0,0,0,0,0,0,0,0,0,1,0,3,3,3,4,0,0,0,0,0,0,0,0,0,0,0,1,2,20302000,Presbyterianism
Presbyterianism,423235,3,2,0,0,0,0,0,1,1,0,8,0,0,0,0,0,0,1,0,0,0,1,1,1,0,0,0,0,0,0,2,0,0,3,9,9,3,7,0,0,0,1,0,2,1,1,1,0,0,1,1,0,2,3,0,0,0,0,0,1,0,0,0,0,0,1,1,3,3,5,8,6,5,0,1,0,0,0,1,1,1,1,1,0,0,0,0,0,0,0,0,0,0,0,0,0,0,0,0,0,0,0,0,0,0,0,0,0,2,20302000,Presbyterianism
Presbyterianism,291289,4,3,0,0,0,0,0,0,0,0,3,0,0,0,0,0,0,0,0,1,1,1,1,1,0,0,0,0,0,0,2,0,0,0,7,7,3,9,0,0,0,0,0,0,0,0,0,0,0,1,0,0,0,0,0,3,0,0,0,2,0,0,0,0,2,3,2,4,7,4,7,3,2,0,0,0,8,0,0,0,0,0,0,0,0,0,0,0,0,0,0,0,4,2,4,2,0,0,0,0,0,0,0,0,0,0,0,0,2,20302000,Presbyterianism
Presbyterianism,423517,1,3,0,0,0,0,0,1,1,0,10,0,0,0,0,0,1,1,0,1,0,1,0,0,0,0,0,0,0,0,2,0,0,2,8,6,10,7,1,0,1,1,0,1,1,0,0,1,0,0,0,0,2,3,0,0,0,0,0,1,0,0,0,0,0,3,1,2,3,2,4,9,1,0,1,0,0,0,1,1,1,1,1,0,0,0,0,0,0,0,0,0,0,0,0,0,0,0,1,0,1,1,0,0,0,0,0,0,2,20302000,Presbyterianism
Presbyterianism,292456,4,3,0,0,0,0,0,0,0,0,1,0,7,8,0,3,0,0,1,1,0,1,0,1,0,0,0,0,0,0,1,2,0,0,10,10,4,7,0,0,0,0,0,0,0,0,0,0,0,0,0,0,0,0,4,4,4,0,0,1,1,1,1,0,4,3,1,10,6,7,8,9,4,0,0,10,8,8,0,0,0,0,0,0,0,0,2,2,4,0,0,0,0,0,0,0,0,0,0,0,0,0,0,0,4,4,2,0,2,20302000,Presbyterianism
Presbyterianism,291564,3,4,0,0,0,0,0,0,0,0,6,0,0,0,0,0,0,1,1,0,0,0,1,0,0,0,1,0,0,0,2,0,0,0,10,9,9,3,0,0,0,0,0,0,0,0,0,0,0,0,0,0,2,0,0,0,0,0,0,0,0,0,0,0,0,0,0,0,0,0,0,0,0,0,0,0,8,0,0,0,0,0,0,0,0,0,0,0,0,0,0,0,0,0,0,0,0,0,0,0,0,0,0,0,0,0,0,3,2,20302000,Presbyterianism
Presbyterianism,291345,2,1,0,0,0,0,0,0,0,0,9,0,0,0,0,0,0,0,1,1,0,1,0,1,0,1,0,0,0,0,1,0,0,0,7,5,3,7,0,0,0,0,0,0,0,0,0,0,0,1,0,0,0,0,3,3,0,0,0,1,0,0,0,0,1,1,1,5,5,8,8,5,1,0,0,0,7,0,0,0,0,0,1,0,0,0,0,0,0,0,1,0,3,1,4,1,0,0,0,0,0,0,0,0,0,0,0,0,2,20302000,Presbyterianism
Presbyterianism,53116,1,1,0,0,0,0,0,1,1,0,10,1,0,0,0,0,0,1,0,0,1,1,0,0,1,1,0,0,0,0,1,2,0,1,8,8,0,0,1,1,1,1,0,1,2,0,0,0,0,1,0,0,1,0,3,3,0,0,0,1,0,0,0,0,4,4,1,10,6,6,6,6,7,0,0,0,2,0,0,0,0,0,1,1,0,0,0,0,0,1,0,0,4,4,3,4,0,0,1,1,1,0,0,0,0,0,0,0,2,20302000,Presbyterianism
Presbyterianism,292505,2,3,0,0,0,0,0,1,0,0,7,0,7,7,0,4,0,0,0,1,0,1,0,1,0,0,0,1,0,0,1,2,0,0,9,8,4,6,0,0,0,0,0,0,0,0,0,0,0,0,0,0,0,0,4,4,3,0,0,2,1,2,1,0,1,1,1,4,4,4,5,3,1,0,0,5,7,7,0,0,0,0,0,0,0,0,5,2,3,0,0,0,0,0,0,0,0,0,0,0,0,0,0,0,3,3,2,0,2,20302000,Presbyterianism
Presbyterianism,292824,4,2,0,0,0,0,0,0,0,0,1,0,5,4,0,1,0,1,0,0,0,0,1,0,0,1,1,0,0,0,2,2,0,0,9,7,6,4,0,0,0,0,0,0,0,0,0,0,0,0,0,0,0,0,3,3,0,0,0,1,1,1,1,0,1,1,1,6,3,5,5,10,6,0,0,10,8,8,0,0,0,0,0,0,0,0,7,3,4,0,0,0,0,0,0,0,0,0,0,0,0,0,0,0,4,4,0,0,2,20302000,Presbyterianism
Presbyterianism,291924,3,3,0,0,0,0,0,0,0,0,4,0,0,0,0,0,0,1,1,0,0,1,0,1,0,0,0,0,0,0,1,0,0,0,8,9,5,9,0,0,0,0,0,0,0,0,0,0,0,1,0,0,2,0,3,3,0,0,0,1,0,0,0,0,1,2,1,5,5,5,8,8,1,0,0,0,8,0,0,0,0,0,1,0,0,0,0,0,0,0,0,0,4,2,4,2,0,0,0,0,0,0,0,0,0,0,0,2,2,20302000,Presbyterianism
Presbyterianism,292544,3,2,0,0,0,0,0,1,0,0,5,0,8,8,0,3,0,0,0,1,0,0,1,1,0,0,1,0,0,0,1,2,0,0,8,8,3,8,0,0,0,0,0,0,0,0,0,0,0,0,0,0,0,0,2,3,3,0,0,1,1,5,1,0,2,1,1,1,1,9,5,8,1,0,0,2,3,4,0,0,0,0,0,0,0,0,0,0,0,0,2,0,0,0,0,0,0,0,0,0,0,0,0,0,3,3,2,0,2,20302000,Presbyterianism
Presbyterianism,423440,1,1,0,0,0,0,0,1,0,0,10,0,0,0,0,0,0,1,0,0,0,1,0,1,0,0,1,0,0,0,1,0,0,0,7,9,5,9,1,0,0,0,0,1,1,1,0,0,0,0,1,0,2,2,0,0,0,0,0,1,0,0,0,0,0,1,1,1,4,4,5,3,2,0,3,0,0,0,1,1,1,1,1,0,0,0,0,0,0,0,0,0,0,0,0,0,0,0,1,0,0,0,1,0,0,0,0,0,2,20302000,Presbyterianism
Presbyterianism,291779,3,4,0,0,0,0,0,0,0,0,3,0,0,0,0,0,0,1,1,1,0,1,0,0,0,0,0,0,0,0,2,0,0,0,8,9,1,1,0,0,0,0,0,0,0,0,0,0,0,1,0,0,0,0,3,2,0,0,0,1,0,0,0,0,1,5,1,5,1,5,5,10,1,0,0,0,8,0,0,0,0,0,0,0,0,0,0,0,0,0,1,0,4,1,4,2,0,0,0,0,0,0,0,0,0,0,0,0,2,20302000,Presbyterianism
Presbyterianism,291555,3,3,0,0,0,0,0,0,0,0,7,0,0,0,0,0,0,0,1,1,1,1,0,0,0,0,0,0,0,0,2,0,0,0,8,8,3,2,0,0,0,0,0,0,0,0,0,0,0,1,0,0,0,0,2,3,0,0,0,1,0,0,0,0,5,1,1,5,8,2,4,3,5,0,0,0,8,0,0,0,0,0,1,0,0,0,0,0,0,0,0,0,3,2,3,2,0,0,0,0,0,0,0,0,0,0,0,0,2,20302000,Presbyterianism
Presbyterianism,424259,2,1,0,0,0,0,0,1,1,0,6,0,0,0,0,0,0,1,1,1,0,0,0,1,0,0,0,0,0,0,2,0,0,2,8,10,5,6,1,0,1,1,0,2,2,1,1,1,1,1,0,0,2,1,0,0,0,0,0,1,0,0,0,0,0,1,1,6,1,10,10,10,7,0,1,0,0,0,1,1,1,0,1,0,0,0,0,0,0,0,0,0,0,0,0,0,0,0,1,0,1,0,0,0,0,0,0,0,2,20302000,Presbyterianism
Presbyterianism,423224,3,1,0,0,0,0,0,1,1,0,8,0,0,0,0,0,1,0,0,1,0,0,0,0,1,1,0,0,0,0,1,0,0,2,8,8,1,10,1,0,1,1,0,2,1,1,1,0,0,0,0,0,2,3,0,0,0,0,0,1,0,0,0,0,0,4,5,6,6,6,6,8,1,0,2,0,0,0,1,1,1,0,1,0,0,0,0,0,0,0,0,0,0,0,0,0,0,0,1,0,1,0,0,0,0,0,0,0,2,20302000,Presbyterianism
Presbyterianism,291849,2,3,0,0,0,0,0,0,0,0,0,0,0,0,0,0,0,0,0,0,0,1,1,0,0,1,1,0,0,0,1,0,0,0,8,9,1,9,0,0,0,0,0,0,0,0,0,0,0,1,0,0,0,0,3,2,0,0,0,0,0,0,0,0,0,0,0,0,0,0,0,0,0,0,0,0,8,0,0,0,0,0,0,0,0,0,0,0,0,0,0,0,0,0,0,0,0,0,0,0,0,0,0,0,0,0,0,0,2,20302000,Presbyterianism
Presbyterianism,291474,2,3,0,0,0,0,0,0,0,0,10,0,0,0,0,0,0,0,0,1,1,0,1,0,0,1,0,0,0,0,2,0,0,0,8,8,10,1,0,0,0,0,0,0,0,0,0,0,0,0,0,0,2,0,3,3,0,0,0,1,0,0,0,0,1,3,1,4,1,4,1,5,1,0,0,0,4,0,0,0,0,0,1,0,0,0,0,0,0,0,0,0,4,1,4,5,0,0,0,0,0,0,0,0,0,0,0,0,2,20302000,Presbyterianism
Presbyterianism,292288,4,2,0,0,0,0,0,0,0,0,1,0,0,0,0,0,0,0,0,1,0,1,1,0,0,0,1,0,0,0,2,2,0,0,0,0,0,0,0,0,0,0,0,0,0,0,0,0,0,0,0,0,0,0,0,0,0,0,0,1,1,1,1,0,1,1,1,4,1,6,8,9,1,0,0,8,7,8,0,0,0,0,0,0,0,0,0,0,0,0,0,0,0,0,0,0,0,0,0,0,0,0,0,0,0,3,1,0,2,20302000,Presbyterianism
Presbyterianism,291330,3,4,0,0,0,0,0,0,0,0,0,0,0,0,0,0,0,1,0,1,0,1,0,1,0,0,0,0,0,0,1,0,0,0,10,10,3,7,0,0,0,0,0,0,0,0,0,0,0,1,0,0,2,0,2,4,0,0,0,1,0,0,0,0,3,2,1,10,5,7,8,8,1,0,0,0,8,0,0,0,0,0,1,0,0,0,0,0,0,0,0,0,4,1,5,1,0,0,0,0,0,0,0,0,0,0,0,0,2,20302000,Presbyterianism
Presbyterianism,291437,1,1,0,0,0,0,0,0,0,0,10,0,0,0,0,0,0,1,0,0,0,1,1,1,0,0,0,0,0,0,2,0,0,0,10,10,1,3,0,0,0,0,0,0,0,0,0,0,0,0,0,1,2,0,3,3,0,0,0,1,0,0,0,0,1,1,1,1,1,1,10,0,1,0,0,0,3,0,0,0,0,0,1,0,0,0,0,0,0,0,2,0,1,2,1,1,0,0,0,0,0,0,0,0,0,0,0,1,2,20302000,Presbyterianism
Presbyterianism,423635,1,1,0,0,0,0,0,1,1,0,7,0,0,0,0,0,1,0,0,1,0,1,0,0,1,0,0,0,0,0,2,0,0,3,7,9,6,10,0,0,0,1,0,1,1,1,1,0,1,1,1,0,0,3,0,0,0,0,0,5,0,0,0,0,0,0,2,5,5,5,5,7,5,0,5,0,0,0,0,1,1,1,1,0,0,0,0,0,0,0,0,0,0,0,0,0,0,0,0,0,0,0,0,0,0,0,0,0,2,20302000,Presbyterianism
Presbyterianism,291891,1,3,0,0,0,0,0,0,0,0,8,0,0,0,0,0,0,0,1,0,0,1,0,1,0,0,1,0,0,0,1,0,0,0,9,10,1,0,0,0,0,0,0,0,0,0,0,0,0,1,0,0,2,0,4,3,0,0,0,1,0,0,0,0,1,1,1,0,0,0,0,0,0,0,0,0,2,0,0,0,0,0,1,0,0,0,0,0,0,0,2,0,3,3,0,0,0,0,0,0,0,0,0,0,0,0,0,0,2,20302000,Presbyterianism
Presbyterianism,291473,2,1,0,0,0,0,0,0,0,0,8,0,0,0,0,0,0,0,0,0,1,1,0,1,0,0,1,0,0,0,2,0,0,0,9,6,5,5,0,0,0,0,0,0,0,0,0,0,0,1,0,0,0,0,2,3,0,0,0,3,0,0,0,0,1,3,1,6,6,6,4,8,3,0,0,0,7,0,0,0,0,0,1,0,0,0,0,0,0,0,0,0,3,3,3,3,0,0,0,0,0,0,0,0,0,0,0,0,2,20302000,Presbyterianism
Presbyterianism,292093,1,1,0,0,0,0,0,1,0,0,10,0,8,7,0,8,0,0,0,1,1,0,0,0,1,1,0,0,0,0,1,2,0,0,9,8,9,4,0,1,0,0,0,0,0,0,0,0,0,0,0,0,0,0,3,4,3,0,0,1,1,1,1,0,1,1,1,1,1,1,3,2,1,0,0,1,1,1,0,0,0,0,0,0,0,0,10,2,1,0,2,0,0,0,0,0,0,0,0,1,0,0,0,0,1,3,2,0,2,20302000,Presbyterianism
Presbyterianism,423581,2,1,0,0,0,0,0,1,1,0,7,0,0,0,0,0,1,0,0,0,0,0,0,1,1,1,0,0,0,0,2,0,0,3,7,8,4,3,0,0,0,1,0,2,1,1,1,1,1,0,0,0,0,3,0,0,0,0,0,1,0,0,0,0,0,1,1,1,3,9,9,7,3,0,3,0,0,0,1,1,1,1,1,0,0,0,0,0,0,0,0,0,0,0,0,0,0,0,0,0,0,0,0,0,0,0,0,0,2,20302000,Presbyterianism
Presbyterianism,291875,1,1,0,0,0,0,0,0,0,0,10,0,0,0,0,0,0,1,0,1,0,1,0,0,1,1,0,0,0,0,2,0,0,0,9,8,3,3,0,0,0,0,0,0,0,0,0,0,0,1,0,0,0,0,3,3,0,0,0,1,0,0,0,0,1,1,1,1,1,3,5,2,1,0,0,0,1,0,0,0,0,0,1,0,0,0,0,0,0,0,2,0,3,2,2,3,0,0,0,0,0,0,0,0,0,0,0,0,2,20302000,Presbyterianism
Presbyterianism,292046,3,1,0,0,0,0,0,1,0,0,7,0,5,7,0,7,0,0,1,1,0,1,1,1,0,0,0,0,0,0,1,2,0,0,8,5,3,5,0,1,0,0,0,0,0,0,0,0,0,0,0,0,0,0,3,3,3,0,0,1,1,1,3,0,3,1,1,6,1,6,9,5,5,0,0,7,8,3,0,0,0,0,0,0,0,0,3,2,3,0,0,0,0,0,0,0,0,0,0,1,0,0,0,0,3,3,1,0,2,20302000,Presbyterianism
Presbyterianism,291486,1,3,0,0,0,0,0,0,0,0,8,0,0,0,0,0,0,1,1,1,1,1,1,1,1,1,1,0,0,0,1,0,0,0,0,0,5,3,0,0,0,0,0,0,0,0,0,0,0,1,0,0,0,0,3,3,0,0,0,0,0,0,0,0,0,0,0,0,0,0,0,0,0,0,0,0,3,0,0,0,0,0,1,0,0,0,0,0,0,0,0,0,2,1,0,0,0,0,0,0,0,0,0,0,0,0,0,0,2,20302000,Presbyterianism
Presbyterianism,291988,4,4,0,0,0,0,0,0,0,0,1,0,0,0,0,0,0,0,0,1,0,1,1,0,0,0,0,0,0,0,2,0,0,0,10,9,5,7,0,0,0,0,0,0,0,0,0,0,0,1,0,0,2,0,3,4,0,0,0,0,0,0,0,0,0,0,0,0,0,0,0,0,0,0,0,0,8,0,0,0,0,0,0,0,0,0,0,0,0,0,0,0,3,2,4,2,0,0,0,0,0,0,0,0,0,0,0,0,2,20302000,Presbyterianism
Presbyterianism,291500,3,4,0,0,0,0,0,0,0,0,3,0,0,0,0,0,0,0,0,1,0,1,0,1,0,1,0,0,0,0,1,0,0,0,10,10,5,3,0,0,0,0,0,0,0,0,0,0,0,1,0,0,0,0,3,2,0,0,0,1,0,0,0,0,1,1,1,0,0,0,0,0,0,0,0,0,8,0,0,0,0,0,0,0,0,0,0,0,0,0,0,0,4,2,3,3,0,0,0,0,0,0,0,0,0,0,0,0,2,20302000,Presbyterianism
Presbyterianism,410320,4,0,0,0,0,0,0,0,0,0,6,0,1,1,0,10,1,1,0,0,1,0,0,1,0,0,1,0,0,0,2,0,0,0,7,8,10,0,0,0,0,0,0,0,0,0,0,0,0,0,0,0,0,0,1,1,1,5,10,1,1,10,1,1,1,10,1,1,10,10,10,10,10,0,0,10,8,1,0,0,0,0,0,0,0,0,10,0,3,0,0,0,0,0,0,0,0,0,0,0,0,0,0,1,1,0,0,4,2,20302000,Presbyterianism
Presbyterianism,292031,4,2,0,0,0,0,0,0,0,0,2,0,7,9,0,1,0,1,0,1,0,1,0,0,0,1,0,1,0,0,1,2,0,0,7,10,3,7,0,0,0,0,0,0,0,0,0,0,0,0,0,0,0,0,4,4,3,0,0,1,1,1,1,0,1,1,1,10,4,8,10,6,1,0,0,10,7,8,0,0,0,0,0,0,0,0,1,1,4,0,0,0,0,0,0,0,0,0,0,0,0,0,0,0,4,3,2,0,2,20302000,Presbyterianism
Presbyterianism,292158,1,1,0,0,0,0,0,0,0,0,0,0,6,6,0,6,0,1,0,1,0,1,0,0,1,0,0,0,0,0,2,2,0,0,6,5,0,0,0,0,0,0,0,0,0,0,0,0,0,0,0,0,0,0,2,2,2,0,0,1,1,1,1,0,1,1,1,1,1,1,10,1,1,0,0,1,3,0,0,0,0,0,0,0,0,0,6,3,2,0,2,0,0,0,0,0,0,0,0,0,0,0,0,0,3,2,2,0,2,20302000,Presbyterianism
Presbyterianism,291274,0,3,0,0,0,0,0,0,0,0,9,0,0,0,0,0,0,0,0,1,0,1,0,0,0,1,1,0,0,0,2,0,0,0,7,8,7,3,0,0,0,0,0,0,0,0,0,0,0,1,0,0,0,0,0,4,0,0,0,1,0,0,0,0,1,1,1,3,5,1,6,1,1,0,0,0,7,0,0,0,0,0,1,0,0,0,0,0,0,0,0,0,4,4,4,4,0,0,0,0,0,0,0,0,0,0,0,0,2,20302000,Presbyterianism
Presbyterianism,291205,1,3,0,0,0,0,0,0,0,0,8,0,0,0,0,0,0,1,1,0,1,1,0,1,0,0,0,0,0,0,1,0,0,0,9,9,7,5,0,0,0,0,0,0,0,0,0,0,0,1,0,0,0,0,3,3,0,0,0,1,0,0,0,0,1,1,1,9,6,4,8,3,1,0,0,0,2,0,0,0,0,0,1,0,0,0,0,0,0,0,2,0,4,2,2,4,0,0,0,0,0,0,0,0,0,0,0,0,2,20302000,Presbyterianism
Presbyterianism,291216,3,1,0,0,0,0,0,0,0,0,7,0,0,0,0,0,0,1,0,0,0,1,1,1,0,0,0,0,0,0,2,0,0,0,7,8,5,3,0,0,0,0,0,0,0,0,0,0,0,0,0,0,1,0,3,3,0,0,0,6,0,0,0,0,3,3,3,8,5,5,7,6,3,0,0,0,4,0,0,0,0,0,0,0,0,0,0,0,0,0,1,0,4,2,3,4,0,0,0,0,0,0,0,0,0,0,0,0,2,20302000,Presbyterianism
Presbyterianism,423252,3,2,0,0,0,0,0,1,0,0,4,0,0,0,0,0,0,0,1,1,0,1,1,0,0,0,0,0,0,0,2,0,0,2,9,10,10,10,0,0,0,0,0,1,1,1,1,0,0,1,1,0,0,3,0,0,0,0,0,1,0,0,0,0,0,1,2,1,1,5,5,3,1,0,1,0,0,0,1,1,1,1,0,0,0,0,0,0,0,0,0,0,0,0,0,0,0,0,0,0,0,0,0,0,0,0,0,0,2,20302000,Presbyterianism
Presbyterianism,291899,3,3,0,0,0,0,0,0,0,0,7,0,0,0,0,0,0,0,0,0,0,0,0,0,0,0,0,0,0,0,0,0,0,0,9,9,1,3,0,0,0,0,0,0,0,0,0,0,0,1,0,0,0,0,3,2,0,0,0,1,0,0,0,0,1,1,1,1,1,1,1,10,1,0,0,0,8,0,0,0,0,0,0,0,0,0,0,0,0,0,0,0,4,2,4,1,0,0,0,0,0,0,0,0,0,0,0,1,2,20302000,Presbyterianism
Protestant,339234,2,1,0,0,0,0,0,1,0,0,5,0,8,9,0,5,0,1,0,0,0,0,1,1,0,1,1,0,0,0,2,0,7,0,6,6,6,7,0,1,0,0,0,0,0,0,0,0,0,0,0,0,0,0,3,3,3,0,0,1,1,5,1,0,1,1,2,1,3,3,3,1,2,0,0,6,2,2,0,0,0,0,0,0,0,0,6,2,2,0,1,0,0,0,0,0,0,0,0,1,0,0,0,0,3,4,3,2,2,20000000,Protestant
Protestant,405367,1,3,0,0,0,0,0,0,0,0,10,0,8,10,9,0,0,0,1,1,0,1,1,0,1,0,0,0,0,0,2,0,7,0,7,6,8,5,0,0,0,0,7,0,0,0,0,0,0,1,0,0,0,0,3,3,0,0,0,1,0,0,0,0,1,1,1,1,1,1,4,1,1,0,0,0,1,0,0,0,0,0,1,0,0,0,10,0,0,0,2,0,1,4,1,2,0,0,0,0,0,0,0,0,0,0,0,2,2,20000000,Protestant
Protestant,57634,3,0,0,0,0,0,0,1,0,0,10,0,4,10,0,1,1,0,0,0,0,1,1,1,0,1,0,0,0,0,2,0,0,0,5,5,2,0,1,1,1,0,0,0,0,0,0,0,0,0,0,0,0,0,4,4,3,1,1,1,1,1,1,1,1,1,1,8,5,8,8,7,1,0,0,7,7,3,0,0,0,0,0,0,0,0,1,0,3,0,0,0,0,0,0,0,0,0,1,1,1,0,0,0,4,0,0,2,2,20000000,Protestant
Protestant,158239,1,1,0,0,0,0,0,1,0,0,10,0,1,1,0,10,0,0,1,1,0,1,1,0,0,0,1,0,0,0,2,0,1,0,6,1,10,1,0,1,0,0,0,0,0,0,0,0,0,0,0,0,0,0,1,1,4,0,0,10,10,10,5,0,10,10,10,3,9,1,7,1,2,0,0,10,4,2,0,0,0,0,0,0,0,0,5,3,2,0,1,0,0,0,0,0,0,0,0,1,0,0,0,0,3,2,3,3,2,20000000,Protestant
Protestant,316405,1,1,0,0,0,0,0,1,1,0,10,2,0,0,0,0,0,0,0,1,0,1,0,1,1,0,1,0,4,3,2,0,0,2,8,9,5,9,1,1,1,1,0,1,1,0,0,0,0,1,1,0,2,2,3,3,0,0,0,1,0,0,0,0,1,1,1,8,4,1,7,6,2,0,0,0,8,0,1,0,0,0,0,0,0,0,0,0,0,0,1,0,0,0,0,0,2,0,1,1,1,0,0,0,0,0,0,0,2,20000000,Protestant
Protestant,147799,1,2,0,0,0,0,0,1,0,0,10,0,5,6,0,5,0,0,1,0,0,1,1,1,1,0,0,0,0,0,2,0,6,0,8,9,6,5,0,1,0,0,0,0,0,0,0,0,0,0,0,0,0,0,2,4,4,0,0,1,2,10,1,0,2,1,2,1,2,1,1,0,1,0,0,1,1,1,0,0,0,0,0,0,0,0,7,3,2,0,2,0,0,0,0,0,0,0,0,1,0,0,0,0,3,2,2,4,2,20000000,Protestant
Protestant,138099,3,1,0,0,0,0,0,0,0,0,5,0,0,0,0,0,0,1,1,0,0,1,0,0,0,1,1,0,0,0,2,0,7,0,9,8,2,7,0,0,0,0,0,0,0,0,0,0,0,0,0,0,0,0,3,3,0,0,0,1,0,0,0,0,3,3,1,6,1,7,2,7,1,0,0,0,8,0,0,0,0,0,0,0,0,0,0,0,0,0,1,0,0,0,0,0,0,0,0,0,0,0,0,0,0,0,0,0,2,20000000,Protestant
Protestant,289941,3,2,0,0,0,0,0,0,1,0,0,2,0,0,0,0,1,0,0,0,1,1,0,1,0,1,0,0,0,0,2,0,0,2,7,8,7,7,0,0,0,0,0,1,0,0,0,0,0,0,0,0,2,0,3,3,0,0,0,1,0,0,0,0,1,1,1,0,6,0,9,6,6,0,0,0,7,0,0,0,0,0,0,0,0,0,0,0,0,0,1,0,0,0,0,0,0,0,0,0,0,0,0,0,0,0,0,0,2,20000000,Protestant
Protestant,223373,1,1,0,0,0,0,0,0,0,0,0,0,0,0,0,0,1,0,1,1,0,0,0,0,1,0,1,0,0,0,1,0,0,2,3,10,1,10,0,0,0,0,0,1,1,0,0,0,0,0,1,0,0,0,0,0,2,0,0,1,0,0,0,0,6,1,1,1,1,6,1,0,1,0,1,0,3,0,0,0,0,0,0,0,0,0,0,0,0,1,0,0,0,0,0,0,0,0,0,0,0,0,0,0,0,0,0,0,2,20000000,Protestant
Protestant,439564,1,2,0,0,0,0,0,0,0,0,6,0,0,8,0,0,0,0,1,0,0,1,0,0,1,1,1,0,0,0,2,0,8,0,8,7,8,4,0,0,0,0,8,0,0,0,0,0,0,1,0,0,0,0,4,3,0,0,0,2,0,0,0,0,4,1,1,1,1,1,1,1,1,0,0,0,2,0,0,0,0,0,1,0,0,0,4,0,0,0,2,0,2,4,2,1,0,0,0,0,0,0,0,0,0,0,0,4,2,20000000,Protestant
Protestant,428697,1,1,0,0,0,0,0,1,0,0,6,1,0,0,0,0,1,1,0,1,0,1,0,0,1,0,0,0,4,2,2,0,0,2,5,6,3,9,0,0,1,0,0,1,1,0,0,0,0,0,1,0,1,2,4,4,0,0,0,1,0,0,0,0,3,1,1,1,1,1,7,5,1,0,0,0,4,0,1,0,0,0,0,0,0,0,0,0,0,0,1,0,0,0,0,0,1,0,0,0,1,0,0,0,0,0,0,0,2,20000000,Protestant
Protestant,228138,2,2,0,0,0,0,0,1,0,0,10,0,8,8,0,8,0,1,0,1,0,0,0,0,1,1,1,0,0,0,1,0,7,0,7,7,2,7,0,1,0,0,0,0,0,0,0,0,0,0,0,0,0,0,2,2,2,0,0,6,6,6,6,0,6,6,6,6,0,6,6,0,6,0,0,6,1,1,0,0,0,0,0,0,0,0,8,3,1,0,2,0,0,0,0,0,0,0,0,1,0,0,0,1,1,1,1,4,2,20000000,Protestant
Protestant,152451,1,0,0,0,0,0,0,1,0,0,5,0,5,5,0,5,1,0,1,1,0,0,0,0,1,0,1,0,0,0,2,0,0,0,7,8,4,0,1,1,1,0,0,0,0,0,0,0,0,0,0,0,0,0,4,4,2,3,3,5,5,5,7,4,5,5,5,5,5,5,5,5,5,0,0,5,1,5,0,0,0,0,0,0,0,0,5,0,3,1,2,0,0,0,0,0,0,0,1,1,1,0,0,0,4,0,0,2,2,20000000,Protestant
Protestant,437828,2,2,0,0,0,0,0,1,0,0,10,0,10,8,0,8,0,1,1,0,0,0,0,1,1,0,1,0,0,0,2,0,10,0,9,10,9,8,0,0,0,0,0,0,0,0,0,0,0,0,0,0,0,0,2,2,1,0,0,7,6,7,7,0,8,6,8,5,5,8,8,4,4,0,0,6,1,1,0,0,0,0,0,0,0,0,8,1,2,0,2,0,0,0,0,0,0,0,0,0,0,0,0,0,1,1,1,2,2,20000000,Protestant
Protestant,425846,1,1,0,0,0,0,0,1,0,0,10,2,0,0,0,0,0,1,1,0,0,0,1,1,0,0,1,0,3,1,2,0,0,2,3,2,1,1,0,0,1,1,0,0,3,0,0,0,0,1,0,1,0,3,4,4,0,0,0,3,0,0,0,0,4,1,1,0,5,5,9,2,1,0,0,0,3,0,1,0,0,0,0,0,0,0,0,0,0,0,1,0,0,0,0,0,1,0,0,0,1,0,0,0,0,0,0,0,2,20000000,Protestant
Protestant,389253,1,2,0,0,0,0,0,1,1,0,4,2,0,0,0,0,0,1,1,1,1,1,1,1,1,1,1,0,0,0,2,0,0,1,4,3,0,0,1,1,1,1,0,1,1,0,0,0,0,1,1,0,2,0,4,1,0,0,0,4,0,0,0,0,3,3,3,3,3,5,5,5,4,0,0,0,1,0,0,0,0,0,1,1,0,0,0,0,0,1,0,0,1,5,1,5,0,0,1,1,1,0,0,0,0,0,0,0,2,20000000,Protestant
Protestant,429451,1,3,0,0,0,0,0,1,1,0,10,2,0,0,0,0,0,0,0,1,0,0,1,1,1,1,0,0,0,0,2,1,0,1,6,7,0,0,1,1,1,1,0,1,1,0,0,0,0,1,1,0,0,0,2,2,0,0,0,3,0,0,0,0,2,4,2,1,5,2,3,4,2,0,0,0,2,0,0,0,0,0,1,1,0,0,0,0,0,1,0,0,2,2,2,4,0,0,1,1,1,0,0,0,0,0,0,0,2,20000000,Protestant
Protestant,441058,1,1,0,0,0,0,0,1,0,0,10,0,10,10,0,1,0,0,1,1,0,0,0,0,1,1,1,0,0,0,2,0,1,0,3,7,1,10,0,1,0,0,0,0,0,0,0,0,0,0,0,0,0,0,4,4,1,0,0,1,1,1,1,0,1,1,1,1,1,1,1,0,1,0,0,1,3,1,0,0,0,0,0,0,0,0,1,3,4,0,1,0,0,0,0,0,0,0,0,1,0,0,0,0,0,0,0,4,2,20000000,Protestant
Protestant,137696,2,2,0,0,0,0,0,0,0,0,9,0,0,0,0,0,0,0,1,1,0,1,0,1,0,1,0,0,0,0,2,0,5,0,9,9,1,9,0,0,0,0,0,0,0,0,0,0,0,0,0,0,0,0,0,3,0,0,0,1,0,0,0,0,1,1,1,5,1,1,4,3,1,0,0,0,2,0,0,0,0,0,0,0,0,0,0,0,0,0,2,0,0,0,0,0,0,0,0,0,0,0,0,0,0,0,0,3,2,20000000,Protestant
Protestant,53811,2,2,0,0,0,0,0,0,0,0,8,0,7,9,7,0,0,1,0,1,0,1,1,1,0,0,0,0,0,0,1,0,7,0,8,9,5,6,0,0,0,0,8,0,0,0,0,0,0,0,0,0,1,0,4,4,0,0,0,4,0,0,0,0,3,4,2,5,2,2,7,8,4,0,0,0,4,0,0,0,0,0,1,0,0,0,7,0,0,0,0,0,3,2,2,2,0,0,0,0,0,0,0,0,0,0,0,2,2,20000000,Protestant
Protestant,440215,1,1,0,0,0,0,0,1,1,0,10,1,0,0,0,0,0,1,0,1,0,0,0,0,1,1,1,0,0,0,2,1,0,2,8,9,0,0,1,1,1,1,0,1,1,0,0,0,0,1,1,0,0,0,3,3,0,0,0,1,0,0,0,0,1,1,1,1,1,2,2,3,1,0,0,0,1,0,0,0,0,0,1,2,0,0,0,0,0,1,0,0,2,4,1,4,0,0,1,1,1,0,0,0,0,0,0,0,2,20000000,Protestant
Protestant,53599,4,2,0,0,0,0,0,0,0,0,1,0,7,10,10,0,0,1,1,1,0,1,0,0,0,1,0,0,0,0,1,0,9,0,8,10,3,7,0,0,0,0,9,0,0,0,0,0,0,1,0,0,2,0,3,3,0,0,0,1,0,0,0,0,1,1,1,7,6,7,7,9,7,0,0,0,4,0,0,0,0,0,0,0,0,0,10,0,0,0,0,0,4,1,5,1,0,0,0,0,0,0,0,0,0,0,0,3,2,20000000,Protestant
Protestant,133895,3,1,0,0,0,0,0,0,1,0,1,2,0,0,0,0,1,0,1,1,0,0,0,1,0,1,0,0,1,2,2,0,0,1,8,8,5,9,0,0,0,0,0,1,1,0,0,0,0,1,0,0,0,2,4,4,0,0,0,1,0,0,0,0,1,1,1,1,1,2,2,8,1,0,0,0,6,0,0,0,0,0,0,0,0,0,0,0,0,0,1,0,0,0,0,0,2,0,0,0,0,0,0,0,0,0,0,0,2,20000000,Protestant
Protestant,432422,1,1,0,0,0,0,0,0,0,0,10,0,10,10,10,0,0,0,1,0,0,1,0,0,1,1,1,0,0,0,0,0,1,0,9,10,3,3,0,0,0,0,10,0,0,0,0,0,0,1,0,0,0,0,3,3,0,0,0,1,0,0,0,0,1,1,1,1,1,1,1,1,1,0,0,0,8,0,0,0,0,0,0,0,0,0,10,0,0,0,0,0,1,1,1,1,0,0,0,0,0,0,0,0,0,0,0,2,2,20000000,Protestant
Protestant,390312,1,1,0,0,0,0,0,1,1,0,10,2,0,0,0,0,0,0,1,0,0,1,0,1,1,1,0,0,0,0,2,2,0,1,5,7,0,0,1,0,1,1,0,2,2,0,0,0,0,1,0,0,0,0,4,4,0,0,0,1,0,0,0,0,1,1,1,1,1,1,9,8,2,0,0,0,1,0,0,0,0,0,1,1,0,0,0,0,0,1,0,0,1,1,2,1,0,0,1,0,1,0,0,0,0,0,0,0,2,20000000,Protestant
Protestant,146889,1,2,0,0,0,0,0,0,0,0,10,0,10,10,10,0,0,0,1,1,0,1,0,0,1,0,1,0,0,0,2,0,8,0,6,7,1,8,0,0,0,0,10,0,0,0,0,0,0,1,0,0,0,0,1,4,0,0,0,1,0,0,0,0,8,1,1,1,1,1,1,0,1,0,0,0,1,0,0,0,0,0,0,0,0,0,1,0,0,0,2,0,1,5,2,5,0,0,0,0,0,0,0,0,0,0,0,4,2,20000000,Protestant
Protestant,401728,3,2,0,0,0,0,0,1,0,0,8,2,0,0,0,0,1,0,0,1,0,1,1,0,0,1,0,0,3,1,2,0,0,2,8,6,0,0,0,0,1,1,0,1,1,0,0,0,0,1,0,0,1,2,3,4,0,0,0,1,0,0,0,0,1,1,1,4,4,7,5,10,5,0,0,0,8,0,1,0,0,0,0,0,0,0,0,0,0,0,0,0,0,0,0,0,2,0,0,0,1,0,0,0,0,0,0,0,2,20000000,Protestant
Protestant,337630,2,2,0,0,0,0,0,0,0,0,10,0,2,8,6,0,0,0,1,0,0,1,0,1,0,1,1,0,0,0,2,0,5,0,1,2,5,4,0,0,0,0,1,0,0,0,0,0,0,1,0,0,0,0,1,3,0,0,0,1,0,0,0,0,1,1,1,1,1,1,1,1,1,0,0,0,2,0,0,0,0,0,1,0,0,0,4,0,0,0,0,0,2,3,1,2,0,0,0,0,0,0,0,0,0,0,0,3,2,20000000,Protestant
Protestant,405943,1,2,0,0,0,0,0,1,0,0,10,0,10,10,0,1,0,1,1,1,0,1,0,0,0,1,0,0,0,0,1,0,8,0,10,10,1,8,0,1,0,0,0,0,0,0,0,0,0,0,0,0,0,0,4,4,4,0,0,1,1,1,1,0,2,1,1,10,0,7,8,0,1,0,0,7,6,3,0,0,0,0,0,0,0,0,1,2,3,0,1,0,0,0,0,0,0,0,0,1,0,0,0,0,4,2,3,1,2,20000000,Protestant
Protestant,53427,1,1,0,0,0,0,0,0,0,0,10,0,3,4,7,0,0,1,1,0,1,1,0,0,1,0,0,0,0,0,2,0,3,0,5,8,3,7,0,0,0,0,7,0,0,0,0,0,0,1,0,0,1,0,4,4,0,0,0,1,0,0,0,0,2,1,1,1,1,5,3,2,2,0,0,0,7,0,0,0,0,0,1,0,0,0,8,0,0,0,1,0,2,2,3,3,0,0,0,0,0,0,0,0,0,0,0,2,2,20000000,Protestant
Protestant,62817,3,1,0,0,0,0,0,0,0,0,6,0,0,0,0,0,0,1,0,1,1,1,0,1,0,0,0,0,0,0,1,0,8,0,8,7,7,8,0,0,0,0,7,0,0,0,0,0,0,0,0,0,1,0,4,4,0,0,0,3,0,0,0,0,3,1,1,10,9,9,10,8,9,0,0,0,3,0,0,0,0,0,0,0,0,0,0,0,0,0,2,0,0,0,0,0,0,0,0,0,0,0,0,0,0,0,0,2,2,20000000,Protestant
Protestant,130567,1,2,0,0,0,0,0,0,0,0,8,0,9,7,8,0,0,0,0,0,1,1,0,1,0,0,1,0,0,0,2,0,4,0,5,5,5,4,0,0,0,0,6,0,0,0,0,0,0,0,0,0,1,0,2,3,0,0,0,2,0,0,0,0,2,2,2,2,2,2,2,2,2,0,0,0,3,0,0,0,0,0,1,0,0,0,1,0,0,0,1,0,3,2,3,3,0,0,0,0,0,0,0,0,0,0,0,3,2,20000000,Protestant
Protestant,290766,2,1,0,0,0,0,0,1,1,0,10,2,0,0,0,0,1,0,0,1,0,1,1,0,1,0,0,0,1,3,2,0,0,1,8,8,1,4,1,1,1,1,0,1,1,0,0,0,0,1,0,0,2,1,3,3,0,0,0,5,0,0,0,0,6,8,10,9,9,9,9,6,6,0,0,0,4,0,1,0,0,0,0,0,0,0,0,0,0,0,0,0,0,0,0,0,1,0,1,1,1,0,0,0,0,0,0,0,2,20000000,Protestant
Protestant,427022,1,1,0,0,0,0,0,1,1,0,10,2,0,0,0,0,1,1,0,0,0,1,0,1,1,0,0,0,2,4,2,0,0,1,4,4,10,1,1,1,1,1,0,1,1,0,0,0,0,1,1,0,1,2,3,1,0,0,0,1,0,0,0,0,1,1,1,3,1,5,5,5,1,0,0,0,2,0,1,0,0,0,0,0,0,0,0,0,0,0,2,0,0,0,0,0,1,0,1,1,1,0,0,0,0,0,0,0,2,20000000,Protestant
Protestant,431381,1,2,0,0,0,0,0,1,1,0,10,1,0,0,0,0,0,1,1,0,0,0,1,0,1,0,1,0,0,0,2,1,0,1,10,9,0,0,1,0,1,1,0,1,1,0,0,0,0,1,1,0,1,0,4,4,0,0,0,1,0,0,0,0,1,1,1,1,1,1,1,1,1,0,0,0,1,0,0,0,0,0,1,1,0,0,0,0,0,1,0,0,2,2,2,2,0,0,1,0,1,0,0,0,0,0,0,0,2,20000000,Protestant
Protestant,134281,2,2,0,0,0,0,0,1,1,0,8,2,0,0,0,0,1,0,0,1,1,0,1,1,0,0,0,0,3,2,1,0,0,1,9,10,5,3,1,1,1,1,0,2,2,0,0,0,0,1,1,0,1,2,2,3,0,0,0,1,0,0,0,0,1,1,10,1,0,0,1,1,0,0,0,0,6,0,1,0,0,0,0,0,0,0,0,0,0,0,1,0,0,0,0,0,1,0,1,1,1,0,0,0,0,0,0,0,2,20000000,Protestant
Protestant,361932,3,2,0,0,0,0,0,1,0,0,5,0,8,9,0,2,0,1,0,1,0,1,0,0,0,1,0,0,0,0,2,0,8,0,8,8,2,7,0,0,0,0,0,0,0,0,0,0,0,0,0,0,0,0,4,4,3,0,0,1,1,1,1,0,3,1,1,10,3,10,10,5,1,0,0,10,8,3,0,0,0,0,0,0,0,0,1,1,3,0,0,0,0,0,0,0,0,0,0,0,0,0,0,0,3,2,2,2,2,20000000,Protestant
Protestant,441549,1,2,0,0,0,0,0,1,0,0,9,0,8,10,0,9,0,1,0,0,0,0,1,0,1,1,1,0,0,0,2,0,5,0,7,8,3,7,0,1,0,0,0,0,0,0,0,0,0,0,0,0,0,0,4,4,1,0,0,1,1,7,1,0,1,1,2,1,2,5,5,0,1,0,0,4,2,2,0,0,0,0,0,0,0,0,8,3,2,0,2,0,0,0,0,0,0,0,0,1,0,0,0,0,3,2,2,2,2,20000000,Protestant
Protestant,277986,1,1,0,0,0,0,0,1,0,0,10,0,4,5,0,3,0,0,1,1,0,1,0,0,1,0,1,0,0,0,2,0,8,0,3,8,1,6,0,1,0,0,0,0,0,0,0,0,0,0,0,0,0,0,2,3,3,0,0,2,2,2,1,0,3,2,2,1,1,1,1,0,1,0,0,1,1,1,0,0,0,0,0,0,0,0,3,2,2,0,2,0,0,0,0,0,0,0,0,1,0,0,0,0,3,2,3,3,2,20000000,Protestant
Protestant,406080,1,2,0,0,0,0,0,1,0,0,10,0,8,6,0,3,0,1,1,1,0,1,0,0,1,0,0,0,0,0,1,0,9,0,7,9,2,9,0,1,0,0,0,0,0,0,0,0,0,0,0,0,0,0,4,4,3,0,0,1,1,1,7,0,1,1,1,5,0,5,6,0,6,0,0,3,1,2,0,0,0,0,0,0,0,0,5,2,2,0,2,0,0,0,0,0,0,0,0,1,0,0,0,0,3,4,2,2,2,20000000,Protestant
Protestant,422779,0,2,0,0,0,0,0,1,1,0,10,0,0,0,0,0,1,0,0,0,0,1,0,1,1,0,0,0,0,0,2,0,0,1,8,6,0,0,1,1,1,1,0,1,1,0,0,0,0,1,0,0,0,2,0,0,0,0,0,1,0,0,0,0,1,1,1,1,1,1,5,3,1,0,0,0,1,0,0,0,0,0,0,0,0,0,0,0,0,0,1,0,0,0,0,0,0,0,1,1,1,0,0,0,0,0,0,0,2,20000000,Protestant
Protestant,100386,3,2,0,0,0,0,0,0,0,0,5,2,0,0,0,0,1,1,0,1,0,0,1,1,0,0,0,0,3,1,2,0,0,2,5,6,6,5,0,0,1,0,0,1,2,0,0,0,0,1,0,0,2,1,3,2,0,0,0,1,0,0,0,0,1,1,1,7,1,7,5,0,1,0,0,0,6,0,0,0,0,0,0,0,0,0,0,0,0,0,1,0,0,0,0,0,0,0,0,0,1,0,0,0,0,0,0,0,2,20000000,Protestant
Protestant,407627,1,1,0,0,0,0,0,1,0,0,10,0,9,9,0,6,0,1,0,0,0,1,0,0,1,1,1,0,0,0,2,0,9,0,8,9,2,5,0,1,0,0,0,0,0,0,0,0,0,0,0,0,0,0,3,3,3,0,0,1,1,1,1,0,2,1,1,1,0,1,1,0,1,0,0,1,1,1,0,0,0,0,0,0,0,0,9,2,3,0,2,0,0,0,0,0,0,0,0,1,0,0,0,0,3,3,2,2,2,20000000,Protestant
Protestant,225723,1,1,0,0,0,0,0,0,0,0,10,2,0,0,0,0,0,1,0,1,1,1,0,0,1,0,0,0,0,0,2,2,0,2,10,10,0,0,0,0,0,1,0,1,2,0,0,0,0,1,1,0,0,0,4,4,0,0,0,0,0,0,0,0,6,3,5,5,1,1,5,5,5,0,0,0,2,0,0,0,0,0,1,2,0,0,0,0,0,1,0,0,4,2,4,1,0,0,0,0,0,0,0,0,0,0,0,0,2,20000000,Protestant
Protestant,148578,1,1,0,0,0,0,0,1,0,0,10,0,6,7,0,6,0,0,0,0,0,1,1,1,1,1,0,0,0,0,2,0,4,0,8,6,6,6,0,1,0,0,0,0,0,0,0,0,0,0,0,0,0,0,1,2,2,0,0,1,1,1,1,0,1,1,1,1,1,1,1,0,1,0,0,1,1,1,0,0,0,0,0,0,0,0,4,3,2,0,2,0,0,0,0,0,0,0,0,1,0,0,0,0,2,3,3,4,2,20000000,Protestant
Protestant,99596,2,1,0,0,0,0,0,1,1,0,8,2,0,0,0,0,0,1,0,1,0,1,0,0,1,0,0,0,3,4,2,0,0,2,8,5,6,2,0,0,0,0,0,1,1,0,0,0,0,1,0,0,0,2,2,3,0,0,0,1,0,0,0,0,1,2,1,1,1,1,6,0,6,0,0,0,4,0,1,0,0,0,0,0,0,0,0,0,0,0,1,0,0,0,0,0,2,0,0,0,0,0,0,1,0,0,0,0,2,20000000,Protestant
Protestant,18170,3,1,0,0,0,0,0,0,1,0,1,2,0,0,0,0,1,0,0,1,1,1,1,0,0,0,0,0,1,2,2,0,0,1,10,5,1,10,1,1,1,0,0,1,1,0,0,0,0,0,0,1,0,3,3,3,0,0,0,1,0,0,0,0,1,1,1,1,1,1,6,1,1,0,0,0,8,0,0,0,0,0,0,0,0,0,0,0,0,0,0,0,0,0,0,0,1,0,1,1,1,0,0,0,0,0,0,0,2,20000000,Protestant
Protestant,165911,1,2,0,0,0,0,0,0,0,0,9,0,9,9,9,0,0,1,1,1,0,1,0,0,1,0,0,0,0,0,2,0,4,0,6,7,3,6,0,0,0,0,6,0,0,0,0,0,0,1,0,0,0,0,3,3,0,0,0,1,0,0,0,0,1,1,1,1,1,1,1,3,1,0,0,0,1,0,0,0,0,0,1,0,0,0,5,0,0,0,2,0,3,3,3,3,0,0,0,0,0,0,0,0,0,0,0,3,2,20000000,Protestant
Protestant,60178,2,2,0,0,0,0,0,0,1,0,10,0,0,0,0,0,1,0,0,1,0,1,0,0,0,0,0,0,0,0,1,0,0,2,5,4,0,0,1,1,1,0,0,2,2,0,0,0,0,0,0,0,1,2,0,0,0,0,0,1,0,0,0,0,1,1,1,2,1,2,6,5,2,0,1,0,3,0,1,0,0,0,0,0,0,0,0,0,0,1,0,0,0,0,0,0,0,0,1,1,1,0,1,0,0,0,0,0,2,20000000,Protestant
Protestant,19451,1,1,0,0,0,0,0,0,0,0,10,0,7,6,4,0,0,0,0,1,0,1,1,1,1,0,0,0,0,0,1,0,7,0,8,7,3,7,0,0,0,0,7,0,0,0,0,0,0,1,0,0,0,0,3,3,0,0,0,1,0,0,0,0,1,1,1,1,1,1,6,1,1,0,0,0,2,0,0,0,0,0,1,0,0,0,4,1,0,0,2,0,4,2,4,2,0,0,0,0,0,0,0,0,0,0,0,2,2,20000000,Protestant
Protestant Churches without free churches,105630,1,0,0,0,0,0,0,1,0,0,9,0,8,8,0,3,1,1,1,0,0,0,0,1,1,0,0,0,0,0,1,0,0,0,10,10,2,0,1,0,1,0,0,0,0,0,0,0,0,0,0,0,0,0,4,4,4,1,1,1,1,1,1,1,1,1,1,10,7,4,5,5,5,0,0,10,3,3,0,0,0,0,0,0,0,0,5,0,3,1,1,0,0,0,0,0,0,0,1,0,1,0,0,0,4,0,0,2,2,21621100,Protestant Churches without free churches
Protestant Churches without free churches,106195,3,0,0,0,0,0,0,0,0,0,2,0,8,8,0,7,1,1,0,1,1,1,0,0,0,0,0,0,0,0,1,0,0,0,8,8,7,0,0,0,0,0,0,0,0,0,0,0,0,0,0,0,0,0,3,4,3,2,1,4,1,1,1,1,3,1,1,10,1,6,8,8,2,0,0,10,3,8,0,0,0,0,0,0,0,0,3,0,4,1,2,0,0,0,0,0,0,0,0,0,0,0,0,0,4,0,0,2,2,21621100,Protestant Churches without free churches
Protestant Churches without free churches,106857,2,0,0,0,0,0,0,1,0,0,9,0,10,10,0,0,1,0,1,0,0,1,1,0,0,0,1,0,0,0,2,0,0,0,10,7,8,0,1,1,1,0,0,0,0,0,0,0,0,0,0,0,0,0,2,3,2,4,1,1,1,1,1,1,1,1,1,1,1,1,5,1,1,0,0,1,3,4,0,0,0,0,0,0,0,0,7,0,1,1,2,0,0,0,0,0,0,0,1,1,1,0,0,0,1,0,0,4,2,21621100,Protestant Churches without free churches
Protestant Churches without free churches,105491,1,0,0,0,0,0,0,1,0,0,10,0,8,9,0,4,1,1,0,0,1,1,0,0,1,0,0,0,0,0,1,0,0,0,7,7,3,0,1,1,1,0,0,0,0,0,0,0,0,0,0,0,0,0,3,4,2,4,2,1,1,3,3,1,1,1,1,7,3,3,4,6,3,0,0,3,2,1,0,0,0,0,0,0,0,0,7,0,2,1,1,0,0,0,0,0,0,0,1,1,1,0,0,0,1,0,0,2,2,21621100,Protestant Churches without free churches
Protestant Churches without free churches,105526,3,0,0,0,0,0,0,0,0,0,2,0,8,8,0,3,1,1,1,0,0,1,1,0,0,0,0,0,0,0,2,0,0,0,7,5,7,0,0,0,0,0,0,0,0,0,0,0,0,0,0,0,0,0,4,4,3,2,1,3,2,1,1,1,4,2,2,10,8,9,9,8,9,0,0,9,7,8,0,0,0,0,0,0,0,0,3,0,4,1,1,0,0,0,0,0,0,0,0,0,0,0,0,0,3,0,0,2,2,21621100,Protestant Churches without free churches
Protestant Churches without free churches,105674,2,0,0,0,0,0,0,1,0,0,8,0,5,5,0,5,1,1,0,0,0,1,1,0,0,0,0,0,0,0,2,0,0,0,10,10,5,0,0,1,1,0,0,0,0,0,0,0,0,0,0,0,0,0,4,4,4,1,1,4,1,1,1,1,1,1,1,10,10,5,10,10,1,0,0,10,8,3,0,0,0,0,0,0,0,0,5,0,4,1,2,0,0,0,0,0,0,0,0,1,1,0,0,0,4,0,0,2,2,21621100,Protestant Churches without free churches
Protestant Churches without free churches,105890,4,0,0,0,0,0,0,1,0,0,2,0,3,3,0,2,1,1,0,1,0,1,0,1,0,0,0,0,0,0,1,0,0,0,7,7,7,0,0,0,0,0,0,0,0,0,0,0,0,0,0,0,0,0,3,4,3,2,1,1,1,1,1,1,1,1,1,10,8,7,10,5,1,0,0,10,6,7,0,0,0,0,0,0,0,0,3,0,3,0,0,0,0,0,0,0,0,0,0,0,0,0,0,0,3,0,0,2,2,21621100,Protestant Churches without free churches
Protestant Churches without free churches,106645,2,0,0,0,0,0,0,0,0,0,2,0,3,5,0,7,1,1,0,1,1,0,0,1,0,0,0,0,0,0,1,0,0,0,6,7,8,0,0,0,0,0,0,0,0,0,0,0,0,0,0,0,0,0,3,4,2,2,1,1,1,1,1,1,1,1,1,7,3,5,8,8,6,0,0,6,6,7,0,0,0,0,0,0,0,0,5,0,3,1,2,0,0,0,0,0,0,0,0,0,0,0,0,0,4,0,0,2,2,21621100,Protestant Churches without free churches
Protestant Churches without free churches,106785,3,0,0,0,0,0,0,1,0,0,5,0,9,10,0,3,1,1,0,1,0,1,1,0,0,0,0,0,0,0,2,0,0,0,5,7,2,0,0,0,0,0,0,0,0,0,0,0,0,0,0,0,0,0,4,3,2,3,1,1,1,4,1,1,4,4,2,10,5,7,8,10,10,0,0,10,4,0,0,0,0,0,0,0,0,0,8,0,3,1,2,0,0,0,0,0,0,0,0,0,0,0,0,0,3,0,0,4,2,21621100,Protestant Churches without free churches
Protestant Churches without free churches,106364,2,0,0,0,0,0,0,1,0,0,9,0,7,10,0,5,1,1,0,1,0,1,0,0,1,0,0,0,0,0,1,0,0,0,7,7,1,0,1,1,1,0,0,0,0,0,0,0,0,0,0,0,0,0,2,4,4,2,1,2,1,1,1,1,3,1,3,10,5,1,10,0,0,0,0,10,4,2,0,0,0,0,0,0,0,0,7,0,4,1,2,0,0,0,0,0,0,0,1,1,1,0,0,0,4,0,0,4,2,21621100,Protestant Churches without free churches
Protestant Churches without free churches,106790,2,0,0,0,0,0,0,1,0,0,10,0,10,10,0,0,1,1,1,0,0,0,1,1,0,0,0,0,0,0,1,0,0,0,7,10,2,0,1,0,0,0,0,0,0,0,0,0,0,0,0,0,0,0,3,3,3,0,1,1,1,1,1,1,1,1,1,0,0,0,0,10,1,0,0,0,4,5,0,0,0,0,0,0,0,0,0,0,0,0,0,0,0,0,0,0,0,0,1,0,0,0,0,0,2,0,0,0,2,21621100,Protestant Churches without free churches
Protestant Churches without free churches,105675,3,0,0,0,0,0,0,0,0,0,3,0,7,10,0,7,1,0,1,1,0,1,0,0,0,0,1,0,0,0,0,0,0,0,7,5,7,0,0,0,0,0,0,0,0,0,0,0,0,0,0,0,0,0,3,3,3,2,1,1,1,1,1,1,1,1,1,10,1,1,1,10,0,0,0,0,7,8,0,0,0,0,0,0,0,0,5,0,4,1,2,0,0,0,0,0,0,0,0,0,0,0,0,0,4,0,0,0,2,21621100,Protestant Churches without free churches
Protestant Churches without free churches,106434,2,0,0,0,0,0,0,1,0,0,8,0,7,7,0,0,1,1,0,1,0,1,0,1,0,0,0,0,0,0,2,0,0,0,10,9,5,0,1,0,1,0,0,0,0,0,0,0,0,0,0,0,0,0,3,4,3,2,1,1,1,1,1,1,3,1,1,10,10,8,10,9,8,0,0,10,4,2,0,0,0,0,0,0,0,0,3,0,0,1,1,0,0,0,0,0,0,0,1,0,1,0,0,0,4,0,0,0,2,21621100,Protestant Churches without free churches
Protestant Churches without free churches,106859,4,0,0,0,0,0,0,0,0,0,5,0,8,9,0,8,1,1,0,1,0,1,0,1,0,0,0,0,0,0,2,0,0,0,8,5,5,0,1,0,1,0,0,0,0,0,0,0,0,0,0,0,0,0,3,4,2,1,1,10,1,1,1,1,5,1,1,10,7,1,5,5,1,0,0,10,6,2,0,0,0,0,0,0,0,0,7,0,3,0,0,0,0,0,0,0,0,0,1,0,1,0,0,0,4,0,0,3,2,21621100,Protestant Churches without free churches
Protestant Churches without free churches,105936,2,0,0,0,0,0,0,1,0,0,7,0,4,6,0,7,1,1,1,1,0,0,1,0,0,0,0,0,0,0,1,0,0,0,7,7,2,0,1,0,1,0,0,0,0,0,0,0,0,0,0,0,0,0,3,3,3,4,1,1,1,4,1,1,1,1,1,6,1,1,4,6,1,0,0,10,3,3,0,0,0,0,0,0,0,0,5,0,3,1,2,0,0,0,0,0,0,0,1,0,1,0,0,0,2,0,0,1,2,21621100,Protestant Churches without free churches
Protestant Churches without free churches,106328,3,0,0,0,0,0,0,1,0,0,5,0,5,5,0,3,0,0,0,1,1,1,1,1,0,0,0,0,0,0,2,0,0,0,7,8,5,0,0,0,0,0,0,0,0,0,0,0,0,0,0,0,0,0,3,3,2,1,2,1,2,2,2,2,3,2,2,6,7,7,6,8,4,0,0,10,7,6,0,0,0,0,0,0,0,0,7,0,3,1,2,0,0,0,0,0,0,0,0,0,0,0,0,0,4,0,0,3,2,21621100,Protestant Churches without free churches
Protestant Churches without free churches,106032,1,0,0,0,0,0,0,1,0,0,8,0,10,10,0,7,1,1,0,1,1,1,0,0,0,0,0,0,0,0,1,0,0,0,9,7,1,0,0,0,1,0,0,0,0,0,0,0,0,0,0,0,0,0,3,3,3,1,1,1,1,1,1,1,1,1,1,10,1,4,4,10,1,0,0,10,3,4,0,0,0,0,0,0,0,0,5,0,3,1,1,0,0,0,0,0,0,0,0,0,1,0,0,0,3,0,0,2,2,21621100,Protestant Churches without free churches
Protestant Churches without free churches,106748,2,0,0,0,0,0,0,1,0,0,7,0,5,7,0,7,1,1,0,0,1,1,0,1,0,0,0,0,0,0,1,0,0,0,9,7,5,0,1,1,1,0,0,0,0,0,0,0,0,0,0,0,0,0,3,4,3,2,1,1,1,1,1,1,1,2,2,7,5,5,5,1,1,0,0,5,4,3,0,0,0,0,0,0,0,0,7,0,3,1,2,0,0,0,0,0,0,0,1,1,1,0,0,0,3,0,0,2,2,21621100,Protestant Churches without free churches
Protestant Churches without free churches,105391,3,0,0,0,0,0,0,0,0,0,1,0,7,7,0,0,1,1,0,1,1,1,0,0,0,0,0,0,0,0,1,0,0,0,8,8,6,0,1,0,0,0,0,0,0,0,0,0,0,0,0,0,0,0,4,4,0,2,1,1,1,1,1,1,3,1,1,10,1,9,9,9,9,0,0,10,8,8,0,0,0,0,0,0,0,0,0,0,4,0,0,0,0,0,0,0,0,0,1,0,0,0,0,0,4,0,0,0,2,21621100,Protestant Churches without free churches
Protestant Churches without free churches,106108,3,0,0,0,0,0,0,1,0,0,3,0,9,9,0,5,1,1,1,1,0,1,0,0,0,0,0,0,0,0,2,0,0,0,8,8,2,0,0,0,0,0,0,0,0,0,0,0,0,0,0,0,0,0,2,3,3,3,1,1,1,1,1,1,1,1,1,5,5,9,8,9,6,0,0,10,4,4,0,0,0,0,0,0,0,0,2,0,4,1,2,0,0,0,0,0,0,0,0,0,0,0,0,0,4,0,0,3,2,21621100,Protestant Churches without free churches
Protestant Churches without free churches,105589,1,0,0,0,0,0,0,1,0,0,10,0,9,9,0,0,1,1,0,0,0,1,1,0,1,0,0,0,0,0,2,0,0,0,7,4,8,0,1,0,1,0,0,0,0,0,0,0,0,0,0,0,0,0,3,2,2,2,2,1,1,2,1,1,2,2,2,6,4,2,5,4,1,0,0,3,2,2,0,0,0,0,0,0,0,0,8,0,2,1,2,0,0,0,0,0,0,0,1,0,1,0,0,0,2,0,0,3,2,21621100,Protestant Churches without free churches
Protestant Churches without free churches,106885,3,0,0,0,0,0,0,0,0,0,2,0,8,8,0,2,1,1,1,1,0,1,0,0,0,0,0,0,0,0,1,0,0,0,9,8,10,0,0,0,0,0,0,0,0,0,0,0,0,0,0,0,0,0,4,4,3,2,1,2,2,1,1,1,2,2,1,10,8,10,10,8,10,0,0,10,4,4,0,0,0,0,0,0,0,0,1,0,3,1,1,0,0,0,0,0,0,0,0,0,0,0,0,0,3,0,0,2,2,21621100,Protestant Churches without free churches
Protestant Churches without free churches,106323,2,0,0,0,0,0,0,1,0,0,8,0,10,10,0,7,1,1,0,1,1,1,0,0,0,0,0,0,0,0,1,0,0,0,8,6,5,0,1,0,0,0,0,0,0,0,0,0,0,0,0,0,0,0,4,4,3,2,1,2,1,1,1,1,1,1,1,10,3,4,10,8,3,0,0,10,7,3,0,0,0,0,0,0,0,0,1,0,3,1,2,0,0,0,0,0,0,0,1,0,0,0,0,0,3,0,0,3,2,21621100,Protestant Churches without free churches
Protestant Churches without free churches,106252,3,0,0,0,0,0,0,0,0,0,4,0,1,10,0,10,1,0,1,0,0,1,1,0,0,0,1,0,0,0,2,0,0,0,8,7,1,0,0,0,0,0,0,0,0,0,0,0,0,0,0,0,0,0,0,4,2,1,1,4,1,1,1,1,1,1,1,10,1,1,10,10,1,0,0,10,6,7,0,0,0,0,0,0,0,0,10,0,1,1,2,0,0,0,0,0,0,0,0,0,0,0,0,0,3,0,0,1,2,21621100,Protestant Churches without free churches
Protestant Churches without free churches,106583,2,0,0,0,0,0,0,1,0,0,9,0,5,5,0,4,1,1,0,1,0,1,1,0,0,0,0,0,0,0,2,0,0,0,5,5,5,0,1,1,1,0,0,0,0,0,0,0,0,0,0,0,0,0,3,3,2,2,1,1,1,1,1,1,1,1,1,9,6,5,10,1,1,0,0,8,8,2,0,0,0,0,0,0,0,0,4,0,3,0,0,0,0,0,0,0,0,0,1,1,1,0,0,1,3,0,0,3,2,21621100,Protestant Churches without free churches
Protestant Churches without free churches,106523,3,0,0,0,0,0,0,1,0,0,8,0,9,9,0,8,1,1,1,1,0,1,0,0,0,0,0,0,0,0,2,0,0,0,8,7,7,0,0,0,0,0,0,0,0,0,0,0,0,0,0,0,0,0,3,3,3,4,1,1,1,1,1,1,1,1,1,10,1,5,1,5,1,0,0,10,6,5,0,0,0,0,0,0,0,0,2,0,3,1,2,0,0,0,0,0,0,0,0,0,0,0,0,0,3,0,0,2,2,21621100,Protestant Churches without free churches
Protestant Churches without free churches,105693,2,0,0,0,0,0,0,1,0,0,6,0,5,8,0,5,1,1,0,1,0,0,1,0,0,0,1,0,0,0,2,0,0,0,8,5,7,0,1,1,1,0,0,0,0,0,0,0,0,0,0,0,0,0,3,4,3,2,4,3,5,3,1,1,5,3,5,5,5,5,5,5,5,0,0,5,8,6,0,0,0,0,0,0,0,0,4,0,3,0,0,0,0,0,0,0,0,0,1,1,1,0,0,0,3,0,0,3,2,21621100,Protestant Churches without free churches
Protestant Churches without free churches,106156,2,0,0,0,0,0,0,1,0,0,5,0,8,8,0,5,1,1,0,0,0,1,1,0,0,0,1,0,0,0,1,0,0,0,8,7,3,0,0,0,0,0,0,0,0,0,0,0,0,0,0,0,0,0,3,3,3,3,1,1,1,1,1,1,1,1,7,5,6,7,9,9,2,0,0,10,4,7,0,0,0,0,0,0,0,0,3,0,3,1,2,0,0,0,0,0,0,0,0,0,0,0,0,0,3,0,0,2,2,21621100,Protestant Churches without free churches
Protestant Churches without free churches,105999,2,0,0,0,0,0,0,1,0,0,7,0,7,5,0,6,0,1,0,1,1,1,0,0,0,1,0,0,0,0,1,0,0,0,9,8,6,0,1,0,0,0,0,0,0,0,0,0,0,0,0,0,0,0,4,4,4,2,1,1,1,1,1,1,1,1,1,10,3,8,10,10,10,0,0,10,4,3,0,0,0,0,0,0,0,0,3,0,4,1,1,0,0,0,0,0,0,0,1,0,0,0,0,0,4,0,0,2,2,21621100,Protestant Churches without free churches
Protestant Churches without free churches,105409,3,0,0,0,0,0,0,1,0,0,1,0,7,7,0,1,0,1,0,1,0,1,0,1,0,0,0,0,0,0,2,0,0,0,9,8,7,0,0,0,0,0,0,0,0,0,0,0,0,0,0,0,0,0,3,4,3,2,1,1,3,1,1,1,3,1,1,10,7,10,10,10,10,0,0,10,7,7,0,0,0,0,0,0,0,0,3,0,4,1,2,0,0,0,0,0,0,0,0,0,0,0,0,0,4,0,0,3,2,21621100,Protestant Churches without free churches
Protestant Churches without free churches,105874,3,0,0,0,0,0,0,1,0,0,6,0,5,5,0,5,1,0,1,1,0,1,0,0,0,0,0,0,0,0,1,0,0,0,8,8,5,0,0,1,1,0,0,0,0,0,0,0,0,0,0,0,0,0,2,4,2,5,1,1,1,5,1,1,1,1,1,1,1,5,5,5,5,0,0,5,4,8,0,0,0,0,0,0,0,0,5,0,3,0,0,0,0,0,0,0,0,0,0,1,1,0,0,0,4,0,0,2,2,21621100,Protestant Churches without free churches
Protestant Churches without free churches,105726,3,0,0,0,0,0,0,1,0,0,8,0,8,8,0,2,0,1,0,1,1,1,0,1,0,0,0,0,0,0,1,0,0,0,10,8,5,0,0,0,0,0,0,0,0,0,0,0,0,0,0,0,0,0,4,4,4,1,1,5,5,1,1,1,10,1,1,10,5,8,10,8,5,0,0,10,4,3,0,0,0,0,0,0,0,0,5,0,4,1,1,0,0,0,0,0,0,0,0,0,0,0,0,0,4,0,0,2,2,21621100,Protestant Churches without free churches
Protestant Churches without free churches,105367,4,0,0,0,0,0,0,0,0,0,1,0,6,6,0,5,1,1,0,1,0,0,1,0,0,0,1,0,0,0,1,0,0,0,6,8,1,0,1,1,1,0,0,0,0,0,0,0,0,0,0,0,0,0,4,3,1,2,1,3,1,1,1,1,1,1,1,10,10,8,10,8,10,0,0,10,8,8,0,0,0,0,0,0,0,0,5,0,4,0,0,0,0,0,0,0,0,0,1,1,1,0,0,0,4,0,0,2,2,21621100,Protestant Churches without free churches
Protestant Churches without free churches,105850,0,0,0,0,0,0,0,1,0,0,7,0,7,8,0,0,1,0,0,1,1,1,1,0,0,0,0,0,0,0,1,0,0,0,8,7,5,0,1,0,1,0,0,0,0,0,0,0,0,0,0,0,0,0,4,4,4,2,1,1,1,1,1,1,1,1,1,0,0,7,10,10,0,0,0,0,4,3,0,0,0,0,0,0,0,0,7,0,4,1,2,0,0,0,0,0,0,0,1,0,1,0,0,0,4,0,0,2,2,21621100,Protestant Churches without free churches
Protestant Churches without free churches,106317,3,0,0,0,0,0,0,0,0,0,2,0,7,9,0,1,1,1,0,0,1,1,0,1,0,0,0,0,0,0,1,0,0,0,8,8,8,0,0,0,0,0,0,0,0,0,0,0,0,0,0,0,0,0,3,3,3,3,1,1,1,1,1,1,1,1,1,5,5,8,8,5,3,0,0,8,8,8,0,0,0,0,0,0,0,0,3,0,4,1,2,0,0,0,0,0,0,0,0,0,0,0,0,0,3,0,0,2,2,21621100,Protestant Churches without free churches
Protestant Churches without free churches,106735,1,0,0,0,0,0,0,1,0,0,6,0,8,8,0,0,0,0,0,0,0,0,0,0,0,0,0,0,0,0,2,0,0,0,6,6,5,0,1,0,1,0,0,0,0,0,0,0,0,0,0,0,0,0,3,3,0,2,1,1,1,1,1,1,1,1,1,1,1,3,5,5,1,0,0,5,4,7,0,0,0,0,0,0,0,0,5,0,3,1,1,0,0,0,0,0,0,0,1,0,1,0,0,0,1,0,0,3,2,21621100,Protestant Churches without free churches
Protestant Churches without free churches,105590,1,0,0,0,0,0,0,1,0,0,10,0,7,8,0,1,1,0,1,1,0,1,0,0,1,0,0,0,0,0,1,0,0,0,9,8,4,0,1,0,1,0,0,0,0,0,0,0,0,0,0,0,0,0,3,3,3,0,1,1,1,1,1,1,1,1,1,0,0,5,5,4,4,0,0,5,3,0,0,0,0,0,0,0,0,0,5,0,3,1,2,0,0,0,0,0,0,0,1,0,1,0,0,0,3,0,0,2,2,21621100,Protestant Churches without free churches
Protestant Churches without free churches,106560,4,0,0,0,0,0,0,0,0,0,1,0,10,7,0,4,1,1,0,0,1,0,0,1,0,0,0,0,0,0,2,0,0,0,7,10,8,0,1,0,0,0,0,0,0,0,0,0,0,0,0,0,0,0,4,4,4,1,1,2,1,1,1,1,3,1,1,10,5,5,10,5,5,0,0,9,8,8,0,0,0,0,0,0,0,0,6,0,4,0,0,0,0,0,0,0,0,0,1,0,0,0,0,0,4,0,0,3,2,21621100,Protestant Churches without free churches
Protestant Churches without free churches,105687,3,0,0,0,0,0,0,1,0,0,5,0,5,9,0,1,1,1,0,1,0,1,1,0,0,0,0,0,0,0,2,0,0,0,5,6,7,0,0,0,0,0,0,0,0,0,0,0,0,0,0,0,0,0,0,0,0,4,1,1,1,3,1,1,1,1,1,10,10,10,10,5,10,0,0,10,4,7,0,0,0,0,0,0,0,0,1,0,4,1,2,0,0,0,0,0,0,0,0,0,0,0,0,0,4,0,0,0,2,21621100,Protestant Churches without free churches
Protestant Churches without free churches,106610,3,0,0,0,0,0,0,0,0,0,2,0,7,8,0,6,1,1,0,0,1,1,0,1,0,0,0,0,0,0,2,0,0,0,8,7,4,0,1,0,0,0,0,0,0,0,0,0,0,0,0,0,0,0,4,4,3,1,1,1,3,2,2,1,4,1,2,10,5,10,10,9,5,0,0,10,8,3,0,0,0,0,0,0,0,0,1,0,4,1,2,0,0,0,0,0,0,0,1,0,0,0,0,0,4,0,0,2,2,21621100,Protestant Churches without free churches
Protestant Churches without free churches,106365,3,0,0,0,0,0,0,1,0,0,3,0,10,10,0,3,1,1,0,1,0,1,0,1,0,0,0,0,0,0,1,0,0,0,9,9,5,0,0,0,0,0,0,0,0,0,0,0,0,0,0,0,0,0,4,4,4,1,1,1,1,1,1,1,1,1,3,10,9,3,10,8,3,0,0,10,4,7,0,0,0,0,0,0,0,0,2,0,4,1,2,0,0,0,0,0,0,0,0,0,0,0,0,0,4,0,0,2,2,21621100,Protestant Churches without free churches
Protestant Churches without free churches,106578,3,0,0,0,0,0,0,0,0,0,2,0,8,8,0,6,1,1,1,1,0,0,1,0,0,0,0,0,0,0,2,0,0,0,10,10,9,0,0,0,0,0,0,0,0,0,0,0,0,0,0,0,0,0,3,3,2,2,1,1,1,1,1,1,1,1,1,10,6,8,8,10,8,0,0,8,8,8,0,0,0,0,0,0,0,0,8,0,3,0,0,0,0,0,0,0,0,0,0,0,0,0,0,0,3,0,0,3,2,21621100,Protestant Churches without free churches
Protestant Churches without free churches,105894,4,0,0,0,0,0,0,1,0,0,5,0,6,10,0,5,1,1,1,1,0,1,0,0,0,0,0,0,0,0,0,0,0,0,9,8,10,0,1,0,0,0,0,0,0,0,0,0,0,0,0,0,0,0,4,4,3,2,1,1,1,1,1,1,2,1,1,10,10,10,10,10,10,0,0,10,8,8,0,0,0,0,0,0,0,0,1,0,1,0,0,0,0,0,0,0,0,0,1,0,0,0,0,0,1,0,0,2,2,21621100,Protestant Churches without free churches
Protestant Churches without free churches,105800,2,0,0,0,0,0,0,1,0,0,7,0,10,10,0,5,1,1,1,1,0,1,0,0,0,0,0,0,0,0,2,0,0,0,8,9,8,0,0,0,0,0,0,0,0,0,0,0,0,0,0,0,0,0,2,3,2,2,1,1,1,1,1,1,1,1,1,1,5,6,3,10,1,0,0,8,4,4,0,0,0,0,0,0,0,0,3,0,3,1,2,0,0,0,0,0,0,0,0,0,0,0,0,1,3,0,0,2,2,21621100,Protestant Churches without free churches
Protestant Churches without free churches,105744,4,0,0,0,0,0,0,0,0,0,1,0,8,8,0,6,0,1,0,1,1,1,0,1,0,0,0,0,0,0,1,0,0,0,9,7,3,0,1,0,1,0,0,0,0,0,0,0,0,0,0,0,0,0,4,4,3,1,1,1,1,1,1,1,3,1,2,10,3,7,9,9,8,0,0,10,8,8,0,0,0,0,0,0,0,0,7,0,3,1,2,0,0,0,0,0,0,0,1,0,1,0,0,0,4,0,0,2,2,21621100,Protestant Churches without free churches
Protestant Churches without free churches,106689,3,0,0,0,0,0,0,1,0,0,5,0,4,4,0,7,0,0,0,0,0,0,0,0,0,0,0,0,0,0,1,0,0,0,8,6,6,0,0,0,0,0,0,0,0,0,0,0,0,0,0,0,0,0,4,4,4,2,2,7,1,3,3,1,1,4,2,10,7,6,6,3,4,0,0,4,4,5,0,0,0,0,0,0,0,0,3,0,3,1,2,0,0,0,0,0,0,0,0,0,0,0,0,0,3,0,0,2,2,21621100,Protestant Churches without free churches
Protestant Churches without free churches,105465,3,0,0,0,0,0,0,0,0,0,2,0,8,8,0,7,0,1,0,1,0,1,1,1,0,0,0,0,0,0,2,0,0,0,8,8,1,0,0,0,0,0,0,0,0,0,0,0,0,0,0,0,0,0,4,4,2,1,1,1,1,4,1,1,4,1,1,10,7,5,10,9,4,0,0,10,6,8,0,0,0,0,0,0,0,0,3,0,4,0,0,0,0,0,0,0,0,0,0,0,0,0,0,0,4,0,0,1,2,21621100,Protestant Churches without free churches
Protestant Churches without free churches,106798,4,0,0,0,0,0,0,0,0,0,4,0,8,8,0,8,1,0,1,0,0,1,1,1,0,0,0,0,0,0,2,0,0,0,7,7,8,0,0,0,0,0,0,0,0,0,0,0,0,0,0,0,0,0,4,3,3,2,1,1,1,1,1,1,1,1,1,10,5,1,5,5,5,0,0,10,8,8,0,0,0,0,0,0,0,0,1,0,4,0,0,0,0,0,0,0,0,0,0,0,0,0,0,0,4,0,0,0,2,21621100,Protestant Churches without free churches
Protestant Churches without free churches,106016,3,0,0,0,0,0,0,0,0,0,3,0,10,10,0,1,1,1,1,1,0,1,0,0,0,0,0,0,0,0,2,0,0,0,7,7,2,0,0,0,0,0,0,0,0,0,0,0,0,0,0,0,0,0,3,3,3,2,1,1,1,1,2,1,1,1,2,10,10,10,10,7,10,0,0,10,4,4,0,0,0,0,0,0,0,0,1,0,3,1,1,0,0,0,0,0,0,0,0,0,0,0,0,0,3,0,0,2,2,21621100,Protestant Churches without free churches
Protestant Churches without free churches,105855,1,0,0,0,0,0,0,1,0,0,10,0,8,8,0,5,1,0,1,1,0,0,1,1,0,0,0,0,0,0,2,0,0,0,5,5,5,0,1,1,1,0,0,0,0,0,0,0,0,0,0,0,0,0,3,2,2,3,1,1,1,1,1,1,1,1,1,5,6,5,5,10,5,0,0,6,4,2,0,0,0,0,0,0,0,0,5,0,0,1,1,0,0,0,0,0,0,0,1,1,1,0,0,0,3,0,0,2,2,21621100,Protestant Churches without free churches
Reformed Church in Romania,324098,1,1,0,0,0,0,0,1,0,0,10,0,10,10,0,5,0,1,0,1,0,1,0,0,1,0,0,1,0,0,2,0,1,0,5,7,10,0,0,0,0,0,0,0,0,0,0,0,0,0,0,0,0,0,1,4,1,0,0,1,1,1,1,0,1,1,1,0,9,0,0,0,0,0,0,0,2,1,0,0,0,0,0,0,0,0,5,3,0,0,0,0,0,0,0,0,0,0,0,0,0,0,0,0,4,1,1,0,2,20301400,Reformed Church in Romania
Reformed Church in Romania,323624,1,1,0,0,0,0,0,1,0,0,7,0,10,10,0,1,0,1,0,1,1,1,0,0,0,0,0,0,0,0,2,0,7,0,5,9,3,5,0,1,0,0,0,0,0,0,0,0,0,0,0,0,0,0,2,4,4,0,0,1,1,5,1,0,1,1,1,1,1,3,10,0,1,0,0,5,3,2,0,0,0,0,0,0,0,0,6,3,2,0,0,0,0,0,0,0,0,0,0,1,0,0,0,0,3,4,1,3,2,20301400,Reformed Church in Romania
Reformed Church in Romania,324699,2,1,0,0,0,0,0,1,0,0,10,0,8,8,0,6,0,1,1,1,0,1,1,0,0,0,0,0,0,0,2,0,4,0,7,10,3,7,0,0,0,0,0,0,0,0,0,0,0,0,0,0,0,0,3,3,3,0,0,1,1,1,1,0,1,1,1,1,1,5,5,0,1,0,0,5,2,2,0,0,0,0,0,0,0,0,6,3,1,0,2,0,0,0,0,0,0,0,0,0,0,0,0,0,2,2,0,2,2,20301400,Reformed Church in Romania
Reformed Church in Romania,323675,3,1,0,0,0,0,0,1,0,0,8,0,9,9,0,4,0,0,1,1,0,0,1,1,0,0,0,0,0,0,2,0,6,0,7,6,2,6,0,1,0,0,0,0,0,0,0,0,0,0,0,0,0,0,2,3,3,0,0,1,1,1,2,0,1,1,1,2,2,3,2,0,1,0,0,6,4,4,0,0,0,0,0,0,0,0,5,3,2,0,0,0,0,0,0,0,0,0,0,1,0,0,0,0,3,2,2,3,2,20301400,Reformed Church in Romania
Reformed Church in Romania,324813,1,2,0,0,0,0,0,1,0,0,10,0,9,10,0,8,0,0,1,1,1,1,0,1,0,0,0,0,0,0,2,0,5,0,7,7,1,1,0,1,0,0,0,0,0,0,0,0,0,0,0,0,0,0,2,4,1,0,0,1,1,1,1,0,1,1,1,0,1,0,0,0,1,0,0,0,7,2,0,0,0,0,0,0,0,0,3,0,0,0,2,0,0,0,0,0,0,0,0,1,0,0,0,0,4,1,1,4,2,20301400,Reformed Church in Romania
Reformed Church in Romania,323991,2,2,0,0,0,0,0,1,0,0,10,0,5,3,0,5,0,0,0,1,0,1,0,0,0,0,0,0,0,0,2,0,5,0,5,6,6,10,0,1,0,0,0,0,0,0,0,0,0,0,0,0,0,0,0,1,2,0,0,1,1,1,1,0,1,1,1,1,1,1,1,0,1,0,0,1,7,3,0,0,0,0,0,0,0,0,5,3,2,0,0,0,0,0,0,0,0,0,0,1,0,0,0,0,2,2,3,3,2,20301400,Reformed Church in Romania
Reformed Church in Romania,323809,1,1,0,0,0,0,0,1,0,0,3,0,4,4,0,8,0,1,1,0,0,1,0,0,0,0,0,1,0,0,1,0,2,0,7,8,1,1,0,1,0,0,0,0,0,0,0,0,0,0,0,0,0,0,4,2,4,0,0,1,1,1,1,0,2,2,1,0,1,0,6,0,1,0,0,2,3,4,0,0,0,0,0,0,0,0,6,3,2,0,0,0,0,0,0,0,0,0,0,1,0,0,0,0,4,3,2,2,2,20301400,Reformed Church in Romania
Reformed Church in Romania,324350,2,3,0,0,0,0,0,1,0,0,9,0,7,9,0,1,0,0,1,0,0,1,1,0,1,0,1,0,0,0,2,0,5,0,5,5,3,10,0,0,0,0,0,0,0,0,0,0,0,0,0,0,0,0,3,3,3,0,0,2,2,3,1,0,2,5,2,1,4,3,1,0,1,0,0,3,4,2,0,0,0,0,0,0,0,0,6,3,2,0,1,0,0,0,0,0,0,0,0,0,0,0,0,1,0,2,2,3,2,20301400,Reformed Church in Romania
Reformed Church in Romania,324683,2,1,0,0,0,0,0,1,0,0,1,0,2,1,0,6,0,0,1,0,1,1,0,1,1,0,0,0,0,0,2,0,4,0,7,7,2,8,0,1,0,0,0,0,0,0,0,0,0,0,0,0,0,0,3,3,3,0,0,1,1,1,1,0,1,1,1,1,1,2,1,0,1,0,0,2,2,2,0,0,0,0,0,0,0,0,3,2,1,0,0,0,0,0,0,0,0,0,0,1,0,0,0,0,2,2,2,3,2,20301400,Reformed Church in Romania
Reformed Church in Romania,323848,1,3,0,0,0,0,0,1,0,0,10,0,7,2,0,7,0,0,1,0,0,1,1,1,1,0,0,0,0,0,2,0,4,0,7,2,7,2,0,1,0,0,0,0,0,0,0,0,0,0,0,0,0,0,3,3,4,0,0,1,1,1,1,0,1,10,1,1,1,1,1,0,1,0,0,1,1,1,0,0,0,0,0,0,0,0,8,3,2,0,0,0,0,0,0,0,0,0,0,1,0,0,0,0,2,3,2,3,2,20301400,Reformed Church in Romania
Reformed Church in Romania,324328,1,1,0,0,0,0,0,1,0,0,8,0,3,3,0,8,0,1,1,1,1,0,0,0,1,0,0,0,0,0,1,0,3,0,7,3,1,8,0,1,0,0,0,0,0,0,0,0,0,0,0,0,0,0,3,4,2,0,0,2,1,5,4,0,3,3,4,1,3,7,4,0,3,0,0,2,3,3,0,0,0,0,0,0,0,0,4,3,3,0,0,0,0,0,0,0,0,0,0,1,0,0,0,0,3,2,2,2,2,20301400,Reformed Church in Romania
Reformed Church in Romania,323782,2,1,0,0,0,0,0,1,0,0,8,0,3,5,0,5,0,1,1,1,1,0,0,0,0,0,0,0,0,0,2,0,5,0,9,10,8,6,0,0,0,0,0,0,0,0,0,0,0,0,0,0,0,0,2,2,2,0,0,1,1,1,1,0,1,1,1,1,1,1,1,0,1,0,0,1,4,3,0,0,0,0,0,0,0,0,7,3,2,0,0,0,0,0,0,0,0,0,0,0,0,0,0,0,3,3,2,2,2,20301400,Reformed Church in Romania
Reformed Church in Romania,324953,1,1,0,0,0,0,0,1,0,0,10,0,5,5,0,10,0,0,1,1,0,1,0,0,1,0,0,1,0,0,2,0,1,0,3,1,1,10,0,1,0,0,0,0,0,0,0,0,0,0,0,0,0,0,2,1,1,0,0,1,1,3,1,0,1,1,1,1,1,1,1,0,1,0,0,1,1,1,0,0,0,0,0,0,0,0,10,3,1,0,2,0,0,0,0,0,0,0,0,1,0,0,0,0,3,2,2,3,2,20301400,Reformed Church in Romania
Reformed Church in Romania,323747,2,1,0,0,0,0,0,1,0,0,10,0,10,10,0,10,0,1,1,1,0,0,0,0,1,1,0,0,0,0,2,0,1,0,10,10,1,10,0,1,0,0,0,0,0,0,0,0,0,0,0,0,0,0,3,3,4,0,0,1,1,1,1,0,1,1,1,5,1,1,1,0,1,0,0,10,6,1,0,0,0,0,0,0,0,0,5,3,3,0,2,0,0,0,0,0,0,0,0,1,0,0,0,1,4,1,1,3,2,20301400,Reformed Church in Romania
Reformed Church in Romania,325091,3,3,0,0,0,0,0,1,0,0,10,0,2,2,0,7,0,1,1,1,0,0,1,0,1,0,0,0,0,0,2,0,3,0,7,6,6,5,0,0,0,0,0,0,0,0,0,0,0,0,0,0,0,0,2,3,1,0,0,2,1,1,1,0,2,1,1,1,1,1,1,0,1,0,0,6,2,7,0,0,0,0,0,0,0,0,8,3,2,0,0,0,0,0,0,0,0,0,0,0,0,0,0,0,2,2,1,4,2,20301400,Reformed Church in Romania
Reformed Church in Romania,324326,3,1,0,0,0,0,0,1,0,0,8,0,10,10,0,1,0,1,0,1,0,0,0,1,1,0,0,1,0,0,2,0,2,0,7,7,10,6,0,0,0,0,0,0,0,0,0,0,0,0,0,0,0,0,4,4,2,0,0,1,1,2,2,0,1,1,1,10,1,5,10,0,1,0,0,10,7,6,0,0,0,0,0,0,0,0,10,2,3,0,0,0,0,0,0,0,0,0,0,0,0,0,0,0,4,3,0,3,2,20301400,Reformed Church in Romania
Reformed Church in Romania,324926,1,1,0,0,0,0,0,1,0,0,10,0,10,10,0,3,0,0,0,1,0,0,1,1,1,0,0,1,0,0,2,0,8,0,9,8,1,8,0,1,0,0,0,0,0,0,0,0,0,0,0,0,0,0,4,4,4,0,0,1,1,1,1,0,1,1,1,3,1,3,3,0,1,0,0,4,1,1,0,0,0,0,0,0,0,0,8,2,0,0,2,0,0,0,0,0,0,0,0,1,0,0,0,0,4,1,1,3,2,20301400,Reformed Church in Romania
Reformed Church in Romania,324364,2,4,0,0,0,0,0,1,0,0,8,0,10,4,0,5,0,1,1,1,1,0,1,0,0,0,0,0,0,0,2,0,5,0,7,7,7,5,0,0,0,0,0,0,0,0,0,0,0,0,0,0,0,0,3,3,4,0,0,1,1,1,1,0,1,10,1,1,0,0,0,0,1,0,0,10,7,7,0,0,0,0,0,0,0,0,5,3,3,0,0,0,0,0,0,0,0,0,0,0,0,0,0,0,3,3,1,3,2,20301400,Reformed Church in Romania
Reformed Church in Romania,324919,2,2,0,0,0,0,0,1,0,0,9,0,7,5,0,4,0,0,1,1,0,1,0,0,0,1,1,0,0,0,2,0,1,0,3,8,7,6,0,0,0,0,0,0,0,0,0,0,0,0,0,0,0,0,4,4,3,0,0,7,2,2,2,0,2,7,5,3,2,2,2,0,2,0,0,2,2,1,0,0,0,0,0,0,0,0,7,3,2,0,1,0,0,0,0,0,0,0,0,0,0,0,0,0,3,3,3,4,2,20301400,Reformed Church in Romania
Reformed Church in Romania,324689,2,1,0,0,0,0,0,1,0,0,10,0,10,10,0,5,0,0,1,0,1,1,1,0,1,0,0,0,0,0,2,0,2,0,8,8,1,10,0,1,0,0,0,0,0,0,0,0,0,0,0,0,0,0,3,3,2,0,0,10,1,5,1,0,1,1,1,1,1,5,5,0,1,0,0,5,2,3,0,0,0,0,0,0,0,0,7,2,2,0,0,0,0,0,0,0,0,0,0,1,0,0,0,0,2,2,2,3,2,20301400,Reformed Church in Romania
Reformed Church in Romania,323944,4,1,0,0,0,0,0,1,0,0,10,0,8,8,0,10,0,0,1,1,1,1,0,0,1,0,0,0,0,0,2,0,1,0,10,10,7,3,0,1,0,0,0,0,0,0,0,0,0,0,0,0,0,0,1,4,1,0,0,1,1,1,1,0,1,1,1,1,1,1,1,0,1,0,0,1,1,1,0,0,0,0,0,0,0,0,10,3,1,0,2,0,0,0,0,0,0,0,0,1,0,0,0,0,0,4,4,4,2,20301400,Reformed Church in Romania
Reformed Church in Romania,324357,3,3,0,0,0,0,0,1,0,0,2,0,5,4,0,6,0,1,0,1,1,0,0,0,1,0,0,1,0,0,2,0,3,0,6,7,2,4,0,1,0,0,0,0,0,0,0,0,0,0,0,0,0,0,2,3,3,0,0,1,1,1,1,0,1,1,1,1,1,1,1,0,1,0,0,1,6,4,0,0,0,0,0,0,0,0,5,3,3,0,0,0,0,0,0,0,0,0,0,1,0,0,0,0,2,2,3,2,2,20301400,Reformed Church in Romania
Reformed Church in Romania,324609,1,4,0,0,0,0,0,1,0,0,10,0,10,10,0,1,0,1,1,1,0,0,1,0,1,0,0,0,0,0,2,0,1,0,8,10,1,10,0,0,0,0,0,0,0,0,0,0,0,0,0,0,0,0,3,3,1,0,0,1,1,2,1,0,1,1,1,1,1,1,1,0,1,0,0,1,2,1,0,0,0,0,0,0,0,0,1,3,0,0,0,0,0,0,0,0,0,0,0,0,0,0,0,0,3,2,2,3,2,20301400,Reformed Church in Romania
Reformed Church in Romania,324277,2,1,0,0,0,0,0,1,0,0,10,0,7,8,0,6,0,1,1,1,0,1,0,0,1,0,0,0,0,0,2,0,1,0,1,4,7,3,0,1,0,0,0,0,0,0,0,0,0,0,0,0,0,0,4,4,2,0,0,1,1,1,1,0,1,1,1,3,1,2,3,0,1,0,0,6,4,1,0,0,0,0,0,0,0,0,5,3,0,0,0,0,0,0,0,0,0,0,0,1,0,0,0,0,3,3,2,3,2,20301400,Reformed Church in Romania
Reformed Church in Romania,323760,2,1,0,0,0,0,0,1,0,0,7,0,6,8,0,4,0,1,1,0,0,1,1,0,1,0,0,0,0,0,2,0,3,0,7,9,1,2,0,0,0,0,0,0,0,0,0,0,0,0,0,0,0,0,3,4,4,0,0,2,1,2,1,0,2,1,1,1,1,4,5,0,1,0,0,5,2,3,0,0,0,0,0,0,0,0,3,3,2,0,0,0,0,0,0,0,0,0,0,0,0,0,0,0,1,2,2,3,2,20301400,Reformed Church in Romania
Reformed Church in Romania,324972,2,1,0,0,0,0,0,1,0,0,8,0,8,9,0,1,0,1,1,1,0,1,0,0,1,0,0,0,0,0,2,0,2,0,8,4,10,3,0,1,0,0,0,0,0,0,0,0,0,0,0,0,0,0,4,4,1,0,0,1,1,1,1,0,1,1,1,3,1,5,5,0,1,0,0,5,7,4,0,0,0,0,0,0,0,0,8,3,3,0,0,0,0,0,0,0,0,0,0,1,0,0,0,0,3,1,1,0,2,20301400,Reformed Church in Romania
Reformed Church in Romania,324604,1,3,0,0,0,0,0,1,0,0,9,0,1,1,0,6,0,1,1,0,0,0,1,0,1,0,1,0,0,0,2,0,6,0,5,6,3,6,0,0,0,0,0,0,0,0,0,0,0,0,0,0,0,0,3,4,3,0,0,2,2,2,2,0,2,2,2,2,1,3,3,0,1,0,0,3,4,2,0,0,0,0,0,0,0,0,5,3,2,0,0,0,0,0,0,0,0,0,0,0,0,0,0,0,2,2,2,2,2,20301400,Reformed Church in Romania
Reformed Church in Romania,324730,1,1,0,0,0,0,0,1,0,0,10,0,10,10,0,10,0,0,1,1,1,1,1,0,0,0,0,0,0,0,2,0,10,0,10,10,1,10,0,1,0,0,0,0,0,0,0,0,0,0,0,0,0,0,1,1,2,0,0,10,1,1,1,0,1,1,1,1,1,1,1,0,1,0,0,1,1,1,0,0,0,0,0,0,0,0,10,3,2,0,2,0,0,0,0,0,0,0,0,1,0,0,0,1,2,2,3,3,2,20301400,Reformed Church in Romania
Reformed Church in Romania,324685,2,2,0,0,0,0,0,1,0,0,10,0,0,0,0,0,0,0,1,1,0,1,0,0,1,0,0,1,0,0,2,0,1,0,0,10,5,0,0,0,0,0,0,0,0,0,0,0,0,0,0,0,0,0,0,4,3,0,0,1,1,2,1,0,1,1,1,0,0,0,0,0,1,0,0,10,7,2,0,0,0,0,0,0,0,0,0,3,0,0,0,0,0,0,0,0,0,0,0,0,0,0,0,0,3,3,0,0,2,20301400,Reformed Church in Romania
Reformed Church in Romania,324026,2,4,0,0,0,0,0,1,0,0,8,0,7,3,0,5,0,0,1,1,1,1,0,1,0,0,0,0,0,0,2,0,5,0,8,6,9,2,0,0,0,0,0,0,0,0,0,0,0,0,0,0,0,0,3,4,0,0,0,1,1,1,1,0,1,4,1,1,1,1,1,0,1,0,0,1,7,7,0,0,0,0,0,0,0,0,5,3,0,0,1,0,0,0,0,0,0,0,0,0,0,0,0,0,3,3,1,4,2,20301400,Reformed Church in Romania
Reformed Church in Romania,324916,1,1,0,0,0,0,0,1,0,0,10,0,2,2,0,2,0,0,1,1,0,1,1,0,1,0,0,0,0,0,2,0,4,0,7,6,2,8,0,1,0,0,0,0,0,0,0,0,0,0,0,0,0,0,2,4,3,0,0,2,1,5,2,0,1,2,2,2,2,5,5,0,1,0,0,5,4,3,0,0,0,0,0,0,0,0,9,3,2,0,0,0,0,0,0,0,0,0,0,1,0,0,0,0,3,2,2,2,2,20301400,Reformed Church in Romania
Reformed Church in Romania,324599,1,1,0,0,0,0,0,1,0,0,10,0,0,0,0,0,0,0,1,1,1,1,0,0,1,0,0,0,0,0,2,0,1,0,1,10,1,10,0,1,0,0,0,0,0,0,0,0,0,0,0,0,0,0,3,3,3,0,0,1,1,1,1,0,1,1,1,1,1,1,1,0,1,0,0,1,7,1,0,0,0,0,0,0,0,0,0,3,3,0,0,0,0,0,0,0,0,0,0,1,0,0,0,0,3,2,2,2,2,20301400,Reformed Church in Romania
Reformed Church in Romania,324151,1,1,0,0,0,0,0,1,0,0,10,0,8,8,0,8,0,1,1,1,1,1,0,0,0,0,0,0,0,0,2,0,5,0,6,10,8,5,0,0,0,0,0,0,0,0,0,0,0,0,0,0,0,0,2,2,2,0,0,1,1,1,1,0,1,1,1,1,1,1,1,0,1,0,0,1,8,2,0,0,0,0,0,0,0,0,8,3,2,0,0,0,0,0,0,0,0,0,0,0,0,0,0,0,3,2,2,3,2,20301400,Reformed Church in Romania
Reformed Church in Romania,324529,2,2,0,0,0,0,0,1,0,0,7,0,9,9,0,2,0,0,1,1,0,1,1,0,1,0,0,0,0,0,2,0,5,0,6,10,4,4,0,0,0,0,0,0,0,0,0,0,0,0,0,0,0,0,2,2,3,0,0,1,2,2,2,0,2,2,2,2,2,4,4,0,1,0,0,4,7,2,0,0,0,0,0,0,0,0,6,3,4,0,0,0,0,0,0,0,0,0,0,0,0,0,0,0,3,2,2,3,2,20301400,Reformed Church in Romania
Reformed Church in Romania,323852,1,2,0,0,0,0,0,1,0,0,9,0,8,6,0,8,0,1,1,0,1,0,0,0,1,0,0,0,0,0,2,0,1,0,8,10,1,10,0,1,0,0,0,0,0,0,0,0,0,0,0,0,0,0,3,2,2,0,0,1,1,1,1,0,3,3,2,1,1,1,3,0,1,0,0,3,2,2,0,0,0,0,0,0,0,0,8,3,3,0,2,0,0,0,0,0,0,0,0,1,0,0,0,0,4,3,1,2,2,20301400,Reformed Church in Romania
Reformed Church in Romania,324712,0,4,0,0,0,0,0,1,0,0,5,0,7,8,0,7,0,1,1,0,0,0,0,1,1,0,1,0,0,0,2,0,2,0,4,2,8,2,0,0,0,0,0,0,0,0,0,0,0,0,0,0,0,0,0,0,0,0,0,1,1,1,1,0,1,8,2,1,1,1,1,0,1,0,0,1,8,8,0,0,0,0,0,0,0,0,8,3,0,0,0,0,0,0,0,0,0,0,0,0,0,0,0,0,2,0,2,3,2,20301400,Reformed Church in Romania
Reformed Church in Romania,323671,1,1,0,0,0,0,0,1,0,0,10,0,9,0,0,0,0,1,1,0,1,1,1,0,0,0,0,0,0,0,2,0,9,0,1,2,1,5,0,0,0,0,0,0,0,0,0,0,0,0,0,0,0,0,0,4,0,0,0,1,1,1,1,0,1,1,1,1,1,1,1,0,1,0,0,1,6,1,0,0,0,0,0,0,0,0,10,3,0,0,1,0,0,0,0,0,0,0,0,0,0,0,0,0,0,1,1,3,2,20301400,Reformed Church in Romania
Reformed Church in Romania,323989,1,2,0,0,0,0,0,1,0,0,10,0,9,10,0,10,0,0,1,1,0,1,0,1,1,0,0,0,0,0,2,0,1,0,7,10,1,7,0,1,0,0,0,0,0,0,0,0,0,0,0,0,0,0,1,3,3,0,0,1,1,1,1,0,1,1,1,1,1,1,1,0,1,0,0,1,7,1,0,0,0,0,0,0,0,0,8,3,3,0,1,0,0,0,0,0,0,0,0,1,0,0,0,0,3,2,2,4,2,20301400,Reformed Church in Romania
Reformed Church in Romania,323772,2,2,0,0,0,0,0,1,0,0,8,0,7,6,0,5,0,1,1,1,1,1,0,0,0,0,0,0,0,0,2,0,4,0,8,8,3,2,0,0,0,0,0,0,0,0,0,0,0,0,0,0,0,0,3,3,3,0,0,1,1,1,1,0,1,1,1,1,1,1,1,0,1,0,0,1,6,2,0,0,0,0,0,0,0,0,6,3,2,0,0,0,0,0,0,0,0,0,0,0,0,0,0,0,2,2,3,3,2,20301400,Reformed Church in Romania
Reformed Church in Romania,324877,1,2,0,0,0,0,0,1,0,0,10,0,10,10,0,1,0,1,1,1,0,1,0,1,0,0,0,0,0,0,2,0,8,0,7,10,5,7,0,1,0,0,0,0,0,0,0,0,0,0,0,0,0,0,0,3,0,0,0,1,1,1,1,0,1,1,1,1,1,1,10,0,1,0,0,8,3,1,0,0,0,0,0,0,0,0,5,3,0,0,2,0,0,0,0,0,0,0,0,1,0,0,0,0,4,3,1,2,2,20301400,Reformed Church in Romania
Reformed Church in Romania,323751,1,1,0,0,0,0,0,1,0,0,10,0,10,10,0,10,0,0,1,1,0,1,1,0,1,0,0,0,0,0,2,0,10,0,5,10,1,10,0,1,0,0,0,0,0,0,0,0,0,0,0,0,0,0,3,2,2,0,0,1,1,1,1,0,1,1,1,1,1,1,1,0,1,0,0,1,2,1,0,0,0,0,0,0,0,0,10,3,3,0,2,0,0,0,0,0,0,0,0,1,0,0,0,0,3,2,2,2,2,20301400,Reformed Church in Romania
Reformed Church in Romania,324372,1,2,0,0,0,0,0,1,0,0,8,0,4,5,0,5,0,1,1,0,0,1,0,1,1,0,0,0,0,0,2,0,5,0,9,7,2,3,0,1,0,0,0,0,0,0,0,0,0,0,0,0,0,0,2,3,4,0,0,2,1,1,1,0,3,3,4,3,1,4,3,0,2,0,0,4,4,4,0,0,0,0,0,0,0,0,6,3,2,0,0,0,0,0,0,0,0,0,0,1,0,0,0,0,3,3,3,2,2,20301400,Reformed Church in Romania
Reformed Church in Romania,325022,1,2,0,0,0,0,0,1,0,0,5,0,4,2,0,4,0,1,1,0,0,0,0,0,1,0,1,1,0,0,1,0,5,0,8,5,4,8,0,1,0,0,0,0,0,0,0,0,0,0,0,0,0,0,3,3,2,0,0,6,1,2,1,0,1,1,1,6,5,5,6,0,5,0,0,9,4,4,0,0,0,0,0,0,0,0,4,3,2,0,0,0,0,0,0,0,0,0,0,1,0,0,0,0,4,2,2,1,2,20301400,Reformed Church in Romania
Reformed Church in Romania,325058,1,1,0,0,0,0,0,1,0,0,9,0,2,4,0,4,0,0,0,0,1,1,0,1,0,1,0,1,0,0,1,0,9,0,9,4,2,9,0,1,0,0,0,0,0,0,0,0,0,0,0,0,0,0,2,2,4,0,0,1,1,1,1,0,1,1,1,1,1,1,1,0,1,0,0,1,3,5,0,0,0,0,0,0,0,0,4,3,2,0,0,0,0,0,0,0,0,0,0,1,0,0,0,0,2,2,2,3,2,20301400,Reformed Church in Romania
Reformed Church in Romania,323934,2,4,0,0,0,0,0,1,0,0,9,0,7,2,0,0,0,0,1,1,0,0,1,1,1,0,0,0,0,0,2,0,7,0,7,8,8,4,0,0,0,0,0,0,0,0,0,0,0,0,0,0,0,0,2,0,0,0,0,1,1,1,1,0,1,7,1,1,1,0,0,0,1,0,0,8,2,3,0,0,0,0,0,0,0,0,0,3,0,0,0,0,0,0,0,0,0,0,0,0,0,0,0,0,3,3,1,3,2,20301400,Reformed Church in Romania
Reformed Church in Romania,324264,2,1,0,0,0,0,0,1,0,0,8,0,8,8,0,4,0,1,1,1,1,1,0,0,0,0,0,0,0,0,2,0,7,0,8,9,3,7,0,0,0,0,0,0,0,0,0,0,0,0,0,0,0,0,3,3,3,0,0,1,1,1,1,0,1,1,1,1,1,1,1,0,1,0,0,1,2,2,0,0,0,0,0,0,0,0,5,3,3,0,0,0,0,0,0,0,0,0,0,0,0,0,0,0,3,2,2,3,2,20301400,Reformed Church in Romania
Reformed Church in Romania,324605,2,3,0,0,0,0,0,0,0,0,1,0,10,10,0,1,0,1,1,0,0,1,1,0,0,0,1,0,0,0,2,0,10,0,10,10,1,5,0,0,0,0,0,0,0,0,0,0,0,0,0,0,0,0,3,3,2,0,0,1,1,1,1,0,1,1,1,1,1,1,1,0,1,0,0,1,3,3,0,0,0,0,0,0,0,0,1,3,2,0,0,0,0,0,0,0,0,0,0,0,0,0,0,0,2,2,2,3,2,20301400,Reformed Church in Romania
Reformed Church in Romania,324196,2,3,0,0,0,0,0,1,0,0,10,0,8,9,0,6,0,0,0,1,0,1,1,1,0,1,0,0,0,0,2,0,1,0,8,10,2,9,0,1,0,0,0,0,0,0,0,0,0,0,0,0,0,0,3,3,4,0,0,1,1,5,1,0,1,1,1,1,1,5,5,0,1,0,0,5,8,2,0,0,0,0,0,0,0,0,8,0,3,0,0,0,0,0,0,0,0,0,0,1,0,0,0,0,3,2,2,0,2,20301400,Reformed Church in Romania
Reformed Church in Romania,324700,2,1,0,0,0,0,0,1,0,0,5,0,5,8,0,8,0,0,1,1,1,1,0,0,0,0,0,1,0,0,2,0,7,0,9,7,4,4,0,0,0,0,0,0,0,0,0,0,0,0,0,0,0,0,2,3,3,0,0,1,1,1,1,0,1,1,1,1,1,1,3,0,1,0,0,5,2,2,0,0,0,0,0,0,0,0,8,3,3,0,0,0,0,0,0,0,0,0,0,0,0,0,0,0,3,3,2,3,2,20301400,Reformed Church in Romania
Reformed Church in Romania,324116,2,2,0,0,0,0,0,1,0,0,9,0,4,6,0,0,0,1,1,0,0,0,0,0,1,0,0,1,0,0,1,0,2,0,8,3,2,9,0,1,0,0,0,0,0,0,0,0,0,0,0,0,0,0,0,0,3,0,0,1,2,1,1,0,1,1,2,1,5,1,5,0,1,0,0,5,4,4,0,0,0,0,0,0,0,0,7,3,1,0,0,0,0,0,0,0,0,0,0,1,0,0,0,0,4,3,3,2,2,20301400,Reformed Church in Romania
Roman Catholic; Latin Church;,126037,3,2,0,0,0,0,0,0,0,0,9,0,10,10,10,0,0,1,0,1,0,1,0,0,1,1,0,0,0,0,2,0,3,0,10,10,1,1,0,0,0,0,10,0,0,0,0,0,0,1,0,0,0,0,4,4,0,0,0,1,0,0,0,0,1,1,1,0,0,0,0,0,1,0,0,0,0,0,0,0,0,0,0,0,0,0,10,0,0,0,0,0,5,1,5,1,0,0,0,0,0,0,0,0,0,0,0,0,1,10100000,Roman Catholic; Latin Church;
Roman Catholic; Latin Church;,313983,1,2,0,0,0,0,0,0,0,0,10,0,10,10,4,0,0,0,0,1,0,1,0,0,1,1,1,0,0,0,0,0,7,0,9,8,2,9,0,0,0,0,8,0,0,0,0,0,0,1,0,0,0,0,3,3,0,0,0,1,0,0,0,0,3,1,1,8,5,3,7,2,2,0,0,0,2,0,0,0,0,0,1,0,0,0,5,0,0,0,1,0,4,2,4,2,0,0,0,0,0,0,0,0,0,0,0,2,1,10100000,Roman Catholic; Latin Church;
Roman Catholic; Latin Church;,111838,1,0,0,0,0,0,0,1,0,0,9,0,5,8,0,5,1,0,1,1,0,0,1,1,0,0,0,0,0,0,2,0,0,0,9,8,1,0,1,1,1,0,0,0,0,0,0,0,0,0,0,0,0,0,1,1,3,4,1,5,1,1,1,1,5,1,1,1,1,1,1,0,1,0,0,1,4,6,0,0,0,0,0,0,0,0,5,0,1,1,2,0,0,0,0,0,0,0,1,1,1,0,0,0,1,0,0,3,1,10100000,Roman Catholic; Latin Church;
Roman Catholic; Latin Church;,260495,2,0,0,0,0,0,0,1,0,0,8,0,6,5,0,5,1,1,0,1,0,0,1,1,0,0,0,0,0,0,1,0,0,0,9,10,7,0,1,1,1,0,0,0,0,0,0,0,0,0,0,0,0,0,3,3,3,2,5,5,5,6,5,5,6,5,6,6,5,5,5,5,6,0,0,6,2,3,0,0,0,0,0,0,0,0,5,0,3,1,2,0,0,0,0,0,0,0,1,1,1,0,0,0,2,0,0,2,1,10100000,Roman Catholic; Latin Church;
Roman Catholic; Latin Church;,152057,2,0,0,0,0,0,0,1,0,0,10,0,9,8,0,6,1,1,1,1,1,1,0,1,0,1,1,0,0,0,2,0,0,0,6,7,1,0,1,1,1,0,0,0,0,0,0,0,0,0,0,0,0,0,2,4,1,4,3,1,3,1,2,2,10,10,7,2,2,2,2,6,3,0,0,3,2,7,0,0,0,0,0,0,0,0,9,0,4,1,1,0,0,0,0,0,0,0,1,1,1,0,0,1,4,0,0,4,1,10100000,Roman Catholic; Latin Church;
Roman Catholic; Latin Church;,58126,4,0,0,0,0,0,0,0,0,0,3,0,4,8,0,5,0,1,0,1,1,1,0,1,0,0,0,0,0,0,1,0,0,0,6,6,4,0,1,0,1,0,0,0,0,0,0,0,0,0,0,0,0,0,3,4,1,1,1,1,1,4,3,1,3,6,5,10,6,8,6,5,5,0,0,8,7,6,0,0,0,0,0,0,0,0,6,0,3,1,1,0,0,0,0,0,0,0,1,0,1,0,0,0,3,0,0,3,1,10100000,Roman Catholic; Latin Church;
Roman Catholic; Latin Church;,43144,1,0,0,0,0,0,0,1,0,0,10,0,1,4,0,10,1,0,1,0,0,1,1,0,0,0,1,0,0,0,2,0,0,0,6,8,1,0,0,1,1,0,0,0,0,0,0,0,0,0,0,0,0,0,3,3,2,2,1,1,1,1,1,1,1,1,1,1,1,1,1,1,1,0,0,1,3,2,0,0,0,0,0,0,0,0,10,0,3,1,1,0,0,0,0,0,0,0,0,1,1,0,0,0,3,0,0,3,1,10100000,Roman Catholic; Latin Church;
Roman Catholic; Latin Church;,52244,1,1,0,0,0,0,0,1,1,0,10,2,0,0,0,0,0,1,0,1,0,1,1,0,0,0,1,0,0,0,2,1,0,1,10,10,0,0,1,1,1,1,0,1,1,0,0,0,0,1,0,0,1,0,3,4,0,0,0,1,0,0,0,0,1,1,1,10,1,1,5,10,1,0,0,0,4,0,0,0,0,0,1,4,0,0,0,0,0,0,0,0,5,1,3,2,0,0,1,1,1,0,0,0,0,0,0,0,1,10100000,Roman Catholic; Latin Church;
Roman Catholic; Latin Church;,254965,1,2,0,0,0,0,0,1,1,0,10,2,0,0,0,0,0,1,0,1,0,1,0,0,0,0,1,0,0,0,2,1,0,2,10,10,0,0,0,0,1,1,0,1,1,0,0,0,0,1,0,0,1,0,4,4,0,0,0,5,0,0,0,0,10,1,1,10,1,1,10,1,1,0,0,0,2,0,0,0,0,0,1,4,0,0,0,0,0,0,0,0,5,1,5,1,0,0,0,0,1,0,0,0,0,0,0,0,1,10100000,Roman Catholic; Latin Church;
Roman Catholic; Latin Church;,88063,0,2,0,0,0,0,0,0,0,0,6,0,10,4,8,0,0,0,1,0,0,1,0,0,0,0,1,0,0,0,2,0,6,0,6,4,1,6,0,0,0,0,0,0,0,0,0,0,0,0,0,0,1,0,2,2,0,0,0,1,0,0,0,0,0,1,1,1,1,1,10,1,1,0,0,0,7,0,0,0,0,0,1,0,0,0,8,3,0,0,0,0,0,0,0,0,0,0,0,0,0,0,0,0,0,0,0,3,1,10100000,Roman Catholic; Latin Church;
Roman Catholic; Latin Church;,399521,4,2,0,0,0,0,0,0,0,0,9,0,5,5,5,0,0,1,0,1,0,0,0,1,0,0,0,0,0,0,1,0,6,0,6,7,5,5,0,0,0,0,6,0,0,0,0,0,0,1,0,1,1,0,3,3,0,0,0,2,0,0,0,0,2,2,2,3,3,2,2,2,2,0,0,0,6,0,0,0,0,0,1,0,0,0,5,3,0,0,0,0,3,4,3,3,0,0,0,0,0,0,0,0,0,0,0,2,1,10100000,Roman Catholic; Latin Church;
Roman Catholic; Latin Church;,43000,1,0,0,0,0,0,0,1,0,0,10,0,9,6,0,8,1,0,0,1,0,1,0,0,1,0,1,0,0,0,2,0,0,0,9,6,9,0,0,0,0,0,0,0,0,0,0,0,0,0,0,0,0,0,4,3,3,5,0,0,1,8,1,1,8,2,1,6,5,1,1,0,1,0,0,1,3,2,0,0,0,0,0,0,0,0,8,0,2,1,2,0,0,0,0,0,0,0,0,0,0,0,0,0,2,0,0,1,1,10100000,Roman Catholic; Latin Church;
Roman Catholic; Latin Church;,67176,2,2,0,0,0,0,0,0,0,0,8,0,4,5,7,0,0,0,0,1,0,1,0,0,1,1,1,0,0,0,2,0,5,0,7,5,7,8,0,0,0,0,6,0,0,0,0,0,0,1,0,0,0,0,3,3,0,0,0,4,0,0,0,0,5,3,2,6,4,5,6,6,3,0,0,0,8,0,0,0,0,0,1,0,0,0,5,0,0,0,0,0,4,2,4,2,0,0,0,0,0,0,0,0,0,0,0,3,1,10100000,Roman Catholic; Latin Church;
Roman Catholic; Latin Church;,301948,1,1,0,0,0,0,0,1,1,0,8,2,0,0,0,0,0,1,1,1,0,0,0,0,1,1,0,0,0,0,2,2,0,2,6,7,0,0,1,1,1,1,0,1,1,0,0,0,0,1,1,1,2,0,4,3,0,0,0,1,0,0,0,0,1,1,1,1,4,3,5,0,1,0,0,0,3,0,0,0,0,0,0,2,0,0,0,0,0,0,0,0,0,0,0,0,0,0,1,1,1,0,0,0,0,0,0,0,1,10100000,Roman Catholic; Latin Church;
Roman Catholic; Latin Church;,2765,3,1,0,0,0,0,0,0,0,0,8,0,5,6,5,0,0,1,0,1,1,1,0,0,0,0,1,0,0,0,2,0,4,0,7,9,9,8,0,0,0,0,9,0,0,0,0,0,0,0,0,1,1,0,3,4,0,0,0,1,0,0,0,0,5,5,1,7,5,7,7,10,1,0,0,0,4,0,0,0,0,0,1,0,0,0,7,3,0,0,0,0,4,2,4,2,0,0,0,0,0,0,0,0,0,0,0,2,1,10100000,Roman Catholic; Latin Church;
Roman Catholic; Latin Church;,124019,3,2,0,0,0,0,0,1,1,0,5,2,0,0,0,0,0,1,0,1,0,0,1,1,0,0,1,0,0,0,1,1,0,2,10,8,0,0,1,1,1,1,0,1,1,0,0,0,0,1,0,1,1,0,3,3,0,0,0,3,0,0,0,0,2,3,2,5,3,7,8,5,5,0,0,0,3,0,0,0,0,0,1,4,0,0,0,0,0,0,0,0,4,2,4,2,0,0,1,1,1,0,0,0,0,0,0,0,1,10100000,Roman Catholic; Latin Church;
Roman Catholic; Latin Church;,66981,2,3,0,0,0,0,0,1,1,0,10,2,0,0,0,0,0,0,0,1,1,1,1,1,0,1,1,0,0,0,2,1,0,1,10,10,0,0,1,0,1,1,0,1,1,0,0,0,0,1,0,0,1,0,1,3,0,0,0,5,0,0,0,0,1,1,1,1,1,1,10,10,1,0,0,0,6,0,0,0,0,0,0,6,0,0,0,0,0,0,0,0,5,1,5,1,0,0,1,0,1,0,0,0,0,0,0,0,1,10100000,Roman Catholic; Latin Church;
Roman Catholic; Latin Church;,9210,3,2,0,0,0,0,0,0,0,0,7,0,0,0,0,0,0,1,0,1,0,1,0,0,0,0,0,0,0,0,2,0,3,0,8,10,10,4,0,0,0,0,10,0,0,0,0,0,0,1,0,0,1,0,0,3,0,0,0,1,0,0,0,0,1,1,1,0,1,1,1,1,1,0,0,0,6,0,0,0,0,0,1,0,0,0,0,0,0,0,0,0,3,1,3,3,0,0,0,0,0,0,0,0,0,0,0,3,1,10100000,Roman Catholic; Latin Church;
Roman Catholic; Latin Church;,66531,1,2,0,0,0,0,0,1,1,0,9,2,0,0,0,0,0,1,0,1,0,1,1,1,0,0,0,0,0,0,2,1,0,2,6,4,0,0,1,1,1,1,0,1,1,0,0,0,0,1,1,0,1,0,2,4,0,0,0,1,0,0,0,0,1,1,1,1,1,1,1,1,1,0,0,0,7,0,0,0,0,0,1,1,0,0,0,0,0,0,0,0,0,2,2,2,0,0,1,1,1,0,0,0,0,0,0,0,1,10100000,Roman Catholic; Latin Church;
Roman Catholic; Latin Church;,5075,2,4,1,1,1,1,2,1,1,1,10,0,0,0,0,0,1,0,0,1,0,1,1,0,1,0,0,0,0,0,2,0,0,1,4,8,4,9,1,1,1,1,0,1,1,0,0,0,0,1,0,0,0,2,0,0,2,0,0,1,0,0,0,0,1,1,1,1,1,1,1,1,1,0,1,0,1,0,1,1,1,1,1,0,1,0,0,0,0,0,0,0,0,0,0,0,0,4,1,1,1,0,1,0,0,0,0,0,1,10100000,Roman Catholic; Latin Church;
Roman Catholic; Latin Church;,124363,3,2,0,0,0,0,0,1,1,0,6,2,0,0,0,0,0,1,1,1,1,1,0,0,0,0,0,0,0,0,2,1,0,0,9,8,0,0,1,0,1,1,0,1,1,0,0,0,0,1,0,1,1,0,3,4,0,0,0,1,0,0,0,0,1,1,1,10,1,0,10,10,1,0,0,0,7,0,0,0,0,0,1,2,0,0,0,0,0,0,0,0,4,3,3,3,0,0,1,0,1,0,0,0,0,0,0,0,1,10100000,Roman Catholic; Latin Church;
Roman Catholic; Latin Church;,47632,1,2,0,0,0,0,0,0,0,0,10,0,7,8,9,0,0,0,0,1,0,0,0,0,0,0,1,0,0,0,2,0,8,0,9,8,3,7,0,0,0,0,7,0,0,0,0,0,0,0,0,0,2,0,3,3,0,0,0,3,0,0,0,0,3,3,1,8,8,1,10,1,1,0,0,0,3,0,0,0,0,0,1,0,0,0,6,0,0,0,1,0,3,3,4,3,0,0,0,0,0,0,0,0,0,0,0,3,1,10100000,Roman Catholic; Latin Church;
Roman Catholic; Latin Church;,273590,1,1,1,1,1,1,2,1,1,1,10,0,0,0,0,0,1,0,1,1,0,0,0,0,1,0,1,0,0,0,2,0,0,2,6,10,4,6,1,1,1,1,0,1,1,1,0,0,0,1,1,0,0,2,0,0,2,0,0,1,0,0,0,0,1,1,1,1,1,1,2,1,1,0,1,0,1,0,1,1,1,1,1,0,1,0,0,0,0,0,0,0,0,0,0,0,0,1,1,1,1,0,1,0,0,0,0,0,1,10100000,Roman Catholic; Latin Church;
Roman Catholic; Latin Church;,226963,3,2,0,0,0,0,0,0,0,0,4,0,10,10,1,0,0,1,1,1,1,1,0,0,0,0,0,0,0,0,2,0,7,0,6,7,6,4,0,0,0,0,8,0,0,0,0,0,0,1,0,0,2,0,4,4,0,0,0,1,0,0,0,0,1,1,1,5,5,5,5,5,1,0,0,0,4,0,0,0,0,0,0,0,0,0,6,2,0,0,1,0,3,3,3,3,0,0,0,0,0,0,0,0,0,0,0,3,1,10100000,Roman Catholic; Latin Church;
Roman Catholic; Latin Church;,160254,0,2,0,0,0,0,0,0,0,0,0,0,0,0,0,0,1,1,0,0,0,1,0,0,0,0,0,0,0,0,2,0,0,2,8,5,0,0,0,0,0,0,0,1,1,0,0,0,0,0,0,0,0,2,0,0,0,0,0,1,0,0,0,0,1,0,5,1,1,5,5,1,1,0,0,0,0,0,0,0,0,0,0,0,0,0,0,0,0,0,0,0,0,0,0,0,0,0,0,0,0,0,0,0,0,0,0,0,1,10100000,Roman Catholic; Latin Church;
Roman Catholic; Latin Church;,300890,1,1,0,0,0,0,0,1,1,0,10,2,0,0,0,0,1,0,1,1,0,0,0,1,1,0,0,0,2,4,2,0,0,2,7,5,4,8,0,0,1,1,0,1,1,0,0,0,0,1,0,0,1,1,3,3,0,0,0,2,0,0,0,0,2,2,2,1,3,3,3,3,3,0,0,0,7,0,1,0,0,0,0,0,0,0,0,0,0,0,1,0,0,0,0,0,2,0,0,0,1,0,0,0,0,0,0,0,1,10100000,Roman Catholic; Latin Church;
Roman Catholic; Latin Church;,111237,2,0,0,0,0,0,0,1,0,0,10,0,1,3,0,6,1,1,0,1,0,0,0,0,1,0,1,0,0,0,2,0,0,0,5,10,10,0,1,1,1,0,0,0,0,0,0,0,0,0,0,0,0,0,2,3,4,4,8,1,1,9,4,5,10,1,3,1,4,1,1,4,1,0,0,2,7,3,0,0,0,0,0,0,0,0,4,0,1,1,1,0,0,0,0,0,0,0,1,1,1,0,0,1,1,0,0,4,1,10100000,Roman Catholic; Latin Church;
Roman Catholic; Latin Church;,415758,1,0,0,0,0,0,0,1,0,0,10,0,0,0,0,0,1,0,1,0,0,1,1,0,0,0,1,0,0,0,2,0,0,0,9,10,3,0,1,1,1,0,0,0,0,0,0,0,0,0,0,0,0,0,4,4,2,3,1,1,1,1,1,1,1,1,1,10,1,1,8,1,1,0,0,1,4,1,0,0,0,0,0,0,0,0,0,0,3,1,1,0,0,0,0,0,0,0,1,1,1,0,0,0,2,0,0,3,1,10100000,Roman Catholic; Latin Church;
Roman Catholic; Latin Church;,199325,2,2,0,0,0,0,0,0,0,0,7,0,6,7,7,0,0,1,1,1,0,1,0,1,0,0,0,0,0,0,0,0,7,0,7,7,7,7,0,0,0,0,8,0,0,0,0,0,0,1,0,0,1,0,3,4,0,0,0,2,0,0,0,0,1,1,2,0,1,2,2,4,1,0,0,0,2,0,0,0,0,0,0,0,0,0,5,0,0,0,0,0,3,2,3,2,0,0,0,0,0,0,0,0,0,0,0,2,1,10100000,Roman Catholic; Latin Church;
Roman Catholic; Latin Church;,123847,4,3,0,0,0,0,0,1,1,0,6,2,0,0,0,0,0,1,1,1,0,1,1,0,0,0,0,0,0,0,2,2,0,1,6,0,0,0,0,1,1,0,0,2,1,0,0,0,0,1,1,0,1,0,3,3,0,0,0,1,0,0,0,0,1,1,1,4,1,2,2,1,1,0,0,0,8,0,0,0,0,0,0,5,0,0,0,0,0,0,0,0,3,3,4,4,0,0,0,1,1,0,0,0,0,0,0,0,1,10100000,Roman Catholic; Latin Church;
Roman Catholic; Latin Church;,161872,3,2,0,0,0,0,0,1,1,0,7,2,0,0,0,0,1,0,0,1,0,0,1,1,0,0,1,0,1,2,2,0,0,3,5,4,1,1,0,0,1,1,0,1,1,0,0,0,0,1,1,0,1,3,1,2,0,0,0,7,0,0,0,0,7,1,4,3,9,10,10,10,5,0,0,0,7,0,1,0,0,0,0,0,0,0,0,0,0,0,0,0,0,0,0,0,2,0,0,0,1,0,0,0,0,0,0,0,1,10100000,Roman Catholic; Latin Church;
Roman Catholic; Latin Church;,82284,2,0,0,0,0,0,0,0,0,0,0,0,0,0,0,0,1,0,1,0,1,0,0,1,0,0,0,0,0,0,2,0,0,0,5,0,0,0,0,0,0,0,0,0,0,0,0,0,0,0,0,0,0,0,0,0,0,0,0,2,0,0,0,0,0,1,1,5,0,1,0,0,0,0,0,0,3,0,1,0,0,0,0,0,0,0,0,0,0,0,1,0,0,0,0,0,0,0,0,0,0,0,0,0,0,0,0,0,1,10100000,Roman Catholic; Latin Church;
Roman Catholic; Latin Church;,305519,1,0,0,0,0,0,0,1,0,0,9,0,8,7,0,7,1,0,1,1,0,1,0,0,1,0,0,0,0,0,2,0,0,0,7,6,4,0,1,1,1,0,0,0,0,0,0,0,0,0,0,0,0,0,2,1,3,4,3,7,3,3,2,3,3,3,1,3,3,3,10,2,3,0,0,10,4,2,0,0,0,0,0,0,0,0,7,0,2,0,0,0,0,0,0,0,0,0,1,1,1,0,0,0,2,0,0,3,1,10100000,Roman Catholic; Latin Church;
Roman Catholic; Latin Church;,250247,0,0,0,0,0,0,0,1,1,0,10,0,0,0,0,0,1,0,0,1,0,1,0,0,0,0,0,0,0,0,2,0,0,1,10,1,0,0,1,1,1,1,0,2,1,0,0,0,0,1,0,0,0,2,0,0,0,0,0,10,0,0,0,0,1,1,1,1,1,1,1,10,1,0,0,0,2,0,0,0,0,0,0,0,0,0,0,0,0,0,2,0,0,0,0,0,0,0,1,1,1,0,0,0,0,0,0,0,1,10100000,Roman Catholic; Latin Church;
Roman Catholic; Latin Church;,121454,2,1,3,1,3,0,0,1,1,3,7,0,0,0,0,0,1,0,0,1,0,1,0,0,1,1,0,0,0,0,1,0,0,1,8,8,6,6,1,1,1,0,0,1,1,0,0,0,0,0,0,0,1,0,0,0,2,0,0,2,0,0,0,0,2,2,2,2,2,2,2,2,2,0,2,0,3,0,1,1,1,1,1,0,2,0,0,0,0,0,0,0,0,0,0,0,0,1,1,1,1,1,1,0,0,0,0,0,1,10100000,Roman Catholic; Latin Church;
Roman Catholic; Latin Church;,255049,1,2,0,0,0,0,0,1,1,0,10,1,0,0,0,0,0,1,0,1,0,1,0,0,1,1,1,0,0,0,2,1,0,1,10,10,0,0,1,1,1,1,0,1,1,0,0,0,0,1,0,0,1,0,4,4,0,0,0,2,0,0,0,0,2,3,1,6,5,10,10,10,1,0,0,0,2,0,0,0,0,0,1,1,0,0,0,0,0,1,0,0,4,4,4,4,0,0,1,1,1,0,0,0,0,0,0,0,1,10100000,Roman Catholic; Latin Church;
Roman Catholic; Latin Church;,67912,1,2,0,0,0,0,0,0,0,0,10,0,10,10,8,0,0,1,0,1,0,1,0,1,1,0,0,0,0,0,2,0,1,0,6,7,3,6,0,0,0,0,10,0,0,0,0,0,0,1,0,0,1,0,4,4,0,0,0,7,0,0,0,0,6,1,1,1,1,1,1,1,1,0,0,0,8,0,0,0,0,0,0,0,0,0,10,0,0,0,0,0,0,0,0,0,0,0,0,0,0,0,0,0,0,0,0,3,1,10100000,Roman Catholic; Latin Church;
Roman Catholic; Latin Church;,303616,1,2,0,0,0,0,0,0,0,0,10,0,2,6,6,0,0,0,1,1,0,1,0,0,0,1,1,0,0,0,2,0,4,0,6,9,8,9,0,0,0,0,2,0,0,0,0,0,0,1,0,0,0,0,3,4,0,0,0,0,0,0,0,0,0,0,0,0,0,0,0,0,0,0,0,0,2,0,0,0,0,0,1,0,0,0,4,0,0,0,2,0,4,4,2,2,0,0,0,0,0,0,0,1,0,0,0,3,1,10100000,Roman Catholic; Latin Church;
Roman Catholic; Latin Church;,306516,1,0,0,0,0,0,0,1,0,0,10,0,1,10,0,1,1,0,1,1,0,1,0,0,0,0,0,0,0,0,2,0,0,0,1,5,10,0,1,0,1,0,0,0,0,0,0,0,0,0,0,0,0,0,3,2,3,4,10,5,0,5,10,1,10,1,1,1,1,5,5,5,1,0,0,5,2,2,0,0,0,0,0,0,0,0,1,0,2,0,0,0,0,0,0,0,0,0,1,0,1,0,0,1,2,0,0,3,1,10100000,Roman Catholic; Latin Church;
Roman Catholic; Latin Church;,357238,4,4,0,0,0,0,0,0,0,0,1,0,5,4,4,0,0,1,0,0,0,1,1,1,0,1,0,0,0,0,2,0,5,0,5,5,9,9,0,0,0,0,5,0,0,0,0,0,0,1,0,0,0,0,3,3,0,0,0,0,0,0,0,0,3,3,3,0,0,0,0,9,2,0,0,0,8,0,0,0,0,0,0,0,0,0,2,0,0,0,0,0,4,2,4,2,0,0,0,0,0,0,0,0,0,0,0,3,1,10100000,Roman Catholic; Latin Church;
Roman Catholic; Latin Church;,168777,1,0,0,0,0,0,0,1,0,0,7,0,8,8,0,3,1,0,0,0,0,0,1,1,0,1,1,0,0,0,2,0,0,0,3,3,8,0,1,1,1,0,0,0,0,0,0,0,0,0,0,0,0,0,2,3,3,5,0,2,1,1,0,0,4,3,0,1,1,2,2,1,2,0,0,2,4,3,0,0,0,0,0,0,0,0,3,0,0,1,1,0,0,0,0,0,0,0,1,1,1,0,0,0,2,0,0,3,1,10100000,Roman Catholic; Latin Church;
Roman Catholic; Latin Church;,257225,1,1,0,0,0,0,0,0,0,0,10,0,9,3,10,0,0,1,0,1,0,1,0,0,0,1,1,0,0,0,2,0,3,0,8,10,1,10,0,0,0,0,10,0,0,0,0,0,0,1,0,0,0,0,3,3,0,0,0,2,0,0,0,0,2,2,1,9,6,1,1,1,1,0,0,0,1,0,0,0,0,0,1,0,0,0,10,0,0,0,2,0,5,5,1,2,0,0,0,0,0,0,0,0,0,0,0,2,1,10100000,Roman Catholic; Latin Church;
Roman Catholic; Latin Church;,89546,0,3,0,0,0,0,0,0,0,0,10,0,10,10,9,0,0,0,0,1,0,1,0,0,1,1,1,0,0,0,2,0,5,0,10,8,8,7,0,0,0,0,0,0,0,0,0,0,0,0,0,0,1,0,2,4,0,0,0,3,0,0,0,0,0,1,1,1,1,4,8,5,6,0,0,0,2,0,0,0,0,0,1,0,0,0,10,3,0,0,1,0,0,0,0,0,0,0,0,0,0,0,0,0,0,0,0,0,1,10100000,Roman Catholic; Latin Church;
Roman Catholic; Latin Church;,162499,3,1,0,0,0,0,0,0,0,0,6,0,6,7,4,0,0,0,1,1,0,1,1,1,0,0,0,0,0,0,2,0,8,0,10,7,3,7,0,0,0,0,3,0,0,0,0,0,0,1,0,0,2,0,3,3,0,0,0,1,0,0,0,0,6,1,4,1,3,4,4,2,1,0,0,0,7,0,0,0,0,0,1,0,0,0,7,3,0,0,0,0,4,1,3,1,0,0,0,0,0,0,0,0,0,0,0,2,1,10100000,Roman Catholic; Latin Church;
Roman Catholic; Latin Church;,303713,1,2,0,0,0,0,0,0,0,0,10,0,9,9,9,0,0,0,1,0,0,1,0,0,1,1,1,0,0,0,2,0,6,0,6,6,7,5,0,0,0,0,8,0,0,0,0,0,0,1,0,0,1,0,3,3,0,0,0,0,0,0,0,0,0,0,0,0,0,0,0,0,0,0,0,0,2,0,0,0,0,0,1,0,0,0,9,3,0,0,2,0,4,4,4,4,0,0,0,0,0,0,0,0,0,0,0,3,1,10100000,Roman Catholic; Latin Church;
Roman Catholic; Latin Church;,5877,3,1,1,1,1,1,2,1,1,2,10,0,0,0,0,0,1,0,0,1,0,1,0,0,1,0,1,0,0,0,1,0,0,1,8,10,1,3,0,0,1,1,0,2,1,1,1,0,1,1,1,0,0,2,0,0,1,0,0,2,0,0,0,0,1,1,1,1,1,6,3,1,1,0,1,0,7,0,1,1,1,1,1,0,1,0,0,0,0,0,0,0,0,0,0,0,0,2,0,0,1,1,1,0,0,0,0,0,1,10100000,Roman Catholic; Latin Church;
Roman Catholic; Latin Church;,316087,3,3,0,0,0,0,0,1,1,0,6,2,0,0,0,0,1,0,1,1,0,1,0,0,0,1,0,0,2,1,2,0,0,2,10,10,10,10,1,1,1,0,0,2,1,0,0,0,0,1,0,0,1,1,2,4,0,0,0,7,0,0,0,0,6,1,1,1,1,1,1,10,7,0,0,0,8,0,1,0,0,0,0,0,0,0,0,0,0,0,0,0,0,0,0,0,1,0,1,1,1,0,0,0,0,0,0,0,1,10100000,Roman Catholic; Latin Church;
Roman Catholic; Latin Church;,45006,2,1,1,1,1,1,2,1,1,1,10,0,0,0,0,0,0,0,0,0,0,0,0,0,0,0,0,0,0,0,2,0,0,2,10,8,10,10,0,0,1,1,0,1,1,0,1,1,0,1,1,1,0,1,0,0,1,0,0,1,0,0,0,0,1,1,1,5,1,5,5,1,1,0,10,0,4,0,1,1,1,1,1,0,1,0,0,0,0,0,0,0,0,0,0,0,0,4,0,0,1,1,1,0,0,0,0,0,1,10100000,Roman Catholic; Latin Church;
Roman Catholic; Latin Church;,390047,1,2,0,0,0,0,0,1,1,0,10,0,0,0,0,0,0,0,1,1,0,1,0,0,0,0,1,0,0,0,2,1,0,1,6,5,0,0,1,1,1,1,0,1,1,0,0,0,0,1,1,0,0,0,2,3,0,0,0,1,0,0,0,0,1,1,1,1,2,5,5,1,1,0,0,0,2,0,0,0,0,0,1,1,0,0,0,0,0,0,0,0,2,2,2,2,0,0,1,1,1,0,0,0,0,0,0,0,1,10100000,Roman Catholic; Latin Church;
Roman Catholic; Latin Church;,82242,2,0,0,0,0,0,0,0,0,0,0,0,0,0,0,0,1,1,1,0,1,0,0,0,1,0,0,0,0,0,2,0,0,0,9,0,0,0,0,0,0,0,0,0,0,0,0,0,0,0,0,0,0,0,0,0,0,0,0,2,0,0,0,0,0,1,2,1,0,3,0,0,0,0,0,0,4,0,1,0,0,0,0,0,0,0,0,0,0,0,1,0,0,0,0,0,0,0,0,0,0,0,0,0,0,0,0,0,1,10100000,Roman Catholic; Latin Church;
Russian Orthodox Church,106439,2,0,0,0,0,0,0,1,0,0,2,0,10,10,0,5,1,0,1,0,0,1,1,0,0,1,0,0,0,0,2,0,0,0,5,9,5,0,0,0,0,0,0,0,0,0,0,0,0,0,0,0,0,0,4,4,3,2,1,1,1,1,1,1,1,5,5,5,1,1,5,1,1,0,0,10,8,8,0,0,0,0,0,0,0,0,1,0,4,1,2,0,0,0,0,0,0,0,0,0,0,0,0,0,4,0,0,3,3,30106000,Russian Orthodox Church
Russian Orthodox Church,397584,1,0,0,0,0,0,0,1,0,0,10,0,7,5,0,0,0,1,1,0,0,1,0,1,0,0,0,0,0,0,2,0,0,0,0,0,1,0,0,0,0,0,0,0,0,0,0,0,0,0,0,0,0,0,4,4,0,0,0,1,1,1,1,1,1,1,1,0,1,0,0,1,1,0,0,0,4,4,0,0,0,0,0,0,0,0,0,0,0,0,0,0,0,0,0,0,0,0,0,0,0,0,0,0,0,0,0,0,3,30106000,Russian Orthodox Church
Russian Orthodox Church,397092,0,0,0,0,0,0,0,1,0,0,5,0,7,8,0,10,1,0,1,1,0,0,1,0,0,0,1,0,0,0,2,0,0,0,1,0,10,0,0,0,0,0,0,0,0,0,0,0,0,0,0,0,0,0,0,3,2,5,4,1,1,1,1,1,1,1,1,1,1,1,1,0,1,0,0,6,7,1,0,0,0,0,0,0,0,0,8,0,4,0,0,0,0,0,0,0,0,0,0,0,0,0,0,0,2,0,0,4,3,30106000,Russian Orthodox Church
Russian Orthodox Church,397306,2,0,0,0,0,0,0,1,0,0,10,0,6,8,0,10,0,1,0,1,0,1,1,1,0,0,0,0,0,0,2,0,0,0,5,10,9,0,0,0,1,0,0,0,0,0,0,0,0,0,0,0,0,0,4,3,2,0,2,9,5,4,4,2,3,0,0,0,0,0,0,2,1,0,0,1,3,3,0,0,0,0,0,0,0,0,5,0,3,0,0,0,0,0,0,0,0,0,0,0,1,0,0,0,3,0,0,2,3,30106000,Russian Orthodox Church
Russian Orthodox Church,397394,2,0,0,0,0,0,0,1,0,0,6,0,10,8,0,7,1,1,1,1,0,0,1,0,0,0,0,0,0,0,2,0,0,0,6,7,9,0,1,1,1,0,0,0,0,0,0,0,0,0,0,0,0,0,2,3,2,3,1,1,1,4,1,1,1,1,1,1,1,1,3,7,1,0,0,3,3,3,0,0,0,0,0,0,0,0,6,0,3,1,1,0,0,0,0,0,0,0,1,1,1,0,0,1,3,0,0,4,3,30106000,Russian Orthodox Church
Russian Orthodox Church,397150,1,0,0,0,0,0,0,1,0,0,10,0,5,7,0,7,0,0,1,1,0,1,1,0,1,0,0,0,0,0,2,0,0,0,3,7,1,0,1,1,1,0,0,0,0,0,0,0,0,0,0,0,0,0,2,2,1,4,1,1,1,1,1,1,1,1,1,1,1,1,5,1,1,0,0,4,2,3,0,0,0,0,0,0,0,0,10,0,0,1,1,0,0,0,0,0,0,0,1,1,1,0,0,0,0,0,0,2,3,30106000,Russian Orthodox Church
Russian Orthodox Church,397622,2,0,0,0,0,0,0,1,0,0,10,0,7,7,0,10,1,1,0,1,0,0,0,1,0,0,0,0,0,0,2,0,0,0,4,7,2,0,1,1,1,0,0,0,0,0,0,0,0,0,0,0,0,0,0,4,3,3,3,8,1,1,1,1,6,5,2,6,4,4,4,5,2,0,0,9,4,2,0,0,0,0,0,0,0,0,10,0,3,1,1,0,0,0,0,0,0,0,1,1,1,0,0,0,3,0,0,2,3,30106000,Russian Orthodox Church
Russian Orthodox Church,396688,2,0,0,0,0,0,0,1,0,0,8,0,6,5,0,8,1,0,1,0,0,1,0,0,1,0,1,0,0,0,2,0,0,0,5,7,2,0,1,1,1,0,0,0,0,0,0,0,0,0,0,0,0,0,0,4,3,4,1,7,1,2,3,1,6,4,1,1,1,4,10,7,1,0,0,10,3,3,0,0,0,0,0,0,0,0,8,0,0,1,1,0,0,0,0,0,0,0,1,1,1,0,0,1,1,0,0,2,3,30106000,Russian Orthodox Church
Russian Orthodox Church,397235,2,0,0,0,0,0,0,1,0,0,5,0,10,10,0,10,1,1,0,1,0,0,0,0,0,1,0,0,0,0,2,0,0,0,6,5,4,0,1,1,1,0,0,0,0,0,0,0,0,0,0,0,0,0,3,2,1,2,3,10,2,4,2,2,7,7,5,6,6,4,6,1,1,0,0,5,4,3,0,0,0,0,0,0,0,0,10,0,3,0,0,0,0,0,0,0,0,0,1,1,1,0,0,1,4,0,0,2,3,30106000,Russian Orthodox Church
Russian Orthodox Church,396535,1,0,0,0,0,0,0,1,0,0,5,0,2,4,0,8,0,0,0,1,0,1,0,1,1,0,1,0,0,0,2,0,0,0,5,5,5,0,0,0,1,0,0,0,0,0,0,0,0,0,0,0,0,0,2,1,2,2,4,2,6,6,5,8,3,7,7,5,6,5,5,3,4,0,0,4,1,2,0,0,0,0,0,0,0,0,9,0,2,1,2,0,0,0,0,0,0,0,0,0,1,0,0,0,3,0,0,3,3,30106000,Russian Orthodox Church
Russian Orthodox Church,397216,2,0,0,0,0,0,0,1,0,0,7,0,9,9,0,0,1,0,0,1,0,1,1,1,0,0,0,0,0,0,2,0,0,0,8,6,4,0,1,1,1,0,0,0,0,0,0,0,0,0,0,0,0,0,0,3,3,5,1,5,3,1,1,1,7,6,2,3,3,7,7,0,1,0,0,8,4,0,0,0,0,0,0,0,0,0,10,0,0,0,0,0,0,0,0,0,0,0,1,1,1,0,0,1,0,0,0,3,3,30106000,Russian Orthodox Church
Russian Orthodox Church,397033,2,0,0,0,0,0,0,1,0,0,10,0,7,7,0,7,1,0,1,1,0,1,1,0,0,0,0,0,0,0,2,0,0,0,6,6,2,0,0,0,0,0,0,0,0,0,0,0,0,0,0,0,0,0,3,3,1,5,1,0,1,1,2,1,5,1,1,1,1,1,1,5,1,0,0,1,8,1,0,0,0,0,0,0,0,0,4,0,1,1,2,0,0,0,0,0,0,0,0,0,0,0,0,1,1,0,0,3,3,30106000,Russian Orthodox Church
Russian Orthodox Church,397109,2,0,0,0,0,0,0,1,0,0,10,0,10,10,0,5,0,0,1,1,1,0,0,1,0,1,0,0,0,0,2,0,0,0,5,6,7,0,1,1,1,0,0,0,0,0,0,0,0,0,0,0,0,0,2,3,2,4,1,1,1,1,1,1,1,1,1,1,3,3,5,6,3,0,0,6,6,2,0,0,0,0,0,0,0,0,6,0,3,1,1,0,0,0,0,0,0,0,1,1,1,0,0,0,0,0,0,3,3,30106000,Russian Orthodox Church
Russian Orthodox Church,397575,2,0,0,0,0,0,0,1,0,0,5,0,10,10,0,1,1,0,1,1,0,0,0,0,0,0,0,0,0,0,2,0,0,0,5,10,10,0,0,0,0,0,0,0,0,0,0,0,0,0,0,0,0,0,3,3,3,5,1,1,1,3,1,1,1,1,1,1,1,5,5,5,1,0,0,5,8,1,0,0,0,0,0,0,0,0,1,0,3,1,1,0,0,0,0,0,0,0,0,0,0,0,0,0,1,0,0,0,3,30106000,Russian Orthodox Church
Russian Orthodox Church,106209,3,0,0,0,0,0,0,1,0,0,5,0,1,10,0,10,1,0,1,1,0,1,1,0,0,0,0,0,0,0,1,0,0,0,8,7,10,0,0,0,0,0,0,0,0,0,0,0,0,0,0,0,0,0,4,4,4,5,1,1,1,1,1,1,1,1,1,3,3,5,5,1,1,0,0,10,4,7,0,0,0,0,0,0,0,0,0,0,0,1,1,0,0,0,0,0,0,0,0,0,0,0,0,0,0,0,0,2,3,30106000,Russian Orthodox Church
Russian Orthodox Church,397367,2,0,0,0,0,0,0,1,0,0,8,0,10,8,0,6,1,1,1,0,0,0,1,0,0,0,1,0,0,0,2,0,0,0,6,6,8,0,1,1,1,0,0,0,0,0,0,0,0,0,0,0,0,0,3,3,2,2,1,8,1,1,1,1,6,1,1,5,6,6,6,8,1,0,0,7,6,5,0,0,0,0,0,0,0,0,8,0,3,0,0,0,0,0,0,0,0,0,1,1,1,0,0,0,3,0,0,4,3,30106000,Russian Orthodox Church
Russian Orthodox Church,397426,0,0,0,0,0,0,0,1,0,0,0,0,8,8,0,7,0,0,0,1,1,1,1,1,0,0,0,0,0,0,1,0,0,0,10,10,3,0,0,1,1,0,0,0,0,0,0,0,0,0,0,0,0,0,3,3,3,3,1,1,1,1,8,3,6,1,1,8,6,6,5,8,1,0,0,8,8,8,0,0,0,0,0,0,0,0,6,0,1,1,1,0,0,0,0,0,0,0,0,1,1,0,0,0,3,0,0,3,3,30106000,Russian Orthodox Church
Russian Orthodox Church,397506,4,0,0,0,0,0,0,0,0,0,6,0,9,7,0,5,1,0,1,1,0,0,1,1,0,0,0,0,0,0,1,0,0,0,5,5,3,0,0,0,0,0,0,0,0,0,0,0,0,0,0,0,0,0,2,4,3,5,1,1,1,1,1,1,1,1,1,1,0,8,10,0,1,0,0,10,4,4,0,0,0,0,0,0,0,0,9,0,3,1,2,0,0,0,0,0,0,0,0,0,0,0,0,0,3,0,0,2,3,30106000,Russian Orthodox Church
Russian Orthodox Church,396563,3,0,0,0,0,0,0,1,0,0,4,0,10,10,0,0,0,0,1,0,0,0,1,1,0,0,1,0,0,0,2,0,0,0,7,0,10,0,0,0,0,0,0,0,0,0,0,0,0,0,0,0,0,0,0,3,3,4,0,0,1,5,5,0,0,1,1,0,4,8,8,0,2,0,0,8,4,4,0,0,0,0,0,0,0,0,0,0,0,1,1,0,0,0,0,0,0,0,0,0,0,0,0,0,0,0,0,3,3,30106000,Russian Orthodox Church
Russian Orthodox Church,397587,2,0,0,0,0,0,0,1,0,0,6,0,10,10,0,3,0,1,0,1,1,0,0,0,0,0,0,0,0,0,2,0,0,0,1,10,2,0,0,0,0,0,0,0,0,0,0,0,0,0,0,0,0,0,0,4,3,5,1,1,1,1,1,1,1,0,0,1,1,1,1,1,1,0,0,0,7,7,0,0,0,0,0,0,0,0,1,0,3,0,0,0,0,0,0,0,0,0,0,0,0,0,0,1,3,0,0,2,3,30106000,Russian Orthodox Church
Russian Orthodox Church,397192,2,0,0,0,0,0,0,1,0,0,7,0,5,4,0,5,1,0,1,0,0,0,0,0,0,1,1,0,0,0,2,0,0,0,5,5,10,0,0,0,0,0,0,0,0,0,0,0,0,0,0,0,0,0,3,3,2,4,1,1,1,1,1,1,1,1,1,1,1,1,1,0,1,0,0,0,4,4,0,0,0,0,0,0,0,0,6,0,2,0,0,0,0,0,0,0,0,0,0,0,0,0,0,1,0,0,0,0,3,30106000,Russian Orthodox Church
Russian Orthodox Church,396621,1,0,0,0,0,0,0,1,0,0,7,0,6,4,0,4,1,0,1,1,0,0,0,0,1,0,1,0,0,0,1,0,0,0,5,4,8,0,1,1,1,0,0,0,0,0,0,0,0,0,0,0,0,0,2,1,2,1,2,2,7,2,2,3,7,4,3,1,4,4,3,4,3,0,0,3,3,6,0,0,0,0,0,0,0,0,6,0,2,1,1,0,0,0,0,0,0,0,1,1,1,0,0,0,3,0,0,1,3,30106000,Russian Orthodox Church
Russian Orthodox Church,397239,4,0,0,0,0,0,0,1,0,0,4,0,9,8,0,9,1,0,0,0,0,1,0,0,0,0,0,0,0,0,2,0,0,0,5,5,8,0,0,0,0,0,0,0,0,0,0,0,0,0,0,0,0,0,2,4,4,4,1,8,1,1,1,1,7,5,1,1,1,6,8,0,1,0,0,7,4,4,0,0,0,0,0,0,0,0,8,0,3,0,0,0,0,0,0,0,0,0,0,0,0,0,0,0,3,0,0,3,3,30106000,Russian Orthodox Church
Russian Orthodox Church,396760,2,0,0,0,0,0,0,1,0,0,6,0,6,6,0,5,1,0,1,0,0,1,1,0,0,0,1,0,0,0,2,0,0,0,3,4,4,0,1,1,1,0,0,0,0,0,0,0,0,0,0,0,0,0,3,4,1,5,6,6,8,5,7,7,5,5,6,6,4,6,4,7,5,0,0,8,4,4,0,0,0,0,0,0,0,0,4,0,3,0,0,0,0,0,0,0,0,0,1,1,1,0,0,0,1,0,0,0,3,30106000,Russian Orthodox Church
Russian Orthodox Church,396917,2,0,0,0,0,0,0,1,0,0,0,0,7,8,0,6,1,0,1,1,0,1,1,0,0,0,0,0,0,0,2,0,0,0,5,7,7,0,1,1,1,0,0,0,0,0,0,0,0,0,0,0,0,0,0,4,1,0,1,5,1,1,1,1,2,5,1,5,4,7,8,5,1,0,0,6,4,2,0,0,0,0,0,0,0,0,6,0,3,0,0,0,0,0,0,0,0,0,1,1,1,0,0,0,3,0,0,4,3,30106000,Russian Orthodox Church
Russian Orthodox Church,397605,2,0,0,0,0,0,0,1,0,0,10,0,10,10,0,1,1,0,1,1,0,0,0,1,0,0,0,0,0,0,2,0,0,0,4,4,9,0,0,0,0,0,0,0,0,0,0,0,0,0,0,0,0,0,4,4,2,5,1,1,1,1,1,1,1,1,1,7,8,7,9,0,1,0,0,9,3,4,0,0,0,0,0,0,0,0,1,0,4,0,0,0,0,0,0,0,0,0,0,0,0,0,0,1,4,0,0,2,3,30106000,Russian Orthodox Church
Russian Orthodox Church,397602,3,0,0,0,0,0,0,1,0,0,5,0,9,9,0,6,1,1,1,1,0,0,1,0,0,0,0,0,0,0,2,0,0,0,9,8,4,0,0,0,0,0,0,0,0,0,0,0,0,0,0,0,0,0,2,2,2,5,4,2,4,1,2,2,5,3,3,1,1,0,8,0,3,0,0,8,6,4,0,0,0,0,0,0,0,0,7,0,0,0,0,0,0,0,0,0,0,0,0,0,0,0,0,0,0,0,0,0,3,30106000,Russian Orthodox Church
Russian Orthodox Church,397351,1,0,0,0,0,0,0,1,0,0,10,0,1,0,0,0,1,0,1,1,0,1,0,1,0,0,0,0,0,0,2,0,0,0,1,5,10,0,0,1,1,0,0,0,0,0,0,0,0,0,0,0,0,0,3,4,3,4,1,1,1,1,1,1,1,1,1,1,1,1,0,0,1,0,0,0,2,3,0,0,0,0,0,0,0,0,0,0,0,1,2,0,0,0,0,0,0,0,0,1,1,0,0,1,1,0,0,1,3,30106000,Russian Orthodox Church
Russian Orthodox Church,396913,1,0,0,0,0,0,0,1,0,0,3,0,7,3,0,7,1,0,0,1,0,0,1,1,0,0,0,0,0,0,1,0,0,0,9,10,9,0,1,1,1,0,0,0,0,0,0,0,0,0,0,0,0,0,3,1,2,2,1,4,1,1,1,2,1,1,1,1,1,2,3,1,1,0,0,1,4,2,0,0,0,0,0,0,0,0,7,0,3,0,0,0,0,0,0,0,0,0,1,1,1,0,0,0,3,0,0,2,3,30106000,Russian Orthodox Church
Russian Orthodox Church,396550,3,0,0,0,0,0,0,0,0,0,5,0,10,9,0,7,1,1,1,1,0,0,0,1,0,0,0,0,0,0,1,0,0,0,8,10,1,0,0,0,0,0,0,0,0,0,0,0,0,0,0,0,0,0,3,3,2,4,2,5,1,1,1,1,3,2,1,1,1,1,1,8,1,0,0,8,4,8,0,0,0,0,0,0,0,0,7,0,3,0,0,0,0,0,0,0,0,0,0,0,0,0,0,0,3,0,0,3,3,30106000,Russian Orthodox Church
Russian Orthodox Church,397243,3,0,0,0,0,0,0,0,0,0,7,0,10,10,0,7,1,0,1,1,0,1,1,0,0,0,0,0,0,0,2,0,0,0,9,7,3,0,0,0,0,0,0,0,0,0,0,0,0,0,0,0,0,0,0,4,2,0,0,0,1,1,1,1,8,6,4,1,2,8,9,0,1,0,0,8,4,0,0,0,0,0,0,0,0,0,2,0,0,0,0,0,0,0,0,0,0,0,0,0,0,0,0,0,0,0,0,0,3,30106000,Russian Orthodox Church
Russian Orthodox Church,396783,2,0,0,0,0,0,0,1,0,0,8,0,3,2,0,6,1,1,1,0,0,1,1,0,0,0,0,0,0,0,2,0,0,0,8,7,3,0,1,1,1,0,0,0,0,0,0,0,0,0,0,0,0,0,3,2,1,3,5,6,1,1,1,1,3,3,1,8,7,6,6,3,1,0,0,6,2,2,0,0,0,0,0,0,0,0,2,0,3,0,0,0,0,0,0,0,0,0,1,1,1,0,0,1,3,0,0,3,3,30106000,Russian Orthodox Church
Russian Orthodox Church,397597,3,0,0,0,0,0,0,1,0,0,5,0,8,9,0,7,0,0,1,1,0,1,1,1,0,0,0,0,0,0,1,0,0,0,5,7,0,0,0,1,1,0,0,0,0,0,0,0,0,0,0,0,0,0,2,4,3,4,3,1,1,1,1,1,2,4,2,1,1,5,7,5,0,0,0,8,4,4,0,0,0,0,0,0,0,0,4,0,0,0,0,0,0,0,0,0,0,0,0,1,1,0,0,0,3,0,0,0,3,30106000,Russian Orthodox Church
Russian Orthodox Church,396807,2,0,0,0,0,0,0,1,0,0,8,0,10,9,0,8,0,1,1,1,0,0,0,1,1,0,0,0,0,0,1,0,0,0,4,7,1,0,1,1,1,0,0,0,0,0,0,0,0,0,0,0,0,0,1,4,1,4,1,6,1,5,1,1,5,1,1,2,1,6,10,10,1,0,0,10,7,8,0,0,0,0,0,0,0,0,10,0,2,0,0,0,0,0,0,0,0,0,1,1,1,0,0,0,2,0,0,2,3,30106000,Russian Orthodox Church
Russian Orthodox Church,396580,2,0,0,0,0,0,0,1,0,0,6,0,7,7,0,0,1,0,1,0,0,1,0,0,0,1,0,0,0,0,2,0,0,0,5,1,4,0,1,1,1,0,0,0,0,0,0,0,0,0,0,0,0,0,2,4,2,5,1,1,1,1,1,1,1,5,1,1,3,1,1,7,1,0,0,10,8,8,0,0,0,0,0,0,0,0,4,0,0,0,0,0,0,0,0,0,0,0,1,1,1,0,0,0,3,0,0,1,3,30106000,Russian Orthodox Church
Russian Orthodox Church,397253,2,0,0,0,0,0,0,1,0,0,7,0,10,10,0,4,1,0,1,1,0,1,1,0,0,0,0,0,0,0,2,0,0,0,7,7,5,0,0,0,1,0,0,0,0,0,0,0,0,0,0,0,0,0,2,2,3,3,1,1,2,2,3,1,3,3,1,7,5,3,8,5,1,0,0,5,4,4,0,0,0,0,0,0,0,0,5,0,3,1,1,0,0,0,0,0,0,0,0,0,1,0,0,0,3,0,0,3,3,30106000,Russian Orthodox Church
Russian Orthodox Church,396645,3,0,0,0,0,0,0,1,0,0,7,0,10,10,0,1,1,1,1,0,0,0,0,1,0,1,0,0,0,0,2,0,0,0,8,10,5,0,0,1,1,0,0,0,0,0,0,0,0,0,0,0,0,0,3,3,2,1,1,4,2,1,3,1,7,5,1,1,1,1,5,6,1,0,0,5,6,7,0,0,0,0,0,0,0,0,5,0,3,0,0,0,0,0,0,0,0,0,0,1,1,0,0,0,3,0,0,3,3,30106000,Russian Orthodox Church
Russian Orthodox Church,396693,0,0,0,0,0,0,0,0,0,0,5,0,10,10,0,9,1,1,1,1,0,0,1,0,0,0,0,0,0,0,2,0,0,0,7,6,6,0,0,0,0,0,0,0,0,0,0,0,0,0,0,0,0,0,3,3,3,0,7,3,1,2,2,1,3,3,1,6,5,5,6,0,0,0,0,7,4,0,0,0,0,0,0,0,0,0,6,0,3,0,0,0,0,0,0,0,0,0,0,0,0,0,0,0,3,0,0,0,3,30106000,Russian Orthodox Church
Russian Orthodox Church,397472,2,0,0,0,0,0,0,1,0,0,5,0,9,10,0,7,1,0,1,1,0,0,0,1,0,0,1,0,0,0,2,0,0,0,5,5,5,0,1,1,1,0,0,0,0,0,0,0,0,0,0,0,0,0,0,4,3,0,1,8,1,1,1,1,8,3,2,0,3,8,9,0,0,0,0,8,4,0,0,0,0,0,0,0,0,0,9,0,0,0,0,0,0,0,0,0,0,0,1,1,1,0,0,0,2,0,0,2,3,30106000,Russian Orthodox Church
Russian Orthodox Church,397176,3,0,0,0,0,0,0,1,0,0,5,0,9,10,0,10,0,0,0,1,1,1,1,1,0,0,0,0,0,0,2,0,0,0,7,5,5,0,1,1,1,0,0,0,0,0,0,0,0,0,0,0,0,0,4,4,3,4,1,6,1,0,1,1,6,7,6,5,5,8,10,0,0,0,0,10,3,5,0,0,0,0,0,0,0,0,9,0,3,0,0,0,0,0,0,0,0,0,1,1,1,0,0,0,0,0,0,2,3,30106000,Russian Orthodox Church
Russian Orthodox Church,397211,2,0,0,0,0,0,0,1,0,0,10,0,10,9,0,9,0,1,1,0,0,1,0,1,0,0,1,0,0,0,1,0,0,0,8,6,3,0,1,1,1,0,0,0,0,0,0,0,0,0,0,0,0,0,3,3,3,4,4,5,4,3,4,3,6,4,4,6,7,4,6,4,3,0,0,4,2,2,0,0,0,0,0,0,0,0,8,0,3,0,0,0,0,0,0,0,0,0,1,1,1,0,0,0,3,0,0,2,3,30106000,Russian Orthodox Church
Russian Orthodox Church,396514,1,0,0,0,0,0,0,1,0,0,6,0,4,6,0,7,0,0,0,1,0,0,1,0,1,0,1,0,0,0,2,0,0,0,4,5,4,0,0,1,0,0,0,0,0,0,0,0,0,0,0,0,0,0,3,3,3,4,5,3,5,7,6,8,7,5,4,5,6,6,7,7,6,0,0,4,4,6,0,0,0,0,0,0,0,0,5,0,1,1,1,0,0,0,0,0,0,0,0,1,0,0,0,1,3,0,0,2,3,30106000,Russian Orthodox Church
Russian Orthodox Church,396448,4,0,0,0,0,0,0,0,0,0,4,0,7,9,0,6,1,0,1,0,0,1,0,1,0,0,1,0,0,0,2,0,0,0,6,3,5,0,0,0,0,0,0,0,0,0,0,0,0,0,0,0,0,0,3,0,3,2,1,1,2,1,1,1,1,1,2,1,3,6,8,4,1,0,0,5,2,3,0,0,0,0,0,0,0,0,6,0,4,0,0,0,0,0,0,0,0,0,0,0,0,0,0,0,2,0,0,4,3,30106000,Russian Orthodox Church
Russian Orthodox Church,396460,4,0,0,0,0,0,0,0,0,0,8,0,5,7,0,6,1,0,1,0,0,1,0,1,0,0,1,0,0,0,2,0,0,0,5,6,8,0,0,0,0,0,0,0,0,0,0,0,0,0,0,0,0,0,3,2,2,4,2,1,1,1,1,1,2,1,1,1,3,6,7,1,1,0,0,4,2,5,0,0,0,0,0,0,0,0,6,0,3,0,0,0,0,0,0,0,0,0,0,0,0,0,0,0,2,0,0,3,3,30106000,Russian Orthodox Church
Russian Orthodox Church,397205,2,0,0,0,0,0,0,1,0,0,10,0,10,10,0,9,1,0,1,0,0,1,1,0,0,0,1,0,0,0,1,0,0,0,7,6,3,0,1,1,1,0,0,0,0,0,0,0,0,0,0,0,0,0,0,2,0,0,5,9,4,4,3,3,5,4,4,6,4,3,4,3,4,0,0,7,4,2,0,0,0,0,0,0,0,0,10,0,0,0,0,0,0,0,0,0,0,0,1,1,1,0,0,0,0,0,0,2,3,30106000,Russian Orthodox Church
Russian Orthodox Church,396722,3,0,0,0,0,0,0,1,0,0,5,0,10,10,0,5,0,1,1,0,1,0,1,1,0,0,0,0,0,0,2,0,0,0,5,5,1,0,0,0,0,0,0,0,0,0,0,0,0,0,0,0,0,0,3,3,3,0,1,1,1,1,1,1,1,5,2,0,0,5,5,5,1,0,0,10,6,8,0,0,0,0,0,0,0,0,9,0,3,0,0,0,0,0,0,0,0,0,0,0,0,0,0,0,2,0,0,3,3,30106000,Russian Orthodox Church
Russian Orthodox Church,397133,3,0,0,0,0,0,0,0,0,0,7,0,10,7,0,7,0,1,1,1,1,0,0,1,0,0,0,0,0,0,2,0,0,0,7,6,7,0,0,0,0,0,0,0,0,0,0,0,0,0,0,0,0,0,1,3,2,5,1,5,1,4,2,1,9,6,5,3,4,0,7,0,2,0,0,10,4,5,0,0,0,0,0,0,0,0,6,0,3,1,1,0,0,0,0,0,0,0,0,0,0,0,0,0,3,0,0,3,3,30106000,Russian Orthodox Church
Russian Orthodox Church,397373,1,0,0,0,0,0,0,1,0,0,10,0,10,9,0,10,0,0,1,0,0,1,1,0,1,0,1,0,0,0,2,0,0,0,5,1,1,0,0,0,0,0,0,0,0,0,0,0,0,0,0,0,0,0,2,2,4,5,4,3,2,0,2,1,3,4,5,0,1,3,7,1,1,0,0,5,2,4,0,0,0,0,0,0,0,0,10,0,0,1,2,0,0,0,0,0,0,0,0,0,0,0,0,0,3,0,0,4,3,30106000,Russian Orthodox Church
Russian Orthodox Church,397492,2,0,0,0,0,0,0,1,0,0,8,0,10,10,0,3,0,0,1,1,0,1,0,1,0,0,1,0,0,0,1,0,0,0,8,7,3,0,1,1,1,0,0,0,0,0,0,0,0,0,0,0,0,0,3,3,2,4,1,1,1,1,1,1,1,1,1,1,1,5,5,2,1,0,0,5,3,4,0,0,0,0,0,0,0,0,7,0,0,1,2,0,0,0,0,0,0,0,1,1,1,0,0,0,0,0,0,2,3,30106000,Russian Orthodox Church
Russian Orthodox Church,396803,2,0,0,0,0,0,0,0,0,0,5,0,7,4,0,6,0,1,1,1,0,0,1,0,0,1,0,0,0,0,2,0,0,0,8,6,4,0,0,0,0,0,0,0,0,0,0,0,0,0,0,0,0,0,2,3,3,5,2,1,1,1,2,1,1,4,2,2,2,5,7,4,2,0,0,5,6,6,0,0,0,0,0,0,0,0,8,0,3,0,0,0,0,0,0,0,0,0,0,0,0,0,0,0,4,0,0,3,3,30106000,Russian Orthodox Church
Serbian Orthodox Church,351740,2,0,0,0,0,0,0,1,0,0,8,0,5,9,0,9,1,0,0,0,0,1,0,0,0,0,1,0,0,0,2,0,0,0,10,6,7,0,1,1,1,0,0,0,0,0,0,0,0,0,0,0,0,0,2,3,3,3,1,1,1,1,1,1,1,1,1,1,1,1,1,1,1,0,0,1,4,5,0,0,0,0,0,0,0,0,8,0,4,0,0,0,0,0,0,0,0,0,1,1,1,0,0,0,1,0,0,3,3,30108000,Serbian Orthodox Church
Serbian Orthodox Church,352175,4,0,0,0,0,0,0,0,0,0,1,0,10,10,0,10,1,0,0,1,0,0,0,0,0,1,1,0,0,0,2,0,0,0,8,10,1,0,0,0,0,0,0,0,0,0,0,0,0,0,0,0,0,0,2,3,3,5,1,1,1,4,1,1,1,1,1,5,5,5,5,10,1,0,0,5,8,8,0,0,0,0,0,0,0,0,10,0,3,0,0,0,0,0,0,0,0,0,0,0,0,0,0,0,1,0,0,3,3,30108000,Serbian Orthodox Church
Serbian Orthodox Church,352530,3,0,0,0,0,0,0,1,0,0,8,0,7,7,0,0,1,0,1,0,0,0,0,1,0,1,1,0,0,0,2,0,0,0,3,2,0,0,0,1,1,0,0,0,0,0,0,0,0,0,0,0,0,0,2,3,2,0,0,0,1,2,2,2,2,0,0,0,0,0,0,2,2,0,0,2,8,5,0,0,0,0,0,0,0,0,0,0,0,0,0,0,0,0,0,0,0,0,0,1,1,0,0,0,3,0,0,3,3,30108000,Serbian Orthodox Church
Serbian Orthodox Church,352459,2,0,0,0,0,0,0,1,0,0,8,0,7,8,0,3,1,0,0,0,1,0,0,1,0,1,1,0,0,0,2,0,0,0,7,5,8,0,1,0,1,0,0,0,0,0,0,0,0,0,0,0,0,0,3,4,2,4,1,1,1,2,1,1,2,1,1,3,2,4,5,2,2,0,0,8,4,4,0,0,0,0,0,0,0,0,10,0,2,0,0,0,0,0,0,0,0,0,1,0,1,0,0,0,3,0,0,3,3,30108000,Serbian Orthodox Church
Serbian Orthodox Church,352723,1,0,0,0,0,0,0,1,0,0,10,0,9,9,0,9,1,1,1,1,0,0,0,1,0,0,0,0,0,0,2,0,0,0,7,9,5,0,0,0,1,0,0,0,0,0,0,0,0,0,0,0,0,0,3,3,3,4,1,2,2,1,1,1,2,4,4,4,4,8,7,10,1,0,0,9,3,3,0,0,0,0,0,0,0,0,9,0,3,1,2,0,0,0,0,0,0,0,0,0,1,0,0,0,3,0,0,2,3,30108000,Serbian Orthodox Church
Serbian Orthodox Church,352469,3,0,0,0,0,0,0,1,0,0,6,0,8,7,0,8,0,0,0,1,1,0,0,1,0,0,0,0,0,0,2,0,0,0,4,4,8,0,0,0,0,0,0,0,0,0,0,0,0,0,0,0,0,0,2,3,3,4,2,1,1,8,3,1,5,1,1,1,5,6,8,5,4,0,0,10,4,5,0,0,0,0,0,0,0,0,8,0,0,0,0,0,0,0,0,0,0,0,0,0,0,0,0,1,0,0,0,4,3,30108000,Serbian Orthodox Church
Serbian Orthodox Church,352108,3,0,0,0,0,0,0,1,0,0,5,0,4,4,0,1,0,1,0,1,1,0,0,1,0,1,0,0,0,0,2,0,0,0,8,10,10,0,0,0,0,0,0,0,0,0,0,0,0,0,0,0,0,0,4,4,4,3,1,1,1,5,1,1,1,10,10,5,5,5,10,10,10,0,0,10,8,8,0,0,0,0,0,0,0,0,4,0,4,0,0,0,0,0,0,0,0,0,0,0,0,0,0,0,4,0,0,2,3,30108000,Serbian Orthodox Church
Serbian Orthodox Church,352072,2,0,0,0,0,0,0,1,0,0,10,0,10,10,0,1,1,0,1,1,0,0,0,0,0,1,1,0,0,0,2,0,0,0,10,10,10,0,0,0,1,0,0,0,0,0,0,0,0,0,0,0,0,0,3,4,3,5,1,1,1,1,1,1,1,1,1,1,1,1,1,1,1,0,0,10,4,2,0,0,0,0,0,0,0,0,10,0,2,1,1,0,0,0,0,0,0,0,0,0,1,0,0,0,2,0,0,2,3,30108000,Serbian Orthodox Church
Serbian Orthodox Church,351833,2,0,0,0,0,0,0,1,0,0,10,0,4,10,0,5,1,1,1,1,1,1,1,1,1,1,1,0,0,0,2,0,0,0,10,10,4,0,1,1,1,0,0,0,0,0,0,0,0,0,0,0,0,0,2,4,2,4,10,10,10,10,10,10,9,10,10,5,10,6,8,10,10,0,0,6,0,0,0,0,0,0,0,0,0,0,5,0,0,1,1,0,0,0,0,0,0,0,1,1,1,0,0,0,4,0,0,2,3,30108000,Serbian Orthodox Church
Serbian Orthodox Church,352702,2,0,0,0,0,0,0,1,0,0,6,0,9,9,0,6,1,0,1,1,0,1,0,0,0,1,0,0,0,0,2,0,0,0,8,9,9,0,0,0,0,0,0,0,0,0,0,0,0,0,0,0,0,0,1,4,2,5,1,2,1,2,1,1,1,1,1,1,1,5,8,10,1,0,0,6,4,7,0,0,0,0,0,0,0,0,6,0,3,0,0,0,0,0,0,0,0,0,0,0,0,0,0,1,2,0,0,3,3,30108000,Serbian Orthodox Church
Serbian Orthodox Church,351914,3,0,0,0,0,0,0,1,0,0,6,0,7,9,0,9,0,1,0,0,0,0,0,1,0,0,0,0,0,0,1,0,0,0,9,10,2,0,0,0,0,0,0,0,0,0,0,0,0,0,0,0,0,0,3,4,4,3,1,3,1,1,1,1,5,3,2,2,1,5,6,1,1,0,0,8,7,7,0,0,0,0,0,0,0,0,8,0,3,0,0,0,0,0,0,0,0,0,0,0,0,0,0,0,3,0,0,4,3,30108000,Serbian Orthodox Church
Serbian Orthodox Church,351777,3,0,0,0,0,0,0,1,0,0,7,0,10,10,0,7,1,0,0,0,0,0,1,0,0,0,0,0,0,0,2,0,0,0,8,7,10,0,0,0,0,0,0,0,0,0,0,0,0,0,0,0,0,0,3,3,3,4,1,1,1,1,1,1,1,4,5,1,1,8,9,4,1,0,0,9,7,7,0,0,0,0,0,0,0,0,10,0,3,0,0,0,0,0,0,0,0,0,0,0,0,0,0,1,2,0,0,4,3,30108000,Serbian Orthodox Church
Serbian Orthodox Church,352227,2,0,0,0,0,0,0,1,0,0,10,0,8,9,0,6,1,0,1,0,1,0,0,0,0,1,1,0,0,0,2,0,0,0,5,7,7,0,1,1,1,0,0,0,0,0,0,0,0,0,0,0,0,0,3,3,2,4,8,7,5,4,5,1,10,5,1,2,3,3,3,7,6,0,0,7,4,1,0,0,0,0,0,0,0,0,9,0,3,1,2,0,0,0,0,0,0,0,1,1,1,0,0,1,2,0,0,2,3,30108000,Serbian Orthodox Church
Serbian Orthodox Church,352241,2,0,0,0,0,0,0,1,0,0,8,0,3,5,0,8,1,1,0,0,0,1,0,1,0,0,1,0,0,0,0,0,0,0,3,5,2,0,0,1,1,0,0,0,0,0,0,0,0,0,0,0,0,0,2,2,2,5,1,1,1,5,1,1,1,1,1,1,1,1,6,1,1,0,0,6,2,3,0,0,0,0,0,0,0,0,8,0,2,1,1,0,0,0,0,0,0,0,0,1,1,0,0,0,2,0,0,4,3,30108000,Serbian Orthodox Church
Serbian Orthodox Church,351955,2,0,0,0,0,0,0,0,0,0,6,0,5,6,0,6,1,0,1,1,0,0,0,1,0,1,0,0,0,0,2,0,0,0,4,6,5,0,0,0,0,0,0,0,0,0,0,0,0,0,0,0,0,0,3,3,3,5,1,1,1,2,1,1,2,1,1,1,3,5,8,1,1,0,0,6,7,7,0,0,0,0,0,0,0,0,5,0,3,0,0,0,0,0,0,0,0,0,0,0,0,0,0,0,3,0,0,2,3,30108000,Serbian Orthodox Church
Serbian Orthodox Church,352720,3,0,0,0,0,0,0,1,0,0,8,0,7,6,0,8,1,0,1,1,0,1,0,1,0,0,0,0,0,0,2,0,0,0,8,8,5,0,0,0,0,0,0,0,0,0,0,0,0,0,0,0,0,0,2,3,2,5,1,2,2,2,1,1,4,2,1,2,2,5,8,9,1,0,0,8,4,4,0,0,0,0,0,0,0,0,8,0,3,0,0,0,0,0,0,0,0,0,0,0,0,0,0,1,3,0,0,3,3,30108000,Serbian Orthodox Church
Serbian Orthodox Church,352239,3,0,0,0,0,0,0,1,0,0,5,0,5,5,0,3,1,1,1,0,0,0,0,0,0,0,1,0,0,0,1,0,0,0,6,7,5,0,0,0,0,0,0,0,0,0,0,0,0,0,0,0,0,0,2,2,3,4,1,1,1,1,1,1,1,1,1,10,10,7,8,5,2,0,0,9,4,4,0,0,0,0,0,0,0,0,3,0,3,1,1,0,0,0,0,0,0,0,0,0,0,0,0,1,3,0,0,3,3,30108000,Serbian Orthodox Church
Serbian Orthodox Church,352328,1,0,0,0,0,0,0,1,0,0,8,0,10,10,0,6,1,1,1,1,1,1,1,1,1,1,1,0,0,0,2,0,0,0,5,6,10,0,1,1,1,0,0,0,0,0,0,0,0,0,0,0,0,0,4,4,4,3,1,0,1,1,1,1,5,1,1,5,1,5,5,5,1,0,0,5,2,3,0,0,0,0,0,0,0,0,6,0,3,0,0,0,0,0,0,0,0,0,1,1,1,0,0,0,3,0,0,2,3,30108000,Serbian Orthodox Church
Serbian Orthodox Church,352053,4,0,0,0,0,0,0,0,0,0,4,0,9,10,0,2,1,0,0,1,1,1,0,0,0,1,0,0,0,0,2,0,0,0,8,7,1,0,0,0,0,0,0,0,0,0,0,0,0,0,0,0,0,0,3,3,3,4,10,9,9,6,10,10,1,8,9,3,3,3,3,1,1,0,0,1,8,8,0,0,0,0,0,0,0,0,2,0,3,0,0,0,0,0,0,0,0,0,0,0,0,0,0,0,3,0,0,2,3,30108000,Serbian Orthodox Church
Serbian Orthodox Church,352385,3,0,0,0,0,0,0,1,0,0,6,0,10,10,0,2,0,1,0,1,0,1,0,1,0,0,1,0,0,0,2,0,0,0,9,9,10,0,0,0,0,0,0,0,0,0,0,0,0,0,0,0,0,0,3,3,3,4,1,1,1,1,1,1,1,1,1,3,3,2,2,1,1,0,0,3,4,5,0,0,0,0,0,0,0,0,2,0,4,0,0,0,0,0,0,0,0,0,0,0,0,0,0,1,4,0,0,3,3,30108000,Serbian Orthodox Church
Serbian Orthodox Church,351771,1,0,0,0,0,0,0,1,0,0,9,0,8,10,0,7,1,0,0,1,0,1,0,0,0,0,0,0,0,0,2,0,0,0,4,8,9,0,1,1,1,0,0,0,0,0,0,0,0,0,0,0,0,0,4,3,3,4,1,1,1,1,1,1,1,3,4,1,1,5,10,1,1,0,0,8,4,1,0,0,0,0,0,0,0,0,9,0,4,0,0,0,0,0,0,0,0,0,1,1,1,0,0,0,2,0,0,4,3,30108000,Serbian Orthodox Church
Serbian Orthodox Church,352107,2,0,0,0,0,0,0,1,0,0,8,0,5,5,0,5,1,1,0,0,1,0,0,1,1,0,0,0,0,0,2,0,0,0,8,6,2,0,0,0,0,0,0,0,0,0,0,0,0,0,0,0,0,0,2,3,1,5,1,5,1,4,1,1,5,3,1,1,1,1,3,7,1,0,0,10,4,2,0,0,0,0,0,0,0,0,3,0,3,0,0,0,0,0,0,0,0,0,0,0,0,0,0,0,3,0,0,3,3,30108000,Serbian Orthodox Church
Serbian Orthodox Church,352422,3,0,0,0,0,0,0,1,0,0,10,0,7,6,0,7,1,1,0,1,0,1,0,0,0,0,1,0,0,0,2,0,0,0,5,5,5,0,0,0,0,0,0,0,0,0,0,0,0,0,0,0,0,0,2,3,2,4,1,1,1,3,1,1,1,1,1,1,1,1,6,1,1,0,0,1,4,2,0,0,0,0,0,0,0,0,6,0,3,1,1,0,0,0,0,0,0,0,0,0,0,0,0,0,4,0,0,3,3,30108000,Serbian Orthodox Church
Serbian Orthodox Church,352386,2,0,0,0,0,0,0,1,0,0,9,0,8,7,0,5,1,0,0,1,0,1,0,0,0,1,1,0,0,0,2,0,0,0,8,8,8,0,0,0,0,0,0,0,0,0,0,0,0,0,0,0,0,0,3,3,3,3,1,1,1,1,1,1,1,1,1,4,4,2,4,1,2,0,0,5,4,5,0,0,0,0,0,0,0,0,4,0,3,0,0,0,0,0,0,0,0,0,0,0,0,0,0,0,4,0,0,2,3,30108000,Serbian Orthodox Church
Serbian Orthodox Church,351772,2,0,0,0,0,0,0,1,0,0,10,0,10,10,0,2,1,1,1,1,1,1,1,1,1,1,1,0,0,0,1,0,0,0,10,10,9,0,1,1,1,0,0,0,0,0,0,0,0,0,0,0,0,0,4,1,3,3,10,10,10,10,10,10,5,10,8,6,9,4,3,4,10,0,0,5,2,7,0,0,0,0,0,0,0,0,1,0,3,1,1,0,0,0,0,0,0,0,1,1,1,0,0,0,3,0,0,2,3,30108000,Serbian Orthodox Church
Serbian Orthodox Church,351972,1,0,0,0,0,0,0,1,0,0,8,0,5,6,0,6,1,1,0,1,0,1,0,0,1,0,0,0,0,0,2,0,0,0,8,7,8,0,1,0,0,0,0,0,0,0,0,0,0,0,0,0,0,0,3,4,3,5,1,4,3,3,3,1,4,5,3,2,4,4,5,1,2,0,0,5,4,3,0,0,0,0,0,0,0,0,4,0,2,1,1,0,0,0,0,0,0,0,1,0,0,0,0,1,1,0,0,4,3,30108000,Serbian Orthodox Church
Serbian Orthodox Church,352285,4,0,0,0,0,0,0,0,0,0,5,0,4,7,0,6,1,0,0,1,0,0,1,0,0,1,0,0,0,0,2,0,0,0,5,3,6,0,0,0,0,0,0,0,0,0,0,0,0,0,0,0,0,0,4,4,1,5,1,5,1,1,1,1,8,1,2,5,5,5,10,3,3,0,0,10,8,8,0,0,0,0,0,0,0,0,6,0,4,0,0,0,0,0,0,0,0,0,0,0,0,0,0,0,4,0,0,3,3,30108000,Serbian Orthodox Church
Serbian Orthodox Church,352267,1,0,0,0,0,0,0,1,0,0,9,0,7,8,0,8,1,0,1,0,1,1,0,0,0,1,0,0,0,0,2,0,0,0,9,9,8,0,0,0,0,0,0,0,0,0,0,0,0,0,0,0,0,0,2,4,4,5,1,4,10,1,1,1,10,10,1,1,1,5,5,1,1,0,0,10,4,3,0,0,0,0,0,0,0,0,7,0,4,0,0,0,0,0,0,0,0,0,0,0,0,0,0,0,3,0,0,2,3,30108000,Serbian Orthodox Church
Serbian Orthodox Church,352002,2,0,0,0,0,0,0,1,0,0,9,0,6,6,0,6,0,1,1,1,0,1,0,1,0,0,0,0,0,0,2,0,0,0,7,6,1,0,1,1,1,0,0,0,0,0,0,0,0,0,0,0,0,0,3,3,3,3,1,1,1,4,1,1,1,1,1,1,1,1,1,1,1,0,0,0,7,7,0,0,0,0,0,0,0,0,6,0,4,0,0,0,0,0,0,0,0,0,1,1,1,0,0,0,4,0,0,3,3,30108000,Serbian Orthodox Church
Serbian Orthodox Church,351715,4,0,0,0,0,0,0,1,0,0,10,0,10,10,0,5,1,1,1,1,1,1,1,1,1,1,1,0,0,0,2,0,0,0,7,5,1,0,1,1,1,0,0,0,0,0,0,0,0,0,0,0,0,0,4,4,1,3,10,9,10,10,10,10,1,10,10,5,10,3,3,1,10,0,0,5,6,6,0,0,0,0,0,0,0,0,5,0,3,1,1,0,0,0,0,0,0,0,1,1,1,0,0,0,0,0,0,2,3,30108000,Serbian Orthodox Church
Serbian Orthodox Church,351725,2,0,0,0,0,0,0,1,0,0,7,0,9,9,0,4,1,1,0,0,0,0,0,0,0,1,0,0,0,0,1,0,0,0,9,8,8,0,0,0,0,0,0,0,0,0,0,0,0,0,0,0,0,0,2,3,2,5,1,1,1,1,1,1,1,1,1,1,1,1,6,1,1,0,0,7,4,5,0,0,0,0,0,0,0,0,9,0,3,1,1,0,0,0,0,0,0,0,0,0,0,0,0,1,3,0,0,3,3,30108000,Serbian Orthodox Church
Serbian Orthodox Church,352538,2,0,0,0,0,0,0,1,0,0,5,0,9,10,0,0,1,0,0,1,0,0,0,0,0,1,1,0,0,0,2,0,0,0,8,8,8,0,0,0,0,0,0,0,0,0,0,0,0,0,0,0,0,0,0,0,3,4,1,1,1,1,1,1,1,1,1,1,0,0,1,1,1,0,0,0,4,5,0,0,0,0,0,0,0,0,0,0,2,0,0,0,0,0,0,0,0,0,0,0,0,0,0,0,4,0,0,0,3,30108000,Serbian Orthodox Church
Serbian Orthodox Church,352560,4,0,0,0,0,0,0,1,0,0,10,0,10,10,0,10,1,0,0,1,0,0,1,0,0,1,1,0,0,0,2,0,0,0,10,10,1,0,0,0,0,0,0,0,0,0,0,0,0,0,0,0,0,0,0,4,4,5,10,1,10,6,6,10,10,10,10,10,10,10,10,10,10,0,0,1,8,8,0,0,0,0,0,0,0,0,5,0,0,0,0,0,0,0,0,0,0,0,0,0,0,0,0,1,1,0,0,1,3,30108000,Serbian Orthodox Church
Serbian Orthodox Church,351775,1,0,0,0,0,0,0,1,0,0,10,0,10,10,0,1,1,1,1,1,1,1,1,1,1,1,1,0,0,0,2,0,0,0,7,7,5,0,1,1,1,0,0,0,0,0,0,0,0,0,0,0,0,0,4,3,4,4,10,10,10,9,10,10,9,10,10,5,10,5,5,4,10,0,0,5,2,2,0,0,0,0,0,0,0,0,5,0,3,1,1,0,0,0,0,0,0,0,1,1,1,0,0,0,3,0,0,2,3,30108000,Serbian Orthodox Church
Serbian Orthodox Church,351807,1,0,0,0,0,0,0,0,0,0,3,0,3,10,0,8,1,1,0,1,0,0,0,1,0,0,0,0,0,0,1,0,0,0,2,2,10,0,0,0,0,0,0,0,0,0,0,0,0,0,0,0,0,0,3,3,2,4,1,10,2,1,2,1,10,2,2,10,1,10,10,1,1,0,0,10,8,8,0,0,0,0,0,0,0,0,5,0,4,0,0,0,0,0,0,0,0,0,0,0,0,0,0,1,3,0,0,3,3,30108000,Serbian Orthodox Church
Serbian Orthodox Church,351734,1,0,0,0,0,0,0,1,0,0,7,0,5,6,0,6,1,1,0,1,0,1,0,1,0,0,0,0,0,0,1,0,0,0,5,6,8,0,0,0,0,0,0,0,0,0,0,0,0,0,0,0,0,0,3,3,1,5,1,8,4,1,1,1,7,6,3,5,1,1,4,1,1,0,0,4,4,4,0,0,0,0,0,0,0,0,4,0,3,1,1,0,0,0,0,0,0,0,0,0,0,0,0,0,1,0,0,2,3,30108000,Serbian Orthodox Church
Serbian Orthodox Church,352706,3,0,0,0,0,0,0,1,0,0,6,0,5,7,0,8,1,1,1,1,0,1,0,0,0,0,0,0,0,0,2,0,0,0,7,9,6,0,0,0,0,0,0,0,0,0,0,0,0,0,0,0,0,0,3,3,2,4,1,2,2,1,1,1,4,1,1,1,1,5,5,1,1,0,0,5,4,4,0,0,0,0,0,0,0,0,7,0,3,0,0,0,0,0,0,0,0,0,0,0,0,0,0,1,3,0,0,3,3,30108000,Serbian Orthodox Church
Serbian Orthodox Church,351912,4,0,0,0,0,0,0,0,0,0,1,0,10,10,0,9,1,0,0,1,0,0,1,0,0,0,1,0,0,0,2,0,0,0,8,1,7,0,0,0,0,0,0,0,0,0,0,0,0,0,0,0,0,0,2,3,2,5,1,1,1,1,1,1,1,1,1,1,1,3,5,1,1,0,0,8,8,8,0,0,0,0,0,0,0,0,10,0,4,0,0,0,0,0,0,0,0,0,0,0,0,0,0,1,2,0,0,4,3,30108000,Serbian Orthodox Church
Serbian Orthodox Church,352008,2,0,0,0,0,0,0,1,0,0,5,0,5,5,0,5,1,1,0,1,0,1,0,1,0,0,0,0,0,0,1,0,0,0,7,7,5,0,1,1,1,0,0,0,0,0,0,0,0,0,0,0,0,0,2,3,3,5,1,1,1,1,1,1,1,1,1,1,1,3,3,1,1,0,0,3,4,5,0,0,0,0,0,0,0,0,5,0,4,0,0,0,0,0,0,0,0,0,1,1,1,0,0,0,4,0,0,1,3,30108000,Serbian Orthodox Church
Serbian Orthodox Church,352061,3,0,0,0,0,0,0,1,0,0,6,0,7,3,0,1,1,0,1,1,0,1,0,1,0,0,0,0,0,0,2,0,0,0,6,4,9,0,1,1,1,0,0,0,0,0,0,0,0,0,0,0,0,0,4,4,3,4,1,1,1,1,1,1,1,1,1,3,1,4,7,5,4,0,0,8,8,7,0,0,0,0,0,0,0,0,1,0,3,1,1,0,0,0,0,0,0,0,1,1,1,0,0,0,3,0,0,3,3,30108000,Serbian Orthodox Church
Serbian Orthodox Church,352059,3,0,0,0,0,0,0,1,0,0,5,0,7,6,0,4,1,1,0,1,0,1,0,0,0,1,0,0,0,0,2,0,0,0,6,5,7,0,1,1,1,0,0,0,0,0,0,0,0,0,0,0,0,0,3,3,2,4,1,6,1,1,1,1,6,5,1,1,1,7,6,1,1,0,0,8,3,4,0,0,0,0,0,0,0,0,6,0,3,0,0,0,0,0,0,0,0,0,1,1,1,0,0,0,2,0,0,2,3,30108000,Serbian Orthodox Church
Serbian Orthodox Church,351781,3,0,0,0,0,0,0,1,0,0,9,0,10,10,0,1,1,1,1,1,1,1,0,1,0,1,1,0,0,0,2,0,0,0,9,2,0,0,0,0,0,0,0,0,0,0,0,0,0,0,0,0,0,0,0,4,0,0,10,10,10,10,10,10,3,10,10,4,10,0,0,0,9,0,0,5,7,7,0,0,0,0,0,0,0,0,1,0,3,1,1,0,0,0,0,0,0,0,0,0,0,0,0,0,4,0,0,2,3,30108000,Serbian Orthodox Church
Serbian Orthodox Church,352666,3,0,0,0,0,0,0,0,0,0,5,0,9,6,0,3,0,0,1,1,0,1,1,1,0,0,0,0,0,0,2,0,0,0,5,5,5,0,0,0,0,0,0,0,0,0,0,0,0,0,0,0,0,0,3,3,3,5,5,5,1,2,2,2,4,2,1,1,2,3,5,5,2,0,0,9,7,7,0,0,0,0,0,0,0,0,6,0,3,0,0,0,0,0,0,0,0,0,0,0,0,0,0,0,2,0,0,3,3,30108000,Serbian Orthodox Church
Serbian Orthodox Church,352598,3,0,0,0,0,0,0,1,0,0,5,0,7,5,0,6,1,0,0,0,0,0,0,1,0,1,1,0,0,0,2,0,0,0,9,10,10,0,1,1,1,0,0,0,0,0,0,0,0,0,0,0,0,0,2,3,4,5,1,1,1,1,1,4,5,1,1,1,1,4,5,1,1,0,0,1,2,3,0,0,0,0,0,0,0,0,5,0,3,0,0,0,0,0,0,0,0,0,1,1,1,0,0,0,3,0,0,2,3,30108000,Serbian Orthodox Church
Serbian Orthodox Church,352065,1,0,0,0,0,0,0,1,0,0,10,0,5,5,0,5,0,0,0,1,0,1,0,1,1,1,0,0,0,0,2,0,0,0,7,9,7,0,1,1,1,0,0,0,0,0,0,0,0,0,0,0,0,0,4,4,1,4,1,1,1,1,1,1,1,1,1,5,1,1,5,1,1,0,0,5,3,2,0,0,0,0,0,0,0,0,5,0,2,1,2,0,0,0,0,0,0,0,1,1,1,0,0,0,2,0,0,2,3,30108000,Serbian Orthodox Church
Serbian Orthodox Church,352308,3,0,0,0,0,0,0,1,0,0,5,0,6,4,0,5,1,0,1,0,1,1,0,0,0,1,0,0,0,0,2,0,0,0,3,3,5,0,1,1,1,0,0,0,0,0,0,0,0,0,0,0,0,0,3,4,3,5,1,3,1,5,1,1,6,2,1,3,2,5,5,8,1,0,0,5,4,7,0,0,0,0,0,0,0,0,2,0,3,0,0,0,0,0,0,0,0,0,1,1,1,0,0,0,3,0,0,3,3,30108000,Serbian Orthodox Church
Serbian Orthodox Church,352409,1,0,0,0,0,0,0,1,0,0,10,0,10,4,0,5,1,1,0,1,0,0,1,1,0,0,0,0,0,0,2,0,0,0,5,4,8,0,1,1,1,0,0,0,0,0,0,0,0,0,0,0,0,0,3,3,2,3,1,1,1,4,1,1,2,1,1,1,1,1,1,1,1,0,0,1,4,3,0,0,0,0,0,0,0,0,4,0,2,0,0,0,0,0,0,0,0,0,1,1,1,0,0,0,2,0,0,3,3,30108000,Serbian Orthodox Church
Serbian Orthodox Church,352326,3,0,0,0,0,0,0,1,0,0,5,0,5,7,0,5,1,1,1,1,1,1,1,1,1,1,1,0,0,0,2,0,0,0,5,10,10,0,0,0,0,0,0,0,0,0,0,0,0,0,0,0,0,0,4,4,2,3,1,5,1,1,1,1,5,1,1,1,1,5,5,5,1,0,0,5,8,7,0,0,0,0,0,0,0,0,1,0,3,0,0,0,0,0,0,0,0,0,0,0,0,0,0,0,3,0,0,2,3,30108000,Serbian Orthodox Church
Serbian Orthodox Church,351997,2,0,0,0,0,0,0,1,0,0,5,0,9,9,0,7,1,1,0,1,0,1,0,1,0,0,0,0,0,0,2,0,0,0,5,5,5,0,1,1,1,0,0,0,0,0,0,0,0,0,0,0,0,0,3,3,3,3,1,5,1,3,1,1,7,7,5,2,1,5,8,1,1,0,0,1,4,5,0,0,0,0,0,0,0,0,5,0,2,1,1,0,0,0,0,0,0,0,1,1,1,0,0,0,3,0,0,2,3,30108000,Serbian Orthodox Church
Serbian Orthodox Church,352101,3,0,0,0,0,0,0,1,0,0,5,0,10,10,0,3,0,1,0,0,1,0,0,1,1,1,0,0,0,0,1,0,0,0,7,8,10,0,0,0,0,0,0,0,0,0,0,0,0,0,0,0,0,0,3,3,2,1,1,8,3,1,1,1,9,6,1,10,7,9,8,7,3,0,0,10,7,7,0,0,0,0,0,0,0,0,1,0,4,1,1,0,0,0,0,0,0,0,0,0,0,0,0,0,3,0,0,1,3,30108000,Serbian Orthodox Church
Seventh-day Adventist Church,43012,4,0,0,0,0,0,0,1,0,0,8,0,3,7,0,0,0,1,0,0,0,1,1,0,0,0,0,0,0,0,2,0,0,0,7,5,8,0,1,0,0,0,0,0,0,0,0,0,0,0,0,0,0,0,3,1,2,2,0,6,1,1,1,1,8,7,5,1,1,1,1,9,6,0,0,1,8,6,0,0,0,0,0,0,0,0,6,0,2,1,1,0,0,0,0,0,0,0,1,0,0,0,0,0,2,0,0,4,2,20805020,Seventh-day Adventist Church
Seventh-day Adventist Church,87401,0,2,0,0,0,0,0,0,0,0,10,0,9,9,0,0,0,0,0,1,0,0,1,0,1,1,1,0,0,0,1,0,1,0,9,9,0,10,0,0,0,0,0,0,0,0,0,0,0,0,0,0,0,0,2,3,0,0,0,1,0,0,0,0,0,1,1,1,1,1,1,1,1,0,0,0,2,0,0,0,0,0,1,0,0,0,9,0,0,0,2,0,0,0,0,0,0,0,0,0,0,0,0,0,0,0,0,4,2,20805020,Seventh-day Adventist Church
Seventh-day Adventist Church,311104,1,0,0,0,0,0,0,1,0,0,10,0,8,4,0,9,1,1,1,1,0,0,0,0,1,0,0,0,0,0,2,0,0,0,5,10,1,0,1,1,1,0,0,0,0,0,0,0,0,0,0,0,0,0,2,2,2,2,3,4,3,4,5,7,8,3,2,5,6,4,8,4,4,0,0,5,4,2,0,0,0,0,0,0,0,0,8,0,2,1,1,0,0,0,0,0,0,0,1,1,1,0,0,0,2,0,0,2,2,20805020,Seventh-day Adventist Church
Seventh-day Adventist Church,303002,1,1,0,0,0,0,0,0,0,0,6,0,5,5,4,0,0,0,0,1,0,1,0,0,1,1,1,0,0,0,2,0,5,0,6,10,5,7,0,0,0,0,10,0,0,0,0,0,0,0,0,0,1,0,3,3,0,0,0,0,0,0,0,0,0,0,0,0,0,0,0,0,0,0,0,0,2,0,0,0,0,0,1,0,0,0,5,0,0,0,0,0,4,4,4,2,0,0,0,0,0,0,0,1,0,0,0,4,2,20805020,Seventh-day Adventist Church
Seventh-day Adventist Church,308962,1,1,0,0,0,0,0,1,1,0,10,2,0,0,0,0,0,1,0,1,0,1,0,0,1,0,1,0,0,0,2,1,0,1,10,6,0,0,1,1,1,1,0,1,1,0,0,0,0,1,0,0,0,0,2,4,0,0,0,1,0,0,0,0,1,1,1,1,1,1,1,1,1,0,0,0,1,0,0,0,0,0,1,1,0,0,0,0,0,1,0,0,1,1,4,1,0,0,1,1,1,0,0,0,0,0,0,0,2,20805020,Seventh-day Adventist Church
Seventh-day Adventist Church,42976,1,0,0,0,0,0,0,1,0,0,9,0,5,5,0,8,1,0,1,1,1,0,0,0,1,0,0,0,0,0,2,0,0,0,6,6,3,0,1,1,1,0,0,0,0,0,0,0,0,0,0,0,0,0,3,3,2,5,1,1,1,4,1,1,4,3,1,2,3,2,2,6,1,0,0,2,2,3,0,0,0,0,0,0,0,0,7,0,3,0,0,0,0,0,0,0,0,0,1,1,1,0,0,0,3,0,0,4,2,20805020,Seventh-day Adventist Church
Seventh-day Adventist Church,43157,1,0,0,0,0,0,0,1,0,0,10,0,7,3,0,8,1,0,0,1,0,1,1,0,0,0,1,0,0,0,2,0,0,0,10,8,2,0,0,1,1,0,0,0,0,0,0,0,0,0,0,0,0,0,4,4,1,4,1,2,1,1,1,1,1,1,1,1,1,1,1,2,1,0,0,1,6,1,0,0,0,0,0,0,0,0,8,0,2,1,2,0,0,0,0,0,0,0,0,1,1,0,0,0,2,0,0,4,2,20805020,Seventh-day Adventist Church
Seventh-day Adventist Church,256154,1,1,0,0,0,0,0,0,0,0,9,0,8,8,8,0,0,0,0,1,1,0,1,1,0,0,1,0,0,0,1,0,8,0,9,8,5,7,0,0,0,0,8,0,0,0,0,0,0,1,0,0,0,0,3,3,0,0,0,6,0,0,0,0,6,7,5,5,5,5,5,5,5,0,0,0,7,0,0,0,0,0,0,0,0,0,8,0,0,0,1,0,5,1,4,4,0,0,0,0,0,0,0,0,0,0,0,2,2,20805020,Seventh-day Adventist Church
Seventh-day Adventist Church,303695,1,2,0,0,0,0,0,0,0,0,7,0,7,9,5,0,0,1,0,1,1,1,0,0,1,0,0,0,0,0,2,0,4,0,8,6,0,7,0,0,0,0,8,0,0,0,0,0,0,1,0,0,1,0,3,4,0,0,0,0,0,0,0,0,0,0,0,0,0,0,0,0,0,0,0,0,2,0,0,0,0,0,1,0,0,0,3,3,0,0,2,0,4,2,2,4,0,0,0,0,0,0,0,0,0,0,0,3,2,20805020,Seventh-day Adventist Church
Seventh-day Adventist Church,301772,2,3,0,0,0,0,0,1,1,0,10,2,0,0,0,0,0,1,0,1,0,1,1,0,1,0,0,0,0,0,2,1,0,2,5,7,0,0,1,1,1,0,0,1,1,0,0,0,0,1,1,1,1,0,2,3,0,0,0,7,0,0,0,0,1,1,1,1,1,1,1,0,1,0,0,0,3,0,0,0,0,0,1,1,0,0,0,0,0,1,0,0,0,0,0,0,0,0,1,1,1,0,0,0,0,0,0,0,2,20805020,Seventh-day Adventist Church
Seventh-day Adventist Church,301659,1,1,0,0,0,0,0,1,1,0,10,2,0,0,0,0,0,0,1,1,0,0,0,1,0,1,1,0,0,0,2,1,0,2,4,10,0,0,1,1,1,1,0,1,1,0,0,0,0,1,1,1,1,0,3,2,0,0,0,10,0,0,0,0,10,1,1,1,1,1,1,0,1,0,0,0,6,0,0,0,0,0,1,1,0,0,0,0,0,1,0,0,0,0,0,0,0,0,1,1,1,0,0,0,0,0,0,0,2,20805020,Seventh-day Adventist Church
Seventh-day Adventist Church,316852,1,2,0,0,0,0,0,1,1,0,10,2,0,0,0,0,0,0,0,1,1,1,0,0,1,0,1,0,0,0,1,2,0,1,10,5,0,0,1,1,1,1,0,1,1,0,0,0,0,1,1,0,1,0,3,3,0,0,0,1,0,0,0,0,1,1,1,1,0,1,5,1,1,0,0,0,1,0,0,0,0,0,1,1,0,0,0,0,0,1,0,0,1,2,2,4,0,0,1,1,1,0,0,0,0,0,0,0,2,20805020,Seventh-day Adventist Church
Seventh-day Adventist Church,256157,1,3,0,0,0,0,0,0,0,0,10,0,10,9,8,0,0,0,1,1,0,1,0,0,0,0,0,0,0,0,2,0,9,0,5,8,8,9,0,0,0,0,1,0,0,0,0,0,0,1,0,1,0,0,2,2,0,0,0,10,0,0,0,0,10,10,10,10,10,10,8,0,10,0,0,0,1,0,0,0,0,0,1,0,0,0,10,0,0,0,2,0,5,5,4,4,0,0,0,0,0,0,0,0,0,0,0,4,2,20805020,Seventh-day Adventist Church
Seventh-day Adventist Church,396981,1,0,0,0,0,0,0,0,0,0,4,0,5,7,0,4,1,0,1,1,0,1,0,0,0,0,1,0,0,0,2,0,0,0,10,10,10,0,1,1,1,0,0,0,0,0,0,0,0,0,0,0,0,0,3,3,3,3,8,6,2,5,10,6,4,9,2,3,8,1,7,6,5,0,0,6,6,6,0,0,0,0,0,0,0,0,2,0,3,1,1,0,0,0,0,0,0,0,1,1,1,0,0,0,1,0,0,4,2,20805020,Seventh-day Adventist Church
Seventh-day Adventist Church,87850,0,1,0,0,0,0,0,0,0,0,10,0,9,9,10,0,0,0,0,1,0,1,0,1,1,0,1,0,0,0,2,0,1,0,8,8,10,1,0,0,0,0,0,0,0,0,0,0,0,0,0,0,1,0,4,4,0,0,0,1,0,0,0,0,0,1,1,1,1,5,10,10,1,0,0,0,8,0,0,0,0,0,1,0,0,0,7,0,0,0,0,0,0,0,0,0,0,0,0,0,0,0,0,0,0,0,0,3,2,20805020,Seventh-day Adventist Church
Seventh-day Adventist Church,42981,1,0,0,0,0,0,0,1,0,0,8,0,5,3,0,8,1,1,1,1,0,0,1,0,0,0,0,0,0,0,2,0,0,0,9,10,1,0,1,1,1,0,0,0,0,0,0,0,0,0,0,0,0,0,3,3,2,2,2,5,1,4,2,5,6,2,6,5,5,1,5,1,1,0,0,4,3,2,0,0,0,0,0,0,0,0,8,0,3,1,2,0,0,0,0,0,0,0,1,1,1,0,0,0,2,0,0,3,2,20805020,Seventh-day Adventist Church
Seventh-day Adventist Church,88500,0,1,0,0,0,0,0,0,0,0,10,0,1,1,10,0,0,1,0,0,1,0,1,0,0,1,1,0,0,0,2,0,5,0,5,10,10,1,0,0,0,0,0,0,0,0,0,0,0,0,0,0,1,0,3,3,0,0,0,1,0,0,0,0,0,1,1,1,1,1,1,1,1,0,0,0,2,0,0,0,0,0,1,0,0,0,10,3,0,0,2,0,0,0,0,0,0,0,0,0,0,0,0,0,0,0,0,1,2,20805020,Seventh-day Adventist Church
Seventh-day Adventist Church,87023,0,1,0,0,0,0,0,0,0,0,10,0,9,10,9,0,0,0,0,1,0,1,1,0,1,1,0,0,0,0,2,0,4,0,8,5,3,9,0,0,0,0,0,0,0,0,0,0,0,0,0,0,0,0,2,3,0,0,0,2,0,0,0,0,0,1,1,1,2,1,5,1,1,0,0,0,1,0,0,0,0,0,1,0,0,0,10,3,0,0,2,0,0,0,0,0,0,0,0,0,0,0,0,0,0,0,0,3,2,20805020,Seventh-day Adventist Church
Seventh-day Adventist Church,300729,1,2,0,0,0,0,0,1,1,0,4,2,0,0,0,0,1,0,1,0,0,0,1,0,1,0,1,0,2,4,1,0,0,2,6,9,10,2,0,1,1,1,0,2,2,0,0,0,0,0,1,0,0,2,3,2,0,0,0,3,0,0,0,0,2,3,3,2,2,5,4,4,3,0,0,0,2,0,0,0,0,0,0,0,0,0,0,0,0,0,0,0,0,0,0,0,1,0,0,1,1,0,0,0,0,0,0,0,2,20805020,Seventh-day Adventist Church
Seventh-day Adventist Church,89474,0,1,0,0,0,0,0,0,0,0,10,0,8,5,10,0,0,0,0,1,0,1,1,0,1,0,1,0,0,0,2,0,4,0,10,10,1,5,0,0,0,0,0,0,0,0,0,0,0,0,0,0,1,0,3,4,0,0,0,1,0,0,0,0,0,1,1,1,1,1,1,1,1,0,0,0,1,0,0,0,0,0,1,0,0,0,2,3,0,0,2,0,0,0,0,0,0,0,0,0,0,0,0,0,0,0,0,2,2,20805020,Seventh-day Adventist Church
Seventh-day Adventist Church,317151,1,1,0,0,0,0,0,1,0,0,10,2,0,0,0,0,0,0,0,1,0,1,0,0,1,0,1,0,0,0,2,2,0,1,10,6,0,0,1,0,1,0,0,1,1,0,0,0,0,1,0,0,0,0,4,3,0,0,0,2,0,0,0,0,2,1,1,2,0,2,6,2,1,0,0,0,1,0,0,0,0,0,0,1,0,0,0,0,0,1,0,0,2,3,0,0,0,0,1,0,1,0,0,0,0,0,0,0,2,20805020,Seventh-day Adventist Church
Seventh-day Adventist Church,303982,1,1,0,0,0,0,0,0,0,0,10,0,9,9,9,0,0,1,0,1,0,1,0,0,1,0,1,0,0,0,2,0,7,0,10,10,2,9,0,0,0,0,9,0,0,0,0,0,0,1,0,0,0,0,3,3,0,0,0,0,0,0,0,0,0,0,0,0,0,0,0,0,0,0,0,0,2,0,0,0,0,0,1,0,0,0,9,3,0,0,2,0,2,2,2,2,0,0,0,0,0,0,0,0,0,0,0,2,2,20805020,Seventh-day Adventist Church
Seventh-day Adventist Church,308508,1,1,0,0,0,0,0,1,1,0,10,2,0,0,0,0,0,0,1,1,1,0,0,0,1,1,0,0,0,0,2,2,0,1,1,9,0,0,1,1,1,1,0,1,1,0,0,0,0,1,1,0,0,0,2,2,0,0,0,2,0,0,0,0,3,3,2,4,3,1,1,2,1,0,0,0,2,0,0,0,0,0,1,2,0,0,0,0,0,1,0,0,2,2,2,3,0,0,1,1,1,0,0,0,0,0,0,0,2,20805020,Seventh-day Adventist Church
Seventh-day Adventist Church,51455,1,1,0,0,0,0,0,1,1,0,9,2,0,0,0,0,0,0,0,1,0,0,0,1,1,1,1,0,0,0,1,1,0,1,8,3,0,0,1,1,1,1,0,2,1,0,0,0,0,1,0,0,0,0,4,4,0,0,0,1,0,0,0,0,4,2,1,1,1,1,3,5,1,0,0,0,2,0,0,0,0,0,1,1,0,0,0,0,0,1,0,0,2,4,1,4,0,0,1,1,1,0,0,0,0,0,0,0,2,20805020,Seventh-day Adventist Church
Seventh-day Adventist Church,42259,1,0,0,0,0,0,0,1,0,0,10,0,5,6,0,1,1,0,0,1,0,1,1,0,0,0,1,0,0,0,2,0,0,0,5,5,5,0,1,1,1,0,0,0,0,0,0,0,0,0,0,0,0,0,3,3,2,3,1,5,4,1,3,2,6,1,1,5,1,1,5,7,1,0,0,5,1,1,0,0,0,0,0,0,0,0,5,0,2,1,1,0,0,0,0,0,0,0,1,1,1,0,0,0,2,0,0,2,2,20805020,Seventh-day Adventist Church
Seventh-day Adventist Church,303987,1,2,0,0,0,0,0,0,0,0,10,0,4,8,5,0,0,0,1,1,0,1,0,0,1,0,1,0,0,0,2,0,7,0,7,8,4,4,0,0,0,0,6,0,0,0,0,0,0,1,0,0,0,0,3,0,0,0,0,0,0,0,0,0,0,0,0,0,0,0,0,0,0,0,0,0,2,0,0,0,0,0,1,0,0,0,3,0,0,0,1,0,2,2,2,4,0,0,0,0,0,0,0,0,0,0,0,4,2,20805020,Seventh-day Adventist Church
Seventh-day Adventist Church,107271,1,1,0,0,0,0,0,1,1,0,10,2,0,0,0,0,0,0,0,0,0,0,0,0,0,0,0,0,4,3,1,0,0,1,6,7,10,6,1,1,1,1,0,0,0,0,0,0,0,1,0,0,2,3,0,0,0,0,0,1,0,0,0,0,1,1,1,1,1,1,7,1,1,0,0,0,1,0,1,0,0,0,0,0,0,0,0,0,0,0,2,0,0,0,0,0,1,0,1,1,1,0,0,0,0,0,0,0,2,20805020,Seventh-day Adventist Church
Seventh-day Adventist Church,43004,3,0,0,0,0,0,0,1,0,0,10,0,10,9,0,5,1,0,1,1,0,1,0,0,0,0,1,0,0,0,2,0,0,0,8,7,2,0,1,1,1,0,0,0,0,0,0,0,0,0,0,0,0,0,3,3,3,5,2,7,1,1,1,1,6,3,1,0,1,1,1,0,1,0,0,6,4,4,0,0,0,0,0,0,0,0,9,0,1,1,1,0,0,0,0,0,0,0,1,1,1,0,0,0,2,0,0,4,2,20805020,Seventh-day Adventist Church
Seventh-day Adventist Church,310505,1,0,0,0,0,0,0,1,0,0,10,0,4,9,0,8,1,0,0,1,0,1,1,0,1,0,0,0,0,0,2,0,0,0,10,9,4,0,1,1,1,0,0,0,0,0,0,0,0,0,0,0,0,0,3,3,3,3,5,8,7,7,7,5,6,7,7,5,5,6,6,7,6,0,0,6,7,1,0,0,0,0,0,0,0,0,3,0,3,0,0,0,0,0,0,0,0,0,1,1,1,0,0,0,3,0,0,3,2,20805020,Seventh-day Adventist Church
Seventh-day Adventist Church,303166,1,1,0,0,0,0,0,0,0,0,10,0,4,5,7,0,0,0,0,1,0,1,0,0,1,1,1,0,0,0,2,0,2,0,8,10,4,9,0,0,0,0,1,0,0,0,0,0,0,1,0,0,0,0,3,4,0,0,0,0,0,0,0,0,0,0,0,0,0,0,0,0,0,0,0,0,1,0,0,0,0,0,1,0,0,0,1,0,0,0,2,0,1,1,1,1,0,0,0,0,0,0,0,0,0,0,0,2,2,20805020,Seventh-day Adventist Church
Seventh-day Adventist Church,258646,1,2,0,0,0,0,0,1,0,0,10,0,1,10,0,1,0,0,1,1,0,0,0,0,1,1,1,0,0,0,2,0,1,0,10,10,1,1,0,1,0,0,0,0,0,0,0,0,0,0,0,0,0,0,4,4,2,0,0,10,1,1,1,0,1,1,1,2,1,1,10,1,5,0,0,10,7,2,0,0,0,0,0,0,0,0,10,3,4,0,0,0,0,0,0,0,0,0,0,1,0,0,0,0,2,1,4,2,2,20805020,Seventh-day Adventist Church
Seventh-day Adventist Church,89397,0,1,0,0,0,0,0,0,0,0,10,0,10,10,9,0,0,0,0,1,0,1,1,0,1,0,1,0,0,0,2,0,2,0,8,8,1,10,0,0,0,0,0,0,0,0,0,0,0,0,0,0,0,0,3,4,0,0,0,1,0,0,0,0,0,1,1,1,1,1,1,1,1,0,0,0,1,0,0,0,0,0,1,0,0,0,7,0,0,0,2,0,0,0,0,0,0,0,0,0,0,0,0,0,0,0,0,2,2,20805020,Seventh-day Adventist Church
Seventh-day Adventist Church,303805,2,4,0,0,0,0,0,0,0,0,9,0,10,10,8,0,0,0,1,0,0,0,0,0,0,0,0,0,0,0,1,0,1,0,10,9,1,0,0,0,0,0,10,0,0,0,0,0,0,1,0,1,2,0,1,3,0,0,0,0,0,0,0,0,0,0,0,0,0,0,0,0,0,0,0,0,8,0,0,0,0,0,1,0,0,0,9,0,0,0,0,0,2,4,1,4,0,0,0,0,0,0,0,0,0,0,0,2,2,20805020,Seventh-day Adventist Church
Seventh-day Adventist Church,308542,1,1,0,0,0,0,0,1,1,0,10,2,0,0,0,0,0,1,1,0,0,1,0,1,0,1,0,0,0,0,2,2,0,1,10,6,0,0,1,1,1,1,0,2,1,0,0,0,0,1,1,0,0,0,1,1,0,0,0,1,0,0,0,0,1,1,10,10,10,9,9,3,3,0,0,0,2,0,0,0,0,0,1,1,0,0,0,0,0,0,0,0,1,1,1,2,0,0,1,1,1,0,0,0,0,0,0,0,2,20805020,Seventh-day Adventist Church
Seventh-day Adventist Church,110735,1,1,0,0,0,0,0,1,0,0,10,0,9,9,0,3,0,1,0,1,0,1,1,1,0,0,0,0,0,0,2,0,2,0,7,8,3,7,0,1,0,0,0,0,0,0,0,0,0,0,0,0,0,0,3,3,1,0,0,2,1,1,1,0,2,1,1,1,1,1,1,1,1,0,0,1,1,1,0,0,0,0,0,0,0,0,4,3,4,0,1,0,0,0,0,0,0,0,0,1,0,0,0,1,3,3,3,3,2,20805020,Seventh-day Adventist Church
Seventh-day Adventist Church,43416,1,0,0,0,0,0,0,1,0,0,10,0,5,6,0,5,1,0,0,1,1,0,0,0,1,0,1,0,0,0,1,0,0,0,7,8,4,0,1,0,1,0,0,0,0,0,0,0,0,0,0,0,0,0,3,3,2,2,2,5,6,2,4,4,5,7,3,3,4,2,5,3,3,0,0,5,6,1,0,0,0,0,0,0,0,0,5,0,1,1,1,0,0,0,0,0,0,0,1,0,1,0,0,1,2,0,0,2,2,20805020,Seventh-day Adventist Church
Seventh-day Adventist Church,408541,1,0,0,0,0,0,0,1,0,0,10,0,5,2,0,5,0,1,1,0,0,1,0,1,1,0,0,0,0,0,2,0,0,0,7,10,5,0,0,1,1,0,0,0,0,0,0,0,0,0,0,0,0,0,4,4,3,3,1,1,1,1,1,1,1,1,1,1,1,5,5,1,1,0,0,1,1,1,0,0,0,0,0,0,0,0,9,0,3,1,2,0,0,0,0,0,0,0,0,1,1,0,0,0,4,0,0,2,2,20805020,Seventh-day Adventist Church
Seventh-day Adventist Church,110519,1,3,0,0,0,0,0,1,0,0,10,0,6,6,0,5,0,0,1,0,0,0,1,0,1,1,1,0,0,0,2,0,4,0,5,6,6,6,0,0,0,0,0,0,0,0,0,0,0,0,0,0,0,0,3,0,3,0,0,3,1,3,2,0,5,1,1,3,4,4,6,0,1,0,0,5,3,3,0,0,0,0,0,0,0,0,5,3,2,0,0,0,0,0,0,0,0,0,0,0,0,0,0,0,2,3,3,2,2,20805020,Seventh-day Adventist Church
Seventh-day Adventist Church,256115,1,2,0,0,0,0,0,0,0,0,10,0,0,1,0,0,0,0,0,0,0,0,0,0,0,0,1,0,0,0,2,0,0,0,0,10,1,1,0,0,0,0,1,0,0,0,0,0,0,1,0,1,0,0,3,3,0,0,0,1,0,0,0,0,10,1,1,1,1,1,1,1,1,0,0,0,1,0,0,0,0,0,1,0,0,0,0,0,0,0,2,0,4,3,2,4,0,0,0,0,0,0,0,0,0,0,0,3,2,20805020,Seventh-day Adventist Church
Seventh-day Adventist Church,51656,1,2,0,0,0,0,0,1,1,0,10,2,0,0,0,0,0,1,1,1,0,1,1,0,0,0,0,0,0,0,2,1,0,2,3,5,0,0,1,1,1,1,0,2,1,0,0,0,0,1,0,0,0,0,3,3,0,0,0,1,0,0,0,0,1,1,1,1,1,1,1,1,1,0,0,0,3,0,0,0,0,0,1,1,0,0,0,0,0,1,0,0,3,3,2,3,0,0,1,1,1,0,0,0,0,0,0,0,2,20805020,Seventh-day Adventist Church
Seventh-day Adventist Church,42520,3,0,0,0,0,0,0,1,0,0,10,0,1,1,0,10,1,1,0,0,0,1,0,1,1,0,0,0,0,0,2,0,0,0,10,10,10,0,1,1,1,0,0,0,0,0,0,0,0,0,0,0,0,0,1,1,1,4,1,1,1,5,5,1,5,1,1,1,1,5,5,7,1,0,0,10,7,1,0,0,0,0,0,0,0,0,10,0,1,1,1,0,0,0,0,0,0,0,1,1,1,0,0,0,2,0,0,4,2,20805020,Seventh-day Adventist Church
Seventh-day Adventist Church,87394,0,1,0,0,0,0,0,0,0,0,10,0,5,7,2,0,0,0,0,1,0,1,0,0,1,1,1,0,0,0,2,0,4,0,8,10,8,9,0,0,0,0,0,0,0,0,0,0,0,0,0,0,0,0,3,3,0,0,0,1,0,0,0,0,0,1,1,1,1,1,1,1,1,0,0,0,1,0,0,0,0,0,1,0,0,0,9,3,0,0,2,0,0,0,0,0,0,0,0,0,0,0,0,0,0,0,0,3,2,20805020,Seventh-day Adventist Church
Seventh-day Adventist Church,303995,1,0,0,0,0,0,0,0,0,0,10,0,6,10,10,0,0,0,0,1,0,0,0,1,1,0,1,0,0,0,2,0,10,0,5,9,1,10,0,0,0,0,10,0,0,0,0,0,0,1,0,0,1,0,3,3,0,0,0,0,0,0,0,0,0,0,0,0,0,0,0,0,0,0,0,0,2,0,0,0,0,0,1,0,0,0,10,3,0,0,2,0,2,2,2,4,0,0,0,0,0,0,0,0,0,0,0,2,2,20805020,Seventh-day Adventist Church
Seventh-day Adventist Church,301242,1,1,0,0,0,0,0,1,0,0,6,1,0,0,0,0,0,0,0,1,0,0,1,1,0,1,1,0,0,0,1,1,0,1,5,3,0,0,0,0,1,0,0,1,2,0,0,0,0,1,0,1,1,0,2,2,0,0,0,4,0,0,0,0,2,4,2,3,7,2,5,0,3,0,0,0,0,0,0,0,0,0,1,3,0,0,0,0,0,0,0,0,0,0,0,0,0,0,0,0,1,0,0,0,0,0,0,0,2,20805020,Seventh-day Adventist Church
Seventh-day Adventist Church,307414,1,1,0,0,0,0,0,1,0,0,10,1,0,0,0,0,1,1,0,0,0,0,0,1,1,1,0,0,1,2,2,0,0,1,9,10,1,10,1,1,1,1,0,1,1,0,0,0,0,1,1,0,0,2,2,3,0,0,0,9,0,0,0,0,1,1,10,1,1,1,1,1,1,0,0,0,2,0,1,0,0,0,0,0,0,0,0,0,0,0,2,0,0,0,0,0,1,0,1,1,1,0,0,0,0,0,0,0,2,20805020,Seventh-day Adventist Church
Seventh-day Adventist Church,302162,1,1,0,0,0,0,0,1,1,0,10,2,0,0,0,0,0,0,1,1,1,1,0,0,1,0,1,0,0,0,2,1,0,1,10,8,0,0,1,1,1,1,0,1,1,0,0,0,0,1,1,0,1,0,2,3,0,0,0,1,0,0,0,0,1,1,1,1,1,1,1,0,1,0,0,0,2,0,0,0,0,0,0,1,0,0,0,0,0,0,0,0,0,0,0,0,0,0,1,1,1,0,0,0,0,0,0,0,2,20805020,Seventh-day Adventist Church
Seventh-day Adventist Church,302894,1,2,0,0,0,0,0,0,0,0,9,0,5,5,6,0,0,1,1,1,0,1,0,0,0,0,1,0,0,0,2,0,2,0,5,4,5,6,0,0,0,0,5,0,0,0,0,0,0,1,0,0,2,0,3,3,0,0,0,0,0,0,0,0,0,0,0,0,0,0,0,0,0,0,0,0,1,0,0,0,0,0,1,0,0,0,9,0,0,0,2,0,2,2,2,2,0,0,0,0,0,0,0,0,0,0,0,4,2,20805020,Seventh-day Adventist Church
Seventh-day Adventist Church,87277,0,1,0,0,0,0,0,0,0,0,10,0,8,10,3,0,0,1,0,1,0,1,1,0,0,1,0,0,0,0,1,0,7,0,7,9,10,9,0,0,0,0,0,0,0,0,0,0,0,0,0,0,1,0,3,1,0,0,0,1,0,0,0,0,0,1,1,1,1,1,1,1,1,0,0,0,3,0,0,0,0,0,1,0,0,0,10,3,0,0,0,0,0,0,0,0,0,0,0,0,0,0,0,0,0,0,0,2,2,20805020,Seventh-day Adventist Church
Seventh-day Adventist Church,303948,1,0,0,0,0,0,0,0,0,0,10,0,0,0,0,0,0,0,1,1,0,0,0,0,0,1,0,0,0,0,2,0,0,0,5,7,0,0,0,0,0,0,10,0,0,0,0,0,0,1,0,0,0,0,0,0,0,0,0,0,0,0,0,0,0,0,0,0,0,0,0,0,0,0,0,0,2,0,0,0,0,0,1,0,0,0,0,3,0,0,0,0,0,0,0,0,0,0,0,0,0,0,0,0,0,0,0,2,2,20805020,Seventh-day Adventist Church
Seventh-day Adventist Church,301456,3,1,0,0,0,0,0,1,1,0,10,2,0,0,0,0,0,1,0,1,0,0,0,0,1,0,1,0,0,0,2,1,0,2,10,10,0,0,0,1,1,1,0,1,1,0,0,0,0,1,0,0,0,0,3,3,0,0,0,1,0,0,0,0,1,1,1,1,1,1,1,0,1,0,0,0,2,0,0,0,0,0,1,1,0,0,0,0,0,0,0,0,0,0,0,0,0,0,0,1,1,0,0,0,0,0,0,0,2,20805020,Seventh-day Adventist Church
Shia,186971,1,1,0,0,0,0,0,0,0,0,10,0,0,0,0,0,0,0,1,1,0,0,0,1,1,0,1,0,0,0,2,0,3,0,6,6,3,5,0,0,0,0,6,0,0,0,0,0,0,1,0,0,0,0,4,4,0,0,0,1,0,0,0,0,1,1,1,1,1,1,1,1,1,0,0,0,3,0,0,0,0,0,1,0,0,0,0,0,0,0,0,0,4,3,1,4,0,0,0,0,0,0,0,1,0,0,0,0,5,50202000,Shia
Shia,188908,1,3,0,0,0,0,0,0,0,0,10,0,0,0,0,0,0,1,1,1,0,1,0,0,1,0,0,0,0,0,2,0,1,0,1,2,1,5,0,0,0,0,3,0,0,0,0,0,0,1,0,1,0,0,2,2,0,0,0,7,0,0,0,0,8,8,8,8,8,9,8,6,9,0,0,0,8,0,0,0,0,0,1,0,0,0,0,0,0,0,0,0,1,2,1,2,0,0,0,0,0,0,0,1,0,0,0,0,5,50202000,Shia
Shia,186895,2,1,0,0,0,0,0,0,0,0,10,0,0,0,0,0,0,1,1,1,0,0,1,0,0,0,0,0,0,0,2,0,1,0,5,10,1,1,0,0,0,0,10,0,0,0,0,0,0,1,0,0,0,0,1,3,0,0,0,6,0,0,0,0,1,1,1,1,1,1,1,10,1,0,0,0,2,0,0,0,0,0,1,0,0,0,0,0,0,0,0,0,1,1,4,2,0,0,0,0,0,0,0,0,0,0,0,0,5,50202000,Shia
Shia,191163,1,4,0,0,0,0,0,1,1,0,10,0,0,0,0,0,1,1,0,1,0,1,0,0,1,0,0,0,0,0,2,2,0,0,7,7,0,0,1,1,1,1,0,0,0,0,0,0,0,0,1,0,0,0,1,3,0,0,0,0,0,0,0,0,0,0,1,0,0,1,1,0,0,1,0,0,8,0,0,0,0,0,0,1,0,0,0,0,0,0,0,0,0,0,0,0,0,0,1,1,1,0,0,0,0,0,0,0,5,50202000,Shia
Shia,187736,1,2,0,0,0,0,0,0,0,0,10,0,0,0,0,0,0,0,1,1,0,1,0,0,1,1,0,0,0,0,2,0,3,0,7,7,1,3,0,0,0,0,2,0,0,0,0,0,0,1,0,0,0,0,3,3,0,0,0,8,0,0,0,0,1,1,1,1,1,3,2,1,1,0,0,0,1,0,0,0,0,0,1,0,0,0,0,0,0,0,0,0,1,1,2,2,0,0,0,0,0,0,0,1,0,0,0,0,5,50202000,Shia
Shia,186401,1,1,0,0,0,0,0,0,0,0,9,0,0,0,0,0,0,1,1,1,0,1,0,0,1,0,0,0,0,0,2,0,10,0,5,10,1,1,0,0,0,0,2,0,0,0,0,0,0,1,0,0,0,0,4,1,0,0,0,10,0,0,0,0,1,1,1,1,1,1,1,6,1,0,0,0,4,0,0,0,0,0,1,0,0,0,0,0,0,0,2,0,2,3,1,3,0,0,0,0,0,0,0,0,0,0,0,0,5,50202000,Shia
Shia,187301,1,1,0,0,0,0,0,0,0,0,10,0,0,0,0,0,0,1,0,1,0,1,0,1,1,0,0,0,0,0,2,0,9,0,1,1,9,2,0,0,0,0,2,0,0,0,0,0,0,1,0,1,0,0,3,3,0,0,0,1,0,0,0,0,1,1,1,1,1,5,5,1,1,0,0,0,2,0,0,0,0,0,1,0,0,0,0,0,0,0,0,0,1,4,2,3,0,0,0,0,0,0,0,0,0,0,0,0,5,50202000,Shia
Shia,187203,2,2,0,0,0,0,0,0,0,0,10,0,0,0,0,0,0,0,1,1,0,0,1,0,0,1,1,0,0,0,2,0,3,0,4,7,3,5,0,0,0,0,7,0,0,0,0,0,0,1,0,0,0,0,2,2,0,0,0,10,0,0,0,0,1,1,5,1,1,5,2,1,1,0,0,0,8,0,0,0,0,0,1,0,0,0,0,0,0,0,0,0,5,1,3,1,0,0,0,0,0,0,0,0,0,0,0,0,5,50202000,Shia
Shia,191457,1,2,0,0,0,0,0,1,0,0,10,0,0,0,0,0,1,0,0,1,0,1,0,0,1,0,0,0,0,0,2,2,0,0,6,8,0,0,0,1,1,1,0,0,0,0,0,0,0,0,1,0,0,0,1,1,0,0,0,0,0,0,0,0,0,0,1,0,0,1,1,0,0,1,0,0,4,0,0,0,0,0,0,1,0,0,0,0,0,0,0,0,5,4,2,0,0,0,0,1,1,0,0,1,0,0,0,0,5,50202000,Shia
Shia,188544,2,1,0,0,0,0,0,0,0,0,10,0,0,0,0,0,0,0,1,1,0,0,1,1,0,1,0,0,0,0,2,0,8,0,7,5,7,9,0,0,0,0,10,0,0,0,0,0,0,1,0,0,0,0,2,3,0,0,0,9,0,0,0,0,2,2,2,2,1,2,3,5,1,0,0,0,4,0,0,0,0,0,1,0,0,0,0,0,0,0,1,0,1,2,1,2,0,0,0,0,0,0,0,0,0,0,0,0,5,50202000,Shia
Shia,186359,1,1,0,0,0,0,0,0,0,0,10,0,0,0,0,0,0,1,0,1,0,1,1,0,1,0,0,0,0,0,2,0,6,0,7,7,4,6,0,0,0,0,2,0,0,0,0,0,0,1,0,0,0,0,2,4,0,0,0,4,0,0,0,0,3,4,5,9,8,8,8,3,7,0,0,0,1,0,0,0,0,0,1,0,0,0,0,0,0,0,0,0,1,2,1,2,0,0,0,0,0,0,0,0,0,0,0,0,5,50202000,Shia
Shia,188023,1,1,0,0,0,0,0,0,0,0,10,0,0,0,0,0,0,1,0,1,0,1,0,0,1,0,1,0,0,0,2,0,6,0,6,6,1,1,0,0,0,0,5,0,0,0,0,0,0,1,0,0,0,0,1,3,0,0,0,8,0,0,0,0,1,1,1,1,1,1,5,5,1,0,0,0,0,0,0,0,0,0,1,0,0,0,0,0,0,0,2,0,1,1,1,2,0,0,0,0,0,0,0,0,0,0,0,0,5,50202000,Shia
Shia,194212,1,0,0,0,0,0,0,0,0,0,10,0,0,0,0,0,0,1,0,0,0,1,0,0,1,1,1,0,0,0,1,0,0,0,2,7,0,0,0,0,0,0,0,0,0,0,0,0,0,0,0,0,0,0,1,1,0,0,0,0,0,0,0,0,0,0,1,0,0,1,1,0,0,0,0,0,8,0,0,0,0,0,0,0,0,0,0,0,0,0,0,0,1,4,3,0,0,0,0,0,0,0,0,1,0,0,0,0,5,50202000,Shia
Shia,188468,1,1,0,0,0,0,0,0,0,0,10,0,0,0,0,0,0,1,0,1,0,1,0,0,1,1,0,0,0,0,2,0,5,0,9,10,1,10,0,0,0,0,10,0,0,0,0,0,0,1,0,0,0,0,2,4,0,0,0,1,0,0,0,0,1,1,1,1,1,1,1,1,1,0,0,0,3,0,0,0,0,0,1,0,0,0,0,0,0,0,0,0,1,3,2,5,0,0,0,0,0,0,0,0,0,0,0,0,5,50202000,Shia
Shia,186399,1,2,0,0,0,0,0,0,0,0,10,0,0,0,0,0,0,0,1,1,0,1,0,1,0,1,0,0,0,0,2,0,10,0,9,10,1,10,0,0,0,0,10,0,0,0,0,0,0,1,0,0,0,0,2,2,0,0,0,3,0,0,0,0,2,1,2,2,2,2,2,2,2,0,0,0,2,0,0,0,0,0,1,0,0,0,0,0,0,0,0,0,1,2,2,4,0,0,0,0,0,0,0,1,0,0,0,0,5,50202000,Shia
Shia,188357,1,2,0,0,0,0,0,0,0,0,9,0,0,0,0,0,0,0,1,1,0,1,0,0,1,0,1,0,0,0,2,0,2,0,3,7,6,6,0,0,0,0,6,0,0,0,0,0,0,1,0,0,0,0,1,2,0,0,0,6,0,0,0,0,1,1,1,1,1,1,3,1,1,0,0,0,2,0,0,0,0,0,1,0,0,0,0,0,0,0,0,0,1,2,1,4,0,0,0,0,0,0,0,0,0,0,0,0,5,50202000,Shia
Shia,186370,1,1,0,0,0,0,0,0,0,0,10,0,0,0,0,0,0,1,1,1,1,1,0,1,0,0,1,0,0,0,2,0,2,0,10,8,1,1,0,0,0,0,7,0,0,0,0,0,0,1,0,0,0,0,2,1,0,0,0,1,0,0,0,0,1,1,1,1,1,1,1,4,1,0,0,0,8,0,0,0,0,0,1,0,0,0,0,0,0,0,0,0,1,5,1,5,0,0,0,0,0,0,0,0,0,0,0,0,5,50202000,Shia
Shia,192737,1,1,0,0,0,0,0,0,0,0,0,0,0,0,0,0,0,1,1,1,0,1,0,0,1,0,0,0,0,0,2,0,0,0,5,6,0,0,0,0,0,0,0,0,0,0,0,0,0,0,0,0,0,0,1,1,0,0,0,0,0,0,0,0,0,0,1,0,0,1,1,0,0,0,0,0,8,0,0,0,0,0,0,0,0,0,0,0,0,0,0,0,4,2,2,0,0,0,0,0,0,0,0,0,0,0,0,0,5,50202000,Shia
Shia,194505,1,1,0,0,0,0,0,0,0,0,10,0,0,0,0,0,0,1,1,1,0,0,0,0,1,0,1,0,0,0,2,0,0,0,5,8,0,0,0,0,0,0,0,0,0,0,0,0,0,0,0,0,0,0,1,4,0,0,0,0,0,0,0,0,0,0,1,0,0,1,1,0,0,0,0,0,2,0,0,0,0,0,0,0,0,0,0,0,0,0,0,0,1,3,1,0,0,0,0,0,0,0,0,1,0,0,0,0,5,50202000,Shia
Shia,188703,1,2,0,0,0,0,0,0,0,0,9,0,0,0,0,0,0,1,0,1,0,1,0,1,0,0,1,0,0,0,2,0,4,0,2,6,2,4,0,0,0,0,3,0,0,0,0,0,0,1,0,0,0,0,2,2,0,0,0,5,0,0,0,0,3,2,4,2,2,2,3,3,2,0,0,0,1,0,0,0,0,0,1,0,0,0,0,0,0,0,2,0,2,2,2,4,0,0,0,0,0,0,0,1,0,0,0,0,5,50202000,Shia
Shia,187497,1,1,0,0,0,0,0,0,0,0,10,0,0,0,0,0,0,1,0,1,0,1,0,0,1,0,1,0,0,0,2,0,2,0,2,10,1,9,0,0,0,0,6,0,0,0,0,0,0,1,0,0,0,0,3,3,0,0,0,5,0,0,0,0,2,2,1,1,1,1,5,1,1,0,0,0,1,0,0,0,0,0,1,0,0,0,0,0,0,0,1,0,1,1,1,4,0,0,0,0,0,0,0,1,0,0,0,0,5,50202000,Shia
Shia,187270,1,1,0,0,0,0,0,0,0,0,10,0,0,0,0,0,0,1,1,1,0,1,0,0,1,0,0,0,0,0,2,0,8,0,9,4,8,8,0,0,0,0,4,0,0,0,0,0,0,1,0,0,0,0,3,3,0,0,0,1,0,0,0,0,1,3,1,1,1,5,5,5,1,0,0,0,2,0,0,0,0,0,1,0,0,0,0,0,0,0,0,0,2,3,2,3,0,0,0,0,0,0,0,0,0,0,0,0,5,50202000,Shia
Shia,191683,1,1,0,0,0,0,0,1,1,0,10,0,0,0,0,0,1,0,0,1,0,1,0,0,1,0,1,0,0,0,2,1,0,0,7,4,0,0,1,1,1,1,0,0,0,0,0,0,0,0,1,0,0,0,2,4,0,0,0,0,0,0,0,0,0,0,1,0,0,1,1,0,0,1,0,0,4,0,0,0,0,0,0,1,0,0,0,0,0,0,0,0,1,5,1,0,0,0,1,1,1,0,0,1,0,0,0,0,5,50202000,Shia
Shia,188729,1,1,0,0,0,0,0,0,0,0,10,0,0,0,0,0,0,0,1,0,0,1,1,1,1,0,0,0,0,0,2,0,5,0,6,7,3,10,0,0,0,0,8,0,0,0,0,0,0,1,0,0,0,0,2,3,0,0,0,1,0,0,0,0,1,1,1,1,1,4,6,1,1,0,0,0,4,0,0,0,0,0,1,0,0,0,0,0,0,0,0,0,1,3,1,3,0,0,0,0,0,0,0,1,0,0,0,0,5,50202000,Shia
Shia,188446,3,1,0,0,0,0,0,0,0,0,4,0,0,0,0,0,0,1,0,1,1,0,0,0,0,0,0,0,0,0,2,0,1,0,1,10,8,9,0,0,0,0,9,0,0,0,0,0,0,1,0,1,1,0,3,3,0,0,0,1,0,0,0,0,4,1,1,1,1,6,5,1,5,0,0,0,8,0,0,0,0,0,1,0,0,0,0,0,0,0,0,0,4,1,4,4,0,0,0,0,0,0,0,0,0,0,0,0,5,50202000,Shia
Shia,194420,1,2,0,0,0,0,0,0,0,0,10,0,0,0,0,0,0,0,0,1,0,1,1,0,1,0,1,0,0,0,1,0,0,0,5,4,0,0,0,0,0,0,0,0,0,0,0,0,0,0,0,0,0,0,2,2,0,0,0,0,0,0,0,0,0,0,1,0,0,3,3,0,0,0,0,0,8,0,0,0,0,0,0,0,0,0,0,0,0,0,0,0,1,2,3,0,0,0,0,0,0,0,0,0,0,0,0,0,5,50202000,Shia
Shia,188260,1,1,0,0,0,0,0,0,0,0,10,0,0,0,0,0,0,1,0,1,0,0,0,0,1,1,1,0,0,0,2,0,4,0,8,7,1,8,0,0,0,0,10,0,0,0,0,0,0,1,0,0,0,0,1,4,0,0,0,1,0,0,0,0,1,1,1,1,1,1,4,1,1,0,0,0,2,0,0,0,0,0,1,0,0,0,0,0,0,0,1,0,1,1,1,4,0,0,0,0,0,0,0,0,0,0,0,0,5,50202000,Shia
Shia,187975,1,2,0,0,0,0,0,0,0,0,10,0,0,0,0,0,0,1,1,0,0,1,0,1,1,0,0,0,0,0,2,0,1,0,6,8,1,10,0,0,0,0,1,0,0,0,0,0,0,1,0,0,0,0,1,2,0,0,0,6,0,0,0,0,1,1,1,1,1,1,1,5,1,0,0,0,1,0,0,0,0,0,1,0,0,0,0,0,0,0,2,0,2,2,2,4,0,0,0,0,0,0,0,1,0,0,0,0,5,50202000,Shia
Shia,186899,1,1,0,0,0,0,0,0,0,0,10,0,0,0,0,0,0,1,1,1,1,0,0,0,1,0,0,0,0,0,1,0,1,0,9,10,1,10,0,0,0,0,10,0,0,0,0,0,0,1,0,0,0,0,2,2,0,0,0,1,0,0,0,0,9,10,1,1,1,1,1,1,1,0,0,0,4,0,0,0,0,0,1,0,0,0,0,0,0,0,2,0,1,1,1,5,0,0,0,0,0,0,0,0,0,0,0,0,5,50202000,Shia
Shia,293904,1,0,0,0,0,0,0,1,1,0,10,1,0,0,0,0,0,1,0,1,0,1,0,1,1,0,0,0,0,0,2,0,0,0,0,0,0,0,1,1,1,1,0,1,1,0,0,0,0,0,0,0,0,0,4,4,0,0,0,0,0,0,0,0,0,0,0,0,0,0,0,0,0,0,0,0,0,0,0,0,0,0,0,0,0,0,0,0,0,0,0,0,0,0,0,0,2,0,1,1,1,0,0,0,0,0,0,0,5,50202000,Shia
Shia,188056,1,1,0,0,0,0,0,0,0,0,10,0,0,0,0,0,0,1,1,1,0,1,1,1,1,1,1,0,0,0,2,0,5,0,8,8,3,3,0,0,0,0,8,0,0,0,0,0,0,1,0,0,0,0,3,3,0,0,0,8,0,0,0,0,1,1,1,1,1,1,1,1,1,0,0,0,4,0,0,0,0,0,1,0,0,0,0,0,0,0,1,0,1,4,1,4,0,0,0,0,0,0,0,1,0,0,0,0,5,50202000,Shia
Shia,186893,2,2,0,0,0,0,0,0,0,0,10,0,0,0,0,0,0,1,1,1,1,0,0,1,0,0,0,0,0,0,2,0,8,0,10,10,1,7,0,0,0,0,10,0,0,0,0,0,0,1,0,0,0,0,3,4,0,0,0,1,0,0,0,0,1,1,1,1,1,1,1,1,1,0,0,0,8,0,0,0,0,0,0,0,0,0,0,0,0,0,0,0,4,1,3,3,0,0,0,0,0,0,0,0,0,0,0,0,5,50202000,Shia
Shia,186977,1,2,0,0,0,0,0,0,0,0,10,0,0,0,0,0,0,1,1,1,1,0,0,0,1,0,0,0,0,0,1,0,6,0,10,8,1,6,0,0,0,0,6,0,0,0,0,0,0,1,0,0,0,0,2,4,0,0,0,1,0,0,0,0,1,1,1,1,1,1,5,1,1,0,0,0,1,0,0,0,0,0,1,0,0,0,0,0,0,0,2,0,1,2,1,1,0,0,0,0,0,0,0,0,0,0,0,0,5,50202000,Shia
Shia,187391,1,3,0,0,0,0,0,0,0,0,10,0,0,0,0,0,0,0,0,0,0,0,0,0,0,0,0,0,0,0,2,0,3,0,5,8,5,5,0,0,0,0,5,0,0,0,0,0,0,1,0,0,0,0,1,1,0,0,0,1,0,0,0,0,1,1,1,1,1,1,1,1,1,0,0,0,1,0,0,0,0,0,1,0,0,0,0,0,0,0,0,0,1,1,2,4,0,0,0,0,0,0,0,1,0,0,0,0,5,50202000,Shia
Shia,188557,1,2,0,0,0,0,0,0,0,0,9,0,0,0,0,0,0,0,0,1,1,0,0,0,1,1,1,0,0,0,2,0,6,0,7,7,4,6,0,0,0,0,6,0,0,0,0,0,0,1,0,0,0,0,2,2,0,0,0,3,0,0,0,0,2,1,1,1,1,5,2,3,2,0,0,0,3,0,0,0,0,0,1,0,0,0,0,0,0,0,1,0,3,3,2,3,0,0,0,0,0,0,0,0,0,0,0,0,5,50202000,Shia
Shia,297061,1,3,0,0,0,0,0,1,0,0,10,0,1,7,0,10,0,0,1,1,0,0,0,0,1,1,1,0,0,0,2,0,10,0,7,10,1,1,0,1,0,0,0,0,0,0,0,0,0,0,0,0,0,0,1,4,1,0,0,1,1,1,1,0,1,1,1,1,1,1,1,1,1,0,0,1,4,3,0,0,0,0,0,0,0,0,10,3,1,0,2,0,0,0,0,0,0,0,0,1,0,0,0,0,2,2,2,2,5,50202000,Shia
Shia,191686,1,1,0,0,0,0,0,1,1,0,10,0,0,0,0,0,1,0,0,1,0,1,0,0,1,0,1,0,0,0,1,2,0,0,6,7,0,0,1,1,1,1,0,0,0,0,0,0,0,0,1,0,0,0,2,2,0,0,0,0,0,0,0,0,0,0,1,0,0,1,1,0,0,1,0,0,1,0,0,0,0,0,0,1,0,0,0,0,0,0,0,0,1,4,4,0,0,0,1,1,1,0,0,1,0,0,0,0,5,50202000,Shia
Shia,187106,1,4,0,0,0,0,0,0,0,0,10,0,0,0,0,0,0,1,0,1,1,0,0,0,1,0,1,0,0,0,2,0,3,0,7,8,2,2,0,0,0,0,8,0,0,0,0,0,0,1,0,0,0,0,3,2,0,0,0,9,0,0,0,0,6,2,2,2,2,2,2,2,2,0,0,0,2,0,0,0,0,0,1,0,0,0,0,0,0,0,2,0,4,4,4,3,0,0,0,0,0,0,0,1,0,0,0,0,5,50202000,Shia
Shia,188814,1,1,0,0,0,0,0,0,0,0,10,0,0,0,0,0,0,1,1,1,0,1,0,0,1,0,0,0,0,0,1,0,4,0,1,8,2,2,0,0,0,0,4,0,0,0,0,0,0,1,0,0,0,0,3,3,0,0,0,2,0,0,0,0,2,1,2,1,1,1,5,2,2,0,0,0,1,0,0,0,0,0,1,0,0,0,0,0,0,0,2,0,2,2,4,2,0,0,0,0,0,0,0,1,0,0,0,0,5,50202000,Shia
Shia,187748,1,3,0,0,0,0,0,0,0,0,10,0,0,0,0,0,0,1,1,1,0,1,0,0,0,0,1,0,0,0,2,0,5,0,8,7,9,4,0,0,0,0,10,0,0,0,0,0,0,1,0,1,0,0,3,3,0,0,0,7,0,0,0,0,1,1,1,1,1,1,1,1,1,0,0,0,4,0,0,0,0,0,1,0,0,0,0,0,0,0,1,0,2,2,2,2,0,0,0,0,0,0,0,1,0,0,0,0,5,50202000,Shia
Shia,187023,1,2,0,0,0,0,0,0,0,0,8,0,0,0,0,0,0,1,0,1,0,0,1,0,1,0,0,0,0,0,2,0,4,0,5,6,3,5,0,0,0,0,8,0,0,0,0,0,0,1,0,1,0,0,2,3,0,0,0,10,0,0,0,0,6,1,1,1,1,1,8,2,3,0,0,0,8,0,0,0,0,0,1,0,0,0,0,0,0,0,0,0,2,4,2,2,0,0,0,0,0,0,0,0,0,0,0,0,5,50202000,Shia
Shia,188704,1,2,0,0,0,0,0,0,0,0,7,0,0,0,0,0,0,1,1,1,1,1,0,0,0,0,0,0,0,0,2,0,8,0,7,7,1,10,0,0,0,0,6,0,0,0,0,0,0,1,0,0,0,0,2,2,0,0,0,1,0,0,0,0,1,1,1,1,1,1,1,1,1,0,0,0,1,0,0,0,0,0,1,0,0,0,0,0,0,0,0,0,2,4,2,3,0,0,0,0,0,0,0,1,0,0,0,0,5,50202000,Shia
Shia,186437,1,2,0,0,0,0,0,0,0,0,10,0,0,0,0,0,0,1,1,0,0,1,0,1,1,0,0,0,0,0,2,0,1,0,8,8,4,4,0,0,0,0,7,0,0,0,0,0,0,0,0,0,0,0,1,3,0,0,0,5,0,0,0,0,4,1,1,1,1,1,4,3,1,0,0,0,8,0,0,0,0,0,1,0,0,0,0,0,0,0,1,0,1,2,2,2,0,0,0,0,0,0,0,0,0,0,0,0,5,50202000,Shia
Shia,187583,2,1,0,0,0,0,0,0,0,0,5,0,0,0,0,0,0,0,1,1,0,1,1,0,1,1,1,0,0,0,2,0,7,0,4,7,1,9,0,0,0,0,10,0,0,0,0,0,0,1,0,1,0,0,2,2,0,0,0,1,0,0,0,0,5,5,3,1,3,1,1,2,1,0,0,0,8,0,0,0,0,0,0,0,0,0,0,0,0,0,1,0,4,2,5,1,0,0,0,0,0,0,0,0,0,0,0,0,5,50202000,Shia
Shia,188551,1,1,0,0,0,0,0,0,0,0,10,0,0,0,0,0,0,1,1,1,0,1,1,1,1,1,0,0,0,0,2,0,6,0,8,7,1,7,0,0,0,0,8,0,0,0,0,0,0,1,0,0,0,0,2,2,0,0,0,1,0,0,0,0,1,1,1,1,1,2,7,4,1,0,0,0,4,0,0,0,0,0,1,0,0,0,0,0,0,0,2,0,1,3,2,4,0,0,0,0,0,0,0,0,0,0,0,0,5,50202000,Shia
Shia,194192,1,0,0,0,0,0,0,0,0,0,10,0,0,0,0,0,0,0,0,1,0,1,1,0,1,0,1,0,0,0,1,0,0,0,10,5,0,0,0,0,0,0,0,0,0,0,0,0,0,0,0,0,0,0,1,1,0,0,0,0,0,0,0,0,0,0,1,0,0,1,1,0,0,0,0,0,8,0,0,0,0,0,0,0,0,0,0,0,0,0,0,0,0,0,0,0,0,0,0,0,0,0,0,0,0,0,0,0,5,50202000,Shia
Shia,188171,1,3,0,0,0,0,0,0,0,0,10,0,0,0,0,0,0,1,0,1,0,0,0,1,1,1,0,0,0,0,2,0,5,0,5,5,4,4,0,0,0,0,10,0,0,0,0,0,0,1,0,0,0,0,1,2,0,0,0,2,0,0,0,0,2,2,2,1,1,2,2,2,1,0,0,0,6,0,0,0,0,0,1,0,0,0,0,0,0,0,0,0,3,3,3,4,0,0,0,0,0,0,0,0,0,0,0,0,5,50202000,Shia
Shia,187752,1,2,0,0,0,0,0,0,0,0,10,0,0,0,0,0,0,0,1,1,0,0,0,0,1,1,1,0,0,0,2,0,7,0,4,10,3,2,0,0,0,0,7,0,0,0,0,0,0,1,0,0,0,0,2,3,0,0,0,1,0,0,0,0,1,1,1,1,1,1,5,1,1,0,0,0,3,0,0,0,0,0,1,0,0,0,0,0,0,0,2,0,1,1,1,2,0,0,0,0,0,0,0,0,0,0,0,0,5,50202000,Shia
Shia,186888,1,3,0,0,0,0,0,0,0,0,10,0,0,0,0,0,0,0,1,1,0,1,1,0,1,0,0,0,0,0,2,0,1,0,7,7,1,10,0,0,0,0,9,0,0,0,0,0,0,1,0,0,0,0,2,1,0,0,0,4,0,0,0,0,1,1,1,1,1,1,3,3,1,0,0,0,6,0,0,0,0,0,1,0,0,0,0,0,0,0,0,0,4,1,2,1,0,0,0,0,0,0,0,0,0,0,0,0,5,50202000,Shia
Shia,188170,1,2,0,0,0,0,0,0,0,0,7,0,0,0,0,0,0,1,1,1,0,0,0,1,1,0,0,0,0,0,2,0,6,0,6,6,4,9,0,0,0,0,5,0,0,0,0,0,0,1,0,0,2,0,1,2,0,0,0,2,0,0,0,0,2,1,1,1,1,1,1,1,1,0,0,0,1,0,0,0,0,0,1,0,0,0,0,0,0,0,0,0,1,2,1,3,0,0,0,0,0,0,0,1,0,0,0,0,5,50202000,Shia
Sikhism,52573,1,1,0,0,0,0,0,1,1,0,10,2,0,0,0,0,0,1,1,1,0,1,0,0,1,0,0,0,0,0,2,1,0,1,9,9,0,0,1,1,1,1,0,1,1,0,0,0,0,0,0,0,2,0,4,4,0,0,0,1,0,0,0,0,1,1,1,10,1,10,10,8,1,0,0,0,1,0,0,0,0,0,1,2,0,0,0,0,0,1,0,0,4,2,4,2,0,0,1,1,1,0,0,0,0,0,0,0,9,90400000,Sikhism
Sikhism,176328,1,2,0,0,0,0,0,0,0,0,10,0,10,7,10,0,0,0,1,1,0,1,0,0,1,0,1,0,0,0,2,0,0,0,3,7,7,5,0,0,0,0,5,0,0,0,0,0,0,1,0,0,0,0,3,2,0,0,0,1,0,0,0,0,1,1,1,1,1,1,8,8,1,0,0,0,1,0,0,0,0,0,1,0,0,0,4,2,0,0,1,0,2,2,3,2,0,0,0,0,0,0,0,0,0,0,0,2,9,90400000,Sikhism
Sikhism,177230,1,2,0,0,0,0,0,0,0,0,5,0,0,0,0,0,0,1,0,1,0,0,0,0,1,1,1,0,0,0,2,0,0,0,5,10,5,5,0,0,0,0,1,0,0,0,0,0,0,1,0,0,0,0,2,2,0,0,0,1,0,0,0,0,1,1,1,1,1,1,1,1,1,0,0,0,7,0,0,0,0,0,0,0,0,0,0,0,0,0,1,0,2,1,2,2,0,0,0,0,0,0,0,0,0,0,0,2,9,90400000,Sikhism
Sikhism,182232,1,0,0,0,0,0,0,1,0,0,10,0,10,10,0,1,1,0,1,1,0,1,0,0,0,0,1,0,0,0,2,0,0,0,10,10,1,0,0,0,0,0,0,0,0,0,0,0,0,0,0,0,0,0,1,3,3,3,1,1,1,1,1,1,1,1,1,1,1,1,6,1,1,0,0,1,3,7,0,0,0,0,0,0,0,0,1,0,3,0,0,0,0,0,0,0,0,0,0,0,0,0,0,0,1,0,0,3,9,90400000,Sikhism
Sikhism,183279,2,0,0,0,0,0,0,1,0,0,5,0,5,6,0,6,0,0,0,1,0,0,1,0,1,1,1,0,0,0,2,0,0,0,6,6,5,0,1,1,1,0,0,0,0,0,0,0,0,0,0,0,0,0,4,4,3,1,1,1,1,6,1,2,1,1,1,6,10,5,6,4,1,0,0,10,4,6,0,0,0,0,0,0,0,0,6,0,2,0,0,0,0,0,0,0,0,0,1,1,1,0,0,1,2,0,0,3,9,90400000,Sikhism
Sikhism,176482,0,0,0,0,0,0,0,0,0,0,10,0,0,0,0,0,0,0,1,1,0,0,1,0,0,0,0,0,0,0,2,0,0,0,3,0,1,0,0,0,0,0,1,0,0,0,0,0,0,0,0,0,0,0,0,0,0,0,0,4,0,0,0,0,0,0,0,0,0,0,0,0,0,0,0,0,0,0,0,0,0,0,0,0,0,0,0,3,0,0,0,0,0,0,0,0,0,0,0,0,0,0,0,0,0,0,0,2,9,90400000,Sikhism
Sikhism,175932,1,2,0,0,0,0,0,1,1,0,7,2,0,0,0,0,0,0,1,1,0,0,1,1,1,0,0,0,0,0,0,0,0,0,5,3,0,0,1,0,0,0,0,1,1,0,0,0,0,1,1,0,1,0,3,4,0,0,0,1,0,0,0,0,5,5,5,5,5,7,5,5,1,0,0,0,2,0,0,0,0,0,1,1,0,0,0,0,0,1,0,0,3,0,3,4,0,0,1,0,0,0,0,1,0,0,0,0,9,90400000,Sikhism
Sikhism,176358,2,4,0,0,0,0,0,0,0,0,10,0,10,7,7,0,0,1,1,0,0,1,1,0,0,0,1,0,0,0,2,0,0,0,1,7,5,10,0,0,0,0,10,0,0,0,0,0,0,0,0,1,0,0,2,3,0,0,0,8,0,0,0,0,8,8,1,1,1,1,1,6,6,0,0,0,3,0,0,0,0,0,1,0,0,0,0,0,0,0,0,0,1,2,4,4,0,0,0,0,0,0,0,0,0,0,0,4,9,90400000,Sikhism
Sikhism,183047,1,0,0,0,0,0,0,1,0,0,8,0,10,10,0,5,1,0,1,1,0,0,1,0,1,0,0,0,0,0,2,0,0,0,10,10,1,0,0,0,0,0,0,0,0,0,0,0,0,0,0,0,0,0,2,3,3,4,1,1,1,1,1,1,1,1,1,1,1,1,3,1,1,0,0,1,3,5,0,0,0,0,0,0,0,0,3,0,3,0,0,0,0,0,0,0,0,0,0,0,0,0,0,0,3,0,0,2,9,90400000,Sikhism
Sikhism,183125,1,0,0,0,0,0,0,1,0,0,10,0,7,8,0,6,1,1,1,1,0,1,0,0,0,0,0,0,0,0,2,0,0,0,9,10,8,0,0,0,0,0,0,0,0,0,0,0,0,0,0,0,0,0,3,4,3,0,1,1,1,1,1,1,1,1,1,1,1,1,1,1,1,0,0,1,7,2,0,0,0,0,0,0,0,0,5,0,3,0,0,0,0,0,0,0,0,0,0,0,0,0,0,1,4,0,0,2,9,90400000,Sikhism
Sikhism,175160,3,2,0,0,0,0,0,1,0,0,3,2,0,0,0,0,0,1,0,1,1,1,0,1,0,1,1,0,0,0,2,0,0,2,7,6,0,0,0,0,1,0,0,1,1,0,0,0,0,1,1,1,0,0,3,3,0,0,0,1,0,0,0,0,1,1,1,7,9,1,7,1,1,0,0,0,3,0,0,0,0,0,0,2,0,0,0,0,0,0,0,0,4,2,4,2,0,0,0,0,1,0,0,0,0,0,0,0,9,90400000,Sikhism
Sikhism,174116,3,2,0,0,0,0,0,1,1,0,7,2,0,0,0,0,0,1,1,1,1,1,0,0,0,0,0,0,0,0,2,2,0,1,5,6,0,0,0,0,0,0,0,1,1,0,0,0,0,1,1,0,0,0,2,2,0,0,0,10,0,0,0,0,10,10,10,10,10,10,10,10,10,0,0,0,3,0,0,0,0,0,1,2,0,0,0,0,0,0,0,0,2,2,2,2,0,0,0,0,0,0,0,1,0,0,0,0,9,90400000,Sikhism
Sikhism,183209,2,0,0,0,0,0,0,1,0,0,10,0,9,6,0,3,0,0,1,1,0,0,0,1,1,1,0,0,0,0,2,0,0,0,7,10,7,0,1,1,1,0,0,0,0,0,0,0,0,0,0,0,0,0,4,3,3,3,2,2,1,1,1,1,1,1,1,1,1,3,1,1,1,0,0,1,7,7,0,0,0,0,0,0,0,0,3,0,3,1,1,0,0,0,0,0,0,0,1,1,1,0,0,0,3,0,0,2,9,90400000,Sikhism
Sikhism,175120,1,2,0,0,0,0,0,1,1,0,7,1,0,0,0,0,0,1,1,1,0,0,0,1,1,0,0,0,0,0,1,2,0,2,5,3,0,0,1,0,1,1,0,1,1,0,0,0,0,1,0,0,0,0,3,3,0,0,0,1,0,0,0,0,1,1,1,1,1,1,7,1,1,0,0,0,3,0,0,0,0,0,1,4,0,0,0,0,0,0,0,0,2,3,4,4,0,0,1,0,1,0,0,1,0,0,0,0,9,90400000,Sikhism
Sikhism,175125,1,1,0,0,0,0,0,1,1,0,7,2,0,0,0,0,0,0,1,1,1,1,1,1,1,1,1,0,0,0,1,2,0,2,5,3,0,0,1,1,1,1,0,1,1,0,0,0,0,1,1,0,0,0,2,1,0,0,0,1,0,0,0,0,1,1,1,1,1,1,7,1,1,0,0,0,1,0,0,0,0,0,1,2,0,0,0,0,0,0,0,0,1,3,2,4,0,0,1,1,1,0,0,0,0,0,0,0,9,90400000,Sikhism
Sikhism,175141,1,2,0,0,0,0,0,1,0,0,3,2,0,0,0,0,0,0,1,0,1,1,1,1,0,1,0,0,0,0,2,1,0,2,7,6,0,0,0,0,1,0,0,1,1,0,0,0,0,1,0,0,0,0,3,3,0,0,0,1,0,0,0,0,1,1,1,1,1,1,7,1,1,0,0,0,2,0,0,0,0,0,1,2,0,0,0,0,0,0,0,0,4,2,3,2,0,0,0,0,1,0,0,0,0,0,0,0,9,90400000,Sikhism
Sikhism,182958,1,0,0,0,0,0,0,1,0,0,4,0,10,10,0,3,1,1,1,0,0,0,0,1,1,0,0,0,0,0,2,0,0,0,10,10,1,0,0,0,0,0,0,0,0,0,0,0,0,0,0,0,0,0,1,1,1,5,1,1,1,1,2,2,1,1,1,1,1,1,2,1,1,0,0,3,4,5,0,0,0,0,0,0,0,0,1,0,3,0,0,0,0,0,0,0,0,0,0,0,0,0,0,1,3,0,0,3,9,90400000,Sikhism
Sikhism,176326,2,1,0,0,0,0,0,0,0,0,5,0,10,7,10,0,0,1,1,0,0,1,0,1,0,1,0,0,0,0,1,0,0,0,5,7,3,5,0,0,0,0,5,0,0,0,0,0,0,1,0,0,0,0,2,2,0,0,0,6,0,0,0,0,1,1,1,1,1,1,6,8,1,0,0,0,3,0,0,0,0,0,1,0,0,0,7,0,0,0,1,0,4,2,4,2,0,0,0,0,0,0,0,1,0,0,0,2,9,90400000,Sikhism
Sikhism,183252,1,0,0,0,0,0,0,1,0,0,4,0,5,5,0,5,0,0,1,1,0,0,1,0,0,1,1,0,0,0,2,0,0,0,6,6,6,0,0,1,1,0,0,0,0,0,0,0,0,0,0,0,0,0,2,4,3,1,5,6,6,6,3,5,6,6,1,1,6,5,1,1,1,0,0,6,7,7,0,0,0,0,0,0,0,0,6,0,2,0,0,0,0,0,0,0,0,0,0,1,1,0,0,1,2,0,0,2,9,90400000,Sikhism
Sikhism,176348,1,1,0,0,0,0,0,0,0,0,5,0,10,4,10,0,0,0,1,1,0,1,0,1,1,0,0,0,0,0,2,0,0,0,1,7,1,5,0,0,0,0,10,0,0,0,0,0,0,1,0,0,0,0,3,3,0,0,0,1,0,0,0,0,1,1,1,1,1,1,8,1,1,0,0,0,1,0,0,0,0,0,1,0,0,0,4,0,0,0,1,0,4,2,4,1,0,0,0,0,0,0,0,0,0,0,0,2,9,90400000,Sikhism
Sikhism,176344,2,2,0,0,0,0,0,0,0,0,5,0,10,7,7,0,0,1,1,0,0,0,1,0,0,1,1,0,0,0,1,0,0,0,10,7,5,5,0,0,0,0,5,0,0,0,0,0,0,1,0,0,0,0,1,3,0,0,0,1,0,0,0,0,1,1,1,1,1,1,8,1,1,0,0,0,2,0,0,0,0,0,1,0,0,0,4,0,0,0,1,0,3,3,4,2,0,0,0,0,0,0,0,1,0,0,0,2,9,90400000,Sikhism
Sikhism,174859,3,2,0,0,0,0,0,1,1,0,7,2,0,0,0,0,0,1,1,1,1,1,1,1,1,1,1,0,0,0,1,1,0,3,5,6,0,0,1,1,1,1,0,1,1,0,0,0,0,1,0,0,0,0,1,3,0,0,0,1,0,0,0,0,1,1,1,10,10,10,10,10,10,0,0,0,1,0,0,0,0,0,1,1,0,0,0,0,0,0,0,0,4,4,4,1,0,0,1,1,1,0,0,0,0,0,0,0,9,90400000,Sikhism
Sikhism,176323,1,1,0,0,0,0,0,0,0,0,1,0,1,4,7,0,0,1,1,0,1,1,0,1,0,0,0,0,0,0,1,0,0,0,7,7,1,1,0,0,0,0,10,0,0,0,0,0,0,1,0,0,0,0,2,2,0,0,0,1,0,0,0,0,1,1,1,6,8,1,4,8,1,0,0,0,7,0,0,0,0,0,0,0,0,0,10,0,0,0,2,0,4,1,5,1,0,0,0,0,0,0,0,0,0,0,0,1,9,90400000,Sikhism
Sikhism,182200,1,0,0,0,0,0,0,1,0,0,7,0,6,8,0,1,1,1,1,1,0,0,0,0,0,0,1,0,0,0,2,0,0,0,6,8,1,0,0,0,0,0,0,0,0,0,0,0,0,0,0,0,0,0,4,4,2,0,1,1,1,1,1,1,1,1,1,0,1,0,4,1,1,0,0,1,1,2,0,0,0,0,0,0,0,0,1,0,3,1,1,0,0,0,0,0,0,0,0,0,0,0,0,0,3,0,0,2,9,90400000,Sikhism
Sikhism,182267,1,0,0,0,0,0,0,1,0,0,10,0,10,10,0,10,1,0,1,0,0,1,1,0,0,0,1,0,0,0,2,0,0,0,10,10,1,0,0,0,0,0,0,0,0,0,0,0,0,0,0,0,0,0,2,3,3,4,1,1,1,1,1,1,1,1,1,1,1,1,4,1,1,0,0,1,4,5,0,0,0,0,0,0,0,0,1,0,2,0,0,0,0,0,0,0,0,0,0,0,0,0,0,0,2,0,0,2,9,90400000,Sikhism
Sikhism,182204,1,0,0,0,0,0,0,1,0,0,6,0,5,5,0,3,1,1,1,1,0,0,0,1,0,0,0,0,0,0,2,0,0,0,2,1,1,0,1,1,1,0,0,0,0,0,0,0,0,0,0,0,0,0,1,1,3,4,1,4,1,6,6,4,6,1,6,6,6,1,6,1,1,0,0,1,6,3,0,0,0,0,0,0,0,0,7,0,3,0,0,0,0,0,0,0,0,0,1,1,1,0,0,1,2,0,0,2,9,90400000,Sikhism
Sikhism,183173,1,0,0,0,0,0,0,1,0,0,5,0,6,7,0,10,0,1,1,1,0,0,1,0,0,1,0,0,0,0,2,0,0,0,10,10,10,0,1,1,1,0,0,0,0,0,0,0,0,0,0,0,0,0,2,3,2,5,1,1,1,1,1,1,1,1,1,1,1,1,1,1,1,0,0,1,3,2,0,0,0,0,0,0,0,0,8,0,3,1,1,0,0,0,0,0,0,0,1,1,1,0,0,0,2,0,0,2,9,90400000,Sikhism
Sikhism,175926,2,1,0,0,0,0,0,1,1,0,7,2,0,0,0,0,0,1,1,0,1,0,0,0,0,1,1,0,0,0,2,0,0,1,10,6,0,0,1,1,1,1,0,1,1,0,0,0,0,1,0,0,0,0,3,3,0,0,0,1,0,0,0,0,1,1,1,1,0,1,1,1,1,0,0,0,1,0,0,0,0,0,1,1,0,0,0,0,0,0,0,0,4,0,5,0,0,0,1,1,1,0,0,1,0,0,0,0,9,90400000,Sikhism
Sikhism,175919,1,2,0,0,0,0,0,1,1,0,7,2,0,0,0,0,0,1,1,0,1,1,0,0,1,1,0,0,0,0,2,2,0,2,7,6,0,0,0,1,1,1,0,2,2,0,0,0,0,1,1,1,0,0,2,4,0,0,0,1,0,0,0,0,1,1,1,1,1,1,1,1,1,0,0,0,1,0,0,0,0,0,1,1,0,0,0,0,0,0,0,0,2,1,4,1,0,0,0,1,1,0,0,0,0,0,0,0,9,90400000,Sikhism
Sikhism,176354,2,1,0,0,0,0,0,0,0,0,10,0,10,10,10,0,0,0,1,0,0,0,1,1,1,0,1,0,0,0,2,0,0,0,7,4,1,5,0,0,0,0,10,0,0,0,0,0,0,1,0,0,0,0,3,3,0,0,0,1,0,0,0,0,1,1,1,1,1,1,8,1,1,0,0,0,2,0,0,0,0,0,1,0,0,0,10,0,0,0,1,0,3,4,4,1,0,0,0,0,0,0,0,1,0,0,0,2,9,90400000,Sikhism
Sikhism,183260,1,0,0,0,0,0,0,1,0,0,6,0,8,7,0,7,1,0,1,1,0,0,1,1,0,0,0,0,0,0,2,0,0,0,10,9,7,0,1,1,1,0,0,0,0,0,0,0,0,0,0,0,0,0,2,3,3,4,1,3,1,1,1,1,1,1,1,1,1,1,1,1,1,0,0,1,1,2,0,0,0,0,0,0,0,0,6,0,2,0,0,0,0,0,0,0,0,0,1,1,1,0,0,0,2,0,0,2,9,90400000,Sikhism
Sikhism,175934,1,2,0,0,0,0,0,1,1,0,7,2,0,0,0,0,0,0,1,1,0,1,0,1,1,0,0,0,0,0,2,1,0,2,5,6,0,0,1,1,1,1,0,1,1,0,0,0,0,0,1,0,0,0,3,3,0,0,0,0,0,0,0,0,0,1,1,1,1,1,7,1,1,0,0,0,2,0,0,0,0,0,1,1,0,0,0,0,0,0,0,0,3,1,4,2,0,0,1,1,1,0,0,1,0,0,0,0,9,90400000,Sikhism
Sikhism,174117,1,3,0,0,0,0,0,1,1,0,7,2,0,0,0,0,0,1,1,1,0,0,0,0,0,1,1,0,0,0,2,2,0,2,3,6,0,0,0,0,0,1,0,1,1,0,0,0,0,1,1,1,0,0,3,3,0,0,0,10,0,0,0,0,10,10,10,10,10,10,10,10,10,0,0,0,6,0,0,0,0,0,0,2,0,0,0,0,0,0,0,0,3,3,2,2,0,0,0,0,0,0,0,1,0,0,0,0,9,90400000,Sikhism
Sikhism,183166,1,0,0,0,0,0,0,1,0,0,10,0,10,8,0,1,1,0,1,1,0,0,1,0,1,0,0,0,0,0,2,0,0,0,10,8,1,0,0,0,0,0,0,0,0,0,0,0,0,0,0,0,0,0,1,3,4,5,1,3,1,3,1,3,4,1,2,1,1,3,3,1,1,0,0,1,1,2,0,0,0,0,0,0,0,0,3,0,3,0,0,0,0,0,0,0,0,0,0,0,0,0,0,0,3,0,0,2,9,90400000,Sikhism
Sikhism,182432,1,0,0,0,0,0,0,1,0,0,7,0,6,7,0,8,0,0,1,0,1,1,0,0,1,1,0,0,0,0,2,0,0,0,10,10,8,0,0,0,0,0,0,0,0,0,0,0,0,0,0,0,0,0,4,4,4,2,1,1,1,1,1,1,1,1,1,3,3,5,4,1,1,0,0,1,7,3,0,0,0,0,0,0,0,0,8,0,3,0,0,0,0,0,0,0,0,0,0,0,0,0,0,1,3,0,0,1,9,90400000,Sikhism
Sikhism,176607,2,2,0,0,0,0,0,0,0,0,1,0,10,10,10,0,0,0,0,1,0,1,0,1,0,1,1,0,0,0,2,0,0,0,5,10,10,10,0,0,0,0,10,0,0,0,0,0,0,1,0,0,0,0,1,1,0,0,0,1,0,0,0,0,1,1,1,1,1,1,1,1,1,0,0,0,1,0,0,0,0,0,1,0,0,0,10,3,0,0,1,0,3,3,3,1,0,0,0,0,0,0,0,1,0,0,0,2,9,90400000,Sikhism
Sikhism,182615,1,0,0,0,0,0,0,1,0,0,10,0,1,1,0,1,0,1,1,1,0,0,1,1,0,0,0,0,0,0,1,0,0,0,6,5,0,0,1,1,1,0,0,0,0,0,0,0,0,0,0,0,0,0,1,1,1,0,3,6,1,1,1,1,1,1,1,0,0,0,1,1,1,0,0,0,6,6,0,0,0,0,0,0,0,0,1,0,4,0,0,0,0,0,0,0,0,0,1,1,1,0,0,1,4,0,0,2,9,90400000,Sikhism
Sikhism,176397,1,4,0,0,0,0,0,0,0,0,10,0,10,10,10,0,0,1,1,1,1,1,1,1,1,0,1,0,0,0,2,0,0,0,5,4,1,5,0,0,0,0,10,0,0,0,0,0,0,1,0,1,1,0,2,3,0,0,0,1,0,0,0,0,1,1,1,1,1,1,1,6,6,0,0,0,7,0,0,0,0,0,1,0,0,0,10,0,0,0,0,0,4,1,3,1,0,0,0,0,0,0,0,0,0,0,0,1,9,90400000,Sikhism
Sikhism,176318,1,2,0,0,0,0,0,0,0,0,10,0,7,7,10,0,0,0,1,1,0,1,1,0,1,0,0,0,0,0,2,0,0,0,5,4,3,7,0,0,0,0,5,0,0,0,0,0,0,1,0,0,0,0,2,3,0,0,0,4,0,0,0,0,1,4,4,0,1,1,4,4,4,0,0,0,1,0,0,0,0,0,1,0,0,0,7,3,0,0,1,0,2,2,3,2,0,0,0,0,0,0,0,0,0,0,0,3,9,90400000,Sikhism
Sikhism,183083,1,0,0,0,0,0,0,1,0,0,5,0,10,10,0,10,0,0,1,0,0,1,1,1,0,1,0,0,0,0,2,0,0,0,8,10,8,0,1,1,1,0,0,0,0,0,0,0,0,0,0,0,0,0,3,3,3,0,1,1,1,1,1,1,1,1,1,1,1,1,1,1,1,0,0,1,7,3,0,0,0,0,0,0,0,0,10,0,1,1,2,0,0,0,0,0,0,0,1,1,1,0,0,0,2,0,0,1,9,90400000,Sikhism
Sikhism,182160,1,0,0,0,0,0,0,1,0,0,3,0,8,2,0,3,1,1,1,1,0,0,0,1,0,0,0,0,0,0,2,0,0,0,9,3,5,0,1,1,1,0,0,0,0,0,0,0,0,0,0,0,0,0,2,1,2,1,1,4,1,6,1,1,6,1,1,0,1,5,6,1,1,0,0,1,6,4,0,0,0,0,0,0,0,0,3,0,4,1,2,0,0,0,0,0,0,0,1,1,1,0,0,1,1,0,0,4,9,90400000,Sikhism
Sikhism,183247,1,0,0,0,0,0,0,1,0,0,6,0,7,7,0,8,0,0,1,1,0,1,0,1,0,1,0,0,0,0,1,0,0,0,10,10,10,0,1,1,1,0,0,0,0,0,0,0,0,0,0,0,0,0,3,3,3,4,1,1,2,1,1,1,1,1,1,1,3,4,1,1,1,0,0,1,4,2,0,0,0,0,0,0,0,0,7,0,3,1,2,0,0,0,0,0,0,0,1,1,1,0,0,0,3,0,0,2,9,90400000,Sikhism
Sikhism,183102,2,0,0,0,0,0,0,1,0,0,9,0,10,7,0,6,1,0,1,1,0,0,0,1,0,0,1,0,0,0,2,0,0,0,9,10,1,0,0,0,0,0,0,0,0,0,0,0,0,0,0,0,0,0,1,3,3,5,1,2,1,3,1,2,2,1,1,1,1,1,3,1,1,0,0,1,4,4,0,0,0,0,0,0,0,0,5,0,3,0,0,0,0,0,0,0,0,0,0,0,0,0,0,0,4,0,0,2,9,90400000,Sikhism
Sikhism,177609,1,0,0,0,0,0,0,0,0,0,10,0,10,10,10,0,0,0,1,1,1,1,1,1,1,1,1,0,0,0,2,0,0,0,7,7,1,10,0,0,0,0,5,0,0,0,0,0,0,1,0,1,0,0,2,3,0,0,0,1,0,0,0,0,1,1,4,1,1,1,4,1,1,0,0,0,2,0,0,0,0,0,1,0,0,0,10,0,0,0,0,0,5,2,5,2,0,0,0,0,0,0,0,1,0,0,0,3,9,90400000,Sikhism
Sikhism,182901,2,0,0,0,0,0,0,1,0,0,7,0,6,6,0,1,1,1,1,1,0,0,1,0,0,0,0,0,0,0,2,0,0,0,5,6,5,0,0,0,0,0,0,0,0,0,0,0,0,0,0,0,0,0,1,4,4,0,1,1,1,3,1,1,1,1,1,0,0,0,0,0,0,0,0,1,4,4,0,0,0,0,0,0,0,0,6,0,4,0,0,0,0,0,0,0,0,0,0,0,0,0,0,0,4,0,0,2,9,90400000,Sikhism
Sikhism,177761,1,0,0,0,0,0,0,0,0,0,0,0,7,0,7,0,0,0,1,0,1,1,1,1,1,1,1,0,0,0,2,0,0,0,5,7,1,7,0,0,0,0,1,0,0,0,0,0,0,1,0,0,2,0,2,3,0,0,0,0,0,0,0,0,6,0,0,6,0,1,1,1,0,0,0,0,7,0,0,0,0,0,1,0,0,0,0,0,0,0,1,0,2,3,2,0,0,0,0,0,0,0,0,1,0,0,0,3,9,90400000,Sikhism
Sikhism,175925,1,2,0,0,0,0,0,1,1,0,7,2,0,0,0,0,0,0,1,1,1,0,1,1,0,0,0,0,0,0,2,1,0,3,5,10,0,0,1,1,1,1,0,2,2,0,0,0,0,1,1,0,1,0,0,0,0,0,0,1,0,0,0,0,1,1,1,7,7,7,7,7,7,0,0,0,1,0,0,0,0,0,1,1,0,0,0,0,0,1,0,0,4,2,3,1,0,0,1,1,1,0,0,0,0,0,0,0,9,90400000,Sikhism
Sikhism,176061,1,0,0,0,0,0,0,0,0,0,10,0,7,7,7,0,0,0,0,0,0,0,1,1,1,1,1,0,0,0,2,0,0,0,5,7,1,5,0,0,0,0,5,0,0,0,0,0,0,1,0,0,0,0,2,3,0,0,0,1,0,0,0,0,1,1,1,1,1,1,1,1,1,0,0,0,3,0,0,0,0,0,1,0,0,0,0,0,0,0,1,0,0,2,3,2,0,0,0,0,0,0,0,1,0,0,0,3,9,90400000,Sikhism
Sikhism,176347,2,3,0,0,0,0,0,0,0,0,5,0,10,7,7,0,0,1,1,1,0,0,1,1,1,0,1,0,0,0,2,0,0,0,5,10,1,5,0,0,0,0,10,0,0,0,0,0,0,1,0,0,0,0,3,3,0,0,0,1,0,0,0,0,1,1,1,1,1,1,6,1,1,0,0,0,1,0,0,0,0,0,1,0,0,0,4,0,0,0,1,0,3,2,3,1,0,0,0,0,0,0,0,1,0,0,0,2,9,90400000,Sikhism
Sikhism,177606,1,2,0,0,0,0,0,0,0,0,10,0,7,7,7,0,0,1,1,1,0,1,1,1,1,1,1,0,0,0,2,0,0,0,5,10,1,10,0,0,0,0,5,0,0,0,0,0,0,1,0,1,0,0,2,1,0,0,0,1,0,0,0,0,1,1,4,1,1,1,6,4,1,0,0,0,4,0,0,0,0,0,1,0,0,0,7,3,0,0,2,0,4,2,4,2,0,0,0,0,0,0,0,1,0,0,0,2,9,90400000,Sikhism
Slovak Greek Catholic Church,355349,2,0,0,0,0,0,0,1,0,0,9,0,9,8,0,8,0,0,1,0,0,0,1,1,0,0,0,0,0,0,2,0,0,0,5,5,8,0,0,0,0,0,0,0,0,0,0,0,0,0,0,0,0,0,3,1,3,4,3,3,2,1,1,2,2,3,2,3,3,3,3,2,2,0,0,3,4,5,0,0,0,0,0,0,0,0,9,0,3,1,2,0,0,0,0,0,0,0,0,0,0,0,0,1,3,0,0,3,1,10203130,Slovak Greek Catholic Church
Slovak Greek Catholic Church,355129,1,0,0,0,0,0,0,1,0,0,7,0,5,7,0,6,1,0,1,0,1,1,0,0,0,1,0,0,0,0,2,0,0,0,8,9,6,0,1,1,1,0,0,0,0,0,0,0,0,0,0,0,0,0,4,4,4,2,3,5,3,2,2,2,4,3,3,7,5,6,7,7,7,0,0,7,2,3,0,0,0,0,0,0,0,0,6,0,2,1,1,0,0,0,0,0,0,0,1,1,1,0,0,0,2,0,0,3,1,10203130,Slovak Greek Catholic Church
Slovak Greek Catholic Church,355172,1,0,0,0,0,0,0,1,0,0,10,0,4,6,0,6,0,1,1,0,0,1,0,1,1,0,0,0,0,0,2,0,0,0,7,8,1,0,1,1,1,0,0,0,0,0,0,0,0,0,0,0,0,0,3,3,3,4,3,5,3,2,2,2,3,2,2,2,2,1,3,2,2,0,0,2,2,1,0,0,0,0,0,0,0,0,8,0,0,1,2,0,0,0,0,0,0,0,1,1,1,0,0,0,0,0,0,2,1,10203130,Slovak Greek Catholic Church
Slovak Greek Catholic Church,355470,1,0,0,0,0,0,0,1,0,0,9,0,9,2,0,6,1,0,1,1,0,1,1,0,0,0,0,0,0,0,2,0,0,0,7,7,5,0,1,1,1,0,0,0,0,0,0,0,0,0,0,0,0,0,4,4,3,2,1,1,2,9,2,1,6,1,1,5,1,6,6,5,3,0,0,8,1,2,0,0,0,0,0,0,0,0,5,0,3,1,1,0,0,0,0,0,0,0,1,1,1,0,0,0,3,0,0,2,1,10203130,Slovak Greek Catholic Church
Slovak Greek Catholic Church,355289,2,0,0,0,0,0,0,1,0,0,10,0,10,10,0,10,1,0,1,0,1,0,1,0,0,0,0,0,0,0,1,0,0,0,7,8,1,0,1,1,1,0,0,0,0,0,0,0,0,0,0,0,0,0,2,2,1,1,1,1,1,1,1,1,1,1,1,1,1,1,1,1,1,0,0,1,2,2,0,0,0,0,0,0,0,0,10,0,4,1,2,0,0,0,0,0,0,0,1,1,1,0,0,0,4,0,0,1,1,10203130,Slovak Greek Catholic Church
Slovak Greek Catholic Church,355442,2,0,0,0,0,0,0,1,0,0,7,0,7,7,0,7,1,1,0,1,0,1,0,1,0,0,0,0,0,0,2,0,0,0,8,9,0,0,1,1,1,0,0,0,0,0,0,0,0,0,0,0,0,0,4,4,3,1,4,6,6,3,5,5,6,6,6,7,6,8,8,5,6,0,0,6,2,2,0,0,0,0,0,0,0,0,5,0,2,0,0,0,0,0,0,0,0,0,1,1,1,0,0,0,2,0,0,0,1,10203130,Slovak Greek Catholic Church
Slovak Greek Catholic Church,354375,2,0,0,0,0,0,0,1,0,0,7,0,7,9,0,6,1,0,0,1,0,1,1,0,0,0,1,0,0,0,2,0,0,0,3,6,10,0,0,0,1,0,0,0,0,0,0,0,0,0,0,0,0,0,3,4,3,2,1,2,1,7,2,2,2,2,6,8,1,9,6,0,5,0,0,4,8,7,0,0,0,0,0,0,0,0,6,0,3,0,0,0,0,0,0,0,0,0,0,0,1,0,0,0,3,0,0,2,1,10203130,Slovak Greek Catholic Church
Slovak Greek Catholic Church,354671,2,0,0,0,0,0,0,1,0,0,8,0,9,9,0,9,0,1,1,1,0,1,1,0,0,0,0,0,0,0,2,0,0,0,8,8,8,0,0,0,0,0,0,0,0,0,0,0,0,0,0,0,0,0,2,4,4,3,1,2,1,1,1,1,3,1,1,7,2,5,9,5,1,0,0,5,2,4,0,0,0,0,0,0,0,0,5,0,4,1,2,0,0,0,0,0,0,0,0,0,0,0,0,0,4,0,0,2,1,10203130,Slovak Greek Catholic Church
Slovak Greek Catholic Church,354571,2,0,0,0,0,0,0,1,0,0,9,0,5,7,0,6,1,0,1,1,0,1,1,0,0,0,0,0,0,0,2,0,0,0,7,8,10,0,1,0,0,0,0,0,0,0,0,0,0,0,0,0,0,0,3,4,3,3,1,1,1,7,1,1,1,1,6,6,1,7,6,6,6,0,0,8,7,2,0,0,0,0,0,0,0,0,7,0,3,1,1,0,0,0,0,0,0,0,1,0,0,0,0,0,3,0,0,2,1,10203130,Slovak Greek Catholic Church
Slovak Greek Catholic Church,354349,1,0,0,0,0,0,0,1,0,0,10,0,9,9,0,7,1,0,0,1,0,1,0,0,1,0,1,0,0,0,2,0,0,0,7,7,10,0,1,1,1,0,0,0,0,0,0,0,0,0,0,0,0,0,3,3,3,2,1,1,1,7,1,1,1,1,5,7,1,6,6,0,5,0,0,4,7,1,0,0,0,0,0,0,0,0,10,0,4,0,0,0,0,0,0,0,0,0,1,1,1,0,0,0,3,0,0,1,1,10203130,Slovak Greek Catholic Church
Slovak Greek Catholic Church,354459,3,0,0,0,0,0,0,1,0,0,3,0,10,10,0,5,1,0,1,0,0,1,1,0,0,0,1,0,0,0,2,0,0,0,3,4,5,0,0,0,0,0,0,0,0,0,0,0,0,0,0,0,0,0,2,3,3,5,3,1,1,1,1,1,1,1,1,5,1,5,7,1,1,0,0,10,7,7,0,0,0,0,0,0,0,0,1,0,4,1,1,0,0,0,0,0,0,0,0,0,0,0,0,0,1,0,0,3,1,10203130,Slovak Greek Catholic Church
Slovak Greek Catholic Church,355128,1,0,0,0,0,0,0,1,0,0,9,0,6,5,0,6,0,0,1,1,0,0,1,0,0,0,0,0,0,0,2,0,0,0,8,8,4,0,0,0,1,0,0,0,0,0,0,0,0,0,0,0,0,0,3,1,3,4,2,2,2,2,3,3,3,2,3,2,1,1,3,3,3,0,0,3,2,2,0,0,0,0,0,0,0,0,7,0,1,1,2,0,0,0,0,0,0,0,0,0,1,0,0,1,3,0,0,3,1,10203130,Slovak Greek Catholic Church
Slovak Greek Catholic Church,355266,2,0,0,0,0,0,0,1,0,0,10,0,10,10,0,10,1,0,1,1,0,0,0,0,0,0,1,0,0,0,1,0,0,0,10,10,10,0,1,1,1,0,0,0,0,0,0,0,0,0,0,0,0,0,1,1,1,2,1,1,1,1,1,1,1,1,1,1,1,1,1,1,1,0,0,1,2,2,0,0,0,0,0,0,0,0,10,0,3,1,2,0,0,0,0,0,0,0,1,1,1,0,0,0,3,0,0,2,1,10203130,Slovak Greek Catholic Church
Slovak Greek Catholic Church,354914,3,0,0,0,0,0,0,1,0,0,3,0,8,9,0,1,1,0,1,1,0,0,0,1,0,0,1,0,0,0,1,0,0,0,9,9,5,0,0,0,1,0,0,0,0,0,0,0,0,0,0,0,0,0,4,4,4,4,1,3,1,3,1,1,1,1,1,1,1,7,10,9,1,0,0,10,7,8,0,0,0,0,0,0,0,0,6,0,4,1,1,0,0,0,0,0,0,0,0,0,1,0,0,0,2,0,0,0,1,10203130,Slovak Greek Catholic Church
Slovak Greek Catholic Church,354860,3,0,0,0,0,0,0,1,0,0,3,0,4,4,0,3,1,0,1,1,0,0,1,1,0,0,0,0,0,0,2,0,0,0,7,5,4,0,0,0,1,0,0,0,0,0,0,0,0,0,0,0,0,0,1,2,2,5,0,5,7,8,8,0,4,7,7,8,9,9,9,0,8,0,0,9,4,4,0,0,0,0,0,0,0,0,3,0,3,1,1,0,0,0,0,0,0,0,0,0,1,0,0,0,3,0,0,2,1,10203130,Slovak Greek Catholic Church
Slovak Greek Catholic Church,354675,3,0,0,0,0,0,0,1,0,0,8,0,7,9,0,7,0,1,0,1,0,0,1,1,0,0,0,0,0,0,2,0,0,0,5,5,8,0,1,1,1,0,0,0,0,0,0,0,0,0,0,0,0,0,4,4,2,5,1,1,1,7,1,1,1,1,1,5,1,1,10,5,5,0,0,10,7,8,0,0,0,0,0,0,0,0,7,0,3,0,0,0,0,0,0,0,0,0,1,1,1,0,0,0,3,0,0,2,1,10203130,Slovak Greek Catholic Church
Slovak Greek Catholic Church,355466,3,0,0,0,0,0,0,1,0,0,8,0,10,10,0,1,1,1,1,1,0,1,0,0,0,0,0,0,0,0,2,0,0,0,7,6,9,0,0,0,0,0,0,0,0,0,0,0,0,0,0,0,0,0,4,1,4,4,1,1,1,1,1,1,8,8,5,5,5,5,5,5,1,0,0,5,4,4,0,0,0,0,0,0,0,0,1,0,4,1,1,0,0,0,0,0,0,0,0,0,0,0,0,0,4,0,0,2,1,10203130,Slovak Greek Catholic Church
Slovak Greek Catholic Church,354748,2,0,0,0,0,0,0,1,0,0,10,0,5,7,0,7,0,0,1,1,0,1,0,1,0,1,0,0,0,0,2,0,0,0,8,8,7,0,1,1,1,0,0,0,0,0,0,0,0,0,0,0,0,0,2,1,3,2,1,1,1,1,1,1,1,1,1,1,1,0,0,1,1,0,0,1,2,3,0,0,0,0,0,0,0,0,7,0,0,0,0,0,0,0,0,0,0,0,1,1,1,0,0,1,2,0,0,3,1,10203130,Slovak Greek Catholic Church
Slovak Greek Catholic Church,354598,2,0,0,0,0,0,0,1,0,0,8,0,8,9,0,7,1,0,0,1,0,1,0,1,0,0,1,0,0,0,2,0,0,0,8,7,9,0,1,0,0,0,0,0,0,0,0,0,0,0,0,0,0,0,3,4,3,0,1,2,1,8,1,1,2,1,5,6,2,6,6,0,0,0,0,10,2,2,0,0,0,0,0,0,0,0,8,0,3,0,0,0,0,0,0,0,0,0,1,0,0,0,0,0,3,0,0,2,1,10203130,Slovak Greek Catholic Church
Slovak Greek Catholic Church,354855,2,0,0,0,0,0,0,1,0,0,8,0,7,6,0,2,1,0,1,1,0,1,0,0,0,0,1,0,0,0,2,0,0,0,9,3,2,0,0,0,1,0,0,0,0,0,0,0,0,0,0,0,0,0,2,2,3,5,0,6,7,8,8,7,7,7,5,0,0,0,5,0,9,0,0,5,3,2,0,0,0,0,0,0,0,0,3,0,0,1,1,0,0,0,0,0,0,0,0,0,1,0,0,0,0,0,0,2,1,10203130,Slovak Greek Catholic Church
Slovak Greek Catholic Church,355326,2,0,0,0,0,0,0,1,0,0,8,0,10,10,0,8,0,1,1,1,0,1,1,0,0,0,0,0,0,0,1,0,0,0,9,10,3,0,1,0,0,0,0,0,0,0,0,0,0,0,0,0,0,0,3,4,3,0,1,1,1,1,1,1,1,1,1,5,5,5,5,2,2,0,0,10,2,3,0,0,0,0,0,0,0,0,9,0,3,1,2,0,0,0,0,0,0,0,1,0,0,0,0,0,3,0,0,2,1,10203130,Slovak Greek Catholic Church
Slovak Greek Catholic Church,355260,2,0,0,0,0,0,0,1,0,0,7,0,6,7,0,4,1,1,1,1,0,0,1,0,0,0,0,0,0,0,2,0,0,0,10,10,10,0,1,1,1,0,0,0,0,0,0,0,0,0,0,0,0,0,2,4,4,3,5,1,10,10,10,10,10,10,10,1,10,6,10,10,5,0,0,7,4,5,0,0,0,0,0,0,0,0,6,0,2,0,0,0,0,0,0,0,0,0,1,1,1,0,0,0,2,0,0,3,1,10203130,Slovak Greek Catholic Church
Slovak Greek Catholic Church,355174,4,0,0,0,0,0,0,0,0,0,0,0,3,3,0,3,1,0,0,1,0,1,1,0,0,0,1,0,0,0,2,0,0,0,8,7,3,0,0,0,0,0,0,0,0,0,0,0,0,0,0,0,0,0,3,3,3,5,0,6,7,0,0,0,7,6,5,0,0,7,0,3,5,0,0,5,8,8,0,0,0,0,0,0,0,0,3,0,3,1,1,0,0,0,0,0,0,0,0,0,0,0,0,0,4,0,0,2,1,10203130,Slovak Greek Catholic Church
Slovak Greek Catholic Church,354298,2,0,0,0,0,0,0,0,0,0,7,0,4,7,0,8,0,1,1,1,0,1,1,0,0,0,0,0,0,0,2,0,0,0,4,8,4,0,0,0,0,0,0,0,0,0,0,0,0,0,0,0,0,0,1,4,3,4,4,10,4,4,5,7,5,5,8,3,10,5,10,5,7,0,0,2,7,4,0,0,0,0,0,0,0,0,10,0,4,0,0,0,0,0,0,0,0,0,0,0,0,0,0,0,1,0,0,3,1,10203130,Slovak Greek Catholic Church
Slovak Greek Catholic Church,355257,2,0,0,0,0,0,0,1,0,0,1,0,10,10,0,7,1,1,1,1,0,1,0,0,0,0,0,0,0,0,2,0,0,0,7,10,5,0,1,1,1,0,0,0,0,0,0,0,0,0,0,0,0,0,1,4,4,0,10,10,1,10,10,10,1,1,10,10,10,10,10,10,0,0,0,10,2,2,0,0,0,0,0,0,0,0,6,0,1,0,0,0,0,0,0,0,0,0,1,1,1,0,0,0,2,0,0,2,1,10203130,Slovak Greek Catholic Church
Slovak Greek Catholic Church,355241,2,0,0,0,0,0,0,1,0,0,10,0,10,10,0,7,1,0,1,1,0,0,0,1,0,0,0,0,0,0,2,0,0,0,7,6,6,0,1,1,1,0,0,0,0,0,0,0,0,0,0,0,0,0,4,4,4,3,1,1,7,1,1,0,7,8,8,1,1,0,10,0,1,0,0,9,4,2,0,0,0,0,0,0,0,0,6,0,2,0,0,0,0,0,0,0,0,0,1,1,1,0,0,0,1,0,0,4,1,10203130,Slovak Greek Catholic Church
Slovak Greek Catholic Church,354376,2,0,0,0,0,0,0,1,0,0,6,0,7,9,0,6,0,0,1,1,0,1,1,0,1,0,0,0,0,0,2,0,0,0,6,6,10,0,0,0,0,0,0,0,0,0,0,0,0,0,0,0,0,0,3,4,3,2,1,1,1,6,1,2,1,1,5,7,2,7,5,2,6,0,0,8,2,2,0,0,0,0,0,0,0,0,8,0,4,0,0,0,0,0,0,0,0,0,0,0,0,0,0,0,3,0,0,2,1,10203130,Slovak Greek Catholic Church
Slovak Greek Catholic Church,354645,2,0,0,0,0,0,0,1,0,0,3,0,10,10,0,10,1,0,0,1,0,1,1,0,1,0,0,0,0,0,1,0,0,0,9,9,3,0,1,1,1,0,0,0,0,0,0,0,0,0,0,0,0,0,3,3,3,3,1,4,1,5,1,1,1,1,5,5,1,5,5,2,5,0,0,5,3,4,0,0,0,0,0,0,0,0,7,0,3,1,1,0,0,0,0,0,0,0,1,1,1,0,0,0,3,0,0,2,1,10203130,Slovak Greek Catholic Church
Slovak Greek Catholic Church,355275,2,0,0,0,0,0,0,1,0,0,8,0,7,8,0,5,1,1,1,1,0,1,0,0,0,0,0,0,0,0,1,0,0,0,9,8,6,0,0,0,0,0,0,0,0,0,0,0,0,0,0,0,0,0,2,3,4,4,1,1,1,1,1,1,3,1,2,5,3,4,9,3,1,0,0,10,2,1,0,0,0,0,0,0,0,0,4,0,4,1,2,0,0,0,0,0,0,0,0,0,0,0,0,0,2,0,0,2,1,10203130,Slovak Greek Catholic Church
Slovak Greek Catholic Church,354335,1,0,0,0,0,0,0,1,0,0,8,0,5,7,0,6,1,0,1,1,0,1,1,0,0,0,0,0,0,0,2,0,0,0,8,8,7,0,1,1,1,0,0,0,0,0,0,0,0,0,0,0,0,0,3,3,3,2,1,3,2,2,1,1,1,2,4,4,1,7,7,3,5,0,0,3,1,1,0,0,0,0,0,0,0,0,8,0,3,0,0,0,0,0,0,0,0,0,1,1,1,0,0,0,3,0,0,2,1,10203130,Slovak Greek Catholic Church
Slovak Greek Catholic Church,355411,2,0,0,0,0,0,0,1,0,0,8,0,7,7,0,9,1,0,1,0,0,1,1,0,1,0,0,0,0,0,2,0,0,0,10,9,5,0,1,1,1,0,0,0,0,0,0,0,0,0,0,0,0,0,3,4,4,5,1,1,1,1,1,1,1,1,1,1,1,1,3,1,1,0,0,4,2,2,0,0,0,0,0,0,0,0,5,0,2,1,2,0,0,0,0,0,0,0,1,1,1,0,0,0,3,0,0,2,1,10203130,Slovak Greek Catholic Church
Slovak Greek Catholic Church,355052,3,0,0,0,0,0,0,0,0,0,2,0,7,7,0,2,1,0,1,1,0,1,0,1,0,0,0,0,0,0,2,0,0,0,8,8,3,0,0,0,0,0,0,0,0,0,0,0,0,0,0,0,0,0,2,4,3,4,7,0,6,7,7,7,7,0,5,0,0,7,8,0,0,0,0,8,7,4,0,0,0,0,0,0,0,0,2,0,4,1,1,0,0,0,0,0,0,0,0,0,0,0,0,0,4,0,0,2,1,10203130,Slovak Greek Catholic Church
Slovak Greek Catholic Church,354342,2,0,0,0,0,0,0,1,0,0,7,0,8,8,0,5,1,0,1,1,0,1,1,0,0,0,0,0,0,0,2,0,0,0,8,8,10,0,1,1,1,0,0,0,0,0,0,0,0,0,0,0,0,0,3,3,3,2,1,2,1,6,1,2,1,1,5,8,1,9,7,0,6,0,0,5,4,2,0,0,0,0,0,0,0,0,8,0,4,0,0,0,0,0,0,0,0,0,1,1,1,0,0,0,3,0,0,1,1,10203130,Slovak Greek Catholic Church
Slovak Greek Catholic Church,355276,1,0,0,0,0,0,0,1,0,0,1,0,6,6,0,10,1,1,1,1,0,0,0,0,1,0,0,0,0,0,2,0,0,0,6,5,6,0,1,1,1,0,0,0,0,0,0,0,0,0,0,0,0,0,4,4,4,3,10,10,10,10,10,10,10,10,10,0,10,10,10,0,0,0,0,10,2,2,0,0,0,0,0,0,0,0,7,0,4,0,0,0,0,0,0,0,0,0,1,1,1,0,0,0,2,0,0,4,1,10203130,Slovak Greek Catholic Church
Slovak Greek Catholic Church,355104,1,0,0,0,0,0,0,1,0,0,10,0,4,5,0,0,1,0,1,1,0,0,0,0,1,0,1,0,0,0,2,0,0,0,3,5,5,0,1,1,1,0,0,0,0,0,0,0,0,0,0,0,0,0,4,3,3,4,1,1,1,1,1,1,4,1,1,1,1,1,5,1,1,0,0,5,1,1,0,0,0,0,0,0,0,0,10,0,1,1,2,0,0,0,0,0,0,0,1,1,1,0,0,0,1,0,0,3,1,10203130,Slovak Greek Catholic Church
Slovak Greek Catholic Church,355295,2,0,0,0,0,0,0,1,0,0,10,0,6,8,0,10,1,1,1,1,0,0,1,0,0,0,0,0,0,0,2,0,0,0,7,6,10,0,1,1,1,0,0,0,0,0,0,0,0,0,0,0,0,0,4,4,4,3,10,5,10,10,10,10,5,10,10,1,9,1,5,0,0,0,0,5,2,2,0,0,0,0,0,0,0,0,8,0,2,0,0,0,0,0,0,0,0,0,1,1,1,0,0,0,2,0,0,3,1,10203130,Slovak Greek Catholic Church
Slovak Greek Catholic Church,354630,2,0,0,0,0,0,0,1,0,0,8,0,10,10,0,10,1,0,1,1,0,1,0,0,0,0,1,0,0,0,2,0,0,0,9,7,5,0,0,0,0,0,0,0,0,0,0,0,0,0,0,0,0,0,1,1,3,3,1,1,1,1,1,1,1,1,1,5,5,5,5,1,1,0,0,1,3,4,0,0,0,0,0,0,0,0,7,0,3,0,0,0,0,0,0,0,0,0,0,0,0,0,0,0,3,0,0,2,1,10203130,Slovak Greek Catholic Church
Slovak Greek Catholic Church,355059,3,0,0,0,0,0,0,1,0,0,4,0,4,6,0,4,1,1,1,1,0,1,0,0,0,0,0,0,0,0,2,0,0,0,10,10,2,0,0,0,0,0,0,0,0,0,0,0,0,0,0,0,0,0,1,4,3,5,1,1,1,1,1,1,4,1,2,4,3,4,8,3,1,0,0,10,4,3,0,0,0,0,0,0,0,0,2,0,4,1,1,0,0,0,0,0,0,0,0,0,0,0,0,0,2,0,0,3,1,10203130,Slovak Greek Catholic Church
Slovak Greek Catholic Church,354890,2,0,0,0,0,0,0,1,0,0,9,0,3,4,0,3,1,0,1,0,0,0,1,1,0,0,1,0,0,0,2,0,0,0,8,8,2,0,1,0,1,0,0,0,0,0,0,0,0,0,0,0,0,0,2,1,3,4,5,8,8,8,7,6,8,7,7,9,9,7,9,8,9,0,0,0,2,1,0,0,0,0,0,0,0,0,4,0,3,1,2,0,0,0,0,0,0,0,1,0,1,0,0,0,0,0,0,2,1,10203130,Slovak Greek Catholic Church
Slovak Greek Catholic Church,355476,2,0,0,0,0,0,0,1,0,0,9,0,9,8,0,8,1,0,0,0,0,1,0,1,0,0,0,0,0,0,2,0,0,0,8,9,6,0,0,0,1,0,0,0,0,0,0,0,0,0,0,0,0,0,3,1,4,3,1,3,1,6,6,5,2,2,1,1,1,1,7,8,8,0,0,8,4,4,0,0,0,0,0,0,0,0,9,0,3,1,1,0,0,0,0,0,0,0,0,0,1,0,0,0,3,0,0,3,1,10203130,Slovak Greek Catholic Church
Slovak Greek Catholic Church,355013,3,0,0,0,0,0,0,0,0,0,2,0,4,4,0,2,1,0,1,1,0,1,0,0,0,0,1,0,0,0,2,0,0,0,4,7,7,0,0,0,0,0,0,0,0,0,0,0,0,0,0,0,0,0,3,3,3,5,7,6,6,5,4,5,7,3,6,6,7,8,8,10,9,0,0,9,4,4,0,0,0,0,0,0,0,0,3,0,3,0,0,0,0,0,0,0,0,0,0,0,0,0,0,0,4,0,0,2,1,10203130,Slovak Greek Catholic Church
Slovak Greek Catholic Church,354508,2,0,0,0,0,0,0,1,0,0,10,0,4,7,0,7,1,0,1,0,0,0,1,0,1,0,0,0,0,0,2,0,0,0,4,4,6,0,0,0,0,0,0,0,0,0,0,0,0,0,0,0,0,0,3,3,2,5,7,0,2,5,3,4,2,2,0,0,0,7,7,0,0,0,0,6,2,1,0,0,0,0,0,0,0,0,8,0,2,1,1,0,0,0,0,0,0,0,0,0,0,0,0,0,2,0,0,2,1,10203130,Slovak Greek Catholic Church
Slovak Greek Catholic Church,355443,2,0,0,0,0,0,0,1,0,0,8,0,9,8,0,9,0,1,1,1,0,0,1,1,0,0,0,0,0,0,2,0,0,0,7,8,4,0,0,0,1,0,0,0,0,0,0,0,0,0,0,0,0,0,2,1,3,3,2,2,1,1,1,1,3,3,1,6,5,6,7,1,1,0,0,7,2,3,0,0,0,0,0,0,0,0,7,0,3,1,1,0,0,0,0,0,0,0,0,0,1,0,0,1,3,0,0,3,1,10203130,Slovak Greek Catholic Church
Slovak Greek Catholic Church,354695,2,0,0,0,0,0,0,1,0,0,10,0,10,10,0,10,1,0,1,1,0,0,1,0,1,0,0,0,0,0,2,0,0,0,3,5,10,0,1,1,1,0,0,0,0,0,0,0,0,0,0,0,0,0,2,4,2,5,1,1,1,1,1,1,1,1,1,1,1,1,6,1,1,0,0,5,2,2,0,0,0,0,0,0,0,0,10,0,0,1,2,0,0,0,0,0,0,0,1,1,1,0,0,0,1,0,0,2,1,10203130,Slovak Greek Catholic Church
Slovak Greek Catholic Church,355214,1,0,0,0,0,0,0,1,0,0,10,0,10,10,0,10,1,0,0,0,1,1,1,0,0,0,0,0,0,0,1,0,0,0,9,9,3,0,1,1,1,0,0,0,0,0,0,0,0,0,0,0,0,0,2,1,1,2,1,1,1,1,1,1,1,1,1,1,1,1,1,1,1,0,0,1,2,2,0,0,0,0,0,0,0,0,10,0,1,1,2,0,0,0,0,0,0,0,1,1,1,0,0,0,1,0,0,2,1,10203130,Slovak Greek Catholic Church
Slovak Greek Catholic Church,355341,2,0,0,0,0,0,0,1,0,0,8,0,7,8,0,1,1,0,1,1,0,0,1,1,0,0,0,0,0,0,2,0,0,0,9,5,7,0,0,0,1,0,0,0,0,0,0,0,0,0,0,0,0,0,1,2,3,5,1,1,1,1,1,1,3,1,1,2,2,5,8,3,1,0,0,6,1,1,0,0,0,0,0,0,0,0,2,0,3,1,2,0,0,0,0,0,0,0,0,0,1,0,0,0,3,0,0,3,1,10203130,Slovak Greek Catholic Church
Spiritism,50376,1,0,0,0,0,0,0,1,0,0,10,0,1,10,0,1,1,0,1,0,0,1,0,1,1,0,0,0,0,0,1,0,0,0,5,5,1,0,1,1,1,0,0,0,0,0,0,0,0,0,0,0,0,0,4,4,3,2,1,1,1,1,1,1,1,1,1,0,1,5,5,1,1,0,0,5,1,1,0,0,0,0,0,0,0,0,1,0,3,1,2,0,0,0,0,0,0,0,1,1,1,0,0,0,4,0,0,2,9,90500000,Spiritism
Spiritism,49215,2,1,0,0,0,0,0,1,0,0,10,0,9,9,0,8,0,1,0,1,1,1,1,1,1,0,0,0,0,0,2,0,5,0,6,3,1,9,0,0,0,0,0,0,0,0,0,0,0,0,0,0,0,0,4,4,3,0,0,1,1,1,1,0,1,1,1,5,1,1,10,1,1,0,0,10,2,1,0,0,0,0,0,0,0,0,5,3,2,0,2,0,0,0,0,0,0,0,0,0,0,0,0,0,4,3,2,2,9,90500000,Spiritism
Spiritism,47929,2,1,0,0,0,0,0,0,0,0,10,0,8,8,8,0,0,0,0,1,0,0,0,0,0,0,0,0,0,0,2,0,4,0,7,10,3,9,0,0,0,0,1,0,0,0,0,0,0,1,0,0,1,0,4,4,0,0,0,1,0,0,0,0,3,3,1,0,0,1,1,1,1,0,0,0,1,0,0,0,0,0,1,0,0,0,2,0,0,0,2,0,4,4,4,2,0,0,0,0,0,0,0,0,0,0,0,1,9,90500000,Spiritism
Spiritism,50678,1,0,0,0,0,0,0,1,0,0,10,0,1,1,0,1,1,0,0,1,0,1,0,0,1,1,0,0,0,0,2,0,0,0,10,8,10,0,1,1,1,0,0,0,0,0,0,0,0,0,0,0,0,0,2,3,3,2,1,1,1,1,1,1,1,1,1,5,4,0,10,1,1,0,0,10,6,2,0,0,0,0,0,0,0,0,1,0,3,1,1,0,0,0,0,0,0,0,1,1,1,0,0,0,3,0,0,4,9,90500000,Spiritism
Spiritism,48498,2,1,0,0,0,0,0,1,0,0,10,0,10,10,0,10,0,0,0,1,0,1,0,0,1,1,1,0,0,0,2,0,5,0,6,8,4,8,0,0,0,0,0,0,0,0,0,0,0,0,0,0,0,0,2,3,2,0,0,1,1,5,1,0,1,1,1,10,1,1,8,1,1,0,0,8,3,2,0,0,0,0,0,0,0,0,4,3,3,0,0,0,0,0,0,0,0,0,0,0,0,0,0,0,3,4,1,2,9,90500000,Spiritism
Spiritism,47227,2,1,0,0,0,0,0,0,0,0,10,0,5,7,9,0,0,1,1,1,0,1,0,1,0,0,0,0,0,0,2,0,6,0,9,1,8,10,0,0,0,0,5,0,0,0,0,0,0,0,0,0,1,0,4,3,0,0,0,9,0,0,0,0,5,2,2,9,9,3,9,5,5,0,0,0,2,0,0,0,0,0,1,0,0,0,8,0,0,0,1,0,4,2,4,2,0,0,0,0,0,0,0,0,0,0,0,2,9,90500000,Spiritism
Spiritism,49471,1,1,0,0,0,0,0,1,0,0,10,0,6,7,0,6,0,0,1,1,0,1,0,0,1,0,0,1,0,0,2,0,1,0,7,9,1,10,0,1,0,0,0,0,0,0,0,0,0,0,0,0,0,0,4,4,4,0,0,1,1,1,1,0,1,1,1,1,1,1,1,1,1,0,0,1,8,1,0,0,0,0,0,0,0,0,5,3,4,0,2,0,0,0,0,0,0,0,0,1,0,0,0,0,4,4,3,1,9,90500000,Spiritism
Spiritism,49247,1,2,0,0,0,0,0,1,0,0,10,0,7,10,0,1,0,1,1,1,1,0,0,0,0,0,1,0,0,0,2,0,1,0,5,10,10,10,0,1,0,0,0,0,0,0,0,0,0,0,0,0,0,0,4,4,1,0,0,1,1,1,1,0,1,1,1,5,5,1,10,1,1,0,0,10,2,2,0,0,0,0,0,0,0,0,1,2,4,0,2,0,0,0,0,0,0,0,0,1,0,0,0,0,3,2,2,2,9,90500000,Spiritism
Spiritism,50297,1,0,0,0,0,0,0,1,0,0,10,0,10,8,0,10,0,0,1,1,0,1,1,1,0,0,0,0,0,0,2,0,0,0,8,10,10,0,0,0,0,0,0,0,0,0,0,0,0,0,0,0,0,0,3,4,1,4,1,1,1,5,1,1,5,1,1,1,1,1,10,1,1,0,0,10,3,5,0,0,0,0,0,0,0,0,1,0,3,0,0,0,0,0,0,0,0,0,0,0,0,0,0,0,2,0,0,3,9,90500000,Spiritism
Spiritism,50396,1,0,0,0,0,0,0,1,0,0,10,0,8,5,0,2,1,1,0,1,0,1,0,0,0,0,1,0,0,0,2,0,0,0,8,5,8,0,1,0,0,0,0,0,0,0,0,0,0,0,0,0,0,0,4,4,4,2,1,1,1,5,1,1,2,1,1,7,1,1,6,1,1,0,0,6,1,1,0,0,0,0,0,0,0,0,5,0,4,0,0,0,0,0,0,0,0,0,1,0,0,0,0,0,4,0,0,2,9,90500000,Spiritism
Spiritism,50460,1,0,0,0,0,0,0,1,0,0,10,0,5,10,0,1,1,0,1,0,0,1,1,0,0,0,0,0,0,0,2,0,0,0,5,1,1,0,1,0,1,0,0,0,0,0,0,0,0,0,0,0,0,0,3,3,2,2,1,1,1,10,1,1,1,1,1,0,0,1,5,1,1,0,0,5,2,1,0,0,0,0,0,0,0,0,5,0,2,1,2,0,0,0,0,0,0,0,1,0,1,0,0,0,3,0,0,2,9,90500000,Spiritism
Spiritism,48879,1,1,0,0,0,0,0,1,0,0,10,0,5,10,0,1,0,0,1,1,0,1,0,0,1,0,0,0,0,0,2,0,5,0,8,7,1,5,0,0,0,0,0,0,0,0,0,0,0,0,0,0,0,0,2,4,2,0,0,1,1,8,1,0,1,1,1,5,3,1,5,1,3,0,0,8,3,1,0,0,0,0,0,0,0,0,5,1,4,0,2,0,0,0,0,0,0,0,0,0,0,0,0,0,3,3,2,3,9,90500000,Spiritism
Spiritism,49061,2,1,0,0,0,0,0,1,0,0,10,0,10,9,0,9,0,1,1,1,0,0,0,0,0,0,1,1,0,0,2,0,10,0,8,10,4,7,0,1,0,0,0,0,0,0,0,0,0,0,0,0,0,0,4,3,3,0,0,1,1,2,1,0,9,1,1,10,3,9,6,1,1,0,0,8,2,3,0,0,0,0,0,0,0,0,1,1,3,0,0,0,0,0,0,0,0,0,0,1,0,0,0,0,3,2,2,2,9,90500000,Spiritism
Spiritism,47486,1,1,0,0,0,0,0,0,0,0,10,0,10,10,1,0,0,0,1,1,0,1,0,1,1,0,0,0,0,0,1,0,7,0,7,9,1,10,0,0,0,0,10,0,0,0,0,0,0,1,0,0,2,0,4,4,0,0,0,1,0,0,0,0,10,1,1,10,1,1,10,1,1,0,0,0,2,0,0,0,0,0,1,0,0,0,1,0,0,0,1,0,4,2,2,2,0,0,0,0,0,0,0,0,0,0,0,2,9,90500000,Spiritism
Spiritism,51140,2,0,0,0,0,0,0,1,0,0,10,0,5,5,0,5,1,0,1,1,0,1,0,0,0,1,0,0,0,0,2,0,0,0,10,8,1,0,1,0,0,0,0,0,0,0,0,0,0,0,0,0,0,0,3,4,2,2,1,1,1,1,1,1,1,1,1,5,1,5,5,1,5,0,0,5,2,1,0,0,0,0,0,0,0,0,1,0,3,1,2,0,0,0,0,0,0,0,1,0,0,0,0,0,3,0,0,2,9,90500000,Spiritism
Spiritism,49418,1,1,0,0,0,0,0,1,0,0,10,0,6,5,0,10,0,0,0,1,0,1,1,0,1,0,1,0,0,0,2,0,1,0,8,10,0,10,0,0,0,0,0,0,0,0,0,0,0,0,0,0,0,0,3,3,2,0,0,1,1,5,1,0,7,1,1,0,0,1,10,1,1,0,0,0,3,1,0,0,0,0,0,0,0,0,10,2,3,0,1,0,0,0,0,0,0,0,0,0,0,0,0,0,3,1,1,1,9,90500000,Spiritism
Spiritism,47224,2,1,0,0,0,0,0,0,0,0,9,0,8,9,9,0,0,1,0,1,0,0,0,0,0,0,1,0,0,0,2,0,4,0,4,5,5,7,0,0,0,0,7,0,0,0,0,0,0,0,0,0,1,0,3,3,0,0,0,3,0,0,0,0,3,2,2,8,8,1,9,7,3,0,0,0,8,0,0,0,0,0,1,0,0,0,8,0,0,0,0,0,5,2,4,2,0,0,0,0,0,0,0,0,0,0,0,2,9,90500000,Spiritism
Spiritism,47748,1,1,0,0,0,0,0,0,0,0,10,0,8,8,8,0,0,0,1,1,0,1,0,1,1,0,0,0,0,0,2,0,5,0,9,10,4,9,0,0,0,0,9,0,0,0,0,0,0,1,0,0,1,0,2,3,0,0,0,1,0,0,0,0,5,3,1,6,6,1,5,1,1,0,0,0,1,0,0,0,0,0,1,0,0,0,5,0,0,0,2,0,1,1,4,1,0,0,0,0,0,0,0,0,0,0,0,2,9,90500000,Spiritism
Spiritism,50973,2,0,0,0,0,0,0,1,0,0,10,0,6,4,0,3,1,0,1,1,0,1,0,0,0,0,1,0,0,0,2,0,0,0,4,10,1,0,1,0,0,0,0,0,0,0,0,0,0,0,0,0,0,0,3,3,2,2,1,1,1,5,1,1,8,1,1,1,1,1,1,1,1,0,0,1,7,2,0,0,0,0,0,0,0,0,3,0,3,0,0,0,0,0,0,0,0,0,1,0,0,0,0,0,3,0,0,0,9,90500000,Spiritism
Spiritism,50412,2,0,0,0,0,0,0,1,0,0,10,0,6,8,0,5,1,0,1,0,0,1,1,0,0,1,0,0,0,0,2,0,0,0,5,5,5,0,1,1,1,0,0,0,0,0,0,0,0,0,0,0,0,0,3,3,3,2,1,5,1,5,1,1,5,1,1,5,6,5,6,6,1,0,0,6,2,1,0,0,0,0,0,0,0,0,5,0,3,1,1,0,0,0,0,0,0,0,1,1,1,0,0,0,3,0,0,2,9,90500000,Spiritism
Spiritism,48240,3,1,0,0,0,0,0,1,0,0,10,0,1,10,0,1,0,0,1,1,0,0,0,0,1,1,1,0,0,0,2,0,1,0,9,7,6,10,0,0,0,0,0,0,0,0,0,0,0,0,0,0,0,0,3,4,2,0,0,1,1,1,1,0,1,1,1,0,1,1,0,1,1,0,0,0,1,1,0,0,0,0,0,0,0,0,1,3,3,0,2,0,0,0,0,0,0,0,0,0,0,0,0,0,2,1,1,3,9,90500000,Spiritism
Spiritism,50590,1,0,0,0,0,0,0,1,0,0,10,0,7,10,0,8,1,1,1,1,1,0,0,0,0,0,0,0,0,0,2,0,0,0,5,8,5,0,1,1,1,0,0,0,0,0,0,0,0,0,0,0,0,0,4,4,4,2,5,3,3,7,1,1,3,3,3,5,7,5,5,3,3,0,0,10,3,1,0,0,0,0,0,0,0,0,2,0,3,1,2,0,0,0,0,0,0,0,1,1,1,0,0,0,3,0,0,2,9,90500000,Spiritism
Spiritism,48937,2,1,0,0,0,0,0,1,0,0,10,0,9,6,0,3,0,0,1,1,0,1,1,0,0,0,1,0,0,0,2,0,1,0,4,6,3,7,0,0,0,0,0,0,0,0,0,0,0,0,0,0,0,0,3,3,3,0,0,1,1,1,1,0,1,1,1,10,5,1,10,1,1,0,0,9,1,2,0,0,0,0,0,0,0,0,5,2,4,0,2,0,0,0,0,0,0,0,0,0,0,0,0,0,3,2,2,2,9,90500000,Spiritism
Spiritism,46628,1,1,0,0,0,0,0,0,0,0,10,0,7,10,10,0,0,0,0,1,0,1,1,0,1,1,0,0,0,0,2,0,1,0,7,8,8,9,0,0,0,0,3,0,0,0,0,0,0,1,0,0,1,0,3,4,0,0,0,1,0,0,0,0,1,1,1,8,3,4,7,5,5,0,0,0,3,0,0,0,0,0,1,0,0,0,5,1,0,0,0,0,2,1,4,1,0,0,0,0,0,0,0,0,0,0,0,2,9,90500000,Spiritism
Spiritism,51138,1,0,0,0,0,0,0,1,0,0,10,0,8,8,0,1,1,1,1,0,0,1,0,1,0,0,0,0,0,0,1,0,0,0,9,10,10,0,1,0,0,0,0,0,0,0,0,0,0,0,0,0,0,0,4,4,4,2,1,1,1,1,1,1,5,6,1,10,10,1,10,7,1,0,0,10,1,1,0,0,0,0,0,0,0,0,7,0,3,1,2,0,0,0,0,0,0,0,1,0,0,0,0,0,4,0,0,2,9,90500000,Spiritism
Spiritism,47744,2,1,0,0,0,0,0,0,0,0,10,0,8,9,10,0,0,1,0,1,1,1,0,1,0,0,0,0,0,0,2,0,1,0,7,10,10,10,0,0,0,0,10,0,0,0,0,0,0,0,0,0,0,0,3,3,0,0,0,1,0,0,0,0,9,2,2,5,5,5,8,2,5,0,0,0,2,0,0,0,0,0,1,0,0,0,3,0,0,0,2,0,3,3,3,2,0,0,0,0,0,0,0,0,0,0,0,2,9,90500000,Spiritism
Spiritism,307227,1,1,0,0,0,0,0,1,1,0,10,2,0,0,0,0,1,1,0,0,0,0,0,0,1,1,1,0,2,4,2,0,0,2,6,5,1,7,1,1,1,1,0,1,1,0,0,0,0,1,1,0,0,2,0,0,0,0,0,1,0,0,0,0,3,1,1,4,1,1,1,1,1,0,0,0,2,0,1,0,0,0,0,0,0,0,0,0,0,0,2,0,0,0,0,0,1,0,1,1,1,0,0,0,0,0,0,0,9,90500000,Spiritism
Spiritism,49968,2,0,0,0,0,0,0,1,0,0,10,0,5,5,0,5,1,1,1,1,1,0,0,0,0,0,0,0,0,0,2,0,0,0,10,9,5,0,0,1,1,0,0,0,0,0,0,0,0,0,0,0,0,0,4,4,1,2,1,1,1,1,1,1,10,1,1,0,1,1,0,0,1,0,0,0,3,3,0,0,0,0,0,0,0,0,1,0,4,0,0,0,0,0,0,0,0,0,0,1,1,0,0,0,4,0,0,2,9,90500000,Spiritism
Spiritism,47413,3,1,0,0,0,0,0,0,0,0,4,0,6,6,10,0,0,1,1,1,0,1,0,0,0,0,1,0,0,0,2,0,1,0,3,6,10,10,0,0,0,0,4,0,0,0,0,0,0,0,0,1,1,0,2,3,0,0,0,1,0,0,0,0,1,1,1,7,7,10,10,10,5,0,0,0,7,0,0,0,0,0,1,0,0,0,10,0,0,0,1,0,5,1,5,1,0,0,0,0,0,0,0,0,0,0,0,3,9,90500000,Spiritism
Spiritism,47464,1,0,0,0,0,0,0,0,0,0,10,0,10,10,10,0,0,0,0,0,1,0,0,1,0,0,1,0,0,0,1,0,8,0,8,3,10,10,0,0,0,0,10,0,0,0,0,0,0,1,0,1,2,0,4,4,0,0,0,1,0,0,0,0,7,1,1,7,7,7,1,1,1,0,0,0,2,0,0,0,0,0,1,0,0,0,1,2,0,0,1,0,3,5,3,5,0,0,0,0,0,0,0,0,0,0,0,2,9,90500000,Spiritism
Spiritism,47222,1,1,0,0,0,0,0,0,0,0,10,0,5,9,10,0,0,0,1,1,1,0,0,0,1,1,0,0,0,0,2,0,10,0,8,7,1,10,0,0,0,0,10,0,0,0,0,0,0,0,0,0,1,0,3,3,0,0,0,1,0,0,0,0,1,1,1,10,10,1,10,1,1,0,0,0,8,0,0,0,0,0,1,0,0,0,9,0,0,0,1,0,1,1,1,1,0,0,0,0,0,0,0,0,0,0,0,2,9,90500000,Spiritism
Spiritism,50434,1,0,0,0,0,0,0,1,0,0,10,0,5,8,0,1,1,1,1,0,0,1,0,0,0,0,1,0,0,0,2,0,0,0,7,9,10,0,1,1,1,0,0,0,0,0,0,0,0,0,0,0,0,0,4,4,3,2,10,10,1,10,1,1,10,10,1,1,1,1,1,10,10,0,0,10,3,2,0,0,0,0,0,0,0,0,3,0,3,0,0,0,0,0,0,0,0,0,1,1,1,0,0,0,3,0,0,2,9,90500000,Spiritism
Spiritism,50140,2,0,0,0,0,0,0,1,0,0,3,0,4,7,0,5,1,0,1,1,0,1,0,0,0,0,1,0,0,0,2,0,0,0,4,5,4,0,0,1,1,0,0,0,0,0,0,0,0,0,0,0,0,0,2,2,3,3,3,5,6,4,5,6,8,7,7,7,5,5,5,5,7,0,0,5,4,4,0,0,0,0,0,0,0,0,5,0,2,0,0,0,0,0,0,0,0,0,0,1,1,0,0,0,0,0,0,4,9,90500000,Spiritism
Spiritism,49941,1,0,0,0,0,0,0,1,0,0,10,0,6,6,0,5,1,0,1,0,1,0,0,0,0,1,1,0,0,0,2,0,0,0,8,7,9,0,1,0,0,0,0,0,0,0,0,0,0,0,0,0,0,0,0,0,2,2,4,3,1,1,1,1,5,2,1,7,5,3,3,7,1,0,0,7,2,2,0,0,0,0,0,0,0,0,7,0,3,1,1,0,0,0,0,0,0,0,1,0,0,0,0,0,4,0,0,4,9,90500000,Spiritism
Spiritism,48831,3,1,0,0,0,0,0,1,0,0,10,0,5,0,0,0,0,1,0,1,1,1,0,1,0,0,0,0,0,0,2,0,0,0,7,10,8,0,0,0,0,0,0,0,0,0,0,0,0,0,0,0,0,0,0,3,3,0,0,1,1,0,5,0,1,0,0,0,0,0,10,10,1,0,0,10,7,8,0,0,0,0,0,0,0,0,10,1,3,0,1,0,0,0,0,0,0,0,0,0,0,0,0,0,3,4,2,2,9,90500000,Spiritism
Spiritism,48601,1,2,0,0,0,0,0,1,0,0,10,0,5,10,0,1,0,1,0,1,0,0,0,0,0,0,0,0,0,0,2,0,4,0,10,10,7,10,0,1,0,0,0,0,0,0,0,0,0,0,0,0,0,0,2,4,1,0,0,1,1,5,1,0,1,1,1,1,5,5,5,1,1,0,0,8,1,3,0,0,0,0,0,0,0,0,8,1,3,0,2,0,0,0,0,0,0,0,0,1,0,0,0,0,2,2,1,0,9,90500000,Spiritism
Spiritism,49515,1,1,0,0,0,0,0,1,0,0,10,0,5,1,0,1,0,0,0,1,0,1,0,1,0,0,0,0,0,0,1,0,5,0,5,10,5,10,0,0,0,0,0,0,0,0,0,0,0,0,0,0,0,0,3,3,3,0,0,1,1,1,1,0,1,1,1,1,1,1,10,1,1,0,0,10,2,2,0,0,0,0,0,0,0,0,1,3,3,0,2,0,0,0,0,0,0,0,0,0,0,0,0,0,3,3,2,1,9,90500000,Spiritism
Spiritism,51279,1,0,0,0,0,0,0,1,0,0,10,0,10,10,0,7,0,0,1,1,0,0,0,1,0,1,1,0,0,0,2,0,0,0,10,10,10,0,1,0,0,0,0,0,0,0,0,0,0,0,0,0,0,0,3,3,3,4,1,1,1,10,1,1,7,1,1,5,1,1,5,1,1,0,0,7,7,2,0,0,0,0,0,0,0,0,3,0,3,0,0,0,0,0,0,0,0,0,1,0,0,0,0,0,4,0,0,1,9,90500000,Spiritism
Spiritism,48961,2,1,0,0,0,0,0,1,0,0,10,0,5,10,0,1,0,0,0,1,0,1,1,0,1,0,1,0,0,0,2,0,3,0,8,8,1,10,0,0,0,0,0,0,0,0,0,0,0,0,0,0,0,0,3,3,3,0,0,1,1,2,1,0,10,0,1,5,1,1,7,1,1,0,0,5,2,2,0,0,0,0,0,0,0,0,1,2,1,0,2,0,0,0,0,0,0,0,0,0,0,0,0,0,3,2,2,3,9,90500000,Spiritism
Spiritism,22265,4,0,0,0,0,0,0,1,0,0,3,0,7,9,0,10,1,1,0,1,1,0,1,0,0,0,1,0,0,0,2,0,0,0,4,7,7,0,1,1,1,0,0,0,0,0,0,0,0,0,0,0,0,0,4,4,3,2,1,1,1,1,1,1,3,1,1,6,1,1,10,8,1,0,0,10,8,8,0,0,0,0,0,0,0,0,10,0,2,0,0,0,0,0,0,0,0,0,1,1,1,0,0,1,2,0,0,4,9,90500000,Spiritism
Spiritism,48875,1,1,0,0,0,0,0,1,0,0,10,0,10,10,0,1,0,0,1,1,0,1,0,0,0,1,1,0,0,0,2,0,7,0,6,10,10,10,0,1,0,0,0,0,0,0,0,0,0,0,0,0,0,0,3,3,3,0,0,1,1,5,1,0,1,1,1,1,1,1,7,1,1,0,0,6,1,1,0,0,0,0,0,0,0,0,1,3,3,0,2,0,0,0,0,0,0,0,0,1,0,0,0,0,3,1,2,4,9,90500000,Spiritism
Spiritism,47820,1,2,0,0,0,0,0,0,0,0,4,0,3,10,4,0,0,0,0,0,0,1,0,1,1,1,1,0,0,0,2,0,3,0,1,10,2,10,0,0,0,0,10,0,0,0,0,0,0,1,0,0,0,0,3,3,0,0,0,4,0,0,0,0,4,1,1,10,10,1,10,1,1,0,0,0,1,0,0,0,0,0,0,0,0,0,1,0,0,0,2,0,5,5,1,5,0,0,0,0,0,0,0,0,0,0,0,4,9,90500000,Spiritism
Spiritism,48425,1,1,0,0,0,0,0,1,0,0,10,0,10,10,0,10,0,0,1,1,1,1,0,0,1,0,0,0,0,0,2,0,10,0,10,10,1,9,0,1,0,0,0,0,0,0,0,0,0,0,0,0,0,0,1,4,3,0,0,1,1,1,1,0,1,1,1,1,1,1,1,1,1,0,0,1,1,1,0,0,0,0,0,0,0,0,5,2,2,0,1,0,0,0,0,0,0,0,0,1,0,0,0,0,4,1,1,1,9,90500000,Spiritism
Spiritism,47727,1,2,0,0,0,0,0,0,0,0,10,0,10,10,10,0,0,0,0,1,1,0,0,1,1,0,1,0,0,0,2,0,10,0,6,10,1,10,0,0,0,0,8,0,0,0,0,0,0,0,0,0,1,0,3,3,0,0,0,1,0,0,0,0,1,1,1,10,7,1,10,10,1,0,0,0,2,0,0,0,0,0,1,0,0,0,5,0,0,0,0,0,5,2,4,2,0,0,0,0,0,0,0,0,0,0,0,1,9,90500000,Spiritism
Spiritism,49847,1,0,0,0,0,0,0,1,0,0,10,0,7,7,0,2,1,0,1,1,0,1,0,0,0,0,0,0,0,0,2,0,0,0,7,7,9,0,1,1,1,0,0,0,0,0,0,0,0,0,0,0,0,0,4,4,3,2,1,2,2,7,4,1,7,5,1,9,9,7,10,9,5,0,0,10,2,2,0,0,0,0,0,0,0,0,4,0,3,1,2,0,0,0,0,0,0,0,1,1,1,0,0,0,4,0,0,2,9,90500000,Spiritism
Spiritism,50957,1,0,0,0,0,0,0,1,0,0,10,0,3,7,0,5,1,0,0,1,0,1,0,0,1,1,0,0,0,0,2,0,0,0,8,7,1,0,1,1,1,0,0,0,0,0,0,0,0,0,0,0,0,0,3,3,3,2,1,1,1,1,1,1,1,1,1,6,6,5,7,1,1,0,0,6,2,2,0,0,0,0,0,0,0,0,5,0,2,1,2,0,0,0,0,0,0,0,1,1,1,0,0,0,3,0,0,2,9,90500000,Spiritism
Spiritism,50445,1,0,0,0,0,0,0,1,0,0,10,0,8,10,0,10,1,0,0,0,0,0,0,0,0,0,0,0,0,0,2,0,0,0,10,8,1,0,1,1,1,0,0,0,0,0,0,0,0,0,0,0,0,0,3,4,0,4,1,1,1,5,1,1,1,1,1,1,1,1,1,1,1,0,0,1,7,7,0,0,0,0,0,0,0,0,1,0,3,1,2,0,0,0,0,0,0,0,1,1,1,0,0,0,4,0,0,2,9,90500000,Spiritism
Spiritism,48960,1,1,0,0,0,0,0,1,0,0,10,0,10,10,0,1,0,1,0,0,1,1,0,0,0,0,1,0,0,0,2,0,10,0,9,5,10,10,0,0,0,0,0,0,0,0,0,0,0,0,0,0,0,0,0,3,2,0,0,1,1,1,1,0,1,1,1,5,1,1,5,1,1,0,0,1,2,1,0,0,0,0,0,0,0,0,1,3,3,0,2,0,0,0,0,0,0,0,0,0,0,0,0,0,3,3,2,2,9,90500000,Spiritism
Spiritism,48565,2,1,0,0,0,0,0,1,0,0,10,0,1,5,0,3,0,0,1,1,0,1,0,1,0,0,1,0,0,0,2,0,1,0,10,10,10,6,0,1,0,0,0,0,0,0,0,0,0,0,0,0,0,0,3,3,3,0,0,1,1,5,1,0,1,1,1,5,1,1,5,5,1,0,0,10,2,2,0,0,0,0,0,0,0,0,2,1,3,0,0,0,0,0,0,0,0,0,0,1,0,0,0,0,3,3,1,4,9,90500000,Spiritism
Spiritism,47321,1,1,0,0,0,0,0,0,0,0,10,0,10,10,10,0,0,0,0,0,0,0,1,1,1,1,1,0,0,0,2,0,1,0,10,10,1,1,0,0,0,0,10,0,0,0,0,0,0,1,0,0,0,0,4,4,0,0,0,1,0,0,0,0,1,1,1,1,1,1,1,1,1,0,0,0,1,0,0,0,0,0,1,0,0,0,2,0,0,0,0,0,1,1,1,1,0,0,0,0,0,0,0,1,0,0,0,1,9,90500000,Spiritism
Sunni,221068,1,0,0,0,0,0,0,1,0,0,10,0,10,10,0,5,1,0,1,1,0,0,0,1,0,0,1,0,0,0,2,0,0,0,10,10,1,0,0,0,0,0,0,0,0,0,0,0,0,0,0,0,0,0,2,3,4,5,1,5,1,5,2,1,5,1,3,1,1,1,1,1,1,0,0,1,8,2,0,0,0,0,0,0,0,0,5,0,2,0,0,0,0,0,0,0,0,0,0,0,0,0,0,1,1,0,0,4,5,50101000,Sunni
Sunni,187811,1,4,0,0,0,0,0,0,0,0,10,0,0,0,0,0,0,0,0,0,0,1,1,1,1,0,1,0,0,0,2,0,2,0,1,5,3,3,0,0,0,0,4,0,0,0,0,0,0,1,0,0,0,0,2,2,0,0,0,7,0,0,0,0,7,2,2,1,1,1,1,1,1,0,0,0,2,0,0,0,0,0,1,0,0,0,0,0,0,0,2,0,2,4,2,3,0,0,0,0,0,0,0,1,0,0,0,0,5,50101000,Sunni
Sunni,236096,1,1,0,0,0,0,0,1,0,0,10,0,10,10,0,5,0,1,1,1,1,1,0,0,0,0,0,0,0,0,1,0,5,0,10,5,5,10,0,1,0,0,0,0,0,0,0,0,0,0,0,0,0,0,1,1,1,0,0,1,1,1,1,0,1,1,1,1,1,1,1,1,1,0,0,1,0,0,0,0,0,0,0,0,0,0,1,3,1,0,0,0,0,0,0,0,0,0,0,1,0,0,0,1,1,4,4,3,5,50101000,Sunni
Sunni,296199,1,2,0,0,0,0,0,1,1,0,10,0,0,0,0,0,1,0,1,0,0,1,0,0,1,0,1,0,0,0,1,2,0,0,5,5,0,0,1,1,1,1,0,1,1,0,0,0,0,1,1,0,0,0,3,4,0,0,0,1,0,0,0,0,1,1,1,1,1,1,1,1,1,1,0,0,1,0,0,0,0,0,0,0,0,0,0,0,0,0,0,0,1,2,0,0,0,0,1,1,1,0,0,0,0,0,0,0,5,50101000,Sunni
Sunni,371622,1,0,0,0,0,0,0,1,0,0,8,0,5,6,0,6,1,1,1,1,1,1,1,1,1,1,1,0,0,0,2,0,0,0,8,5,2,0,0,1,1,0,0,0,0,0,0,0,0,0,0,0,0,0,1,1,1,0,1,1,1,1,1,1,3,1,1,1,2,1,6,1,1,0,0,1,1,1,0,0,0,0,0,0,0,0,5,0,1,0,0,0,0,0,0,0,0,0,0,1,1,0,0,1,1,0,0,2,5,50101000,Sunni
Sunni,187803,1,3,0,0,0,0,0,0,0,0,10,0,0,0,0,0,0,0,1,0,0,1,1,0,1,0,1,0,0,0,2,0,8,0,7,5,2,5,0,0,0,0,7,0,0,0,0,0,0,1,0,0,0,0,1,3,0,0,0,5,0,0,0,0,1,1,1,1,1,1,1,1,1,0,0,0,1,0,0,0,0,0,1,0,0,0,0,0,0,0,0,0,1,3,1,2,0,0,0,0,0,0,0,0,0,0,0,0,5,50101000,Sunni
Sunni,296644,1,2,0,0,0,0,0,1,0,0,10,0,10,10,0,8,0,0,1,1,0,0,1,0,1,0,1,0,0,0,2,0,2,0,6,10,3,10,0,1,0,0,0,0,0,0,0,0,0,0,0,0,0,0,2,2,1,0,0,1,1,1,1,0,1,1,1,1,1,1,1,1,1,0,0,1,3,1,0,0,0,0,0,0,0,0,10,2,2,0,0,0,0,0,0,0,0,0,0,1,0,0,0,1,1,3,2,2,5,50101000,Sunni
Sunni,412878,3,0,0,0,0,0,0,1,0,0,10,0,9,7,0,8,1,0,1,1,0,0,0,1,0,1,0,0,0,0,2,0,0,0,1,10,4,0,1,1,1,0,0,0,0,0,0,0,0,0,0,0,0,0,2,3,2,0,8,10,1,2,8,2,9,2,10,0,10,10,10,7,2,0,0,9,1,1,0,0,0,0,0,0,0,0,6,0,3,0,0,0,0,0,0,0,0,0,1,1,1,0,0,1,2,0,0,3,1,50101000,Sunni
Sunni,412225,1,0,0,0,0,0,0,1,0,0,10,0,1,10,0,5,1,1,1,1,1,0,0,0,0,0,0,0,0,0,2,0,0,0,4,6,8,0,1,1,1,0,0,0,0,0,0,0,0,0,0,0,0,0,4,1,4,0,1,1,1,1,1,1,1,1,1,0,1,1,1,1,1,0,0,1,4,1,0,0,0,0,0,0,0,0,10,0,4,1,1,0,0,0,0,0,0,0,1,1,1,0,0,1,1,0,0,4,1,50101000,Sunni
Sunni,234886,1,1,0,0,0,0,0,1,0,0,10,0,10,10,0,10,0,1,1,1,0,1,1,0,0,0,0,0,0,0,2,0,9,0,10,9,1,9,0,1,0,0,0,0,0,0,0,0,0,0,0,0,0,0,1,1,2,0,0,2,1,3,1,0,1,1,1,3,1,1,5,1,1,0,0,1,2,1,0,0,0,0,0,0,0,0,1,2,1,0,0,0,0,0,0,0,0,0,0,1,0,0,0,0,1,4,3,4,5,50101000,Sunni
Sunni,235488,1,3,0,0,0,0,0,1,0,0,10,0,10,10,0,8,0,0,0,1,0,1,1,0,0,1,1,0,0,0,2,0,1,0,2,7,1,4,0,1,0,0,0,0,0,0,0,0,0,0,0,0,0,0,2,1,2,0,0,1,1,1,1,0,1,1,1,1,1,1,1,0,1,0,0,1,4,4,0,0,0,0,0,0,0,0,1,3,1,0,0,0,0,0,0,0,0,0,0,1,0,0,0,1,2,4,2,2,5,50101000,Sunni
Sunni,243802,1,0,0,0,0,0,0,1,0,0,10,0,10,0,0,5,0,1,0,0,1,1,0,1,0,0,0,1,0,0,2,0,5,0,10,0,1,0,0,1,0,0,0,0,0,0,0,0,0,0,0,0,0,0,0,4,3,0,0,1,1,0,1,0,1,0,1,1,0,1,0,0,1,0,0,1,0,3,0,0,0,0,0,0,0,0,0,0,0,0,0,0,0,0,0,0,0,0,0,1,0,0,0,0,1,4,0,4,5,50101000,Sunni
Sunni,186484,1,1,0,0,0,0,0,0,0,0,10,0,0,0,0,0,0,1,1,0,0,1,0,0,0,1,1,0,0,0,2,0,7,0,8,7,5,5,0,0,0,0,5,0,0,0,0,0,0,1,0,0,0,0,1,1,0,0,0,1,0,0,0,0,10,1,1,1,1,1,1,1,6,0,0,0,2,0,0,0,0,0,1,0,0,0,0,0,0,0,2,0,1,1,4,4,0,0,0,0,0,0,0,0,0,0,0,0,5,50101000,Sunni
Sunni,297272,1,1,0,0,0,0,0,1,0,0,9,0,8,9,0,6,0,1,0,1,0,1,0,1,0,0,1,0,0,0,2,0,9,0,9,9,2,8,0,1,0,0,0,0,0,0,0,0,0,0,0,0,0,0,1,3,1,0,0,1,3,2,1,0,2,4,2,1,2,2,3,1,2,0,0,2,8,1,0,0,0,0,0,0,0,0,2,3,1,0,0,0,0,0,0,0,0,0,0,1,0,0,0,0,1,1,4,3,5,50101000,Sunni
Sunni,244016,1,1,0,0,0,0,0,1,0,0,10,0,10,10,0,0,0,0,1,1,0,0,0,0,1,0,0,0,0,0,2,0,1,0,5,5,1,10,0,1,0,0,0,0,0,0,0,0,0,0,0,0,0,0,2,4,2,0,0,1,1,5,1,0,1,1,1,1,0,1,5,0,1,0,0,1,0,1,0,0,0,0,0,0,0,0,0,0,1,0,0,0,0,0,0,0,0,0,0,1,0,0,0,0,1,0,0,3,5,50101000,Sunni
Sunni,295640,1,2,0,0,0,0,0,1,1,0,10,0,0,0,0,0,1,0,1,0,0,1,0,0,1,0,1,0,0,0,2,1,0,0,5,0,0,0,1,1,1,1,0,1,1,0,0,0,0,1,1,0,0,0,2,2,0,0,0,1,0,0,0,0,1,1,1,1,1,3,4,1,1,1,0,0,1,0,0,0,0,0,0,0,0,0,0,0,0,0,0,0,1,0,0,0,0,0,1,1,1,0,0,0,0,0,0,0,5,50101000,Sunni
Sunni,372641,2,0,0,0,0,0,0,1,0,0,1,0,1,1,0,2,1,0,0,1,0,0,0,0,0,0,0,0,0,0,0,0,0,0,2,2,2,0,1,1,1,0,0,0,0,0,0,0,0,0,0,0,0,0,3,3,3,0,2,2,1,3,3,3,1,2,1,2,1,2,2,2,2,0,0,2,1,1,0,0,0,0,0,0,0,0,2,0,1,1,2,0,0,0,0,0,0,0,1,1,1,0,0,0,1,0,0,3,5,50101000,Sunni
Sunni,372402,1,0,0,0,0,0,0,1,0,0,10,0,9,8,0,10,1,1,1,1,1,1,1,1,1,1,1,0,0,0,2,0,0,0,7,6,8,0,1,1,1,0,0,0,0,0,0,0,0,0,0,0,0,0,2,4,2,0,1,1,3,1,1,1,3,1,1,1,1,10,10,1,1,0,0,1,4,1,0,0,0,0,0,0,0,0,3,0,1,0,0,0,0,0,0,0,0,0,1,1,1,0,0,1,3,0,0,3,5,50101000,Sunni
Sunni,234352,1,3,0,0,0,0,0,1,0,0,10,0,8,8,0,6,0,1,0,0,0,1,1,0,1,0,1,0,0,0,2,0,6,0,8,7,3,1,0,1,0,0,0,0,0,0,0,0,0,0,0,0,0,0,1,3,2,0,0,1,1,2,2,0,1,1,1,1,1,1,8,1,1,0,0,1,8,1,0,0,0,0,0,0,0,0,3,2,1,0,0,0,0,0,0,0,0,0,0,1,0,0,0,0,2,3,2,3,5,50101000,Sunni
Sunni,294115,2,0,0,0,0,0,0,1,1,0,10,1,0,0,0,0,0,1,0,0,1,1,0,1,0,1,0,0,0,0,2,0,0,0,0,0,0,0,1,1,1,1,0,2,2,0,0,0,0,0,0,0,0,0,4,4,0,0,0,0,0,0,0,0,0,0,0,0,0,0,0,0,0,0,0,0,0,0,0,0,0,0,0,0,0,0,0,0,0,0,0,0,0,0,0,0,0,0,1,1,1,0,0,0,0,0,0,0,5,50101000,Sunni
Sunni,412553,3,0,0,0,0,0,0,1,0,0,10,0,10,10,0,3,1,1,0,1,1,0,1,0,0,0,0,0,0,0,2,0,0,0,8,7,6,0,1,1,1,0,0,0,0,0,0,0,0,0,0,0,0,0,3,3,3,0,1,1,1,2,1,1,1,1,1,0,1,7,7,1,1,0,0,1,2,1,0,0,0,0,0,0,0,0,3,0,3,0,0,0,0,0,0,0,0,0,1,1,1,0,0,1,3,0,0,3,1,50101000,Sunni
Sunni,235322,1,1,0,0,0,0,0,1,0,0,10,0,10,10,0,10,0,0,1,0,0,1,0,0,1,1,1,0,0,0,2,0,3,0,5,6,1,10,0,1,0,0,0,0,0,0,0,0,0,0,0,0,0,0,1,4,3,0,0,5,1,7,1,0,4,1,1,1,1,1,1,1,1,0,0,0,4,1,0,0,0,0,0,0,0,0,1,3,1,0,0,0,0,0,0,0,0,0,0,1,0,0,0,1,1,4,2,4,5,50101000,Sunni
Sunni,371509,1,0,0,0,0,0,0,1,0,0,10,0,10,10,0,0,1,1,1,1,0,1,1,1,1,1,1,0,0,0,2,0,0,0,1,1,5,0,1,1,1,0,0,0,0,0,0,0,0,0,0,0,0,0,3,3,1,0,1,5,1,5,1,1,1,1,1,1,1,1,5,1,1,0,0,1,7,1,0,0,0,0,0,0,0,0,1,0,2,0,0,0,0,0,0,0,0,0,1,1,1,0,0,0,2,0,0,2,5,50101000,Sunni
Sunni,295478,1,0,0,0,0,0,0,1,1,0,10,0,0,0,0,0,1,0,1,0,0,0,1,0,1,0,1,0,0,0,2,1,0,0,0,3,0,0,1,1,1,1,0,1,1,0,0,0,0,1,1,0,0,0,2,2,0,0,0,1,0,0,0,0,1,1,1,1,1,2,1,1,1,1,0,0,1,0,0,0,0,0,0,0,0,0,0,0,0,0,0,0,1,1,4,0,0,0,1,1,1,0,0,0,0,0,0,0,5,50101000,Sunni
Sunni,235039,1,2,0,0,0,0,0,1,0,0,6,0,9,6,0,5,0,0,1,0,1,0,0,1,0,1,1,0,0,0,0,0,5,0,6,7,4,7,0,1,0,0,0,0,0,0,0,0,0,0,0,0,0,0,2,3,2,0,0,2,2,6,2,0,2,2,2,2,1,5,5,5,2,0,0,1,6,1,0,0,0,0,0,0,0,0,3,0,1,0,0,0,0,0,0,0,0,0,0,1,0,0,0,1,1,3,2,3,5,50101000,Sunni
Sunni,234618,1,2,0,0,0,0,0,1,0,0,10,0,7,10,0,0,0,0,1,1,0,1,0,1,0,1,0,0,0,0,2,0,3,0,7,8,8,3,0,1,0,0,0,0,0,0,0,0,0,0,0,0,0,0,2,3,3,0,0,1,1,1,1,0,1,1,1,1,1,1,1,1,1,0,0,1,0,0,0,0,0,0,0,0,0,0,9,1,3,0,0,0,0,0,0,0,0,0,0,1,0,0,0,0,1,4,0,3,5,50101000,Sunni
Sunni,221837,1,0,0,0,0,0,0,1,0,0,10,0,5,3,0,10,0,0,1,1,0,1,0,1,0,0,1,0,0,0,2,0,0,0,1,1,2,0,0,0,0,0,0,0,0,0,0,0,0,0,0,0,0,0,3,1,1,5,1,1,1,1,1,1,1,1,1,1,1,1,10,1,1,0,0,1,8,8,0,0,0,0,0,0,0,0,1,0,1,1,1,0,0,0,0,0,0,0,0,0,0,0,0,0,1,0,0,4,5,50101000,Sunni
Sunni,371949,1,0,0,0,0,0,0,1,0,0,10,0,5,2,0,4,1,1,1,1,1,1,1,1,1,1,1,0,0,0,2,0,0,0,5,6,1,0,1,1,1,0,0,0,0,0,0,0,0,0,0,0,0,0,1,3,3,0,9,8,7,7,8,8,8,9,8,9,8,8,8,8,8,0,0,8,7,8,0,0,0,0,0,0,0,0,5,0,1,0,0,0,0,0,0,0,0,0,1,1,1,0,0,0,4,0,0,3,5,50101000,Sunni
Sunni,412379,1,0,0,0,0,0,0,1,0,0,10,0,9,9,0,7,1,1,0,1,0,1,0,1,0,0,0,0,0,0,1,0,0,0,7,7,10,0,1,1,1,0,0,0,0,0,0,0,0,0,0,0,0,0,3,4,4,0,1,1,1,3,1,1,10,4,1,0,1,1,6,1,4,0,0,1,4,1,0,0,0,0,0,0,0,0,6,0,1,0,0,0,0,0,0,0,0,0,1,1,1,0,0,1,1,0,0,3,1,50101000,Sunni
Sunni,221313,1,0,0,0,0,0,0,1,0,0,10,0,10,10,0,1,0,0,1,1,0,0,1,1,1,0,0,0,0,0,2,0,0,0,10,10,1,0,0,0,0,0,0,0,0,0,0,0,0,0,0,0,0,0,4,4,4,5,1,1,1,1,1,1,1,1,1,1,1,1,1,1,1,0,0,1,2,1,0,0,0,0,0,0,0,0,5,0,1,0,0,0,0,0,0,0,0,0,0,0,0,0,0,0,1,0,0,2,5,50101000,Sunni
Sunni,235021,1,1,0,0,0,0,0,1,0,0,10,0,10,10,0,1,0,0,1,1,0,1,1,0,1,0,0,0,0,0,0,0,8,0,6,6,1,10,0,1,0,0,0,0,0,0,0,0,0,0,0,0,0,0,2,2,2,0,0,7,1,1,1,0,1,1,1,1,1,1,1,1,1,0,0,1,1,1,0,0,0,0,0,0,0,0,1,2,1,0,0,0,0,0,0,0,0,0,0,1,0,0,0,1,1,4,1,4,5,50101000,Sunni
Sunni,412770,2,0,0,0,0,0,0,1,0,0,7,0,7,7,0,7,1,0,1,1,0,1,0,0,0,0,1,0,0,0,2,0,0,0,6,8,8,0,1,1,1,0,0,0,0,0,0,0,0,0,0,0,0,0,3,4,4,0,1,1,1,1,1,1,8,1,1,0,1,1,1,1,1,0,0,3,1,2,0,0,0,0,0,0,0,0,3,0,3,0,0,0,0,0,0,0,0,0,1,1,1,0,0,1,3,0,0,2,5,50101000,Sunni
Sunni,296139,1,0,0,0,0,0,0,1,1,0,10,0,0,0,0,0,1,0,1,0,0,1,0,1,1,0,0,0,0,0,2,1,0,0,0,0,0,0,1,1,1,1,0,1,1,0,0,0,0,1,1,0,0,0,3,2,0,0,0,2,0,0,0,0,2,3,1,1,1,1,0,1,1,1,0,0,1,0,0,0,0,0,0,0,0,0,0,0,0,0,0,0,1,3,0,0,0,0,1,1,1,0,0,0,0,0,0,0,5,50101000,Sunni
Sunni,234616,1,2,0,0,0,0,0,1,0,0,10,0,8,10,0,10,0,0,1,0,0,1,0,0,1,1,1,0,0,0,2,0,10,0,7,8,1,4,0,1,0,0,0,0,0,0,0,0,0,0,0,0,0,0,1,1,1,0,0,1,1,4,4,0,1,1,1,1,1,1,4,1,1,0,0,1,2,1,0,0,0,0,0,0,0,0,9,2,1,0,0,0,0,0,0,0,0,0,0,1,0,0,0,1,1,4,4,4,5,50101000,Sunni
Sunni,294996,1,1,0,0,0,0,0,1,1,0,10,0,0,0,0,0,1,0,1,0,0,0,1,0,1,0,1,0,0,0,2,1,0,0,7,5,0,0,1,1,1,1,0,1,1,0,0,0,0,1,1,0,0,0,1,3,0,0,0,1,0,0,0,0,1,0,1,1,0,1,1,1,0,1,0,0,1,0,0,0,0,0,0,0,0,0,0,0,0,0,0,0,1,2,4,0,0,0,1,1,1,0,0,1,0,0,0,0,5,50101000,Sunni
Sunni,295428,1,2,0,0,0,0,0,1,1,0,10,0,0,0,0,0,1,0,1,0,1,0,0,0,1,0,1,0,0,0,2,1,0,0,0,4,0,0,1,1,1,1,0,1,1,0,0,0,0,1,0,0,0,0,2,2,0,0,0,1,0,0,0,0,1,1,1,1,1,2,1,1,1,1,0,0,4,0,0,0,0,0,0,0,0,0,0,0,0,0,0,0,1,1,4,0,0,0,1,1,1,0,0,0,0,0,0,0,5,50101000,Sunni
Sunni,297633,1,1,0,0,0,0,0,1,0,0,10,0,10,10,0,8,0,0,0,0,1,0,1,0,1,1,1,0,0,0,2,0,3,0,8,7,1,7,0,1,0,0,0,0,0,0,0,0,0,0,0,0,0,0,2,3,2,0,0,1,1,1,1,0,1,1,1,1,1,1,1,1,1,0,0,1,3,1,0,0,0,0,0,0,0,0,8,2,1,0,1,0,0,0,0,0,0,0,0,1,0,0,0,0,1,1,1,4,5,50101000,Sunni
Sunni,296292,1,1,0,0,0,0,0,1,1,0,10,0,0,0,0,0,0,0,1,0,0,1,0,1,1,1,0,0,0,0,2,1,0,0,3,2,0,0,1,1,1,1,0,1,1,0,0,0,0,1,1,0,0,0,3,2,0,0,0,1,0,0,0,0,1,1,1,1,1,1,1,1,1,1,0,0,2,0,0,0,0,0,0,0,0,0,0,0,0,0,0,0,1,0,3,0,0,0,1,1,1,0,0,0,0,0,0,0,5,50101000,Sunni
Sunni,235310,1,1,0,0,0,0,0,1,0,0,10,0,9,10,0,5,0,0,0,1,0,1,0,0,1,1,1,0,0,0,2,0,7,0,10,10,1,10,0,1,0,0,0,0,0,0,0,0,0,0,0,0,0,0,1,3,1,0,0,1,1,1,1,0,1,1,1,1,1,1,1,1,1,0,0,1,7,0,0,0,0,0,0,0,0,0,8,3,1,0,0,0,0,0,0,0,0,0,0,1,0,0,0,1,1,4,4,4,5,50101000,Sunni
Sunni,412964,1,0,0,0,0,0,0,1,0,0,10,0,10,10,0,4,0,0,0,0,0,0,1,1,1,1,1,0,0,0,1,0,0,0,10,10,1,0,1,1,1,0,0,0,0,0,0,0,0,0,0,0,0,0,3,3,3,0,1,1,1,1,1,1,10,1,1,0,0,10,10,0,10,0,0,0,2,3,0,0,0,0,0,0,0,0,10,0,0,0,0,0,0,0,0,0,0,0,1,1,1,0,0,1,1,0,0,2,1,50101000,Sunni
Sunni,413158,2,0,0,0,0,0,0,1,0,0,6,0,1,1,0,2,1,1,1,1,1,1,1,1,1,1,1,0,0,0,1,0,0,0,8,9,8,0,0,0,0,0,0,0,0,0,0,0,0,0,0,0,0,0,2,3,2,0,1,2,2,1,1,1,2,2,2,0,3,3,4,4,4,0,0,4,2,3,0,0,0,0,0,0,0,0,2,0,1,0,2,0,0,0,0,0,0,0,0,0,0,0,0,0,1,0,0,3,5,50101000,Sunni
Sunni,235927,1,1,0,0,0,0,0,1,0,0,10,0,10,10,0,10,0,0,1,0,0,1,1,0,1,0,1,0,0,0,2,0,5,0,10,10,1,10,0,1,0,0,0,0,0,0,0,0,0,0,0,0,0,0,2,1,1,0,0,9,10,8,7,0,9,8,7,6,8,6,8,8,7,0,0,6,0,0,0,0,0,0,0,0,0,0,1,3,1,0,0,0,0,0,0,0,0,0,0,1,0,0,0,1,1,2,1,4,5,50101000,Sunni
Sunni,413042,2,0,0,0,0,0,0,1,0,0,10,0,1,1,0,1,1,0,1,0,0,1,1,0,1,0,0,0,0,0,2,0,0,0,5,10,8,0,1,1,1,0,0,0,0,0,0,0,0,0,0,0,0,0,2,1,0,0,5,3,3,6,7,5,6,3,7,0,8,9,7,7,6,0,0,6,4,1,0,0,0,0,0,0,0,0,1,0,1,0,0,0,0,0,0,0,0,0,1,1,1,0,0,1,1,0,0,4,1,50101000,Sunni
Sunni,371511,1,0,0,0,0,0,0,1,0,0,1,0,1,1,0,4,1,1,1,1,1,1,1,1,1,1,1,0,0,0,2,0,0,0,7,8,1,0,1,1,1,0,0,0,0,0,0,0,0,0,0,0,0,0,3,3,3,0,2,2,2,2,2,2,2,2,2,2,2,2,2,2,2,0,0,1,4,4,0,0,0,0,0,0,0,0,1,0,1,0,0,0,0,0,0,0,0,0,1,1,1,0,0,1,1,0,0,2,5,50101000,Sunni
Sunni,294227,1,0,0,0,0,0,0,1,1,0,10,2,0,0,0,0,1,0,1,1,0,0,1,0,1,0,0,0,0,0,2,0,0,0,0,0,0,0,1,1,1,1,0,1,1,0,0,0,0,0,0,0,0,0,1,1,0,0,0,0,0,0,0,0,0,0,0,0,0,0,0,0,0,0,0,0,0,0,0,0,0,0,0,0,0,0,0,0,0,0,0,0,0,0,0,0,2,0,1,1,1,0,0,0,0,0,0,0,5,50101000,Sunni
Sunni,295121,1,1,0,0,0,0,0,1,1,0,10,0,0,0,0,0,0,1,0,1,0,1,0,1,1,0,0,0,0,0,2,1,0,0,5,6,0,0,1,1,1,1,0,1,1,0,0,0,0,1,1,0,0,0,1,4,0,0,0,2,0,0,0,0,1,1,1,1,1,1,1,1,1,1,0,0,3,0,0,0,0,0,0,0,0,0,0,0,0,0,0,0,1,1,3,0,0,0,1,1,1,0,0,0,0,0,0,0,5,50101000,Sunni
Sunni,297537,1,4,0,0,0,0,0,1,0,0,10,0,10,8,0,9,0,0,1,1,0,0,1,1,1,0,0,0,0,0,2,0,3,0,9,6,8,6,0,1,0,0,0,0,0,0,0,0,0,0,0,0,0,0,3,2,2,0,0,1,1,1,1,0,1,1,1,1,1,1,1,1,1,0,0,1,8,2,0,0,0,0,0,0,0,0,7,3,1,0,0,0,0,0,0,0,0,0,0,1,0,0,0,0,1,4,1,4,5,50101000,Sunni
Sunni,294648,1,1,0,0,0,0,0,1,1,0,10,0,0,0,0,0,0,1,0,1,0,1,1,0,1,0,0,0,0,0,1,2,0,0,6,1,0,0,1,1,1,1,0,1,1,0,0,0,0,1,1,0,2,0,3,3,0,0,0,1,0,0,0,0,5,1,5,1,5,1,1,1,5,1,0,0,3,0,0,0,0,0,0,0,0,0,0,0,0,0,0,0,1,1,4,0,0,0,1,1,1,0,0,0,0,0,0,0,5,50101000,Sunni
Sunni,221263,1,0,0,0,0,0,0,1,0,0,10,0,10,8,0,5,1,1,1,1,0,0,0,1,0,0,0,0,0,0,2,0,0,0,8,7,1,0,0,0,0,0,0,0,0,0,0,0,0,0,0,0,0,0,2,3,3,3,1,5,1,5,1,1,7,5,3,1,1,5,7,2,1,0,0,3,4,5,0,0,0,0,0,0,0,0,2,0,3,0,0,0,0,0,0,0,0,0,0,0,0,0,0,0,2,0,0,3,5,50101000,Sunni
Sunni,296211,1,3,0,0,0,0,0,1,1,0,10,0,0,0,0,0,1,0,1,0,0,1,0,0,1,0,1,0,0,0,2,1,0,0,6,4,0,0,1,1,1,1,0,1,1,0,0,0,0,0,0,0,0,0,4,4,0,0,0,2,0,0,0,0,3,1,1,1,1,1,2,1,1,1,0,0,3,0,0,0,0,0,0,0,0,0,0,0,0,0,0,0,1,3,0,0,0,0,1,1,1,0,0,0,0,0,0,0,5,50101000,Sunni
Taoism (Han Chinese),345673,2,0,0,0,0,0,0,1,0,0,5,0,5,6,0,4,1,0,1,1,0,1,0,0,0,1,0,0,0,0,2,0,0,0,7,6,5,0,1,1,1,0,0,0,0,0,0,0,0,0,0,0,0,0,3,3,3,2,1,1,1,6,1,1,1,1,1,5,1,1,5,3,1,0,0,5,7,7,0,0,0,0,0,0,0,0,3,0,3,0,0,0,0,0,0,0,0,0,1,1,1,0,0,0,3,0,0,2,9,90101000,Taoism (Han Chinese)
Taoism (Han Chinese),386540,3,2,0,0,0,0,0,1,0,0,3,0,10,6,0,5,0,0,0,1,1,1,0,1,0,0,0,1,0,0,2,0,8,0,6,10,6,6,0,1,0,0,0,0,0,0,0,0,0,0,0,0,0,0,4,4,4,0,0,1,1,6,1,0,1,1,1,8,2,1,6,4,2,0,0,7,7,5,0,0,0,0,0,0,0,0,7,0,3,0,0,0,0,0,0,0,0,0,0,1,0,0,0,0,4,2,3,2,9,90101000,Taoism (Han Chinese)
Taoism (Han Chinese),345226,2,0,0,0,0,0,0,1,0,0,6,0,5,8,0,2,1,1,0,1,0,1,0,0,0,0,1,0,0,0,2,0,0,0,8,6,8,0,1,1,1,0,0,0,0,0,0,0,0,0,0,0,0,0,3,3,3,4,1,1,1,1,1,1,1,1,1,1,1,1,1,1,1,0,0,1,4,5,0,0,0,0,0,0,0,0,5,0,2,0,0,0,0,0,0,0,0,0,1,1,1,0,0,0,3,0,0,3,9,90101000,Taoism (Han Chinese)
Taoism (Han Chinese),342962,1,2,0,0,0,0,0,1,0,0,2,0,6,6,0,5,0,0,1,1,0,1,1,0,0,0,0,1,0,0,2,0,6,0,7,7,5,4,0,1,0,0,0,0,0,0,0,0,0,0,0,0,0,0,4,4,4,0,0,5,3,4,3,0,3,3,3,4,4,4,5,0,4,0,0,5,8,1,0,0,0,0,0,0,0,0,6,0,3,0,0,0,0,0,0,0,0,0,0,1,0,0,0,1,4,2,3,4,9,90101000,Taoism (Han Chinese)
Taoism (Han Chinese),385773,2,4,0,0,0,0,0,0,0,0,1,0,6,6,6,0,0,1,1,1,1,1,0,0,0,0,0,0,0,0,1,0,6,0,7,6,6,8,0,0,0,0,10,0,0,0,0,0,0,1,0,1,1,0,2,2,0,0,0,4,0,0,0,0,4,4,1,4,1,4,3,3,4,0,0,0,4,0,0,0,0,0,0,0,0,0,6,0,0,0,0,0,3,2,3,2,0,0,0,0,0,0,0,0,0,0,0,2,9,90101000,Taoism (Han Chinese)
Taoism (Han Chinese),344738,2,0,0,0,0,0,0,1,0,0,8,0,7,7,0,5,1,0,1,1,0,0,1,0,0,1,0,0,0,0,1,0,0,0,7,7,5,0,1,1,1,0,0,0,0,0,0,0,0,0,0,0,0,0,2,3,3,4,2,2,2,4,2,2,2,2,2,2,2,2,2,2,2,0,0,2,3,2,0,0,0,0,0,0,0,0,5,0,3,0,0,0,0,0,0,0,0,0,1,1,1,0,0,0,4,0,0,3,9,90101000,Taoism (Han Chinese)
Taoism (Han Chinese),343588,2,2,0,0,0,0,0,1,0,0,8,0,7,8,0,7,0,1,1,0,0,1,1,0,0,1,0,0,0,0,2,0,5,0,1,1,1,5,0,1,0,0,0,0,0,0,0,0,0,0,0,0,0,0,3,3,2,0,0,6,3,7,8,0,5,3,3,3,6,6,6,0,7,0,0,7,7,1,0,0,0,0,0,0,0,0,9,0,4,0,0,0,0,0,0,0,0,0,0,1,0,0,0,0,4,3,3,3,9,90101000,Taoism (Han Chinese)
Taoism (Han Chinese),388189,2,0,0,0,0,0,0,1,0,0,8,0,6,6,0,5,1,1,0,1,1,1,0,0,0,0,0,0,0,0,2,0,0,0,8,7,3,0,1,1,1,0,0,0,0,0,0,0,0,0,0,0,0,0,3,3,3,2,1,4,1,5,1,1,2,1,1,6,1,3,5,6,6,0,0,5,4,5,0,0,0,0,0,0,0,0,6,0,2,1,1,0,0,0,0,0,0,0,1,1,1,0,0,0,3,0,0,2,9,90101000,Taoism (Han Chinese)
Taoism (Han Chinese),387983,3,0,0,0,0,0,0,1,0,0,8,0,7,7,0,8,1,0,1,1,0,1,1,0,0,0,0,0,0,0,1,0,0,0,8,7,6,0,1,1,1,0,0,0,0,0,0,0,0,0,0,0,0,0,3,3,4,4,1,5,1,2,1,1,7,4,1,1,1,3,5,8,2,0,0,3,7,5,0,0,0,0,0,0,0,0,9,0,3,1,1,0,0,0,0,0,0,0,1,1,1,0,0,0,3,0,0,2,9,90101000,Taoism (Han Chinese)
Taoism (Han Chinese),345734,3,0,0,0,0,0,0,1,0,0,6,0,7,7,0,5,1,1,1,0,0,1,1,0,0,0,0,0,0,0,1,0,0,0,7,10,4,0,0,0,0,0,0,0,0,0,0,0,0,0,0,0,0,0,3,3,3,3,1,2,1,5,1,1,1,1,1,5,1,5,5,5,5,0,0,5,8,8,0,0,0,0,0,0,0,0,7,0,3,0,0,0,0,0,0,0,0,0,0,0,0,0,0,0,4,0,0,2,9,90101000,Taoism (Han Chinese)
Taoism (Han Chinese),388402,3,0,0,0,0,0,0,1,0,0,1,0,7,10,0,10,0,0,0,1,0,1,0,1,0,0,0,0,0,0,2,0,0,0,6,10,1,0,0,0,0,0,0,0,0,0,0,0,0,0,0,0,0,0,3,3,3,2,1,1,1,1,1,1,1,1,1,6,6,6,10,5,5,0,0,10,1,3,0,0,0,0,0,0,0,0,5,0,3,0,0,0,0,0,0,0,0,0,0,0,0,0,0,0,3,0,0,2,9,90101000,Taoism (Han Chinese)
Taoism (Han Chinese),341338,3,2,0,0,0,0,0,1,1,0,6,0,0,0,0,0,0,1,0,1,0,1,0,0,1,0,1,0,0,0,2,1,0,2,5,7,0,0,1,1,1,0,0,1,2,0,0,0,0,1,1,1,0,0,3,3,0,0,0,5,0,0,0,0,4,1,1,5,5,5,3,7,2,0,0,0,4,0,0,0,0,0,0,6,0,0,0,0,0,0,0,0,0,0,0,0,0,0,1,1,1,0,0,0,0,0,0,0,9,90101000,Taoism (Han Chinese)
Taoism (Han Chinese),386526,2,2,0,0,0,0,0,1,0,0,8,0,9,10,0,7,0,1,0,1,0,1,1,1,0,0,0,0,0,0,2,0,6,0,7,8,1,10,0,1,0,0,0,0,0,0,0,0,0,0,0,0,0,0,3,4,3,0,0,4,1,6,1,0,1,1,2,7,1,3,7,9,1,0,0,5,3,2,0,0,0,0,0,0,0,0,8,0,3,0,1,0,0,0,0,0,0,0,0,1,0,0,0,0,3,2,3,2,9,90101000,Taoism (Han Chinese)
Taoism (Han Chinese),387485,3,2,0,0,0,0,0,1,0,0,6,0,6,7,0,4,0,1,0,1,1,0,0,1,0,0,0,1,0,0,2,0,7,0,5,7,4,8,0,1,0,0,0,0,0,0,0,0,0,0,0,0,0,0,2,3,3,0,0,7,1,5,1,0,7,3,1,8,3,5,7,10,5,0,0,5,4,5,0,0,0,0,0,0,0,0,4,0,3,0,1,0,0,0,0,0,0,0,0,1,0,0,0,0,3,2,2,3,9,90101000,Taoism (Han Chinese)
Taoism (Han Chinese),388460,1,0,0,0,0,0,0,1,0,0,10,0,8,8,0,2,0,1,0,1,0,1,0,0,0,1,0,0,0,0,2,0,0,0,4,7,10,0,1,1,1,0,0,0,0,0,0,0,0,0,0,0,0,0,4,4,3,2,1,1,1,6,1,1,1,5,1,6,5,1,10,10,1,0,0,10,2,4,0,0,0,0,0,0,0,0,5,0,3,1,1,0,0,0,0,0,0,0,1,1,1,0,0,0,3,0,0,2,9,90101000,Taoism (Han Chinese)
Taoism (Han Chinese),346481,3,0,0,0,0,0,0,1,0,0,4,0,8,8,0,2,1,0,1,1,0,1,1,0,0,0,0,0,0,0,1,0,0,0,5,3,4,0,1,1,1,0,0,0,0,0,0,0,0,0,0,0,0,0,4,4,3,3,1,4,4,7,7,1,4,4,1,9,9,6,9,9,9,0,0,8,4,5,0,0,0,0,0,0,0,0,1,0,4,0,0,0,0,0,0,0,0,0,1,1,1,0,0,0,4,0,0,2,9,90101000,Taoism (Han Chinese)
Taoism (Han Chinese),385340,3,2,0,0,0,0,0,0,0,0,5,0,10,10,10,0,0,1,0,1,0,1,0,0,1,0,1,0,0,0,2,0,8,0,1,5,5,10,0,0,0,0,5,0,0,0,0,0,0,1,0,1,2,0,4,4,0,0,0,1,0,0,0,0,1,5,1,5,5,5,5,10,5,0,0,0,8,0,0,0,0,0,1,0,0,0,10,0,0,0,0,0,5,5,5,5,0,0,0,0,0,0,0,0,0,0,0,2,9,90101000,Taoism (Han Chinese)
Taoism (Han Chinese),387303,2,1,0,0,0,0,0,1,0,0,10,0,10,10,0,10,0,1,1,1,0,1,1,0,0,0,0,0,0,0,2,0,10,0,10,10,1,10,0,1,0,0,0,0,0,0,0,0,0,0,0,0,0,0,0,0,3,0,0,1,1,10,1,0,1,1,1,1,1,1,1,10,1,0,0,1,4,5,0,0,0,0,0,0,0,0,1,0,3,0,2,0,0,0,0,0,0,0,0,1,0,0,0,0,3,2,0,3,9,90101000,Taoism (Han Chinese)
Taoism (Han Chinese),345231,2,0,0,0,0,0,0,1,0,0,8,0,8,9,0,5,1,0,0,1,0,1,0,0,0,1,1,0,0,0,1,0,0,0,7,5,3,0,1,1,1,0,0,0,0,0,0,0,0,0,0,0,0,0,3,3,3,2,1,3,1,4,1,1,2,1,1,6,2,5,5,5,2,0,0,5,4,2,0,0,0,0,0,0,0,0,5,0,3,0,0,0,0,0,0,0,0,0,1,1,1,0,0,0,3,0,0,2,9,90101000,Taoism (Han Chinese)
Taoism (Han Chinese),344896,3,0,0,0,0,0,0,1,0,0,4,0,6,8,0,6,1,1,1,1,0,0,0,0,1,0,0,0,0,0,2,0,0,0,4,6,4,0,0,0,0,0,0,0,0,0,0,0,0,0,0,0,0,0,1,2,2,3,2,4,2,1,1,2,5,2,2,1,1,1,1,5,1,0,0,1,3,5,0,0,0,0,0,0,0,0,7,0,3,1,1,0,0,0,0,0,0,0,0,0,0,0,0,1,2,0,0,4,9,90101000,Taoism (Han Chinese)
Taoism (Han Chinese),387956,2,0,0,0,0,0,0,1,0,0,5,0,8,5,0,5,0,1,0,1,1,0,0,1,0,0,1,0,0,0,2,0,0,0,7,5,1,0,1,1,1,0,0,0,0,0,0,0,0,0,0,0,0,0,3,3,3,2,1,5,1,5,1,1,5,1,1,5,5,5,1,5,1,0,0,5,4,1,0,0,0,0,0,0,0,0,5,0,3,1,2,0,0,0,0,0,0,0,1,1,1,0,0,0,3,0,0,3,9,90101000,Taoism (Han Chinese)
Taoism (Han Chinese),387605,3,3,0,0,0,0,0,1,0,0,7,0,7,6,0,5,0,1,1,1,0,1,1,0,0,0,0,0,0,0,2,0,7,0,5,2,2,7,0,1,0,0,0,0,0,0,0,0,0,0,0,0,0,0,3,3,2,0,0,2,1,5,1,0,2,2,1,5,5,2,5,5,2,0,0,5,4,1,0,0,0,0,0,0,0,0,6,0,2,0,0,0,0,0,0,0,0,0,0,1,0,0,0,0,3,2,2,3,9,90101000,Taoism (Han Chinese)
Taoism (Han Chinese),387627,3,2,0,0,0,0,0,1,0,0,5,0,10,10,0,6,0,1,0,1,0,1,0,0,0,0,0,1,0,0,2,0,3,0,3,7,5,5,0,0,0,0,0,0,0,0,0,0,0,0,0,0,0,0,2,2,3,0,0,1,1,10,1,0,1,5,1,1,5,5,5,10,1,0,0,5,8,6,0,0,0,0,0,0,0,0,6,0,3,0,0,0,0,0,0,0,0,0,0,0,0,0,0,0,4,4,4,3,9,90101000,Taoism (Han Chinese)
Taoism (Han Chinese),387326,3,2,0,0,0,0,0,1,0,0,5,0,7,7,0,5,0,1,1,1,0,1,1,0,0,0,0,0,0,0,2,0,10,0,6,10,1,8,0,1,0,0,0,0,0,0,0,0,0,0,0,0,0,0,3,3,3,0,0,4,1,8,8,0,1,1,2,2,2,2,5,1,5,0,0,1,7,5,0,0,0,0,0,0,0,0,5,0,3,0,0,0,0,0,0,0,0,0,0,1,0,0,0,0,3,2,2,3,9,90101000,Taoism (Han Chinese)
Taoism (Han Chinese),385763,2,2,0,0,0,0,0,0,0,0,10,0,10,10,10,0,0,1,1,1,1,1,0,0,0,0,0,0,0,0,2,0,9,0,6,6,1,10,0,0,0,0,10,0,0,0,0,0,0,1,0,0,0,0,2,3,0,0,0,1,0,0,0,0,1,1,1,1,1,1,1,1,1,0,0,0,2,0,0,0,0,0,1,0,0,0,10,0,0,0,2,0,3,2,2,2,0,0,0,0,0,0,0,0,0,0,0,2,9,90101000,Taoism (Han Chinese)
Taoism (Han Chinese),344467,2,3,0,0,0,0,0,1,0,0,5,0,7,8,0,6,0,1,1,1,0,0,0,0,0,1,1,0,0,0,1,0,8,0,8,5,2,4,0,1,0,0,0,0,0,0,0,0,0,0,0,0,0,0,3,3,3,0,0,1,1,1,1,0,1,1,1,1,1,1,1,0,1,0,0,1,4,5,0,0,0,0,0,0,0,0,2,0,0,0,0,0,0,0,0,0,0,0,0,1,0,0,0,0,3,3,2,3,9,90101000,Taoism (Han Chinese)
Taoism (Han Chinese),387574,2,2,0,0,0,0,0,1,0,0,7,0,10,5,0,3,0,1,0,1,0,1,0,1,0,1,0,0,0,0,2,0,4,0,7,6,4,10,0,1,0,0,0,0,0,0,0,0,0,0,0,0,0,0,4,4,4,0,0,1,1,4,1,0,1,1,1,10,4,7,7,7,1,0,0,7,4,2,0,0,0,0,0,0,0,0,5,0,3,0,0,0,0,0,0,0,0,0,0,1,0,0,0,0,4,2,1,2,9,90101000,Taoism (Han Chinese)
Taoism (Han Chinese),342788,3,1,0,0,0,0,0,1,0,0,6,0,6,5,0,7,0,1,0,1,0,1,0,1,0,1,0,0,0,0,1,0,5,0,6,7,1,6,0,1,0,0,0,0,0,0,0,0,0,0,0,0,0,0,3,3,2,0,0,3,1,1,1,0,5,1,1,5,1,1,1,0,1,0,0,1,8,7,0,0,0,0,0,0,0,0,5,0,0,0,0,0,0,0,0,0,0,0,0,1,0,0,0,0,0,0,0,2,9,90101000,Taoism (Han Chinese)
Taoism (Han Chinese),345750,2,0,0,0,0,0,0,0,0,0,5,0,8,8,0,8,1,1,0,1,0,1,0,1,0,0,0,0,0,0,2,0,0,0,8,6,1,0,0,0,0,0,0,0,0,0,0,0,0,0,0,0,0,0,3,4,3,3,3,5,1,5,5,1,1,1,1,5,5,5,5,5,5,0,0,5,7,7,0,0,0,0,0,0,0,0,9,0,3,0,0,0,0,0,0,0,0,0,0,0,0,0,0,0,3,0,0,2,9,90101000,Taoism (Han Chinese)
Taoism (Han Chinese),387730,1,0,0,0,0,0,0,1,0,0,7,0,3,6,0,2,1,0,1,0,0,1,0,0,1,1,0,0,0,0,2,0,0,0,4,6,2,0,1,1,1,0,0,0,0,0,0,0,0,0,0,0,0,0,3,3,3,2,2,5,3,3,2,1,7,2,1,5,4,3,5,7,2,0,0,6,3,4,0,0,0,0,0,0,0,0,8,0,3,1,1,0,0,0,0,0,0,0,1,1,1,0,0,0,3,0,0,2,9,90101000,Taoism (Han Chinese)
Taoism (Han Chinese),386948,2,3,0,0,0,0,0,1,0,0,10,0,5,10,0,5,0,1,1,1,0,0,1,0,0,0,0,1,0,0,2,0,7,0,5,5,5,10,0,1,0,0,0,0,0,0,0,0,0,0,0,0,0,0,4,3,4,0,0,1,1,5,1,0,1,1,1,5,5,5,5,10,5,0,0,5,7,3,0,0,0,0,0,0,0,0,5,0,3,0,0,0,0,0,0,0,0,0,0,1,0,0,0,0,3,1,3,4,9,90101000,Taoism (Han Chinese)
Taoism (Han Chinese),345545,3,0,0,0,0,0,0,1,0,0,5,0,8,9,0,6,1,1,1,1,1,0,0,0,0,0,0,0,0,0,2,0,0,0,5,7,2,0,0,0,0,0,0,0,0,0,0,0,0,0,0,0,0,0,3,3,3,2,1,5,1,6,2,1,1,1,1,3,4,2,4,7,1,0,0,2,4,8,0,0,0,0,0,0,0,0,5,0,3,1,1,0,0,0,0,0,0,0,0,0,0,0,0,0,3,0,0,3,9,90101000,Taoism (Han Chinese)
Taoism (Han Chinese),386840,2,2,0,0,0,0,0,1,0,0,8,0,10,10,0,3,0,1,0,1,0,0,1,0,1,0,0,1,0,0,1,0,7,0,8,8,1,8,0,1,0,0,0,0,0,0,0,0,0,0,0,0,0,0,4,4,3,0,0,3,1,7,1,0,1,1,1,8,7,5,8,10,2,0,0,6,4,5,0,0,0,0,0,0,0,0,5,0,3,0,0,0,0,0,0,0,0,0,0,1,0,0,0,0,4,2,2,3,9,90101000,Taoism (Han Chinese)
Taoism (Han Chinese),385798,2,1,0,0,0,0,0,0,0,0,3,0,10,10,10,0,0,1,1,1,0,1,1,0,0,0,0,0,0,0,2,0,8,0,8,10,2,10,0,0,0,0,10,0,0,0,0,0,0,1,0,0,0,0,2,2,0,0,0,1,0,0,0,0,1,1,1,1,1,1,1,5,1,0,0,0,8,0,0,0,0,0,1,0,0,0,10,0,0,0,0,0,4,4,4,2,0,0,0,0,0,0,0,0,0,0,0,3,9,90101000,Taoism (Han Chinese)
Taoism (Han Chinese),342886,3,1,0,0,0,0,0,1,0,0,8,0,8,8,0,5,0,0,0,1,0,1,1,0,0,1,1,0,0,0,1,0,3,0,5,5,6,5,0,1,0,0,0,0,0,0,0,0,0,0,0,0,0,0,3,2,4,0,0,5,5,5,5,0,5,5,5,5,5,5,5,0,5,0,0,5,4,5,0,0,0,0,0,0,0,0,8,0,2,0,0,0,0,0,0,0,0,0,0,1,0,0,0,1,3,2,2,3,9,90101000,Taoism (Han Chinese)
Taoism (Han Chinese),386868,2,3,0,0,0,0,0,1,0,0,5,0,7,7,0,0,0,0,0,1,0,0,0,0,0,0,0,0,0,0,1,0,7,0,6,6,4,5,0,0,0,0,0,0,0,0,0,0,0,0,0,0,0,0,2,0,2,0,0,2,2,2,7,0,2,7,2,1,7,7,8,1,7,0,0,1,4,5,0,0,0,0,0,0,0,0,0,0,3,0,0,0,0,0,0,0,0,0,0,0,0,0,0,0,3,3,2,2,9,90101000,Taoism (Han Chinese)
Taoism (Han Chinese),386829,2,3,0,0,0,0,0,1,0,0,6,0,5,5,0,4,0,1,0,1,1,0,1,1,0,0,0,0,0,0,2,0,3,0,3,5,3,6,0,1,0,0,0,0,0,0,0,0,0,0,0,0,0,0,1,2,1,0,0,2,1,6,3,0,7,2,1,3,4,1,6,3,5,0,0,2,4,3,0,0,0,0,0,0,0,0,5,0,2,0,1,0,0,0,0,0,0,0,0,1,0,0,0,0,1,2,2,1,9,90101000,Taoism (Han Chinese)
Taoism (Han Chinese),342967,2,2,0,0,0,0,0,1,0,0,7,0,8,8,0,5,0,1,0,1,0,1,0,0,0,1,0,1,0,0,2,0,5,0,5,5,6,5,0,1,0,0,0,0,0,0,0,0,0,0,0,0,0,0,3,3,3,0,0,8,8,8,8,0,5,8,8,3,3,3,5,0,5,0,0,3,4,2,0,0,0,0,0,0,0,0,3,0,3,0,0,0,0,0,0,0,0,0,0,1,0,0,0,0,3,2,2,3,9,90101000,Taoism (Han Chinese)
Taoism (Han Chinese),341774,2,2,0,0,0,0,0,1,1,0,8,0,0,0,0,0,0,1,1,1,0,0,1,0,0,0,1,0,0,0,2,2,0,1,8,6,0,0,1,1,1,1,0,1,1,0,0,0,0,1,1,0,0,0,2,3,0,0,0,1,0,0,0,0,1,1,1,1,1,1,1,1,1,0,0,0,3,0,0,0,0,0,1,4,0,0,0,0,0,0,0,0,0,0,0,0,0,0,1,1,1,0,0,0,0,0,0,0,9,90101000,Taoism (Han Chinese)
Taoism (Han Chinese),341599,1,2,0,0,0,0,0,1,1,0,8,0,0,0,0,0,0,1,1,1,0,0,1,0,0,0,1,0,0,0,2,1,0,2,8,7,0,0,0,1,1,1,0,1,1,0,0,0,0,1,1,0,0,0,2,3,0,0,0,1,0,0,0,0,2,2,2,2,2,2,3,3,2,0,0,0,1,0,0,0,0,0,1,1,0,0,0,0,0,0,0,0,0,0,0,0,0,0,0,1,1,0,0,0,0,0,0,0,9,90101000,Taoism (Han Chinese)
Taoism (Han Chinese),386236,3,1,0,0,0,0,0,0,0,0,6,0,9,8,8,0,0,1,0,1,1,1,0,0,0,1,0,0,0,0,2,0,8,0,8,9,5,8,0,0,0,0,9,0,0,0,0,0,0,0,0,0,0,0,3,4,0,0,0,1,0,0,0,0,1,1,1,6,3,5,7,8,2,0,0,0,8,0,0,0,0,0,1,0,0,0,8,0,0,0,0,0,5,1,4,4,0,0,0,0,0,0,0,0,0,0,0,3,9,90101000,Taoism (Han Chinese)
Taoism (Han Chinese),388426,2,0,0,0,0,0,0,1,0,0,8,0,9,9,0,8,1,0,1,1,0,1,1,0,0,0,0,0,0,0,2,0,0,0,8,9,2,0,1,1,1,0,0,0,0,0,0,0,0,0,0,0,0,0,3,4,2,5,1,2,1,2,1,1,1,1,1,2,1,2,1,1,1,0,0,1,4,5,0,0,0,0,0,0,0,0,7,0,2,1,1,0,0,0,0,0,0,0,1,1,1,0,0,0,4,0,0,2,9,90101000,Taoism (Han Chinese)
Taoism (Han Chinese),343277,3,2,0,0,0,0,0,1,0,0,7,0,8,8,0,6,0,1,1,0,0,1,0,0,0,1,1,0,0,0,1,0,7,0,7,8,5,5,0,1,0,0,0,0,0,0,0,0,0,0,0,0,0,0,3,3,3,0,0,7,2,2,2,0,2,2,2,2,2,2,2,0,2,0,0,6,2,3,0,0,0,0,0,0,0,0,6,0,3,0,0,0,0,0,0,0,0,0,0,1,0,0,0,0,3,3,2,2,9,90101000,Taoism (Han Chinese)
Taoism (Han Chinese),388445,3,0,0,0,0,0,0,0,0,0,3,0,7,7,0,6,1,1,0,1,0,1,1,0,0,0,0,0,0,0,1,0,0,0,8,8,4,0,0,0,0,0,0,0,0,0,0,0,0,0,0,0,0,0,3,3,3,2,1,6,1,3,1,1,2,1,1,8,6,5,8,8,3,0,0,8,4,5,0,0,0,0,0,0,0,0,5,0,3,0,0,0,0,0,0,0,0,0,0,0,0,0,0,0,4,0,0,3,9,90101000,Taoism (Han Chinese)
Taoism (Han Chinese),388525,3,0,0,0,0,0,0,1,0,0,4,0,8,7,0,3,0,1,1,1,0,0,0,1,0,0,0,0,0,0,2,0,0,0,3,4,6,0,1,1,1,0,0,0,0,0,0,0,0,0,0,0,0,0,3,3,3,3,3,6,2,6,3,1,4,2,2,5,4,5,5,5,5,0,0,5,7,7,0,0,0,0,0,0,0,0,5,0,3,0,0,0,0,0,0,0,0,0,1,1,1,0,0,0,3,0,0,3,9,90101000,Taoism (Han Chinese)
Taoism (Han Chinese),343789,3,1,0,0,0,0,0,0,0,0,3,0,7,7,0,6,0,1,1,1,0,0,0,0,0,1,1,0,0,0,1,0,6,0,6,6,5,5,0,0,0,0,0,0,0,0,0,0,0,0,0,0,0,0,2,2,2,0,0,1,1,8,1,0,3,1,1,1,5,5,5,0,1,0,0,4,7,7,0,0,0,0,0,0,0,0,7,0,3,0,0,0,0,0,0,0,0,0,0,0,0,0,0,0,3,3,1,4,9,90101000,Taoism (Han Chinese)
Taoism (Han Chinese),387135,2,3,0,0,0,0,0,1,0,0,7,0,10,8,0,1,0,1,1,1,0,1,1,0,0,0,0,0,0,0,2,0,8,0,9,9,1,10,0,1,0,0,0,0,0,0,0,0,0,0,0,0,0,0,3,3,3,0,0,1,1,7,1,0,1,1,1,9,1,1,10,10,1,0,0,7,4,5,0,0,0,0,0,0,0,0,10,0,3,0,0,0,0,0,0,0,0,0,0,1,0,0,0,0,3,1,1,2,9,90101000,Taoism (Han Chinese)
Taoism (Han Chinese),342758,2,2,0,0,0,0,0,1,0,0,7,0,7,8,0,4,0,0,0,1,0,1,1,1,0,0,0,1,0,0,2,0,7,0,8,7,7,9,0,1,0,0,0,0,0,0,0,0,0,0,0,0,0,0,3,3,2,0,0,6,2,9,1,0,4,4,3,7,7,6,7,0,6,0,0,8,4,7,0,0,0,0,0,0,0,0,6,0,3,0,1,0,0,0,0,0,0,0,0,1,0,0,0,0,4,4,1,2,9,90101000,Taoism (Han Chinese)
Taoism (Han Chinese),346702,1,0,0,0,0,0,0,1,0,0,8,0,6,5,0,5,1,1,1,1,0,0,0,0,0,0,1,0,0,0,1,0,0,0,8,4,5,0,1,1,1,0,0,0,0,0,0,0,0,0,0,0,0,0,1,1,1,3,1,1,1,2,1,1,1,1,1,1,1,1,1,2,2,0,0,3,3,2,0,0,0,0,0,0,0,0,5,0,3,0,0,0,0,0,0,0,0,0,1,1,1,0,0,0,2,0,0,2,9,90101000,Taoism (Han Chinese)
Taoism (Han Chinese),346701,1,0,0,0,0,0,0,1,0,0,8,0,5,5,0,5,1,1,1,0,0,0,0,0,1,0,1,0,0,0,1,0,0,0,5,4,1,0,1,1,1,0,0,0,0,0,0,0,0,0,0,0,0,0,2,2,2,3,1,1,1,2,1,1,1,1,1,1,1,1,1,1,1,0,0,1,1,2,0,0,0,0,0,0,0,0,5,0,2,0,0,0,0,0,0,0,0,0,1,1,1,0,0,0,2,0,0,4,9,90101000,Taoism (Han Chinese)
The African Church,430673,1,1,0,0,0,0,0,1,1,0,10,2,0,0,0,0,0,1,0,1,0,1,0,0,1,1,0,0,0,0,2,1,0,2,1,10,0,0,1,1,1,1,0,1,1,0,0,0,0,1,1,0,0,0,3,4,0,0,0,2,0,0,0,0,1,1,1,1,1,1,1,1,1,0,0,0,1,0,0,0,0,0,1,1,0,0,0,0,0,1,0,0,1,1,1,4,0,0,1,1,1,0,0,0,0,0,0,0,2,21626000,The African Church
The African Church,429144,1,2,0,0,0,0,0,1,1,0,10,2,0,0,0,0,0,1,1,0,0,1,1,0,1,0,0,0,0,0,2,1,0,1,8,5,0,0,1,1,1,1,0,1,2,0,0,0,0,1,0,0,1,0,1,3,0,0,0,1,0,0,0,0,1,1,1,1,1,1,10,1,1,0,0,0,2,0,0,0,0,0,1,1,0,0,0,0,0,1,0,0,1,5,1,5,0,0,1,1,1,0,0,0,0,0,0,0,2,21626000,The African Church
The African Church,437166,1,4,0,0,0,0,0,1,0,0,8,0,8,7,0,7,0,0,0,0,0,0,0,0,0,1,0,0,0,0,1,0,10,0,7,9,5,4,0,0,0,0,0,0,0,0,0,0,0,0,0,0,0,0,3,2,2,0,0,2,1,1,1,0,1,1,1,1,1,1,4,3,3,0,0,3,2,2,0,0,0,0,0,0,0,0,6,3,1,0,2,0,0,0,0,0,0,0,0,0,0,0,0,0,3,3,2,2,2,21626000,The African Church
The African Church,434221,1,3,0,0,0,0,0,0,0,0,10,0,9,10,10,0,0,0,0,0,0,1,1,0,1,1,1,0,0,0,0,0,2,0,7,9,1,10,0,0,0,0,3,0,0,0,0,0,0,1,0,0,0,0,2,4,0,0,0,3,0,0,0,0,2,1,2,1,1,1,2,1,1,0,0,0,1,0,0,0,0,0,1,0,0,0,6,0,0,0,2,0,1,1,1,4,0,0,0,0,0,0,0,0,0,0,0,2,2,21626000,The African Church
The African Church,430687,1,0,0,0,0,0,0,1,0,0,7,1,0,0,0,0,0,0,1,0,1,0,1,0,1,0,1,0,0,0,1,1,0,2,2,3,0,0,1,0,1,1,0,1,1,0,0,0,0,1,1,1,1,0,0,0,0,0,0,9,0,0,0,0,7,7,4,2,3,4,3,4,5,0,0,0,2,0,0,0,0,0,1,1,0,0,0,0,0,1,0,0,1,2,3,3,0,0,1,0,1,0,0,0,0,0,0,0,2,21626000,The African Church
The African Church,433578,1,1,0,0,0,0,0,0,0,0,9,0,9,8,9,0,0,1,1,0,0,1,1,0,1,0,0,0,0,0,0,0,9,0,8,8,7,6,0,0,0,0,7,0,0,0,0,0,0,1,0,1,1,0,1,2,0,0,0,7,0,0,0,0,8,7,8,7,7,8,7,7,6,0,0,0,8,0,0,0,0,0,0,0,0,0,7,0,0,0,2,0,4,3,3,3,0,0,0,0,0,0,0,0,0,0,0,2,2,21626000,The African Church
The African Church,434674,3,3,0,0,0,0,0,0,0,0,6,0,0,7,5,0,0,1,1,1,0,0,0,1,0,1,0,0,0,0,0,0,3,0,4,2,5,2,0,0,0,0,4,0,0,0,0,0,0,1,0,0,1,0,4,4,0,0,0,5,0,0,0,0,5,6,8,7,7,7,6,5,4,0,0,0,7,0,0,0,0,0,0,0,0,0,5,0,0,0,1,0,5,2,0,1,0,0,0,0,0,0,0,0,0,0,0,4,2,21626000,The African Church
The African Church,438195,1,1,0,0,0,0,0,1,0,0,10,0,10,10,0,10,0,1,1,0,0,1,0,1,1,0,0,0,0,0,1,0,1,0,7,10,1,10,0,0,0,0,0,0,0,0,0,0,0,0,0,0,0,0,3,3,3,0,0,1,1,1,1,0,1,1,1,1,1,1,1,1,1,0,0,1,1,1,0,0,0,0,0,0,0,0,10,0,1,0,1,0,0,0,0,0,0,0,0,0,0,0,0,0,1,1,1,3,2,21626000,The African Church
The African Church,433005,1,1,0,0,0,0,0,0,0,0,10,0,7,9,9,0,0,1,1,1,0,1,0,0,1,0,0,0,0,0,0,0,4,0,6,5,1,9,0,0,0,0,10,0,0,0,0,0,0,1,0,0,2,0,2,2,0,0,0,1,0,0,0,0,1,1,1,1,1,1,1,5,1,0,0,0,1,0,0,0,0,0,1,0,0,0,10,0,0,0,2,0,3,1,3,1,0,0,0,0,0,0,0,0,0,0,0,2,2,21626000,The African Church
The African Church,437889,4,1,0,0,0,0,0,1,0,0,9,0,7,8,0,9,0,1,1,1,0,0,0,0,0,0,1,1,0,0,2,0,10,0,9,9,9,9,0,0,0,0,0,0,0,0,0,0,0,0,0,0,0,0,2,1,3,0,0,1,1,5,1,0,1,1,2,3,3,4,3,4,2,0,0,3,2,1,0,0,0,0,0,0,0,0,8,3,2,0,1,0,0,0,0,0,0,0,0,0,0,0,0,0,2,2,2,2,2,21626000,The African Church
The African Church,432795,2,1,0,0,0,0,0,0,0,0,8,0,9,3,5,0,0,1,0,1,0,0,1,0,1,1,0,0,0,0,0,0,2,0,3,8,2,10,0,0,0,0,8,0,0,0,0,0,0,0,0,1,2,0,0,2,0,0,0,3,0,0,0,0,8,1,2,3,4,8,7,3,4,0,0,0,2,0,0,0,0,0,1,0,0,0,3,0,0,0,2,0,2,4,2,1,0,0,0,0,0,0,0,0,0,0,0,3,2,21626000,The African Church
The African Church,432174,1,1,0,0,0,0,0,0,0,0,10,0,10,8,9,0,0,0,1,1,1,0,0,1,0,1,0,0,0,0,0,0,10,0,9,10,10,10,0,0,0,0,10,0,0,0,0,0,0,1,0,0,0,0,2,3,0,0,0,1,0,0,0,0,1,2,2,2,2,2,2,2,2,0,0,0,2,0,0,0,0,0,0,0,0,0,9,0,0,0,1,0,2,2,2,2,0,0,0,0,0,0,0,0,0,0,0,2,2,21626000,The African Church
The African Church,437931,1,3,0,0,0,0,0,1,0,0,10,0,10,1,0,9,0,1,0,0,1,0,0,0,1,0,1,1,0,0,2,0,1,0,1,10,1,1,0,1,0,0,0,0,0,0,0,0,0,0,0,0,0,0,2,2,2,0,0,4,6,4,3,0,5,7,6,4,3,3,7,8,6,0,0,9,1,1,0,0,0,0,0,0,0,0,1,3,1,0,2,0,0,0,0,0,0,0,0,1,0,0,0,1,2,2,3,2,2,21626000,The African Church
The African Church,434007,1,2,0,0,0,0,0,0,0,0,10,0,1,1,1,0,0,1,1,0,0,1,0,0,0,1,1,0,0,0,0,0,5,0,1,5,5,6,0,0,0,0,6,0,0,0,0,0,0,1,0,0,0,0,2,1,0,0,0,1,0,0,0,0,1,1,1,1,1,1,1,1,1,0,0,0,3,0,0,0,0,0,1,0,0,0,1,0,0,0,1,0,3,3,3,3,0,0,0,0,0,0,0,0,0,0,0,3,2,21626000,The African Church
The African Church,435462,2,1,0,0,0,0,0,1,0,0,8,0,7,9,0,8,0,1,1,1,0,0,0,0,1,1,0,0,0,0,2,0,8,0,8,9,7,8,0,0,0,0,0,0,0,0,0,0,0,0,0,0,0,0,3,3,3,0,0,8,8,8,8,0,9,8,7,9,9,9,9,9,9,0,0,8,1,1,0,0,0,0,0,0,0,0,7,2,2,0,2,0,0,0,0,0,0,0,0,0,0,0,0,0,2,3,2,3,2,21626000,The African Church
The African Church,432921,1,3,0,0,0,0,0,0,0,0,9,0,10,10,10,0,0,0,1,0,0,0,0,0,0,0,0,0,0,0,0,0,5,0,9,8,2,5,0,0,0,0,5,0,0,0,0,0,0,1,0,0,0,0,2,2,0,0,0,1,0,0,0,0,1,1,1,1,1,1,5,1,1,0,0,0,2,0,0,0,0,0,0,0,0,0,10,0,0,0,2,0,5,2,1,1,0,0,0,0,0,0,0,0,0,0,0,2,2,21626000,The African Church
The African Church,430579,1,2,0,0,0,0,0,1,1,0,10,1,0,0,0,0,0,0,1,0,1,0,0,1,1,0,1,0,0,0,1,1,0,1,1,2,0,0,1,0,1,1,0,1,1,0,0,0,0,1,1,0,1,0,1,4,0,0,0,1,0,0,0,0,1,1,1,5,3,7,6,3,2,0,0,0,4,0,0,0,0,0,0,2,0,0,0,0,0,1,0,0,2,3,1,2,0,0,1,0,1,0,0,0,0,0,0,0,2,21626000,The African Church
The African Church,430412,2,2,0,0,0,0,0,1,1,0,10,1,0,0,0,0,0,1,1,0,0,1,0,0,1,1,0,0,0,0,2,1,0,1,7,5,0,0,1,1,1,1,0,1,1,0,0,0,0,1,1,0,0,0,2,2,0,0,0,1,0,0,0,0,2,2,1,1,1,1,2,3,2,0,0,0,2,0,0,0,0,0,1,1,0,0,0,0,0,1,0,0,2,1,4,3,0,0,1,1,1,0,0,0,0,0,0,0,2,21626000,The African Church
The African Church,433354,1,1,0,0,0,0,0,0,0,0,10,0,5,5,5,0,0,0,0,1,0,0,1,0,1,0,0,0,0,0,0,0,4,0,6,6,4,4,0,0,0,0,6,0,0,0,0,0,0,1,0,0,0,0,0,3,0,0,0,1,0,0,0,0,1,1,1,1,2,4,5,1,3,0,0,0,2,0,0,0,0,0,1,0,0,0,5,0,0,0,1,0,4,2,2,2,0,0,0,0,0,0,0,0,0,0,0,3,2,21626000,The African Church
The African Church,435625,1,2,0,0,0,0,0,1,0,0,8,0,10,9,0,7,0,0,0,1,0,1,1,0,1,0,1,0,0,0,2,0,7,0,3,8,4,2,0,0,0,0,0,0,0,0,0,0,0,0,0,0,0,0,3,4,2,0,0,2,1,5,1,0,1,1,1,1,1,1,8,4,1,0,0,9,2,1,0,0,0,0,0,0,0,0,8,3,2,0,2,0,0,0,0,0,0,0,0,0,0,0,0,0,3,2,2,1,2,21626000,The African Church
The African Church,431911,1,1,0,0,0,0,0,0,0,0,10,0,10,9,10,0,0,1,0,0,1,1,0,1,0,0,1,0,0,0,0,0,10,0,10,8,3,8,0,0,0,0,8,0,0,0,0,0,0,1,0,0,0,0,2,4,0,0,0,2,0,0,0,0,1,1,1,1,1,1,4,1,1,0,0,0,2,0,0,0,0,0,1,0,0,0,4,0,0,0,2,0,1,4,1,4,0,0,0,0,0,0,0,0,0,0,0,2,2,21626000,The African Church
The African Church,430356,1,2,0,0,0,0,0,1,1,0,10,1,0,0,0,0,0,1,0,1,1,1,0,0,0,0,1,0,0,0,1,1,0,1,5,2,0,0,1,1,1,1,0,1,2,0,0,0,0,1,0,1,0,0,4,4,0,0,0,5,0,0,0,0,7,1,4,2,5,4,8,1,1,0,0,0,1,0,0,0,0,0,1,1,0,0,0,0,0,0,0,0,1,3,2,2,0,0,1,1,1,0,0,0,0,0,0,0,2,21626000,The African Church
The African Church,437111,1,3,0,0,0,0,0,1,0,0,5,0,3,3,0,5,0,1,1,1,0,1,0,1,0,0,0,0,0,0,2,0,6,0,6,8,2,5,0,0,0,0,0,0,0,0,0,0,0,0,0,0,0,0,3,3,2,0,0,1,1,1,1,0,1,1,1,1,1,1,1,1,1,0,0,1,2,2,0,0,0,0,0,0,0,0,4,3,1,0,2,0,0,0,0,0,0,0,0,0,0,0,0,0,3,1,2,2,2,21626000,The African Church
The African Church,435435,2,2,0,0,0,0,0,1,0,0,9,0,7,5,0,6,0,1,0,0,1,0,0,1,0,0,0,1,0,0,2,0,9,0,10,8,6,8,0,1,0,0,0,0,0,0,0,0,0,0,0,0,0,0,2,1,1,0,0,6,3,6,5,0,7,4,4,5,2,4,5,8,7,0,0,3,2,1,0,0,0,0,0,0,0,0,8,3,2,0,0,0,0,0,0,0,0,0,0,1,0,0,0,0,1,1,2,4,2,21626000,The African Church
The African Church,438122,1,2,0,0,0,0,0,1,0,0,10,0,10,8,0,8,0,0,1,1,0,0,1,1,0,0,0,1,0,0,2,0,8,0,10,6,10,1,0,1,0,0,0,0,0,0,0,0,0,0,0,0,0,0,4,4,4,0,0,1,1,1,1,0,1,1,1,1,1,1,1,1,1,0,0,1,1,1,0,0,0,0,0,0,0,0,10,0,2,0,1,0,0,0,0,0,0,0,0,1,0,0,0,0,2,2,2,2,2,21626000,The African Church
The African Church,434062,1,1,0,0,0,0,0,0,0,0,10,0,7,8,7,0,0,1,1,0,1,1,0,0,1,0,0,0,0,0,0,0,9,0,9,10,5,5,0,0,0,0,5,0,0,0,0,0,0,1,0,1,1,0,3,2,0,0,0,1,0,0,0,0,1,1,1,10,1,1,1,1,1,0,0,0,1,0,0,0,0,0,1,0,0,0,7,0,0,0,1,0,4,4,4,4,0,0,0,0,0,0,0,0,0,0,0,1,2,21626000,The African Church
The African Church,437188,1,4,0,0,0,0,0,1,0,0,10,0,6,6,0,7,0,0,1,1,0,1,0,0,1,0,1,0,0,0,1,0,6,0,6,7,2,2,0,0,0,0,0,0,0,0,0,0,0,0,0,0,0,0,2,4,2,0,0,3,2,1,1,0,3,2,2,2,1,1,3,4,4,0,0,3,1,1,0,0,0,0,0,0,0,0,7,3,1,0,2,0,0,0,0,0,0,0,0,0,0,0,0,0,4,1,1,2,2,21626000,The African Church
The African Church,434678,1,2,0,0,0,0,0,0,0,0,10,0,10,10,10,0,0,0,1,1,0,1,1,0,0,0,1,0,0,0,0,0,10,0,10,10,1,10,0,0,0,0,10,0,0,0,0,0,0,1,0,0,0,0,0,4,0,0,0,1,0,0,0,0,1,1,1,1,1,5,5,1,1,0,0,0,2,0,0,0,0,0,1,0,0,0,10,0,0,0,2,0,2,2,2,2,0,0,0,0,0,0,0,0,0,0,0,3,2,21626000,The African Church
The African Church,434211,1,1,0,0,0,0,0,0,0,0,10,0,9,9,9,0,0,0,1,0,1,1,0,0,0,1,1,0,0,0,0,0,8,0,9,7,1,5,0,0,0,0,1,0,0,0,0,0,0,1,0,0,0,0,0,2,0,0,0,1,0,0,0,0,1,1,1,1,1,1,1,1,1,0,0,0,2,0,0,0,0,0,1,0,0,0,6,0,0,0,2,0,2,2,2,2,0,0,0,0,0,0,0,0,0,0,0,2,2,21626000,The African Church
The African Church,429461,3,1,0,0,0,0,0,1,1,0,8,2,0,0,0,0,0,1,0,1,0,1,1,1,0,0,0,0,0,0,2,1,0,2,3,5,0,0,0,1,1,1,0,1,1,0,0,0,0,1,0,0,0,0,1,0,0,0,0,3,0,0,0,0,1,1,1,3,3,1,5,9,1,0,0,0,7,0,0,0,0,0,1,1,0,0,0,0,0,0,0,0,4,2,3,3,0,0,0,1,1,0,0,0,0,0,0,0,2,21626000,The African Church
The African Church,430322,1,3,0,0,0,0,0,1,1,0,10,2,0,0,0,0,0,1,1,1,0,0,0,0,1,1,0,0,0,0,1,2,0,3,3,5,0,0,1,0,1,1,0,1,3,0,0,0,0,1,1,1,1,0,0,4,0,0,0,1,0,0,0,0,1,1,1,1,1,1,5,5,1,0,0,0,2,0,0,0,0,0,1,1,0,0,0,0,0,1,0,0,1,1,1,1,0,0,1,0,1,0,0,0,0,0,0,0,2,21626000,The African Church
The African Church,437590,2,3,0,0,0,0,0,1,0,0,9,0,7,7,0,7,0,0,1,0,1,0,0,0,1,0,1,1,0,0,2,0,8,0,8,7,8,8,0,1,0,0,0,0,0,0,0,0,0,0,0,0,0,0,2,1,1,0,0,9,9,9,9,0,10,9,10,9,9,9,9,9,9,0,0,10,2,3,0,0,0,0,0,0,0,0,7,2,1,0,2,0,0,0,0,0,0,0,0,1,0,0,0,0,2,1,1,1,2,21626000,The African Church
The African Church,428885,1,3,0,0,0,0,0,1,1,0,10,2,0,0,0,0,0,1,0,1,0,0,1,0,1,0,1,0,0,0,1,2,0,1,1,4,0,0,1,1,1,1,0,1,1,0,0,0,0,1,1,1,0,0,1,1,0,0,0,10,0,0,0,0,10,5,1,1,1,10,10,1,10,0,0,0,2,0,0,0,0,0,1,1,0,0,0,0,0,1,0,0,2,3,4,5,0,0,1,1,1,0,0,0,0,0,0,0,2,21626000,The African Church
The African Church,437078,1,3,0,0,0,0,0,1,0,0,10,0,3,2,0,4,0,1,1,1,0,1,0,0,1,0,0,0,0,0,2,0,7,0,3,8,3,6,0,0,0,0,0,0,0,0,0,0,0,0,0,0,0,0,3,3,2,0,0,1,1,1,1,0,1,1,1,1,1,1,7,1,1,0,0,3,2,2,0,0,0,0,0,0,0,0,4,3,1,0,2,0,0,0,0,0,0,0,0,0,0,0,0,0,3,1,2,2,2,21626000,The African Church
The African Church,431080,1,1,0,0,0,0,0,1,1,0,10,1,0,0,0,0,0,0,1,0,0,1,1,0,1,0,1,0,0,0,2,2,0,1,4,6,0,0,1,0,1,1,0,1,2,0,0,0,0,1,0,0,0,0,1,4,0,0,0,5,0,0,0,0,5,6,7,6,4,7,5,5,6,0,0,0,1,0,0,0,0,0,1,2,0,0,0,0,0,1,0,0,0,4,2,3,0,0,1,0,1,0,0,0,0,0,0,0,2,21626000,The African Church
The African Church,435387,1,2,0,0,0,0,0,1,0,0,8,0,10,5,0,10,0,1,0,0,1,0,1,0,1,0,1,0,0,0,2,0,7,0,8,10,7,9,0,1,0,0,0,0,0,0,0,0,0,0,0,0,0,0,1,1,1,0,0,5,7,6,6,0,6,5,5,5,5,5,5,6,6,0,0,5,7,7,0,0,0,0,0,0,0,0,8,3,2,0,0,0,0,0,0,0,0,0,0,1,0,0,0,0,2,1,2,4,2,21626000,The African Church
The African Church,437534,0,2,0,0,0,0,0,1,0,0,8,0,8,6,0,8,0,1,1,1,1,1,0,0,0,0,0,0,0,0,2,0,8,0,8,10,9,8,0,1,0,0,0,0,0,0,0,0,0,0,0,0,0,0,1,2,2,0,0,3,2,2,2,0,2,3,4,3,2,3,1,3,4,0,0,2,2,2,0,0,0,0,0,0,0,0,7,3,2,0,2,0,0,0,0,0,0,0,0,1,0,0,0,0,1,2,2,4,2,21626000,The African Church
The African Church,436390,2,3,0,0,0,0,0,1,0,0,9,0,7,10,0,9,0,1,0,0,1,1,0,0,1,1,0,0,0,0,2,0,5,0,7,7,10,6,0,1,0,0,0,0,0,0,0,0,0,0,0,0,0,0,2,3,2,0,0,3,3,3,4,0,2,3,4,4,5,5,4,2,2,0,0,3,2,2,0,0,0,0,0,0,0,0,8,3,1,0,0,0,0,0,0,0,0,0,0,1,0,0,0,0,2,2,2,2,2,21626000,The African Church
The African Church,436221,1,2,0,0,0,0,0,1,0,0,10,0,10,7,0,8,0,1,0,0,1,0,0,0,0,1,1,1,0,0,2,0,9,0,10,9,5,1,0,0,0,0,0,0,0,0,0,0,0,0,0,0,0,0,4,4,4,0,0,7,1,1,1,0,1,1,1,1,1,1,1,1,1,0,0,1,0,0,0,0,0,0,0,0,0,0,8,3,1,0,2,0,0,0,0,0,0,0,0,0,0,0,0,0,1,2,1,3,2,21626000,The African Church
The African Church,436102,1,1,0,0,0,0,0,1,0,0,5,0,5,6,0,6,0,0,1,1,0,0,0,1,1,1,0,0,0,0,1,0,6,0,5,4,6,8,0,0,0,0,0,0,0,0,0,0,0,0,0,0,0,0,1,2,2,0,0,3,4,4,1,0,4,3,3,4,4,4,5,1,1,0,0,5,8,8,0,0,0,0,0,0,0,0,5,0,2,0,1,0,0,0,0,0,0,0,0,0,0,0,0,0,1,2,2,3,2,21626000,The African Church
The African Church,436344,2,1,0,0,0,0,0,1,0,0,5,0,1,5,0,5,0,1,0,1,1,1,0,0,0,0,0,1,0,0,2,0,10,0,1,8,3,3,0,0,0,0,0,0,0,0,0,0,0,0,0,0,0,0,3,2,3,0,0,4,5,6,6,0,5,5,5,5,5,5,6,6,6,0,0,6,2,5,0,0,0,0,0,0,0,0,4,3,2,0,1,0,0,0,0,0,0,0,0,0,0,0,0,0,2,2,3,3,2,21626000,The African Church
The African Church,434591,3,1,0,0,0,0,0,0,0,0,10,0,10,9,7,0,0,1,1,0,0,1,1,0,1,0,0,0,0,0,0,0,3,0,6,6,1,10,0,0,0,0,1,0,0,0,0,0,0,1,0,0,1,0,3,4,0,0,0,10,0,0,0,0,8,5,6,7,9,9,9,9,9,0,0,0,1,0,0,0,0,0,1,0,0,0,8,0,0,0,2,0,2,3,1,1,0,0,0,0,0,0,0,0,0,0,0,3,2,21626000,The African Church
The African Church,429887,1,1,0,0,0,0,0,1,1,0,10,1,0,0,0,0,0,0,1,1,0,1,0,0,1,1,0,0,0,0,2,1,0,3,3,5,0,0,0,0,1,1,0,1,1,0,0,0,0,1,0,0,0,0,1,1,0,0,0,10,0,0,0,0,3,1,4,5,1,1,1,1,1,0,0,0,3,0,0,0,0,0,1,2,0,0,0,0,0,1,0,0,5,1,1,5,0,0,0,0,1,0,0,0,0,0,0,0,2,21626000,The African Church
The African Church,437347,1,1,0,0,0,0,0,1,0,0,10,0,10,6,0,6,0,1,0,1,0,0,0,0,1,1,1,0,0,0,2,0,8,0,7,8,4,7,0,1,0,0,0,0,0,0,0,0,0,0,0,0,0,0,4,3,1,0,0,1,1,8,1,0,1,1,1,1,1,7,6,1,1,0,0,1,2,1,0,0,0,0,0,0,0,0,0,3,1,0,0,0,0,0,0,0,0,0,0,1,0,0,0,1,2,1,3,2,2,21626000,The African Church
The African Church,437794,1,1,0,0,0,0,0,1,0,0,10,0,9,9,0,10,0,0,1,1,0,0,0,1,1,0,1,0,0,0,2,0,7,0,9,8,3,3,0,1,0,0,0,0,0,0,0,0,0,0,0,0,0,0,4,4,3,0,0,1,1,7,1,0,1,1,1,5,6,6,7,6,5,0,0,7,2,1,0,0,0,0,0,0,0,0,10,2,1,0,2,0,0,0,0,0,0,0,0,1,0,0,0,0,3,2,1,2,2,21626000,The African Church
The African Church,434339,1,3,0,0,0,0,0,0,0,0,10,0,5,3,10,0,0,0,1,1,0,1,1,0,1,0,0,0,0,0,0,0,8,0,7,5,1,7,0,0,0,0,10,0,0,0,0,0,0,1,0,0,0,0,2,3,0,0,0,3,0,0,0,0,2,1,1,2,1,1,1,1,1,0,0,0,2,0,0,0,0,0,1,0,0,0,6,0,0,0,2,0,4,2,3,2,0,0,0,0,0,0,0,0,0,0,0,2,2,21626000,The African Church
The African Church,436241,2,2,0,0,0,0,0,1,0,0,7,0,6,8,0,7,0,1,1,1,1,1,0,0,0,0,0,0,0,0,2,0,9,0,10,10,7,7,0,0,0,0,0,0,0,0,0,0,0,0,0,0,0,0,2,2,2,0,0,6,1,7,8,0,5,7,8,8,7,8,8,6,6,0,0,7,3,3,0,0,0,0,0,0,0,0,7,2,3,0,2,0,0,0,0,0,0,0,0,0,0,0,0,1,2,3,3,3,2,21626000,The African Church
The African Church,436419,1,3,0,0,0,0,0,1,0,0,8,0,10,9,0,7,0,1,1,0,0,1,0,0,1,0,0,1,0,0,2,0,8,0,10,9,3,1,0,0,0,0,0,0,0,0,0,0,0,0,0,0,0,0,3,4,4,0,0,4,4,5,6,0,5,3,6,5,7,7,8,6,5,0,0,7,4,2,0,0,0,0,0,0,0,0,8,2,2,0,2,0,0,0,0,0,0,0,0,0,0,0,0,0,2,2,3,1,2,21626000,The African Church
The African Church,429105,1,1,0,0,0,0,0,1,1,0,10,2,0,0,0,0,0,1,1,0,0,1,0,0,1,0,1,0,0,0,2,1,0,2,10,6,0,0,1,0,1,1,0,1,2,0,0,0,0,1,1,0,1,0,2,3,0,0,0,1,0,0,0,0,5,1,1,4,1,1,1,1,1,0,0,0,1,0,0,0,0,0,0,1,0,0,0,0,0,1,0,0,4,4,3,3,0,0,1,0,1,0,0,0,0,0,0,0,2,21626000,The African Church
The African Church,430457,1,3,0,0,0,0,0,1,1,0,10,0,0,0,0,0,0,1,0,0,0,1,0,0,1,0,1,0,0,0,2,2,0,2,6,5,0,0,0,0,1,1,0,1,2,0,0,0,0,1,0,0,1,0,3,4,0,0,0,1,0,0,0,0,0,1,1,5,1,1,1,1,1,0,0,0,2,0,0,0,0,0,1,2,0,0,0,0,0,0,0,0,1,2,1,2,0,0,0,0,1,0,0,0,0,0,0,0,2,21626000,The African Church
United Evangelical Church in Nigeria,280451,1,0,0,0,0,0,0,1,0,0,10,0,10,10,0,7,1,0,1,0,0,1,0,0,1,0,1,0,0,0,2,0,0,0,10,8,3,0,1,1,1,0,0,0,0,0,0,0,0,0,0,0,0,0,3,4,3,5,1,0,1,10,1,1,10,0,0,1,0,1,1,0,1,0,0,0,1,1,0,0,0,0,0,0,0,0,1,0,1,1,2,0,0,0,0,0,0,0,1,1,1,0,0,0,2,0,0,4,2,21321050,United Evangelical Church in Nigeria
Vietnam Ancestral worshipping / Tradition,418112,3,2,0,0,0,0,0,0,0,0,4,0,10,10,4,0,0,1,1,1,0,1,0,0,0,1,0,0,0,0,1,0,7,0,9,6,1,9,0,0,0,0,8,0,0,0,0,0,0,1,0,0,2,0,2,3,0,0,0,4,0,0,0,0,1,1,1,5,2,6,6,3,5,0,0,0,4,0,0,0,0,0,0,0,0,0,2,3,0,0,1,0,4,3,4,2,0,0,0,0,0,0,0,1,0,0,0,3,9,90202255,Vietnam Ancestral worshipping / Tradition
Vietnam Ancestral worshipping / Tradition,419147,4,3,0,0,0,0,0,0,0,0,1,0,6,6,6,0,0,0,1,1,0,1,0,1,0,0,1,0,0,0,2,0,6,0,4,4,4,0,0,0,0,0,6,0,0,0,0,0,0,1,0,0,0,0,0,0,0,0,0,0,0,0,0,0,1,2,1,3,1,1,1,0,1,0,0,0,8,0,0,0,0,0,0,0,0,0,6,3,0,0,0,0,3,3,3,3,0,0,0,0,0,0,0,1,0,0,0,3,9,90202255,Vietnam Ancestral worshipping / Tradition
Vietnam Ancestral worshipping / Tradition,417705,4,1,0,0,0,0,0,0,0,0,1,2,0,0,0,0,0,0,1,1,0,1,0,1,0,0,1,0,0,0,1,2,0,1,10,8,0,0,0,0,0,0,0,1,1,0,0,0,0,1,0,0,0,0,3,3,0,0,0,1,0,0,0,0,1,1,1,1,1,5,5,9,1,0,0,0,4,0,0,0,0,0,0,6,0,0,0,0,0,0,0,0,2,2,4,2,0,0,0,0,0,0,0,0,0,0,0,0,9,90202255,Vietnam Ancestral worshipping / Tradition
Vietnam Ancestral worshipping / Tradition,440588,1,1,0,0,0,0,0,1,1,0,10,1,0,0,0,0,0,1,0,1,0,1,1,0,0,0,1,0,0,0,1,1,0,2,8,6,0,0,1,1,1,1,0,2,1,0,0,0,0,1,1,0,0,0,3,3,0,0,0,1,0,0,0,0,1,1,1,1,1,1,1,1,1,0,0,0,2,0,0,0,0,0,1,1,0,0,0,0,0,1,0,0,2,2,4,2,0,0,1,1,1,0,0,0,0,0,0,0,9,90202255,Vietnam Ancestral worshipping / Tradition
Vietnam Ancestral worshipping / Tradition,418671,2,1,0,0,0,0,0,0,0,0,1,0,10,10,10,0,0,1,1,1,0,1,0,1,0,0,0,0,0,0,1,0,9,0,7,9,10,10,0,0,0,0,10,0,0,0,0,0,0,1,0,0,2,0,2,3,0,0,0,1,0,0,0,0,1,1,1,1,1,1,5,5,1,0,0,0,4,0,0,0,0,0,0,0,0,0,1,0,0,0,0,0,4,2,4,2,0,0,0,0,0,0,0,1,0,0,0,3,9,90202255,Vietnam Ancestral worshipping / Tradition
Vietnam Ancestral worshipping / Tradition,417079,2,2,0,0,0,0,0,0,0,0,5,2,0,0,0,0,0,1,1,1,0,1,0,0,0,0,1,0,0,0,1,2,0,1,5,7,0,0,0,0,0,0,0,1,1,0,0,0,0,1,1,0,0,0,2,2,0,0,0,1,0,0,0,0,1,1,1,1,1,1,1,1,1,0,0,0,4,0,0,0,0,0,1,6,0,0,0,0,0,0,0,0,4,2,2,2,0,0,0,0,0,0,0,0,0,0,0,0,9,90202255,Vietnam Ancestral worshipping / Tradition
Vietnam Ancestral worshipping / Tradition,418336,4,4,0,0,0,0,0,0,0,0,3,0,10,10,10,0,0,1,1,1,0,0,1,1,0,0,0,0,0,0,1,0,7,0,7,7,1,1,0,0,0,0,10,0,0,0,0,0,0,1,0,0,1,0,2,4,0,0,0,10,0,0,0,0,1,1,1,1,1,1,2,4,2,0,0,0,8,0,0,0,0,0,0,0,0,0,9,3,0,0,0,0,1,1,4,2,0,0,0,0,0,0,0,0,0,0,0,3,9,90202255,Vietnam Ancestral worshipping / Tradition
Vietnam Ancestral worshipping / Tradition,418223,3,3,0,0,0,0,0,0,0,0,3,0,6,7,6,0,0,0,1,1,1,1,1,0,0,0,0,0,0,0,1,0,6,0,4,5,5,0,0,0,0,0,7,0,0,0,0,0,0,1,0,0,0,0,3,3,0,0,0,0,0,0,0,0,2,1,1,1,2,2,2,0,1,0,0,0,8,0,0,0,0,0,0,0,0,0,6,3,0,0,0,0,3,2,4,2,0,0,0,0,0,0,0,1,0,0,0,3,9,90202255,Vietnam Ancestral worshipping / Tradition
Vietnam Ancestral worshipping / Tradition,417938,4,1,0,0,0,0,0,0,0,0,1,0,10,10,10,0,0,1,1,1,0,0,1,1,0,0,0,0,0,0,2,0,10,0,8,10,1,10,0,0,0,0,10,0,0,0,0,0,0,1,0,0,0,0,3,3,0,0,0,1,0,0,0,0,1,1,1,1,1,1,1,1,1,0,0,0,8,0,0,0,0,0,0,0,0,0,1,3,0,0,0,0,2,4,4,2,0,0,0,0,0,0,0,0,0,0,0,4,9,90202255,Vietnam Ancestral worshipping / Tradition
Vietnam Ancestral worshipping / Tradition,417065,2,2,0,0,0,0,0,1,0,0,10,2,0,0,0,0,0,1,1,1,0,1,0,1,0,0,0,0,0,0,1,0,0,1,3,5,0,0,0,0,0,1,0,1,1,0,0,0,0,1,1,0,0,0,2,2,0,0,0,1,0,0,0,0,1,1,1,1,1,1,1,1,1,0,0,0,8,0,0,0,0,0,1,4,0,0,0,0,0,1,0,0,3,3,3,3,0,0,0,0,0,0,0,0,0,0,0,0,9,90202255,Vietnam Ancestral worshipping / Tradition
Vietnam Ancestral worshipping / Tradition,418007,4,1,0,0,0,0,0,0,0,0,5,0,10,10,5,0,0,1,1,0,0,1,1,1,0,0,0,0,0,0,2,0,9,0,9,9,5,5,0,0,0,0,10,0,0,0,0,0,0,1,0,0,1,0,3,3,0,0,0,5,0,0,0,0,5,5,5,5,5,5,5,5,5,0,0,0,8,0,0,0,0,0,0,0,0,0,5,2,0,0,0,0,4,2,4,2,0,0,0,0,0,0,0,1,0,0,0,2,9,90202255,Vietnam Ancestral worshipping / Tradition
Vietnam Ancestral worshipping / Tradition,418554,1,1,0,0,0,0,0,0,0,0,6,0,10,10,9,0,0,1,1,1,0,1,1,0,0,0,0,0,0,0,2,0,4,0,10,6,1,8,0,0,0,0,8,0,0,0,0,0,0,1,0,0,0,0,1,4,0,0,0,1,0,0,0,0,1,1,1,1,1,4,4,4,1,0,0,0,8,0,0,0,0,0,0,0,0,0,0,3,0,0,0,0,5,1,5,1,0,0,0,0,0,0,0,0,0,0,0,2,9,90202255,Vietnam Ancestral worshipping / Tradition
Vietnam Ancestral worshipping / Tradition,440468,1,1,0,0,0,0,0,1,1,0,10,2,0,0,0,0,0,0,1,1,0,1,0,0,1,0,1,0,0,0,2,2,0,2,10,2,0,0,1,1,1,1,0,1,1,0,0,0,0,1,1,0,0,0,2,3,0,0,0,2,0,0,0,0,1,1,1,1,1,1,1,1,1,0,0,0,2,0,0,0,0,0,1,1,0,0,0,0,0,1,0,0,4,4,4,4,0,0,1,1,1,0,0,0,0,0,0,0,9,90202255,Vietnam Ancestral worshipping / Tradition
Vietnam Ancestral worshipping / Tradition,440746,1,3,0,0,0,0,0,1,1,0,10,2,0,0,0,0,0,0,1,0,0,1,0,0,1,0,0,0,0,0,2,1,0,2,10,8,0,0,1,1,1,1,0,1,1,0,0,0,0,1,0,0,0,0,3,3,0,0,0,1,0,0,0,0,1,1,1,1,1,1,1,1,1,0,0,0,2,0,0,0,0,0,1,3,0,0,0,0,0,1,0,0,4,4,2,0,0,0,1,1,1,0,0,0,0,0,0,0,9,90202255,Vietnam Ancestral worshipping / Tradition
Vietnam Ancestral worshipping / Tradition,440284,1,0,0,0,0,0,0,1,0,0,10,0,0,0,0,0,0,1,1,0,0,1,0,0,0,1,1,0,0,0,1,0,0,0,1,1,0,0,0,0,0,1,0,1,1,0,0,0,0,1,1,0,0,0,0,4,0,0,0,1,0,0,0,0,1,3,1,0,0,0,0,0,0,0,0,0,1,0,0,0,0,0,1,1,0,0,0,0,0,1,0,0,0,0,0,0,0,0,0,0,0,0,0,0,0,0,0,0,9,90202255,Vietnam Ancestral worshipping / Tradition
Vietnam Ancestral worshipping / Tradition,417275,3,1,0,0,0,0,0,0,1,0,6,1,0,0,0,0,0,0,1,1,0,1,1,1,0,0,0,0,0,0,2,2,0,1,6,7,0,0,0,0,0,0,0,1,1,0,0,0,0,1,1,0,0,0,4,4,0,0,0,1,0,0,0,0,1,1,1,1,1,5,5,5,5,0,0,0,8,0,0,0,0,0,0,7,0,0,0,0,0,0,0,0,4,4,4,1,0,0,0,0,0,0,0,0,0,0,0,0,9,90202255,Vietnam Ancestral worshipping / Tradition
Vietnam Ancestral worshipping / Tradition,418250,4,1,0,0,0,0,0,0,0,0,0,0,10,10,8,0,0,0,1,1,0,1,1,0,0,1,0,0,0,0,2,0,9,0,8,9,5,8,0,0,0,0,8,0,0,0,0,0,0,1,0,0,0,0,2,3,0,0,0,5,0,0,0,0,5,5,5,5,5,5,5,0,5,0,0,0,8,0,0,0,0,0,0,0,0,0,1,3,0,0,0,0,3,3,3,3,0,0,0,0,0,0,0,1,0,0,0,3,9,90202255,Vietnam Ancestral worshipping / Tradition
Vietnam Ancestral worshipping / Tradition,418755,3,1,0,0,0,0,0,0,0,0,4,0,9,7,6,0,0,1,1,0,0,1,0,1,0,1,0,0,0,0,1,0,7,0,6,6,5,5,0,0,0,0,7,0,0,0,0,0,0,1,0,0,2,0,3,3,0,0,0,3,0,0,0,0,2,2,1,1,1,6,7,1,1,0,0,0,8,0,0,0,0,0,0,0,0,0,5,3,0,0,0,0,3,3,4,4,0,0,0,0,0,0,0,0,0,0,0,3,9,90202255,Vietnam Ancestral worshipping / Tradition
Vietnam Ancestral worshipping / Tradition,417551,2,1,0,0,0,0,0,0,1,0,1,2,0,0,0,0,0,1,0,1,0,1,0,1,0,1,0,0,0,0,2,1,0,2,5,6,0,0,0,0,0,0,0,1,3,0,0,0,0,1,1,0,0,0,3,4,0,0,0,1,0,0,0,0,1,1,1,1,1,5,5,1,1,0,0,0,8,0,0,0,0,0,0,7,0,0,0,0,0,0,0,0,4,1,4,1,0,0,0,0,0,0,0,0,0,0,0,0,9,90202255,Vietnam Ancestral worshipping / Tradition
Vietnam Ancestral worshipping / Tradition,418610,4,2,0,0,0,0,0,0,0,0,3,0,8,10,8,0,0,0,0,1,1,1,1,1,0,0,0,0,0,0,2,0,9,0,5,4,5,5,0,0,0,0,9,0,0,0,0,0,0,1,0,0,1,0,2,3,0,0,0,10,0,0,0,0,1,1,1,1,1,5,5,6,1,0,0,0,7,0,0,0,0,0,0,0,0,0,6,3,0,0,0,0,4,2,4,2,0,0,0,0,0,0,0,0,0,0,0,3,9,90202255,Vietnam Ancestral worshipping / Tradition
Vietnam Ancestral worshipping / Tradition,418339,1,1,0,0,0,0,0,0,0,0,1,0,10,10,7,0,0,1,1,1,1,0,0,1,0,0,0,0,0,0,1,0,4,0,6,7,3,1,0,0,0,0,10,0,0,0,0,0,0,1,0,1,2,0,4,4,0,0,0,1,0,0,0,0,1,1,1,1,1,1,1,1,1,0,0,0,4,0,0,0,0,0,0,0,0,0,5,2,0,0,0,0,1,1,1,2,0,0,0,0,0,0,0,0,0,0,0,2,9,90202255,Vietnam Ancestral worshipping / Tradition
Vietnam Ancestral worshipping / Tradition,440754,1,1,0,0,0,0,0,1,1,0,10,2,0,0,0,0,0,1,1,0,0,1,0,0,1,0,1,0,0,0,2,2,0,2,9,9,0,0,1,1,1,1,0,1,1,0,0,0,0,1,1,0,0,0,3,3,0,0,0,1,0,0,0,0,1,1,1,1,1,1,1,1,1,0,0,0,1,0,0,0,0,0,1,1,0,0,0,0,0,1,0,0,4,2,2,2,0,0,1,1,1,0,0,0,0,0,0,0,9,90202255,Vietnam Ancestral worshipping / Tradition
Vietnam Ancestral worshipping / Tradition,419257,0,0,0,0,0,0,0,0,0,0,0,0,0,0,0,0,0,1,1,1,0,1,1,0,0,0,0,0,0,0,2,0,0,0,9,4,5,0,0,0,0,0,9,0,0,0,0,0,0,0,0,0,0,0,0,0,0,0,0,0,0,0,0,0,0,0,0,0,0,0,0,0,0,0,0,0,8,0,0,0,0,0,0,0,0,0,0,3,0,0,0,0,3,3,3,3,0,0,0,0,0,0,0,0,0,0,0,3,9,90202255,Vietnam Ancestral worshipping / Tradition
Vietnam Ancestral worshipping / Tradition,418564,3,1,0,0,0,0,0,0,0,0,5,0,5,5,10,0,0,1,0,1,0,0,1,1,0,1,0,0,0,0,2,0,7,0,8,8,5,5,0,0,0,0,10,0,0,0,0,0,0,1,0,0,0,0,2,2,0,0,0,0,0,0,0,0,1,1,1,0,1,4,4,0,1,0,0,0,8,0,0,0,0,0,0,0,0,0,4,3,0,0,0,0,4,3,3,4,0,0,0,0,0,0,0,0,0,0,0,3,9,90202255,Vietnam Ancestral worshipping / Tradition
Vietnam Ancestral worshipping / Tradition,417270,3,1,0,0,0,0,0,0,1,0,5,1,0,0,0,0,0,0,1,1,0,0,1,1,0,0,1,0,0,0,2,1,0,1,9,8,0,0,0,0,0,0,0,1,1,0,0,0,0,1,1,0,0,0,2,2,0,0,0,1,0,0,0,0,1,1,1,1,1,5,5,1,1,0,0,0,4,0,0,0,0,0,1,7,0,0,0,0,0,0,0,0,3,2,3,2,0,0,0,0,0,0,0,0,0,0,0,0,9,90202255,Vietnam Ancestral worshipping / Tradition
Vietnam Ancestral worshipping / Tradition,416942,3,3,0,0,0,0,0,0,0,0,4,1,0,0,0,0,0,0,0,0,0,1,1,1,0,1,1,0,0,0,1,2,0,0,5,5,0,0,0,0,0,0,0,1,1,0,0,0,0,1,1,0,0,0,3,3,0,0,0,1,0,0,0,0,1,1,1,0,1,1,4,4,4,0,0,0,6,0,0,0,0,0,1,5,0,0,0,0,0,0,0,0,3,3,3,3,0,0,0,0,0,0,0,0,0,0,0,0,9,90202255,Vietnam Ancestral worshipping / Tradition
Vietnam Ancestral worshipping / Tradition,418306,3,1,0,0,0,0,0,0,0,0,6,0,7,8,7,0,0,0,1,1,0,1,1,1,0,0,0,0,0,0,2,0,9,0,8,9,1,2,0,0,0,0,8,0,0,0,0,0,0,1,0,0,0,0,3,3,0,0,0,4,0,0,0,0,1,1,1,1,1,1,1,1,1,0,0,0,4,0,0,0,0,0,0,0,0,0,7,3,0,0,0,0,3,3,3,3,0,0,0,0,0,0,0,1,0,0,0,3,9,90202255,Vietnam Ancestral worshipping / Tradition
Vietnam Ancestral worshipping / Tradition,419030,3,2,0,0,0,0,0,0,0,0,1,0,6,7,4,0,0,0,1,1,0,1,1,0,0,1,0,0,0,0,1,0,6,0,6,6,3,3,0,0,0,0,7,0,0,0,0,0,0,1,0,0,2,0,2,3,0,0,0,3,0,0,0,0,1,1,1,1,1,7,6,1,1,0,0,0,8,0,0,0,0,0,0,0,0,0,5,3,0,0,0,0,4,4,4,4,0,0,0,0,0,0,0,0,0,0,0,3,9,90202255,Vietnam Ancestral worshipping / Tradition
Vietnam Ancestral worshipping / Tradition,418814,2,1,0,0,0,0,0,0,0,0,8,0,9,9,9,0,0,1,1,1,1,0,0,1,0,0,0,0,0,0,2,0,9,0,9,9,5,9,0,0,0,0,9,0,0,0,0,0,0,1,0,0,2,0,3,3,0,0,0,4,0,0,0,0,5,5,5,5,5,8,5,5,5,0,0,0,8,0,0,0,0,0,0,0,0,0,9,3,0,0,0,0,3,2,3,3,0,0,0,0,0,0,0,0,0,0,0,4,9,90202255,Vietnam Ancestral worshipping / Tradition
Vietnam Ancestral worshipping / Tradition,418559,3,1,0,0,0,0,0,0,0,0,0,0,10,10,10,0,0,1,1,1,0,0,1,1,0,0,0,0,0,0,1,0,9,0,6,9,1,10,0,0,0,0,10,0,0,0,0,0,0,1,0,0,0,0,3,3,0,0,0,1,0,0,0,0,1,1,1,1,1,1,1,1,1,0,0,0,4,0,0,0,0,0,0,0,0,0,1,3,0,0,0,0,2,2,2,2,0,0,0,0,0,0,0,1,0,0,0,3,9,90202255,Vietnam Ancestral worshipping / Tradition
Vietnam Ancestral worshipping / Tradition,440573,1,1,0,0,0,0,0,1,1,0,10,1,0,0,0,0,0,1,1,0,1,0,1,0,0,1,0,0,0,0,2,2,0,1,6,10,0,0,1,1,1,1,0,1,1,0,0,0,0,1,1,0,1,0,3,2,0,0,0,1,0,0,0,0,1,1,1,1,1,1,2,1,1,0,0,0,2,0,0,0,0,0,1,1,0,0,0,0,0,1,0,0,4,4,3,4,0,0,1,1,1,0,0,0,0,0,0,0,9,90202255,Vietnam Ancestral worshipping / Tradition
Vietnam Ancestral worshipping / Tradition,419176,3,2,0,0,0,0,0,0,0,0,4,0,10,10,10,0,0,1,0,1,1,0,0,1,0,0,1,0,0,0,2,0,6,0,8,6,5,4,0,0,0,0,8,0,0,0,0,0,0,1,0,0,2,0,2,3,0,0,0,1,0,0,0,0,1,1,1,1,1,1,1,1,1,0,0,0,8,0,0,0,0,0,0,0,0,0,6,2,0,0,0,0,5,1,5,1,0,0,0,0,0,0,0,0,0,0,0,3,9,90202255,Vietnam Ancestral worshipping / Tradition
Vietnam Ancestral worshipping / Tradition,439906,1,1,0,0,0,0,0,1,1,0,10,2,0,0,0,0,0,0,1,1,0,1,1,0,1,0,0,0,0,0,2,1,0,2,5,5,0,0,1,1,1,1,0,1,1,0,0,0,0,1,1,0,0,0,2,4,0,0,0,1,0,0,0,0,1,1,1,1,1,1,1,1,1,0,0,0,2,0,0,0,0,0,1,1,0,0,0,0,0,1,0,0,4,0,0,4,0,0,1,1,1,0,0,0,0,0,0,0,9,90202255,Vietnam Ancestral worshipping / Tradition
Vietnam Ancestral worshipping / Tradition,418707,3,1,0,0,0,0,0,0,0,0,1,0,9,10,9,0,0,0,1,1,0,1,0,1,0,1,0,0,0,0,2,0,10,0,6,10,6,2,0,0,0,0,3,0,0,0,0,0,0,1,0,0,0,0,1,1,0,0,0,1,0,0,0,0,1,1,1,1,1,1,1,1,1,0,0,0,8,0,0,0,0,0,0,0,0,0,6,3,0,0,0,0,4,2,3,2,0,0,0,0,0,0,0,0,0,0,0,3,9,90202255,Vietnam Ancestral worshipping / Tradition
Vietnam Ancestral worshipping / Tradition,417844,3,1,0,0,0,0,0,0,0,0,1,0,7,8,8,0,0,0,1,0,0,0,1,1,0,1,1,0,0,0,2,0,9,0,8,10,1,9,0,0,0,0,9,0,0,0,0,0,0,1,0,0,0,0,1,1,0,0,0,9,0,0,0,0,1,1,1,1,1,1,1,1,1,0,0,0,8,0,0,0,0,0,0,0,0,0,8,3,0,0,0,0,4,1,4,2,0,0,0,0,0,0,0,1,0,0,0,3,9,90202255,Vietnam Ancestral worshipping / Tradition
Vietnam Ancestral worshipping / Tradition,417553,3,1,0,0,0,0,0,0,0,0,8,2,0,0,0,0,0,0,1,1,1,1,0,1,0,0,0,0,0,0,2,2,0,2,1,7,0,0,0,0,0,0,0,1,2,0,0,0,0,1,1,0,0,0,1,3,0,0,0,2,0,0,0,0,2,1,1,1,1,5,5,6,1,0,0,0,8,0,0,0,0,0,0,7,0,0,0,0,0,0,0,0,0,0,1,0,0,0,0,0,0,0,0,0,0,0,0,0,9,90202255,Vietnam Ancestral worshipping / Tradition
Vietnam Ancestral worshipping / Tradition,417620,3,1,0,0,0,0,0,0,0,0,1,2,0,0,0,0,0,1,1,1,0,1,1,0,0,0,0,0,0,0,2,1,0,1,10,10,0,0,0,0,0,0,0,1,1,0,0,0,0,1,1,0,1,0,2,3,0,0,0,3,0,0,0,0,2,1,1,1,1,1,1,1,1,0,0,0,4,0,0,0,0,0,0,7,0,0,0,0,0,0,0,0,2,1,3,2,0,0,0,0,0,0,0,0,0,0,0,0,9,90202255,Vietnam Ancestral worshipping / Tradition
Vietnam Ancestral worshipping / Tradition,418527,3,1,0,0,0,0,0,0,0,0,3,0,10,10,5,0,0,1,1,1,0,0,0,1,0,0,1,0,0,0,2,0,8,0,6,6,5,7,0,0,0,0,8,0,0,0,0,0,0,1,0,0,0,0,2,2,0,0,0,9,0,0,0,0,9,2,2,2,1,2,2,1,1,0,0,0,4,0,0,0,0,0,0,0,0,0,3,3,0,0,0,0,4,1,4,1,0,0,0,0,0,0,0,0,0,0,0,4,9,90202255,Vietnam Ancestral worshipping / Tradition
Vietnam Ancestral worshipping / Tradition,440562,1,1,0,0,0,0,0,1,1,0,10,2,0,0,0,0,0,1,1,0,0,1,1,0,0,0,1,0,0,0,2,1,0,2,5,10,0,0,1,1,1,1,0,1,1,0,0,0,0,1,1,0,1,0,3,4,0,0,0,1,0,0,0,0,1,1,1,1,1,1,1,1,1,0,0,0,1,0,0,0,0,0,1,2,0,0,0,0,0,1,0,0,2,1,1,1,0,0,1,1,1,0,0,0,0,0,0,0,9,90202255,Vietnam Ancestral worshipping / Tradition
Vietnam Ancestral worshipping / Tradition,418608,4,1,0,0,0,0,0,0,0,0,1,0,10,10,10,0,0,1,1,1,0,0,1,1,0,0,0,0,0,0,2,0,10,0,10,10,1,10,0,0,0,0,10,0,0,0,0,0,0,1,0,0,0,0,4,4,0,0,0,1,0,0,0,0,1,1,1,1,1,1,1,1,1,0,0,0,8,0,0,0,0,0,0,0,0,0,1,3,0,0,0,0,2,4,4,2,0,0,0,0,0,0,0,1,0,0,0,4,9,90202255,Vietnam Ancestral worshipping / Tradition
Vietnam Ancestral worshipping / Tradition,418481,4,1,0,0,0,0,0,0,0,0,5,0,10,10,5,0,0,1,1,1,0,1,1,0,0,0,0,0,0,0,2,0,5,0,8,8,5,5,0,0,0,0,5,0,0,0,0,0,0,1,0,0,0,0,3,2,0,0,0,5,0,0,0,0,5,5,5,5,5,5,5,10,5,0,0,0,8,0,0,0,0,0,0,0,0,0,5,3,0,0,0,0,1,1,2,2,0,0,0,0,0,0,0,1,0,0,0,2,9,90202255,Vietnam Ancestral worshipping / Tradition
Vietnam Ancestral worshipping / Tradition,416983,3,2,0,0,0,0,0,1,0,0,5,2,0,0,0,0,0,1,1,0,0,0,1,0,0,1,1,0,0,0,2,1,0,1,5,10,0,0,0,0,0,0,0,1,1,0,0,0,0,1,1,0,0,0,2,2,0,0,0,1,0,0,0,0,1,1,1,1,1,1,1,1,1,0,0,0,4,0,0,0,0,0,0,5,0,0,0,0,0,0,0,0,3,3,3,3,0,0,0,0,0,0,0,0,0,0,0,0,9,90202255,Vietnam Ancestral worshipping / Tradition
Vietnam Ancestral worshipping / Tradition,418344,2,1,0,0,0,0,0,0,0,0,3,0,10,10,1,0,0,1,1,1,0,0,0,1,0,0,1,0,0,0,2,0,9,0,10,10,1,10,0,0,0,0,10,0,0,0,0,0,0,1,0,0,0,0,2,4,0,0,0,1,0,0,0,0,1,1,1,1,1,1,1,1,1,0,0,0,8,0,0,0,0,0,0,0,0,0,1,3,0,0,0,0,4,4,4,2,0,0,0,0,0,0,0,1,0,0,0,3,9,90202255,Vietnam Ancestral worshipping / Tradition
Vietnam Ancestral worshipping / Tradition,419218,4,1,0,0,0,0,0,0,0,0,1,0,10,9,4,0,0,1,1,0,0,0,0,1,0,1,1,0,0,0,1,0,7,0,9,7,1,5,0,0,0,0,8,0,0,0,0,0,0,1,0,0,1,0,3,3,0,0,0,3,0,0,0,0,1,1,1,1,1,6,5,1,1,0,0,0,8,0,0,0,0,0,0,0,0,0,4,3,0,0,0,0,4,2,4,2,0,0,0,0,0,0,0,0,0,0,0,4,9,90202255,Vietnam Ancestral worshipping / Tradition
Vietnam Ancestral worshipping / Tradition,419103,4,1,0,0,0,0,0,0,0,0,2,0,8,8,8,0,0,0,1,1,0,1,1,0,0,1,0,0,0,0,1,0,0,0,6,5,4,0,0,0,0,0,7,0,0,0,0,0,0,1,0,0,0,0,2,2,0,0,0,3,0,0,0,0,1,1,1,0,1,1,1,1,1,0,0,0,8,0,0,0,0,0,0,0,0,0,8,3,0,0,0,0,3,3,3,3,0,0,0,0,0,0,0,1,0,0,0,2,9,90202255,Vietnam Ancestral worshipping / Tradition
Vietnam Ancestral worshipping / Tradition,418228,3,2,0,0,0,0,0,0,0,0,6,0,6,6,6,0,0,1,1,1,0,0,1,1,0,0,0,0,0,0,1,0,6,0,5,6,4,4,0,0,0,0,7,0,0,0,0,0,0,1,0,0,1,0,2,4,0,0,0,2,0,0,0,0,2,2,1,1,1,3,2,2,0,0,0,0,8,0,0,0,0,0,0,0,0,0,3,3,0,0,0,0,4,2,3,2,0,0,0,0,0,0,0,0,0,0,0,2,9,90202255,Vietnam Ancestral worshipping / Tradition
Vietnam Ancestral worshipping / Tradition,416971,3,2,0,0,0,0,0,0,0,0,10,1,0,0,0,0,0,1,1,1,0,1,1,0,0,0,0,0,0,0,0,0,0,2,6,9,0,0,0,0,0,0,0,1,1,0,0,0,0,1,1,0,1,0,3,3,0,0,0,1,0,0,0,0,1,1,1,1,1,1,1,1,1,0,0,0,7,0,0,0,0,0,0,6,0,0,0,0,0,0,0,0,4,2,2,4,0,0,0,0,0,0,0,0,0,0,0,0,9,90202255,Vietnam Ancestral worshipping / Tradition
Vietnam Ancestral worshipping / Tradition,417867,4,2,0,0,0,0,0,0,0,0,5,0,10,10,10,0,0,1,1,1,0,0,0,1,0,0,1,0,0,0,2,0,7,0,6,7,3,5,0,0,0,0,6,0,0,0,0,0,0,1,0,0,0,0,2,2,0,0,0,1,0,0,0,0,1,1,1,1,1,1,5,1,1,0,0,0,8,0,0,0,0,0,0,0,0,0,10,3,0,0,0,0,3,3,3,1,0,0,0,0,0,0,0,0,0,0,0,3,9,90202255,Vietnam Ancestral worshipping / Tradition
Vietnam Ancestral worshipping / Tradition,418536,2,2,0,0,0,0,0,0,0,0,4,0,9,9,8,0,0,1,1,1,0,0,1,1,0,0,0,0,0,0,2,0,6,0,6,6,4,7,0,0,0,0,2,0,0,0,0,0,0,1,0,0,2,0,1,4,0,0,0,1,0,0,0,0,1,1,1,2,1,4,1,6,1,0,0,0,3,0,0,0,0,0,0,0,0,0,2,3,0,0,0,0,4,4,4,3,0,0,0,0,0,0,0,1,0,0,0,3,9,90202255,Vietnam Ancestral worshipping / Tradition
Vietnam Ancestral worshipping / Tradition,419251,3,2,0,0,0,0,0,0,0,0,3,0,6,9,8,0,0,1,1,1,0,0,1,1,0,0,0,0,0,0,1,0,6,0,6,6,3,8,0,0,0,0,9,0,0,0,0,0,0,1,0,0,0,0,3,4,0,0,0,1,0,0,0,0,1,1,1,1,1,1,1,1,1,0,0,0,6,0,0,0,0,0,0,0,0,0,4,3,0,0,0,0,4,5,4,3,0,0,0,0,0,0,0,1,0,0,0,3,9,90202255,Vietnam Ancestral worshipping / Tradition
Vodou,160010,2,2,0,0,0,0,0,1,0,0,10,0,1,1,0,8,0,0,1,1,0,0,0,0,0,0,1,0,0,0,2,0,10,0,9,10,10,1,0,0,0,0,0,0,0,0,0,0,0,0,0,0,0,0,4,1,3,0,0,1,1,8,1,0,5,5,1,1,3,1,1,1,1,0,0,5,4,1,0,0,0,0,0,0,0,0,4,2,4,0,1,0,0,0,0,0,0,0,0,0,0,0,0,0,3,1,2,2,8,80502005,Vodou
Vodou,159857,2,1,0,0,0,0,0,1,0,0,10,0,6,6,0,2,0,0,1,0,0,1,0,1,0,1,1,0,0,0,2,0,5,0,5,5,10,1,0,1,0,0,0,0,0,0,0,0,0,0,0,0,0,0,1,4,2,0,0,1,10,1,1,0,9,3,1,1,5,1,1,1,1,0,0,1,8,2,0,0,0,0,0,0,0,0,6,3,2,0,0,0,0,0,0,0,0,0,0,1,0,0,0,0,2,1,1,3,8,80502005,Vodou
Vodou,158290,2,2,0,0,0,0,0,1,0,0,6,0,1,1,0,1,0,0,1,0,0,0,0,1,0,0,1,0,0,0,2,0,1,0,6,2,10,5,0,1,0,0,0,0,0,0,0,0,0,0,0,0,0,0,4,2,3,0,0,4,4,7,8,0,4,7,7,7,7,8,7,3,6,0,0,8,4,2,0,0,0,0,0,0,0,0,8,3,1,0,0,0,0,0,0,0,0,0,0,1,0,0,0,0,2,1,2,3,8,80502005,Vodou
Vodou,158266,2,2,0,0,0,0,0,1,0,0,10,0,9,9,0,7,0,0,0,0,1,1,0,1,0,0,1,0,0,0,2,0,1,0,10,2,5,10,0,0,0,0,0,0,0,0,0,0,0,0,0,0,0,0,3,4,1,0,0,8,2,8,7,0,2,1,8,8,2,5,5,6,6,0,0,9,2,1,0,0,0,0,0,0,0,0,3,2,2,0,0,0,0,0,0,0,0,0,0,0,0,0,0,0,2,2,1,3,8,80502005,Vodou
Vodou,158856,1,4,0,0,0,0,0,1,0,0,10,0,6,6,0,3,0,0,1,0,0,0,0,0,0,1,1,0,0,0,2,0,1,0,5,10,10,1,0,1,0,0,0,0,0,0,0,0,0,0,0,0,0,0,2,1,3,0,0,4,5,5,4,0,7,7,4,6,4,5,5,4,5,0,0,4,4,2,0,0,0,0,0,0,0,0,10,2,2,0,0,0,0,0,0,0,0,0,0,1,0,0,0,0,2,2,1,2,8,80502005,Vodou
Vodou,159342,1,3,0,0,0,0,0,0,0,0,1,0,8,8,0,1,0,0,1,0,0,1,0,0,0,1,1,0,0,0,2,0,3,0,5,1,10,7,0,0,0,0,0,0,0,0,0,0,0,0,0,0,0,0,1,3,2,0,0,1,1,5,1,0,9,1,1,2,1,1,1,1,1,0,0,1,3,8,0,0,0,0,0,0,0,0,7,2,2,0,0,0,0,0,0,0,0,0,0,0,0,0,0,0,3,3,3,1,8,80502005,Vodou
Vodou,158642,2,2,0,0,0,0,0,1,0,0,10,0,5,1,0,1,0,0,1,0,0,0,0,0,0,1,1,0,0,0,1,0,1,0,4,8,10,1,0,1,0,0,0,0,0,0,0,0,0,0,0,0,0,0,4,4,2,0,0,1,1,1,1,0,10,1,1,1,1,1,1,1,1,0,0,1,7,2,0,0,0,0,0,0,0,0,7,3,2,0,1,0,0,0,0,0,0,0,0,1,0,0,0,0,3,2,2,2,8,80502005,Vodou
Vodou,158994,2,1,0,0,0,0,0,1,0,0,10,0,10,10,0,2,0,0,0,0,0,0,1,0,0,1,1,0,0,0,2,0,2,0,6,1,10,1,0,0,0,0,0,0,0,0,0,0,0,0,0,0,0,0,3,1,3,0,0,5,1,5,1,0,1,1,1,1,1,1,5,1,1,0,0,5,7,2,0,0,0,0,0,0,0,0,5,2,4,0,0,0,0,0,0,0,0,0,0,0,0,0,0,0,3,1,1,3,8,80502005,Vodou
Vodou,158274,2,2,0,0,0,0,0,1,0,0,10,0,3,2,0,10,0,1,0,0,0,0,0,0,0,1,1,0,0,0,2,0,1,0,6,2,10,1,0,0,0,0,0,0,0,0,0,0,0,0,0,0,0,0,3,1,3,0,0,4,6,6,3,0,5,6,6,6,7,7,6,4,4,0,0,5,1,1,0,0,0,0,0,0,0,0,1,3,1,0,1,0,0,0,0,0,0,0,0,0,0,0,0,0,3,2,3,1,8,80502005,Vodou
Vodou,159568,2,1,0,0,0,0,0,1,0,0,5,0,10,10,0,10,0,0,1,0,0,0,0,0,1,1,0,0,0,0,2,0,3,0,5,7,10,1,0,0,0,0,0,0,0,0,0,0,0,0,0,0,0,0,4,2,2,0,0,3,5,8,7,0,4,6,7,8,7,7,7,3,8,0,0,6,6,2,0,0,0,0,0,0,0,0,1,3,4,0,1,0,0,0,0,0,0,0,0,0,0,0,0,0,3,2,1,2,8,80502005,Vodou
Vodou,158797,2,1,0,0,0,0,0,1,0,0,9,0,2,2,0,4,0,0,1,1,0,0,0,1,0,1,1,0,0,0,2,0,1,0,3,10,10,3,0,0,0,0,0,0,0,0,0,0,0,0,0,0,0,0,1,1,4,0,0,1,1,5,1,0,5,1,1,1,1,5,1,1,1,0,0,1,3,1,0,0,0,0,0,0,0,0,5,3,3,0,0,0,0,0,0,0,0,0,0,0,0,0,0,0,4,3,1,3,8,80502005,Vodou
Vodou,159467,2,1,0,0,0,0,0,1,0,0,10,0,9,3,0,7,0,0,0,0,0,1,0,0,0,1,1,0,0,0,2,0,3,0,5,3,1,1,0,1,0,0,0,0,0,0,0,0,0,0,0,0,0,0,2,1,2,0,0,1,1,5,1,0,6,1,1,1,1,1,1,1,1,0,0,1,8,2,0,0,0,0,0,0,0,0,7,3,2,0,1,0,0,0,0,0,0,0,0,1,0,0,0,0,3,3,1,2,8,80502005,Vodou
Vodou,158615,3,1,0,0,0,0,0,1,0,0,10,0,7,10,0,1,0,0,0,1,0,0,1,0,1,0,1,0,0,0,1,0,1,0,2,7,10,1,0,0,0,0,0,0,0,0,0,0,0,0,0,0,0,0,4,1,3,0,0,5,6,5,5,0,7,6,6,4,4,4,7,4,4,0,0,7,1,2,0,0,0,0,0,0,0,0,10,3,2,0,2,0,0,0,0,0,0,0,0,0,0,0,0,0,4,3,1,2,8,80502005,Vodou
Vodou,159810,3,1,0,0,0,0,0,1,0,0,10,0,1,1,0,10,0,0,0,1,0,0,0,0,0,1,1,0,0,0,2,0,5,0,9,2,6,1,0,1,0,0,0,0,0,0,0,0,0,0,0,0,0,0,1,1,3,0,0,1,1,4,4,0,10,1,1,1,1,1,1,1,1,0,0,4,1,1,0,0,0,0,0,0,0,0,6,2,3,0,1,0,0,0,0,0,0,0,0,1,0,0,0,0,4,2,3,3,8,80502005,Vodou
Vodou,158739,2,2,0,0,0,0,0,1,0,0,9,0,4,5,0,6,0,0,1,0,0,0,0,0,1,1,1,0,0,0,2,0,1,0,4,10,10,1,0,0,0,0,0,0,0,0,0,0,0,0,0,0,0,0,4,1,1,0,0,10,5,10,6,0,7,10,5,1,9,1,10,1,1,0,0,10,8,2,0,0,0,0,0,0,0,0,9,2,2,0,0,0,0,0,0,0,0,0,0,0,0,0,0,0,4,1,1,2,8,80502005,Vodou
Vodou,158840,2,1,0,0,0,0,0,0,0,0,1,0,5,4,0,1,0,0,1,0,0,0,0,0,0,0,1,1,0,0,2,0,1,0,3,10,10,1,0,0,0,0,0,0,0,0,0,0,0,0,0,0,0,0,2,4,3,0,0,3,6,9,6,0,3,4,4,6,5,3,7,5,4,0,0,8,8,8,0,0,0,0,0,0,0,0,8,1,2,0,0,0,0,0,0,0,0,0,0,0,0,0,0,0,4,4,3,3,8,80502005,Vodou
Vodou,159402,2,4,0,0,0,0,0,1,0,0,1,0,7,7,0,8,0,0,1,1,0,0,0,0,0,1,0,0,0,0,2,0,3,0,5,2,9,1,0,0,0,0,0,0,0,0,0,0,0,0,0,0,0,0,3,1,2,0,0,4,4,7,7,0,7,6,7,8,7,6,5,2,4,0,0,8,8,1,0,0,0,0,0,0,0,0,6,2,3,0,0,0,0,0,0,0,0,0,0,0,0,0,0,0,3,2,3,2,8,80502005,Vodou
Vodou,159832,1,2,0,0,0,0,0,1,0,0,5,0,1,1,0,1,0,0,1,0,0,1,0,0,1,0,0,0,0,0,2,0,5,0,3,4,2,9,0,0,0,0,0,0,0,0,0,0,0,0,0,0,0,0,1,2,3,0,0,6,3,10,9,0,1,10,5,2,4,1,6,1,1,0,0,10,1,1,0,0,0,0,0,0,0,0,5,2,1,0,2,0,0,0,0,0,0,0,0,0,0,0,0,0,2,2,1,2,8,80502005,Vodou
Vodou,158440,3,2,0,0,0,0,0,1,0,0,10,0,5,5,0,5,0,1,1,1,0,0,0,1,0,0,1,0,0,0,1,0,1,0,1,5,10,1,0,0,0,0,0,0,0,0,0,0,0,0,0,0,0,0,1,1,4,0,0,1,1,5,1,0,1,1,1,1,1,1,1,1,1,0,0,1,7,2,0,0,0,0,0,0,0,0,4,2,1,0,0,0,0,0,0,0,0,0,0,0,0,0,0,0,3,3,1,3,8,80502005,Vodou
Vodou,159421,1,4,0,0,0,0,0,1,0,0,10,0,8,8,0,7,0,0,1,0,0,0,0,0,1,1,1,0,0,0,2,0,3,0,6,3,10,1,0,1,0,0,0,0,0,0,0,0,0,0,0,0,0,0,4,3,3,0,0,1,10,10,10,0,1,10,10,1,10,10,10,10,10,0,0,10,6,2,0,0,0,0,0,0,0,0,9,1,2,0,2,0,0,0,0,0,0,0,0,1,0,0,0,0,2,2,1,3,8,80502005,Vodou
Vodou,158864,1,4,0,0,0,0,0,1,0,0,10,0,9,8,0,1,0,0,1,1,0,0,0,0,0,1,1,0,0,0,1,0,1,0,10,10,10,5,0,0,0,0,0,0,0,0,0,0,0,0,0,0,0,0,4,1,2,0,0,1,1,5,1,0,5,5,1,1,1,1,1,1,1,0,0,1,6,2,0,0,0,0,0,0,0,0,4,0,1,0,0,0,0,0,0,0,0,0,0,0,0,0,0,0,1,1,2,2,8,80502005,Vodou
Vodou,159773,1,2,0,0,0,0,0,1,0,0,10,0,10,4,0,3,0,0,1,0,0,0,0,0,0,1,1,0,0,0,2,0,5,0,4,1,5,1,0,0,0,0,0,0,0,0,0,0,0,0,0,0,0,0,4,1,1,0,0,2,3,6,5,0,3,3,4,5,4,2,3,4,5,0,0,4,6,2,0,0,0,0,0,0,0,0,1,1,4,0,0,0,0,0,0,0,0,0,0,0,0,0,0,0,3,2,1,2,8,80502005,Vodou
Vodou,159669,2,1,0,0,0,0,0,1,0,0,5,0,3,5,0,1,0,0,0,1,1,0,0,0,0,1,1,0,0,0,2,0,4,0,3,5,9,1,0,0,0,0,0,0,0,0,0,0,0,0,0,0,0,0,4,4,3,0,0,10,10,10,8,0,10,10,10,1,1,5,8,1,1,0,0,10,7,2,0,0,0,0,0,0,0,0,1,3,1,0,0,0,0,0,0,0,0,0,0,0,0,0,0,0,4,1,3,3,8,80502005,Vodou
Vodou,158292,3,2,0,0,0,0,0,1,0,0,7,0,3,7,0,1,0,1,0,1,1,0,0,0,0,1,0,1,0,0,2,0,1,0,6,3,10,1,0,1,0,0,0,0,0,0,0,0,0,0,0,0,0,0,3,2,1,0,0,4,4,7,7,0,7,8,7,7,8,6,5,3,4,0,0,8,8,1,0,0,0,0,0,0,0,0,7,3,2,0,0,0,0,0,0,0,0,0,0,1,0,0,0,0,3,1,3,2,8,80502005,Vodou
Vodou,158711,2,2,0,0,0,0,0,1,0,0,10,0,9,9,0,10,0,0,1,1,0,1,0,0,0,1,1,0,0,0,2,0,1,0,5,10,10,1,0,0,0,0,0,0,0,0,0,0,0,0,0,0,0,0,2,3,3,0,0,1,1,1,1,0,10,1,1,1,1,2,1,1,1,0,0,1,1,1,0,0,0,0,0,0,0,0,7,3,2,0,0,0,0,0,0,0,0,0,0,0,0,0,0,0,4,1,1,3,8,80502005,Vodou
Vodou,160017,2,2,0,0,0,0,0,1,0,0,5,0,7,3,0,1,0,0,1,0,0,1,0,0,0,0,1,0,0,0,2,0,10,0,6,10,10,1,0,1,0,0,0,0,0,0,0,0,0,0,0,0,0,0,3,1,3,0,0,3,3,8,4,0,3,3,2,5,5,5,4,3,5,0,0,6,1,2,0,0,0,0,0,0,0,0,2,2,3,0,0,0,0,0,0,0,0,0,0,1,0,0,0,0,4,2,2,4,8,80502005,Vodou
Vodou,158132,2,1,0,0,0,0,0,1,0,0,10,0,10,10,0,9,0,0,1,0,0,1,0,0,0,1,1,0,0,0,2,0,1,0,5,1,10,1,0,0,0,0,0,0,0,0,0,0,0,0,0,0,0,0,4,1,4,0,0,4,10,5,5,0,3,10,5,10,10,4,7,1,3,0,0,10,2,1,0,0,0,0,0,0,0,0,6,2,4,0,0,0,0,0,0,0,0,0,0,0,0,0,0,0,3,3,4,3,8,80502005,Vodou
Vodou,159771,1,2,0,0,0,0,0,1,0,0,10,0,10,10,0,1,0,0,1,1,0,0,0,0,0,1,0,0,0,0,2,0,5,0,5,1,10,1,0,1,0,0,0,0,0,0,0,0,0,0,0,0,0,0,3,4,3,0,0,7,7,4,5,0,5,3,6,4,7,3,7,2,5,0,0,3,4,2,0,0,0,0,0,0,0,0,7,2,4,0,0,0,0,0,0,0,0,0,0,1,0,0,0,0,4,4,3,2,8,80502005,Vodou
Vodou,158394,4,3,0,0,0,0,0,1,0,0,10,0,4,4,0,2,0,0,1,0,0,1,0,0,0,1,1,0,0,0,1,0,1,0,10,5,10,1,0,1,0,0,0,0,0,0,0,0,0,0,0,0,0,0,1,4,3,0,0,1,1,1,1,0,9,1,1,1,1,1,1,1,1,0,0,3,7,2,0,0,0,0,0,0,0,0,5,2,2,0,0,0,0,0,0,0,0,0,0,1,0,0,0,0,3,3,1,2,8,80502005,Vodou
Vodou,159216,1,2,0,0,0,0,0,1,0,0,9,0,4,4,0,4,0,1,1,0,0,1,0,0,0,0,1,0,0,0,2,0,2,0,5,6,10,1,0,0,0,0,0,0,0,0,0,0,0,0,0,0,0,0,4,1,3,0,0,1,1,4,1,0,10,1,1,1,1,1,1,1,1,0,0,9,4,2,0,0,0,0,0,0,0,0,7,3,2,0,0,0,0,0,0,0,0,0,0,0,0,0,0,0,3,1,4,4,8,80502005,Vodou
Vodou,159890,3,2,0,0,0,0,0,1,0,0,10,0,8,8,0,8,0,1,0,1,0,0,0,1,0,0,1,0,0,0,2,0,5,0,4,5,10,1,0,0,0,0,0,0,0,0,0,0,0,0,0,0,0,0,4,1,3,0,0,7,6,10,3,0,1,7,6,1,5,1,3,1,2,0,0,10,3,1,0,0,0,0,0,0,0,0,1,2,3,0,1,0,0,0,0,0,0,0,0,0,0,0,0,0,4,1,3,3,8,80502005,Vodou
Vodou,158179,3,1,0,0,0,0,0,1,0,0,10,0,4,4,0,3,0,0,1,1,0,0,0,1,0,1,1,0,0,0,1,0,1,0,7,1,10,1,0,1,0,0,0,0,0,0,0,0,0,0,0,0,0,0,3,4,3,0,0,10,5,10,6,0,8,10,10,2,1,5,5,1,1,0,0,10,2,2,0,0,0,0,0,0,0,0,2,2,1,0,0,0,0,0,0,0,0,0,0,1,0,0,0,0,3,2,2,3,8,80502005,Vodou
Vodou,159774,1,2,0,0,0,0,0,1,0,0,1,0,10,10,0,1,0,0,1,0,0,1,0,0,0,1,1,0,0,0,1,0,5,0,1,1,5,1,0,1,0,0,0,0,0,0,0,0,0,0,0,0,0,0,2,4,3,0,0,1,3,2,1,0,9,6,2,3,4,1,4,1,1,0,0,4,4,2,0,0,0,0,0,0,0,0,1,1,4,0,1,0,0,0,0,0,0,0,0,1,0,0,0,0,1,2,1,2,8,80502005,Vodou
Vodou,159002,1,2,0,0,0,0,0,1,0,0,10,0,1,1,0,5,0,0,0,0,1,1,0,1,0,1,1,0,0,0,1,0,2,0,7,1,4,1,0,1,0,0,0,0,0,0,0,0,0,0,0,0,0,0,2,1,3,0,0,10,10,10,10,0,10,1,1,10,10,1,10,1,10,0,0,10,8,1,0,0,0,0,0,0,0,0,10,1,1,0,0,0,0,0,0,0,0,0,0,1,0,0,0,0,2,2,1,2,8,80502005,Vodou
Vodou,159852,1,1,0,0,0,0,0,1,0,0,10,0,5,5,0,8,0,0,1,0,0,0,0,1,0,1,1,0,0,0,1,0,5,0,1,5,10,10,0,0,0,0,0,0,0,0,0,0,0,0,0,0,0,0,4,2,3,0,0,10,10,10,10,0,10,10,10,10,10,10,10,10,10,0,0,10,1,1,0,0,0,0,0,0,0,0,10,2,1,0,0,0,0,0,0,0,0,0,0,0,0,0,0,0,3,1,1,3,8,80502005,Vodou
Vodou,159371,2,1,0,0,0,0,0,1,0,0,10,0,10,10,0,1,0,0,1,1,0,1,0,0,0,0,1,0,0,0,1,0,3,0,6,1,10,5,0,0,0,0,0,0,0,0,0,0,0,0,0,0,0,0,1,3,2,0,0,4,5,6,5,0,5,6,6,4,6,4,6,3,5,0,0,6,6,1,0,0,0,0,0,0,0,0,7,3,4,0,0,0,0,0,0,0,0,0,0,0,0,0,0,0,3,3,1,2,8,80502005,Vodou
Vodou,158824,2,1,0,0,0,0,0,1,0,0,10,0,10,10,0,8,0,0,1,0,0,1,0,0,0,0,0,0,0,0,1,0,1,0,6,10,10,1,0,0,0,0,0,0,0,0,0,0,0,0,0,0,0,0,3,2,3,0,0,1,10,4,5,0,3,10,9,10,8,1,5,1,3,0,0,10,2,2,0,0,0,0,0,0,0,0,10,2,4,0,0,0,0,0,0,0,0,0,0,0,0,0,0,0,2,4,1,2,8,80502005,Vodou
Vodou,159588,2,3,0,0,0,0,0,1,0,0,10,0,10,10,0,9,0,0,0,0,1,0,1,0,0,0,1,0,0,0,2,0,3,0,5,10,10,1,0,0,0,0,0,0,0,0,0,0,0,0,0,0,0,0,4,1,2,0,0,1,1,8,1,0,10,1,1,1,1,1,3,1,1,0,0,1,8,1,0,0,0,0,0,0,0,0,6,3,4,0,0,0,0,0,0,0,0,0,0,0,0,0,0,0,2,1,3,2,8,80502005,Vodou
Vodou,158536,1,2,0,0,0,0,0,1,0,0,10,0,9,5,0,10,0,0,0,1,0,0,0,0,0,1,1,0,0,0,1,0,1,0,9,6,8,5,0,1,0,0,0,0,0,0,0,0,0,0,0,0,0,0,2,3,3,0,0,6,6,5,6,0,6,6,6,5,5,4,6,4,4,0,0,6,4,2,0,0,0,0,0,0,0,0,9,1,4,0,0,0,0,0,0,0,0,0,0,1,0,0,0,0,2,4,4,4,8,80502005,Vodou
Vodou,159247,3,2,0,0,0,0,0,1,0,0,9,0,7,7,0,5,0,1,1,0,0,0,0,0,0,1,1,0,0,0,2,0,2,0,7,7,10,1,0,0,0,0,0,0,0,0,0,0,0,0,0,0,0,0,4,4,3,0,0,1,1,1,1,0,10,1,1,1,1,1,1,1,1,0,0,1,6,1,0,0,0,0,0,0,0,0,7,3,4,0,1,0,0,0,0,0,0,0,0,0,0,0,0,0,4,4,1,3,8,80502005,Vodou
Vodou,159289,2,1,0,0,0,0,0,1,0,0,10,0,6,6,0,5,0,0,1,0,0,1,0,0,0,1,1,0,0,0,2,0,2,0,5,9,6,5,0,0,0,0,0,0,0,0,0,0,0,0,0,0,0,0,4,4,3,0,0,4,5,7,7,0,5,5,7,7,6,7,6,3,6,0,0,7,6,2,0,0,0,0,0,0,0,0,2,3,2,0,0,0,0,0,0,0,0,0,0,0,0,0,0,0,2,2,1,3,8,80502005,Vodou
Vodou,158993,2,2,0,0,0,0,0,1,0,0,10,0,4,4,0,9,0,0,0,1,0,0,0,0,0,0,1,0,0,0,2,0,2,0,10,1,7,1,0,1,0,0,0,0,0,0,0,0,0,0,0,0,0,0,2,4,3,0,0,4,4,8,6,0,6,4,4,4,5,3,4,7,4,0,0,8,8,2,0,0,0,0,0,0,0,0,4,1,4,0,0,0,0,0,0,0,0,0,0,1,0,0,0,0,3,3,1,3,8,80502005,Vodou
Vodou,159188,2,1,0,0,0,0,0,1,0,0,10,0,7,8,0,5,0,0,0,1,0,1,0,1,0,0,1,0,0,0,1,0,2,0,6,5,10,1,0,0,0,0,0,0,0,0,0,0,0,0,0,0,0,0,4,1,2,0,0,1,9,3,1,0,1,4,1,1,1,1,1,1,1,0,0,1,1,1,0,0,0,0,0,0,0,0,9,2,2,0,1,0,0,0,0,0,0,0,0,0,0,0,0,0,4,3,2,3,8,80502005,Vodou
Vodou,158862,1,2,0,0,0,0,0,1,0,0,10,0,10,10,0,1,0,0,0,0,0,1,0,1,1,1,1,0,0,0,2,0,1,0,3,10,10,2,0,1,0,0,0,0,0,0,0,0,0,0,0,0,0,0,3,1,3,0,0,1,1,5,1,0,1,1,1,1,1,1,1,1,1,0,0,1,1,1,0,0,0,0,0,0,0,0,8,2,4,0,1,0,0,0,0,0,0,0,0,1,0,0,0,0,2,2,1,4,8,80502005,Vodou
Vodou,158418,2,2,0,0,0,0,0,1,0,0,10,0,1,1,0,7,0,0,0,0,0,1,0,0,0,1,1,0,0,0,2,0,1,0,5,5,3,1,0,0,0,0,0,0,0,0,0,0,0,0,0,0,0,0,3,4,2,0,0,7,4,6,3,0,6,7,4,6,4,6,4,7,4,0,0,6,3,2,0,0,0,0,0,0,0,0,2,2,1,0,0,0,0,0,0,0,0,0,0,0,0,0,0,0,3,4,2,2,8,80502005,Vodou
Vodou,159529,1,1,0,0,0,0,0,1,0,0,10,0,6,6,0,9,0,0,0,1,0,1,0,0,0,1,1,0,0,0,2,0,3,0,3,4,10,1,0,0,0,0,0,0,0,0,0,0,0,0,0,0,0,0,2,2,2,0,0,10,10,10,2,0,10,10,10,3,1,5,10,1,2,0,0,10,6,1,0,0,0,0,0,0,0,0,2,2,3,0,1,0,0,0,0,0,0,0,0,0,0,0,0,0,3,2,1,2,8,80502005,Vodou
Vodou,159874,2,1,0,0,0,0,0,1,0,0,10,0,6,3,0,6,0,0,0,1,0,0,0,1,0,0,0,0,0,0,2,0,5,0,5,5,10,1,0,1,0,0,0,0,0,0,0,0,0,0,0,0,0,0,2,4,3,0,0,1,2,4,1,0,9,1,1,1,1,1,6,1,1,0,0,5,7,1,0,0,0,0,0,0,0,0,4,2,4,0,1,0,0,0,0,0,0,0,0,1,0,0,0,0,1,1,1,3,8,80502005,Vodou
Vodou,158742,1,1,0,0,0,0,0,1,0,0,10,0,8,8,0,8,0,0,0,1,0,1,0,0,1,1,1,0,0,0,2,0,1,0,5,10,6,1,0,1,0,0,0,0,0,0,0,0,0,0,0,0,0,0,3,3,1,0,0,1,1,1,1,0,10,1,1,1,1,1,1,1,1,0,0,1,2,2,0,0,0,0,0,0,0,0,6,3,2,0,2,0,0,0,0,0,0,0,0,1,0,0,0,0,2,1,1,2,8,80502005,Vodou
Vodou,158473,2,2,0,0,0,0,0,1,0,0,10,0,10,10,0,8,0,0,1,1,0,0,0,0,0,1,1,0,0,0,2,0,1,0,5,6,10,1,0,0,0,0,0,0,0,0,0,0,0,0,0,0,0,0,3,2,3,0,0,2,4,8,8,0,7,9,8,8,8,8,6,4,5,0,0,8,6,1,0,0,0,0,0,0,0,0,5,2,4,0,1,0,0,0,0,0,0,0,0,0,0,0,0,0,3,3,1,4,8,80502005,Vodou
Vodou,158208,4,4,0,0,0,0,0,1,0,0,10,0,2,2,0,10,0,0,1,1,0,1,0,1,0,1,0,0,0,0,2,0,1,0,5,1,10,5,0,1,0,0,0,0,0,0,0,0,0,0,0,0,0,0,1,0,2,0,0,1,1,5,1,0,5,5,1,1,1,5,5,1,1,0,0,1,8,1,0,0,0,0,0,0,0,0,10,1,1,0,1,0,0,0,0,0,0,0,0,1,0,0,0,0,4,1,1,2,8,80502005,Vodou
Yiguandao,387489,3,2,0,0,0,0,0,1,0,0,8,0,10,5,0,5,0,1,0,1,1,1,1,0,0,0,0,0,0,0,2,0,10,0,6,9,5,10,0,1,0,0,0,0,0,0,0,0,0,0,0,0,0,0,3,3,3,0,0,1,1,10,1,0,1,5,1,5,10,10,10,10,1,0,0,10,4,5,0,0,0,0,0,0,0,0,5,0,2,0,1,0,0,0,0,0,0,0,0,1,0,0,0,0,3,3,2,2,9,90103000,Yiguandao
Yiguandao,385654,2,3,0,0,0,0,0,0,0,0,5,0,5,7,6,0,0,1,0,1,0,1,1,1,0,0,0,0,0,0,2,0,7,0,7,8,3,9,0,0,0,0,8,0,0,0,0,0,0,1,0,0,0,0,2,2,0,0,0,7,0,0,0,0,1,1,1,5,1,1,5,8,1,0,0,0,3,0,0,0,0,0,1,0,0,0,5,0,0,0,2,0,4,1,4,1,0,0,0,0,0,0,0,0,0,0,0,2,9,90103000,Yiguandao
Yiguandao,385392,2,1,0,0,0,0,0,0,0,0,6,0,3,3,10,0,0,1,0,1,1,1,0,1,0,0,0,0,0,0,1,0,9,0,9,9,1,10,0,0,0,0,8,0,0,0,0,0,0,1,0,0,1,0,3,2,0,0,0,1,0,0,0,0,1,1,1,8,1,6,6,10,1,0,0,0,4,0,0,0,0,0,0,0,0,0,10,0,0,0,0,0,4,1,2,1,0,0,0,0,0,0,0,0,0,0,0,2,9,90103000,Yiguandao
Yiguandao,387712,1,0,0,0,0,0,0,1,0,0,10,0,10,10,0,9,1,1,0,1,0,0,1,0,1,0,0,0,0,0,2,0,0,0,10,10,1,0,1,1,1,0,0,0,0,0,0,0,0,0,0,0,0,0,3,3,3,2,1,1,1,1,1,1,1,1,1,1,1,1,1,1,1,0,0,5,3,1,0,0,0,0,0,0,0,0,3,0,2,1,2,0,0,0,0,0,0,0,1,1,1,0,0,0,2,0,0,2,9,90103000,Yiguandao
Yiguandao,387005,1,1,0,0,0,0,0,1,0,0,10,0,9,8,0,7,0,0,0,1,0,0,1,0,1,1,1,0,0,0,2,0,8,0,6,7,3,7,0,1,0,0,0,0,0,0,0,0,0,0,0,0,0,0,3,3,3,0,0,3,3,7,2,0,2,4,3,5,5,4,7,9,3,0,0,7,1,1,0,0,0,0,0,0,0,0,7,0,3,0,2,0,0,0,0,0,0,0,0,1,0,0,0,0,3,2,2,3,9,90103000,Yiguandao
Yiguandao,387262,1,2,0,0,0,0,0,1,0,0,8,0,5,5,0,0,0,0,1,1,0,1,0,0,0,1,0,0,0,0,2,0,8,0,3,5,5,7,0,1,0,0,0,0,0,0,0,0,0,0,0,0,0,0,3,3,3,0,0,3,2,3,2,0,3,3,2,1,0,2,3,1,1,0,0,3,8,1,0,0,0,0,0,0,0,0,3,0,3,0,0,0,0,0,0,0,0,0,0,1,0,0,0,0,3,3,0,3,9,90103000,Yiguandao
Yiguandao,386065,1,4,0,0,0,0,0,0,0,0,5,0,0,9,0,0,0,1,1,1,0,0,1,0,0,0,0,0,0,0,2,0,10,0,9,9,2,9,0,0,0,0,9,0,0,0,0,0,0,1,0,0,0,0,0,3,0,0,0,0,0,0,0,0,1,1,1,1,1,1,1,5,1,0,0,0,1,0,0,0,0,0,1,0,0,0,0,0,0,0,2,0,3,3,2,2,0,0,0,0,0,0,0,0,0,0,0,2,9,90103000,Yiguandao
Yiguandao,386603,2,3,0,0,0,0,0,1,0,0,4,0,6,5,0,3,0,0,0,1,1,1,0,1,0,0,0,0,0,0,1,0,7,0,7,6,5,7,0,1,0,0,0,0,0,0,0,0,0,0,0,0,0,0,3,3,3,0,0,4,4,6,6,0,4,4,4,5,5,4,6,6,5,0,0,5,3,5,0,0,0,0,0,0,0,0,8,0,3,0,1,0,0,0,0,0,0,0,0,1,0,0,0,0,3,3,2,2,9,90103000,Yiguandao
Yiguandao,388326,2,0,0,0,0,0,0,1,0,0,8,0,7,5,0,5,0,1,1,1,0,1,0,1,0,0,0,0,0,0,1,0,0,0,6,7,5,0,1,1,1,0,0,0,0,0,0,0,0,0,0,0,0,0,3,4,3,2,1,1,1,3,1,1,1,2,1,3,2,2,4,9,1,0,0,2,1,3,0,0,0,0,0,0,0,0,5,0,3,1,1,0,0,0,0,0,0,0,1,1,1,0,0,0,3,0,0,2,9,90103000,Yiguandao
Yiguandao,385692,3,2,0,0,0,0,0,0,0,0,6,0,8,6,10,0,0,1,0,1,0,1,1,1,0,0,0,0,0,0,2,0,5,0,2,7,5,6,0,0,0,0,8,0,0,0,0,0,0,1,0,0,0,0,3,3,0,0,0,1,0,0,0,0,1,1,1,10,1,8,8,5,1,0,0,0,7,0,0,0,0,0,0,0,0,0,7,0,0,0,0,0,2,1,2,2,0,0,0,0,0,0,0,0,0,0,0,3,9,90103000,Yiguandao
Yiguandao,387491,1,1,0,0,0,0,0,1,0,0,10,0,0,0,0,0,0,1,1,1,1,1,0,0,0,0,0,0,0,0,0,0,8,0,9,9,1,10,0,1,0,0,0,0,0,0,0,0,0,0,0,0,0,0,2,0,2,0,0,1,2,0,1,0,1,1,1,0,0,0,5,9,1,0,0,0,2,5,0,0,0,0,0,0,0,0,5,0,2,0,2,0,0,0,0,0,0,0,0,1,0,0,0,0,2,2,2,3,9,90103000,Yiguandao
Yiguandao,387503,3,1,0,0,0,0,0,1,0,0,8,0,8,10,0,7,0,0,0,1,0,1,1,1,0,1,0,0,0,0,2,0,8,0,4,10,6,10,0,1,0,0,0,0,0,0,0,0,0,0,0,0,0,0,3,3,3,0,0,3,1,8,1,0,1,4,1,5,5,4,7,5,2,0,0,7,7,5,0,0,0,0,0,0,0,0,8,0,4,0,1,0,0,0,0,0,0,0,0,1,0,0,0,0,3,4,3,3,9,90103000,Yiguandao
Yiguandao,385180,2,1,0,0,0,0,0,0,0,0,7,0,7,8,9,0,0,1,0,1,1,1,0,1,0,0,0,0,0,0,2,0,7,0,9,9,3,8,0,0,0,0,8,0,0,0,0,0,0,1,0,0,1,0,3,3,0,0,0,1,0,0,0,0,1,1,1,1,1,1,1,10,1,0,0,0,8,0,0,0,0,0,1,0,0,0,8,0,0,0,0,0,1,1,1,1,0,0,0,0,0,0,0,0,0,0,0,3,9,90103000,Yiguandao
Yiguandao,387506,1,2,0,0,0,0,0,1,0,0,5,0,5,5,0,5,0,0,0,1,0,0,0,0,0,0,0,0,0,0,1,0,5,0,5,5,5,10,0,0,0,0,0,0,0,0,0,0,0,0,0,0,0,0,2,3,3,0,0,3,5,5,5,0,5,5,5,5,5,5,5,5,5,0,0,5,7,1,0,0,0,0,0,0,0,0,3,0,3,0,1,0,0,0,0,0,0,0,0,0,0,0,0,0,2,3,2,1,9,90103000,Yiguandao
Yiguandao,385847,1,4,0,0,0,0,0,0,0,0,10,0,6,6,10,0,0,0,1,0,1,0,1,1,0,0,1,0,0,0,2,0,2,0,6,5,6,6,0,0,0,0,4,0,0,0,0,0,0,1,0,1,0,0,2,3,0,0,0,1,0,0,0,0,2,6,3,5,6,6,10,10,1,0,0,0,4,0,0,0,0,0,1,0,0,0,9,0,0,0,0,0,4,1,2,1,0,0,0,0,0,0,0,1,0,0,0,3,9,90103000,Yiguandao
Yiguandao,387322,2,1,0,0,0,0,0,1,0,0,5,0,6,5,0,1,0,1,0,1,0,1,0,1,0,0,0,1,0,0,1,0,9,0,6,9,6,10,0,1,0,0,0,0,0,0,0,0,0,0,0,0,0,0,4,4,2,0,0,2,1,9,1,0,1,1,2,10,6,9,10,10,1,0,0,10,3,2,0,0,0,0,0,0,0,0,6,0,3,0,2,0,0,0,0,0,0,0,0,1,0,0,0,0,4,2,3,2,9,90103000,Yiguandao
Yiguandao,386815,3,1,0,0,0,0,0,1,0,0,3,0,5,4,0,3,0,1,0,0,0,1,1,1,0,0,0,1,0,0,2,0,7,0,5,8,6,7,0,1,0,0,0,0,0,0,0,0,0,0,0,0,0,0,3,3,3,0,0,1,1,7,1,0,1,1,1,5,5,5,5,5,3,0,0,5,7,3,0,0,0,0,0,0,0,0,4,0,3,0,0,0,0,0,0,0,0,0,0,1,0,0,0,0,3,3,2,3,9,90103000,Yiguandao
Yiguandao,387346,3,1,0,0,0,0,0,0,0,0,2,0,10,10,0,8,0,1,1,1,0,1,1,0,0,0,0,0,0,0,1,0,8,0,8,5,1,6,0,0,0,0,0,0,0,0,0,0,0,0,0,0,0,0,2,3,3,0,0,5,9,5,5,0,6,10,9,5,6,9,7,8,9,0,0,8,7,5,0,0,0,0,0,0,0,0,8,0,3,0,0,0,0,0,0,0,0,0,0,0,0,0,0,0,2,3,3,3,9,90103000,Yiguandao
Yiguandao,388820,2,0,0,0,0,0,0,1,0,0,8,0,10,10,0,6,1,1,0,1,0,1,0,0,0,0,1,0,0,0,2,0,0,0,7,7,5,0,1,0,1,0,0,0,0,0,0,0,0,0,0,0,0,0,3,3,3,3,1,5,8,1,1,1,5,5,5,7,6,5,5,5,6,0,0,5,2,7,0,0,0,0,0,0,0,0,8,0,3,1,1,0,0,0,0,0,0,0,1,0,1,0,0,0,3,0,0,3,9,90103000,Yiguandao
Yiguandao,386495,1,3,0,0,0,0,0,1,0,0,5,0,0,0,0,0,0,1,1,0,0,1,1,0,0,0,0,0,0,0,2,0,5,0,5,5,1,1,0,1,0,0,0,0,0,0,0,0,0,0,0,0,0,0,1,4,3,0,0,0,1,5,2,0,5,0,0,6,5,5,5,0,5,0,0,5,8,5,0,0,0,0,0,0,0,0,0,0,0,0,2,0,0,0,0,0,0,0,0,1,0,0,0,0,3,1,1,4,9,90103000,Yiguandao
Yiguandao,385729,4,4,0,0,0,0,0,0,0,0,6,0,6,6,8,0,0,1,1,1,0,1,1,0,0,0,0,0,0,0,2,0,4,0,6,6,6,8,0,0,0,0,6,0,0,0,0,0,0,1,0,0,1,0,2,2,0,0,0,2,0,0,0,0,2,1,1,1,3,3,5,10,4,0,0,0,8,0,0,0,0,0,1,0,0,0,10,0,0,0,0,0,3,2,3,2,0,0,0,0,0,0,0,0,0,0,0,4,9,90103000,Yiguandao
Yiguandao,386343,1,2,0,0,0,0,0,0,0,0,10,0,9,9,9,0,0,0,0,1,0,1,1,0,1,1,0,0,0,0,2,0,9,0,1,9,1,10,0,0,0,0,10,0,0,0,0,0,0,1,0,0,0,0,3,3,0,0,0,1,0,0,0,0,1,1,1,1,1,1,5,5,1,0,0,0,3,0,0,0,0,0,1,0,0,0,9,2,0,0,2,0,3,2,3,2,0,0,0,0,0,0,0,0,0,0,0,2,9,90103000,Yiguandao
Yiguandao,387125,3,1,0,0,0,0,0,1,0,0,6,0,6,3,0,5,0,1,0,1,1,1,0,0,0,0,0,1,0,0,1,0,7,0,9,8,6,7,0,0,0,0,0,0,0,0,0,0,0,0,0,0,0,0,3,3,3,0,0,6,1,3,1,0,3,1,1,6,5,5,6,7,2,0,0,7,4,7,0,0,0,0,0,0,0,0,5,0,3,0,1,0,0,0,0,0,0,0,0,0,0,0,0,0,4,2,1,2,9,90103000,Yiguandao
Yiguandao,386023,1,4,0,0,0,0,0,0,0,0,10,0,10,10,10,0,0,0,1,1,0,1,1,0,0,1,0,0,0,0,2,0,9,0,3,10,10,10,0,0,0,0,5,0,0,0,0,0,0,1,0,0,0,0,2,3,0,0,0,1,0,0,0,0,1,1,1,1,1,1,1,1,1,0,0,0,1,0,0,0,0,0,1,0,0,0,5,0,0,0,2,0,4,2,3,2,0,0,0,0,0,0,0,0,0,0,0,1,9,90103000,Yiguandao
Yiguandao,385991,2,2,0,0,0,0,0,0,0,0,6,0,4,4,7,0,0,0,1,1,0,1,1,0,0,1,0,0,0,0,2,0,8,0,6,6,6,7,0,0,0,0,3,0,0,0,0,0,0,1,0,0,0,0,2,2,0,0,0,3,0,0,0,0,2,4,1,1,1,4,5,9,6,0,0,0,4,0,0,0,0,0,1,0,0,0,7,0,0,0,0,0,4,2,2,2,0,0,0,0,0,0,0,0,0,0,0,2,9,90103000,Yiguandao
Yiguandao,386095,1,2,0,0,0,0,0,0,0,0,8,0,8,8,4,0,0,1,1,1,0,0,1,1,0,0,0,0,0,0,1,0,7,0,5,8,7,7,0,0,0,0,8,0,0,0,0,0,0,1,0,0,0,0,3,4,0,0,0,2,0,0,0,0,3,3,1,6,4,3,4,4,2,0,0,0,4,0,0,0,0,0,1,0,0,0,3,0,0,0,1,0,3,2,3,3,0,0,0,0,0,0,0,0,0,0,0,2,9,90103000,Yiguandao
Yiguandao,386645,1,3,0,0,0,0,0,1,0,0,10,0,10,10,0,10,0,1,0,1,0,1,1,0,1,0,0,0,0,0,2,0,10,0,10,10,1,10,0,1,0,0,0,0,0,0,0,0,0,0,0,0,0,0,0,3,3,0,0,10,1,10,1,0,1,1,1,1,1,1,3,3,1,0,0,3,7,1,0,0,0,0,0,0,0,0,5,0,2,0,0,0,0,0,0,0,0,0,0,1,0,0,0,0,2,2,2,2,9,90103000,Yiguandao
Yiguandao,387448,3,3,0,0,0,0,0,1,0,0,4,0,9,7,0,2,0,1,0,1,1,1,0,1,0,0,0,0,0,0,1,0,8,0,8,7,6,6,0,1,0,0,0,0,0,0,0,0,0,0,0,0,0,0,2,4,2,0,0,3,1,4,1,0,3,1,1,5,6,5,7,6,2,0,0,7,3,5,0,0,0,0,0,0,0,0,8,0,3,0,1,0,0,0,0,0,0,0,0,1,0,0,0,0,4,2,1,2,9,90103000,Yiguandao
Yiguandao,385805,2,3,0,0,0,0,0,0,0,0,10,0,8,7,7,0,0,1,1,1,0,1,0,0,0,1,0,0,0,0,2,0,9,0,8,10,5,6,0,0,0,0,2,0,0,0,0,0,0,1,0,0,0,0,2,3,0,0,0,1,0,0,0,0,1,1,1,4,4,3,3,3,1,0,0,0,6,0,0,0,0,0,1,0,0,0,7,0,0,0,0,0,4,2,3,2,0,0,0,0,0,0,0,0,0,0,0,3,9,90103000,Yiguandao
Yiguandao,386567,2,2,0,0,0,0,0,1,0,0,8,0,10,10,0,2,0,1,0,1,0,1,1,0,0,0,1,0,0,0,2,0,7,0,5,5,2,9,0,1,0,0,0,0,0,0,0,0,0,0,0,0,0,0,3,3,3,0,0,1,1,2,1,0,1,1,1,2,2,2,1,3,1,0,0,2,7,3,0,0,0,0,0,0,0,0,2,0,3,0,0,0,0,0,0,0,0,0,0,1,0,0,0,0,3,2,2,2,9,90103000,Yiguandao
Yiguandao,388025,1,0,0,0,0,0,0,1,0,0,5,0,5,5,0,5,1,0,0,0,1,1,0,0,1,1,0,0,0,0,1,0,0,0,9,9,3,0,1,0,1,0,0,0,0,0,0,0,0,0,0,0,0,0,3,3,3,4,1,2,1,2,1,1,2,1,1,5,1,2,5,3,2,0,0,5,7,7,0,0,0,0,0,0,0,0,5,0,3,1,1,0,0,0,0,0,0,0,1,0,1,0,0,0,3,0,0,1,9,90103000,Yiguandao
Yiguandao,388026,1,0,0,0,0,0,0,1,0,0,10,0,5,5,0,4,1,1,1,1,0,0,0,0,1,0,0,0,0,0,1,0,0,0,10,10,5,0,1,1,1,0,0,0,0,0,0,0,0,0,0,0,0,0,3,3,3,4,1,1,1,2,1,1,1,1,1,5,1,5,5,8,1,0,0,5,3,1,0,0,0,0,0,0,0,0,5,0,2,1,2,0,0,0,0,0,0,0,1,1,1,0,0,0,3,0,0,2,9,90103000,Yiguandao
Yiguandao,385616,4,2,0,0,0,0,0,0,0,0,7,0,10,7,5,0,0,1,1,0,0,1,1,1,0,0,0,0,0,0,2,0,8,0,8,9,7,6,0,0,0,0,8,0,0,0,0,0,0,1,0,0,1,0,2,3,0,0,0,5,0,0,0,0,3,1,1,6,2,2,2,3,7,0,0,0,8,0,0,0,0,0,1,0,0,0,7,0,0,0,0,0,3,2,3,4,0,0,0,0,0,0,0,0,0,0,0,4,9,90103000,Yiguandao
Yiguandao,386162,1,1,0,0,0,0,0,0,0,0,10,0,6,6,5,0,0,0,1,1,0,1,0,0,1,1,0,0,0,0,1,0,7,0,8,10,6,9,0,0,0,0,8,0,0,0,0,0,0,1,0,1,0,0,2,3,0,0,0,1,0,0,0,0,1,1,1,1,1,1,1,6,1,0,0,0,2,0,0,0,0,0,1,0,0,0,7,0,0,0,0,0,4,2,2,3,0,0,0,0,0,0,0,0,0,0,0,2,9,90103000,Yiguandao
Yiguandao,386794,2,1,0,0,0,0,0,1,0,0,5,0,9,6,0,7,0,1,0,1,1,0,0,0,0,1,0,1,0,0,0,0,8,0,7,10,3,4,0,0,0,0,0,0,0,0,0,0,0,0,0,0,0,0,0,4,3,0,0,1,4,8,6,0,1,5,3,7,7,8,8,9,7,0,0,7,7,5,0,0,0,0,0,0,0,0,7,0,3,0,1,0,0,0,0,0,0,0,0,0,0,0,0,0,4,3,1,2,9,90103000,Yiguandao
Yiguandao,387277,1,3,0,0,0,0,0,1,0,0,10,0,8,8,0,5,0,0,0,1,0,1,1,0,1,1,0,0,0,0,2,0,9,0,8,7,1,10,0,1,0,0,0,0,0,0,0,0,0,0,0,0,0,0,0,3,3,0,0,1,1,5,1,0,1,1,1,1,1,1,1,2,1,0,0,2,3,1,0,0,0,0,0,0,0,0,7,0,2,0,2,0,0,0,0,0,0,0,0,1,0,0,0,0,3,2,2,3,9,90103000,Yiguandao
Yiguandao,386059,2,2,0,0,0,0,0,0,0,0,9,0,5,9,10,0,0,1,1,1,0,1,1,0,0,0,0,0,0,0,2,0,9,0,10,5,2,8,0,0,0,0,9,0,0,0,0,0,0,1,0,0,0,0,3,4,0,0,0,5,0,0,0,0,1,1,1,1,1,1,1,1,1,0,0,0,4,0,0,0,0,0,1,0,0,0,0,0,0,0,1,0,4,1,3,2,0,0,0,0,0,0,0,0,0,0,0,2,9,90103000,Yiguandao
Yiguandao,386463,1,0,0,0,0,0,0,1,0,0,10,0,9,10,0,5,0,0,0,1,0,1,1,0,0,1,1,0,0,0,2,0,10,0,10,10,1,10,0,1,0,0,0,0,0,0,0,0,0,0,0,0,0,0,2,1,0,0,0,0,1,1,1,0,1,1,1,1,1,1,5,1,5,0,0,5,3,2,0,0,0,0,0,0,0,0,0,0,0,0,0,0,0,0,0,0,0,0,0,1,0,0,0,0,2,2,2,2,9,90103000,Yiguandao
Yiguandao,385459,3,2,0,0,0,0,0,0,0,0,5,0,1,6,6,0,0,1,0,1,0,1,1,0,0,1,0,0,0,0,2,0,8,0,8,10,1,10,0,0,0,0,10,0,0,0,0,0,0,1,0,0,0,0,2,3,0,0,0,1,0,0,0,0,1,1,1,4,1,5,3,3,1,0,0,0,3,0,0,0,0,0,1,0,0,0,6,0,0,0,1,0,4,1,4,2,0,0,0,0,0,0,0,0,0,0,0,2,9,90103000,Yiguandao
Yiguandao,386770,3,1,0,0,0,0,0,1,0,0,6,0,5,6,0,6,0,0,0,1,0,1,0,0,0,1,0,0,0,0,2,0,6,0,6,5,8,4,0,1,0,0,0,0,0,0,0,0,0,0,0,0,0,0,3,2,3,0,0,5,1,10,1,0,4,4,4,0,0,3,5,4,0,0,0,5,3,5,0,0,0,0,0,0,0,0,10,0,3,0,1,0,0,0,0,0,0,0,0,1,0,0,0,0,3,3,3,3,9,90103000,Yiguandao
Yiguandao,386884,3,2,0,0,0,0,0,1,0,0,7,0,5,6,0,5,0,1,1,1,0,1,0,0,0,0,0,1,0,0,1,0,8,0,6,7,4,6,0,0,0,0,0,0,0,0,0,0,0,0,0,0,0,0,3,3,3,0,0,3,1,5,2,0,2,3,1,7,1,4,6,5,2,0,0,5,8,5,0,0,0,0,0,0,0,0,5,0,3,0,1,0,0,0,0,0,0,0,0,0,0,0,0,0,3,2,2,3,9,90103000,Yiguandao
Yiguandao,386419,1,2,0,0,0,0,0,1,0,0,10,0,8,9,0,5,0,1,0,1,0,1,0,0,1,0,1,0,0,0,1,0,5,0,8,8,7,10,0,1,0,0,0,0,0,0,0,0,0,0,0,0,0,0,2,3,3,0,0,1,1,7,1,0,1,1,1,1,1,1,5,1,1,0,0,5,3,2,0,0,0,0,0,0,0,0,5,0,1,0,2,0,0,0,0,0,0,0,0,1,0,0,0,0,1,2,2,2,9,90103000,Yiguandao
Yiguandao,386261,2,2,0,0,0,0,0,0,0,0,8,0,2,8,6,0,0,1,1,1,0,1,0,1,0,0,0,0,0,0,2,0,3,0,2,3,1,10,0,0,0,0,4,0,0,0,0,0,0,1,0,0,0,0,2,1,0,0,0,3,0,0,0,0,1,2,1,1,1,1,1,8,1,0,0,0,6,0,0,0,0,0,1,0,0,0,7,1,0,0,2,0,2,2,1,4,0,0,0,0,0,0,0,0,0,0,0,3,9,90103000,Yiguandao
Yiguandao,385824,2,3,0,0,0,0,0,0,0,0,10,0,9,9,10,0,0,0,0,1,0,1,1,1,0,1,0,0,0,0,2,0,9,0,8,10,7,8,0,0,0,0,9,0,0,0,0,0,0,1,0,0,1,0,3,3,0,0,0,8,0,0,0,0,3,1,1,5,1,1,1,10,1,0,0,0,8,0,0,0,0,0,1,0,0,0,10,0,0,0,1,0,4,1,1,1,0,0,0,0,0,0,0,0,0,0,0,2,9,90103000,Yiguandao
Yiguandao,388604,2,0,0,0,0,0,0,1,0,0,8,0,8,8,0,8,1,1,0,1,0,1,0,1,0,0,0,0,0,0,1,0,0,0,5,6,5,0,1,1,1,0,0,0,0,0,0,0,0,0,0,0,0,0,3,4,3,2,1,8,1,8,1,1,4,1,1,8,1,1,4,6,1,0,0,5,4,5,0,0,0,0,0,0,0,0,8,0,2,1,1,0,0,0,0,0,0,0,1,1,1,0,0,0,3,0,0,3,9,90103000,Yiguandao
Yiguandao,386164,2,2,0,0,0,0,0,0,0,0,8,0,6,5,10,0,0,1,0,1,0,1,1,1,0,0,0,0,0,0,2,0,9,0,10,8,9,9,0,0,0,0,9,0,0,0,0,0,0,1,0,0,0,0,3,3,0,0,0,1,0,0,0,0,1,1,1,5,1,1,5,5,1,0,0,0,7,0,0,0,0,0,1,0,0,0,2,0,0,0,0,0,3,1,4,1,0,0,0,0,0,0,0,0,0,0,0,3,9,90103000,Yiguandao
Yiguandao,387244,2,1,0,0,0,0,0,1,0,0,9,0,10,10,0,6,0,1,1,1,0,1,1,0,0,0,0,0,0,0,2,0,5,0,3,5,4,9,0,1,0,0,0,0,0,0,0,0,0,0,0,0,0,0,3,3,3,0,0,1,1,9,1,0,1,1,1,8,6,1,8,1,1,0,0,5,7,7,0,0,0,0,0,0,0,0,5,0,2,0,1,0,0,0,0,0,0,0,0,1,0,0,0,1,2,1,1,3,9,90103000,Yiguandao
Yiguandao,385556,3,2,0,0,0,0,0,0,0,0,2,0,8,8,9,0,0,1,0,1,0,1,0,0,0,0,0,0,0,0,1,0,8,0,8,9,7,7,0,0,0,0,8,0,0,0,0,0,0,1,0,0,2,0,3,3,0,0,0,1,0,0,0,0,1,1,1,8,3,3,6,6,1,0,0,0,7,0,0,0,0,0,1,0,0,0,7,0,0,0,0,0,3,1,3,2,0,0,0,0,0,0,0,0,0,0,0,2,9,90103000,Yiguandao
Yiguandao,386528,2,1,0,0,0,0,0,1,0,0,5,0,5,1,0,6,0,0,1,1,0,1,1,0,0,0,0,1,0,0,2,0,6,0,9,10,5,0,0,0,0,0,0,0,0,0,0,0,0,0,0,0,0,0,3,3,3,0,0,1,1,1,1,0,1,6,1,5,1,4,6,9,1,0,0,5,7,2,0,0,0,0,0,0,0,0,5,0,4,0,1,0,0,0,0,0,0,0,0,0,0,0,0,0,4,3,2,3,9,90103000,Yiguandao
Yiguandao,387227,2,0,0,0,0,0,0,1,0,0,10,0,7,7,0,9,0,0,1,1,0,1,1,0,1,0,0,0,0,0,2,0,10,0,10,10,7,8,0,1,0,0,0,0,0,0,0,0,0,0,0,0,0,0,0,3,3,0,0,1,1,7,2,0,1,1,1,3,2,3,3,3,2,0,0,2,4,2,0,0,0,0,0,0,0,0,9,0,0,0,2,0,0,0,0,0,0,0,0,1,0,0,0,0,3,2,2,2,9,90103000,Yiguandao
Zion Christian Church,427741,1,1,0,0,0,0,0,1,1,0,10,2,0,0,0,0,1,0,1,0,0,1,1,1,0,0,0,0,1,3,2,0,0,3,6,8,1,9,0,0,1,1,0,1,2,0,0,0,0,1,1,0,2,1,1,4,0,0,0,1,0,0,0,0,1,1,1,1,1,1,7,6,1,0,0,0,7,0,1,0,0,0,0,0,0,0,0,0,0,0,1,0,0,0,0,0,1,0,0,0,1,0,0,0,0,0,0,0,2,21632000,Zion Christian Church
Zion Christian Church,428477,1,2,0,0,0,0,0,1,1,0,10,1,0,0,0,0,1,0,1,0,0,1,0,0,1,0,1,0,1,3,1,0,0,2,7,6,6,3,1,1,1,1,0,1,1,0,0,0,0,1,0,0,0,2,1,4,0,0,0,5,0,0,0,0,7,8,5,4,3,6,6,8,3,0,0,0,2,0,1,0,0,0,0,0,0,0,0,0,0,0,2,0,0,0,0,0,1,0,1,1,1,0,0,0,0,0,0,0,2,21632000,Zion Christian Church
Zion Christian Church,428509,1,1,0,0,0,0,0,1,1,0,10,1,0,0,0,0,1,1,1,1,0,0,1,0,0,0,0,0,3,1,2,0,0,1,10,10,1,1,1,1,1,1,0,1,1,0,0,0,0,1,1,0,0,2,1,3,0,0,0,1,0,0,0,0,1,1,1,1,1,1,5,1,1,0,0,0,8,0,1,0,0,0,0,0,0,0,0,0,0,0,1,0,0,0,0,0,1,0,1,1,1,0,0,0,0,0,0,0,2,21632000,Zion Christian Church
Zion Christian Church,427567,1,2,0,0,0,0,0,1,1,0,10,2,0,0,0,0,1,1,0,1,0,0,0,0,1,0,1,0,1,4,1,0,0,2,1,5,1,5,1,0,1,1,0,1,1,0,0,0,0,1,0,0,0,2,2,3,0,0,0,1,0,0,0,0,3,1,1,1,1,1,1,5,1,0,0,0,2,0,1,0,0,0,0,0,0,0,0,0,0,0,1,0,0,0,0,0,1,0,1,0,1,0,0,0,0,0,0,0,2,21632000,Zion Christian Church
Zion Christian Church,427556,1,2,0,0,0,0,0,1,1,0,8,1,0,0,0,0,1,1,0,0,0,1,1,0,0,0,1,0,2,1,1,0,0,1,2,8,3,3,0,0,1,1,0,1,1,0,0,0,0,1,0,0,2,1,2,3,0,0,0,6,0,0,0,0,3,4,1,3,1,5,3,6,1,0,0,0,4,0,1,0,0,0,0,0,0,0,0,0,0,0,1,0,0,0,0,0,1,0,0,0,1,0,0,0,0,0,0,0,2,21632000,Zion Christian Church
Zion Christian Church,426163,2,1,0,0,0,0,0,1,1,0,6,0,0,0,0,0,1,0,1,0,0,1,0,0,1,0,1,0,1,2,1,0,0,3,9,5,0,6,0,0,1,1,0,1,1,0,0,0,0,1,1,0,0,0,2,4,0,0,0,0,0,0,0,0,0,0,0,10,3,5,5,0,10,0,0,0,3,0,0,0,0,0,0,0,0,0,0,0,0,0,1,0,0,0,0,0,0,0,0,0,1,0,0,0,0,0,0,0,2,21632000,Zion Christian Church
Zion Christian Church,428585,1,1,0,0,0,0,0,1,1,0,10,1,0,0,0,0,1,1,1,0,0,1,0,1,0,0,0,0,3,1,2,0,0,1,7,9,1,1,1,1,1,1,0,1,1,0,0,0,0,1,1,0,1,1,1,4,0,0,0,1,0,0,0,0,1,1,1,1,1,1,8,5,1,0,0,0,2,0,1,0,0,0,0,0,0,0,0,0,0,0,2,0,0,0,0,0,1,0,1,1,1,0,0,0,0,0,0,0,2,21632000,Zion Christian Church
Zion Christian Church,426228,1,2,0,0,0,0,0,1,1,0,10,1,0,0,0,0,0,1,1,0,0,0,1,0,0,1,1,0,3,2,2,0,0,1,5,2,3,5,0,0,0,1,0,1,1,0,0,0,0,1,0,1,0,1,2,3,0,0,0,2,0,0,0,0,1,4,1,4,4,1,4,2,2,0,0,0,1,0,1,0,0,0,0,0,0,0,0,0,0,0,2,0,0,0,0,0,1,0,0,0,0,0,0,0,0,0,0,0,2,21632000,Zion Christian Church
Zion Christian Church,427986,2,3,0,0,0,0,0,1,1,0,10,1,0,0,0,0,1,1,1,0,0,1,0,0,1,0,0,0,4,2,2,0,0,1,9,3,4,1,0,1,0,1,0,1,2,0,0,0,0,1,0,0,0,1,1,4,0,0,0,6,0,0,0,0,1,4,10,10,6,3,0,0,1,0,0,0,2,0,1,0,0,0,0,0,0,0,0,0,0,0,2,0,0,0,0,0,1,0,0,1,0,0,0,0,0,0,0,0,2,21632000,Zion Christian Church
Zion Christian Church,428338,2,2,0,0,0,0,0,1,1,0,10,1,0,0,0,0,1,0,1,0,0,1,0,0,1,1,0,0,2,4,2,0,0,1,4,5,1,5,0,1,1,1,0,2,1,0,0,0,0,1,1,0,0,1,2,4,0,0,0,1,0,0,0,0,1,1,1,1,1,1,5,1,1,0,0,0,2,0,1,0,0,0,0,0,0,0,0,0,0,0,1,0,0,0,0,0,1,0,0,1,1,0,0,0,0,0,0,0,2,21632000,Zion Christian Church
Zion Christian Church,426190,1,3,0,0,0,0,0,1,0,0,10,2,0,0,0,0,1,0,0,1,0,1,0,0,1,0,1,0,2,4,1,0,0,2,6,8,8,4,1,1,1,1,0,1,1,0,0,0,0,1,0,1,0,2,2,2,0,0,0,7,0,0,0,0,5,5,4,7,9,8,6,3,8,0,0,0,1,0,1,0,0,0,0,0,0,0,0,0,0,0,2,0,0,0,0,0,1,0,1,1,1,0,0,0,0,0,0,0,2,21632000,Zion Christian Church
Zion Christian Church,426704,1,1,0,0,0,0,0,1,1,0,10,2,0,0,0,0,1,0,0,1,0,1,0,1,0,0,1,0,4,2,2,0,0,1,7,8,1,10,1,1,1,1,0,1,1,0,0,0,0,1,1,0,1,2,3,1,0,0,0,1,0,0,0,0,2,1,1,1,1,1,1,1,1,0,0,0,2,0,1,0,0,0,0,0,0,0,0,0,0,0,2,0,0,0,0,0,1,0,1,1,1,0,0,0,0,0,0,0,2,21632000,Zion Christian Church
Zion Christian Church,428346,1,1,0,0,0,0,0,1,1,0,10,2,0,0,0,0,1,0,0,0,0,1,0,0,1,1,1,0,2,4,2,0,0,2,8,7,1,10,1,0,1,1,0,1,1,0,0,0,0,1,1,0,0,2,1,4,0,0,0,1,0,0,0,0,1,1,5,5,1,1,1,1,1,0,0,0,2,0,1,0,0,0,0,0,0,0,0,0,0,0,2,0,0,0,0,0,1,0,1,0,1,0,0,0,0,0,0,0,2,21632000,Zion Christian Church
Zion Christian Church,427941,1,3,0,0,0,0,0,1,1,0,8,2,0,0,0,0,1,0,0,1,0,1,0,1,0,0,1,0,3,2,2,0,0,1,6,10,2,8,1,0,1,1,0,1,2,0,0,0,0,1,1,0,0,0,2,1,0,0,0,1,0,0,0,0,1,5,0,0,0,0,1,1,1,0,0,0,3,0,1,0,0,0,0,0,0,0,0,0,0,0,2,0,0,0,0,0,1,0,1,0,1,0,0,0,0,0,0,0,2,21632000,Zion Christian Church
Zion Christian Church,426539,1,1,0,0,0,0,0,1,1,0,10,2,0,0,0,0,1,0,0,0,0,1,0,1,0,1,1,0,1,4,2,0,0,1,4,4,3,6,1,0,1,1,0,1,1,0,0,0,0,1,1,0,0,2,2,4,0,0,0,2,0,0,0,0,1,2,2,1,6,1,9,1,2,0,0,0,2,0,1,0,0,0,0,0,0,0,0,0,0,0,1,0,0,0,0,0,1,0,1,0,1,0,0,0,0,0,0,0,2,21632000,Zion Christian Church
Zion Christian Church,426167,1,3,0,0,0,0,0,1,1,0,10,2,0,0,0,0,1,0,0,0,0,0,1,1,0,1,1,0,2,1,2,0,0,1,5,10,1,3,1,0,1,1,0,1,1,0,0,0,0,1,1,0,0,0,2,3,0,0,0,1,0,0,0,0,1,1,0,0,1,1,1,1,1,0,0,0,3,0,0,0,0,0,0,0,0,0,0,0,0,0,2,0,0,0,0,0,1,0,1,0,1,0,0,0,0,0,0,0,2,21632000,Zion Christian Church
Zion Christian Church,428007,1,1,0,0,0,0,0,1,1,0,10,1,0,0,0,0,1,1,1,0,0,1,0,0,1,0,0,0,1,2,2,0,0,1,5,6,1,9,1,1,1,1,0,1,2,0,0,0,0,1,1,0,1,2,3,4,0,0,0,10,0,0,0,0,1,1,1,1,1,5,5,10,1,0,0,0,1,0,1,0,0,0,0,0,0,0,0,0,0,0,2,0,0,0,0,0,1,0,1,1,1,0,0,0,0,0,0,0,2,21632000,Zion Christian Church
Zion Christian Church,426206,1,1,0,0,0,0,0,1,1,0,10,2,0,0,0,0,1,0,1,0,0,1,0,0,1,0,1,0,2,1,2,0,0,1,10,6,1,5,1,0,1,1,0,1,1,0,0,0,0,1,1,0,1,2,3,4,0,0,0,1,0,0,0,0,7,3,1,6,8,5,10,5,1,0,0,0,1,0,1,0,0,0,0,0,0,0,0,0,0,0,2,0,0,0,0,0,1,0,1,0,1,0,0,0,0,0,0,0,2,21632000,Zion Christian Church
Zion Christian Church,428133,1,3,0,0,0,0,0,1,1,0,10,1,0,0,0,0,1,0,1,0,0,1,0,1,1,0,0,0,4,3,2,0,0,1,5,7,1,0,1,0,1,1,0,1,1,0,0,0,0,1,1,0,0,3,3,3,0,0,0,6,0,0,0,0,8,1,7,9,1,1,1,1,1,0,0,0,3,0,1,0,0,0,0,0,0,0,0,0,0,0,2,0,0,0,0,0,1,0,1,0,1,0,0,0,0,0,0,0,2,21632000,Zion Christian Church
Zion Christian Church,426177,2,2,0,0,0,0,0,1,0,0,7,2,0,0,0,0,0,1,0,1,0,1,0,1,0,0,0,0,0,0,2,0,0,1,3,6,9,3,0,0,1,1,0,1,1,0,0,0,0,1,0,1,0,1,2,3,0,0,0,5,0,0,0,0,10,1,5,1,10,3,2,10,4,0,0,0,2,0,1,0,0,0,0,0,0,0,0,0,0,0,1,0,0,0,0,0,1,0,0,0,1,0,0,0,0,0,0,0,2,21632000,Zion Christian Church
Zion Christian Church,426667,1,2,0,0,0,0,0,1,1,0,9,1,0,0,0,0,1,1,0,0,0,1,0,0,1,0,1,0,2,4,2,0,0,1,3,7,4,3,1,1,1,1,0,1,1,0,0,0,0,1,0,0,0,1,2,3,0,0,0,1,0,0,0,0,3,4,1,1,4,2,4,6,4,0,0,0,2,0,1,0,0,0,0,0,0,0,0,0,0,0,1,0,0,0,0,0,1,0,1,1,1,0,0,0,0,0,0,0,2,21632000,Zion Christian Church
Zion Christian Church,427913,1,2,0,0,0,0,0,1,1,0,10,1,0,0,0,0,1,1,0,0,0,1,0,1,1,0,0,0,2,3,2,0,0,0,8,4,1,5,1,0,1,1,0,1,2,0,0,0,0,1,1,0,0,0,0,4,0,0,0,1,0,0,0,0,4,1,5,1,1,1,5,1,1,0,0,0,3,0,1,0,0,0,0,0,0,0,0,0,0,0,2,0,0,0,0,0,1,0,1,0,1,0,0,0,0,0,0,0,2,21632000,Zion Christian Church
Zion Christian Church,428037,1,3,0,0,0,0,0,1,1,0,10,1,0,0,0,0,1,0,1,0,0,1,0,0,1,0,1,0,4,2,2,0,0,3,4,4,3,4,0,0,1,1,0,2,2,0,0,0,0,1,0,0,0,3,2,3,0,0,0,1,0,0,0,0,1,1,1,1,1,1,1,1,1,0,0,0,1,0,1,0,0,0,0,0,0,0,0,0,0,0,2,0,0,0,0,0,1,0,0,0,1,0,0,0,0,0,0,0,2,21632000,Zion Christian Church
Zion Christian Church,428280,3,0,0,0,0,0,0,1,1,0,10,0,0,0,0,0,1,1,1,0,0,1,0,0,1,0,0,0,3,4,2,0,0,2,1,0,1,0,1,1,1,0,0,1,1,0,0,0,0,1,1,0,0,2,2,4,0,0,0,1,0,0,0,0,1,1,1,0,0,5,10,1,1,0,0,0,2,0,1,0,0,0,0,0,0,0,0,0,0,0,1,0,0,0,0,0,0,0,1,1,1,0,0,0,0,0,0,0,2,21632000,Zion Christian Church
Zion Christian Church,426547,1,1,0,0,0,0,0,1,1,0,10,2,0,0,0,0,1,0,1,1,0,1,0,0,0,1,0,0,3,2,2,0,0,2,10,10,1,10,0,0,1,1,0,1,1,0,0,0,0,1,0,0,0,2,4,4,0,0,0,1,0,0,0,0,1,1,1,1,1,4,6,5,4,0,0,0,2,0,1,0,0,0,0,0,0,0,0,0,0,0,2,0,0,0,0,0,1,0,0,0,1,0,0,0,0,0,0,0,2,21632000,Zion Christian Church
Zion Christian Church,426081,1,1,0,0,0,0,0,1,0,0,10,1,0,0,0,0,1,0,1,0,0,1,0,1,0,0,1,0,3,2,2,0,0,2,3,5,9,10,0,1,1,1,0,1,2,0,0,0,0,1,1,0,0,3,2,3,0,0,0,1,0,0,0,0,1,1,1,5,1,1,6,0,3,0,0,0,1,0,1,0,0,0,0,0,0,0,0,0,0,0,2,0,0,0,0,0,1,0,0,1,1,0,0,0,0,0,0,0,2,21632000,Zion Christian Church
Zion Christian Church,428060,2,4,0,0,0,0,0,1,1,0,10,1,0,0,0,0,0,1,0,0,1,0,0,1,0,1,1,0,3,1,0,0,0,2,8,6,4,4,1,1,1,1,0,1,2,0,0,0,0,1,0,0,0,1,3,1,0,0,0,6,0,0,0,0,4,5,4,6,5,3,6,4,6,0,0,0,1,0,1,0,0,0,0,0,0,0,0,0,0,0,2,0,0,0,0,0,1,0,1,1,1,0,0,0,0,0,0,0,2,21632000,Zion Christian Church
Zion Christian Church,428134,1,1,0,0,0,0,0,1,1,0,10,1,0,0,0,0,1,0,1,0,0,0,1,0,1,1,0,0,4,2,1,0,0,1,5,6,10,6,0,0,1,1,0,0,1,0,0,0,0,1,1,0,0,3,2,4,0,0,0,1,0,0,0,0,1,1,1,5,1,1,1,1,1,0,0,0,7,0,1,0,0,0,0,0,0,0,0,0,0,0,2,0,0,0,0,0,1,0,0,0,1,0,0,0,0,0,0,0,2,21632000,Zion Christian Church
Zion Christian Church,426173,1,3,0,0,0,0,0,1,1,0,10,2,0,0,0,0,1,0,1,0,0,1,1,0,1,0,0,0,4,2,2,0,0,1,6,1,3,1,1,0,1,1,0,1,2,0,0,0,0,1,0,0,0,1,4,4,0,0,0,1,0,0,0,0,1,1,1,10,1,1,7,0,1,0,0,0,2,0,1,0,0,0,0,0,0,0,0,0,0,0,1,0,0,0,0,0,1,0,1,0,1,0,0,0,0,0,0,0,2,21632000,Zion Christian Church
Zion Christian Church,428495,1,1,0,0,0,0,0,1,1,0,10,2,0,0,0,0,1,0,1,0,0,1,0,1,1,0,0,0,4,2,2,0,0,1,7,8,2,9,1,1,1,1,0,1,1,0,0,0,0,1,0,0,0,3,3,3,0,0,0,1,0,0,0,0,1,1,1,1,1,1,5,3,1,0,0,0,2,0,1,0,0,0,0,0,0,0,0,0,0,0,1,0,0,0,0,0,1,0,1,1,1,0,0,0,0,0,0,0,2,21632000,Zion Christian Church
Zion Christian Church,428573,1,2,0,0,0,0,0,1,1,0,10,2,0,0,0,0,1,0,1,0,0,1,0,1,0,0,1,0,2,4,2,0,0,1,5,5,10,5,0,0,1,1,0,1,1,0,0,0,0,1,1,0,0,1,3,1,0,0,0,10,0,0,0,0,2,5,1,1,1,5,10,6,1,0,0,0,1,0,1,0,0,0,0,0,0,0,0,0,0,0,2,0,0,0,0,0,1,0,0,0,1,0,0,0,0,0,0,0,2,21632000,Zion Christian Church
Zion Christian Church,428515,1,2,0,0,0,0,0,1,1,0,10,2,0,0,0,0,1,1,0,1,0,1,1,0,0,0,0,0,2,4,2,0,0,1,5,3,1,1,1,1,1,1,0,1,2,0,0,0,0,0,0,1,0,2,2,3,0,0,0,8,0,0,0,0,7,3,1,1,1,3,3,1,1,0,0,0,1,0,1,0,0,0,0,0,0,0,0,0,0,0,2,0,0,0,0,0,2,0,1,1,1,0,0,0,0,0,0,0,2,21632000,Zion Christian Church
Zion Christian Church,426259,1,3,0,0,0,0,0,1,1,0,10,2,0,0,0,0,1,0,1,0,0,1,0,0,1,0,1,0,2,4,1,0,0,2,9,10,7,6,1,1,1,1,0,1,2,0,0,0,0,0,0,0,0,1,1,1,0,0,0,5,0,0,0,0,8,4,8,5,3,6,8,6,4,0,0,0,3,0,1,0,0,0,0,0,0,0,0,0,0,0,1,0,0,0,0,0,1,0,1,1,1,0,0,0,0,0,0,0,2,21632000,Zion Christian Church
Zion Christian Church,427706,1,3,0,0,0,0,0,1,1,0,10,1,0,0,0,0,1,0,1,0,1,1,0,0,1,0,0,0,2,4,1,0,0,1,1,6,4,7,1,1,1,1,0,1,1,0,0,0,0,0,1,0,0,2,3,3,0,0,0,1,0,0,0,0,1,1,1,1,1,1,1,1,1,0,0,0,2,0,1,0,0,0,0,0,0,0,0,0,0,0,2,0,0,0,0,0,1,0,1,1,1,0,0,0,0,0,0,0,2,21632000,Zion Christian Church
Zion Christian Church,426272,2,3,0,0,0,0,0,1,1,0,10,2,0,0,0,0,1,0,1,0,1,0,1,0,1,0,0,0,1,3,2,0,0,2,8,8,2,9,0,0,1,1,0,1,1,0,0,0,0,1,0,0,0,1,2,2,0,0,0,4,0,0,0,0,7,4,8,8,3,4,5,6,6,0,0,0,1,0,1,0,0,0,0,0,0,0,0,0,0,0,2,0,0,0,0,0,1,0,0,0,1,0,0,0,0,0,0,0,2,21632000,Zion Christian Church
Zion Christian Church,426533,1,1,0,0,0,0,0,1,1,0,10,2,0,0,0,0,1,1,0,0,0,1,0,0,1,0,1,0,2,4,2,0,0,1,5,5,1,5,1,1,1,1,0,1,1,0,0,0,0,1,0,0,0,0,2,4,0,0,0,1,0,0,0,0,1,1,1,1,1,1,1,1,1,0,0,0,1,0,1,0,0,0,0,0,0,0,0,0,0,0,2,0,0,0,0,0,1,0,1,1,1,0,0,0,0,0,0,0,2,21632000,Zion Christian Church
Zion Christian Church,428416,1,1,0,0,0,0,0,1,1,0,10,2,0,0,0,0,1,0,1,0,0,1,0,1,0,0,1,0,4,2,2,0,0,1,1,1,1,10,1,1,1,1,0,1,1,0,0,0,0,1,1,0,0,1,3,3,0,0,0,1,0,0,0,0,1,1,1,1,1,1,1,6,1,0,0,0,7,0,1,0,0,0,0,0,0,0,0,0,0,0,1,0,0,0,0,0,1,0,1,1,1,0,0,0,0,0,0,0,2,21632000,Zion Christian Church
Zion Christian Church,426201,1,2,0,0,0,0,0,1,1,0,10,2,0,0,0,0,1,0,1,0,0,0,0,0,1,1,1,0,2,4,2,0,0,1,4,5,1,10,1,1,1,1,0,1,2,0,0,0,0,1,0,0,0,2,4,4,0,0,0,1,0,0,0,0,1,1,1,0,1,0,0,0,0,0,0,0,1,0,1,0,0,0,0,0,0,0,0,0,0,0,2,0,0,0,0,0,1,0,1,1,1,0,0,0,0,0,0,0,2,21632000,Zion Christian Church
Zion Christian Church,428009,2,4,0,0,0,0,0,1,1,0,10,2,0,0,0,0,1,0,1,0,0,1,0,0,0,1,1,0,2,4,2,0,0,1,1,5,1,10,1,0,1,1,0,1,2,0,0,0,0,1,1,0,0,0,0,4,0,0,0,1,0,0,0,0,1,1,1,1,1,1,1,1,1,0,0,0,1,0,1,0,0,0,0,0,0,0,0,0,0,0,2,0,0,0,0,0,0,0,1,0,1,0,0,0,0,0,0,0,2,21632000,Zion Christian Church
Zion Christian Church,428130,2,1,0,0,0,0,0,1,1,0,9,1,0,0,0,0,1,0,0,1,0,1,0,0,1,1,0,0,1,2,2,0,0,1,4,7,1,1,1,0,1,1,0,1,1,0,0,0,0,1,1,0,1,2,2,4,0,0,0,1,0,0,0,0,1,4,1,5,7,8,10,1,1,0,0,0,7,0,1,0,0,0,0,0,0,0,0,0,0,0,1,0,0,0,0,0,1,0,1,0,1,0,0,0,0,0,0,0,2,21632000,Zion Christian Church
Zion Christian Church,428288,2,2,0,0,0,0,0,1,1,0,10,1,0,0,0,0,1,1,1,0,0,1,0,0,1,0,0,0,2,4,1,0,0,1,1,5,1,5,1,1,1,1,0,1,1,0,0,0,0,1,1,0,0,2,2,4,0,0,0,1,0,0,0,0,2,3,4,5,5,5,9,1,1,0,0,0,2,0,1,0,0,0,0,0,0,0,0,0,0,0,1,0,0,0,0,0,1,0,1,1,1,0,0,0,0,0,0,0,2,21632000,Zion Christian Church
Zion Christian Church,426207,1,2,0,0,0,0,0,1,1,0,10,1,0,0,0,0,1,0,0,1,0,0,0,0,1,1,1,0,2,1,2,0,0,2,1,5,3,5,1,1,1,1,0,1,1,0,0,0,0,1,1,1,1,2,1,4,0,0,0,1,0,0,0,0,1,4,3,1,4,1,10,1,1,0,0,0,1,0,1,0,0,0,0,0,0,0,0,0,0,0,2,0,0,0,0,0,1,0,1,1,1,0,0,0,0,0,0,0,2,21632000,Zion Christian Church
Zion Christian Church,426104,1,1,0,0,0,0,0,1,1,0,10,2,0,0,0,0,1,0,1,1,0,0,0,0,1,0,1,0,2,4,2,0,0,1,4,6,1,9,1,0,1,1,0,1,1,0,0,0,0,1,1,0,0,2,2,3,0,0,0,1,0,0,0,0,1,1,1,0,1,1,1,9,1,0,0,0,2,0,1,0,0,0,0,0,0,0,0,0,0,0,2,0,0,0,0,0,1,0,1,0,1,0,0,0,0,0,0,0,2,21632000,Zion Christian Church
Zion Christian Church,426243,1,1,0,0,0,0,0,1,1,0,5,2,0,0,0,0,1,0,1,0,0,1,1,0,0,0,1,0,2,4,1,0,0,1,1,6,1,1,1,1,1,0,0,1,1,0,0,0,0,1,1,1,1,1,1,3,0,0,0,5,0,0,0,0,1,2,5,1,1,1,1,1,1,0,0,0,7,0,0,0,0,0,0,0,0,0,0,0,0,0,1,0,0,0,0,0,0,0,1,1,1,0,0,0,0,0,0,0,2,21632000,Zion Christian Church
Zion Christian Church,426318,2,1,0,0,0,0,0,1,1,0,10,2,0,0,0,0,1,1,0,1,0,0,0,1,0,0,1,0,3,4,2,0,0,1,1,6,3,10,0,1,1,1,0,1,2,0,0,0,0,1,0,1,0,2,4,4,0,0,0,3,0,0,0,0,6,1,2,1,0,1,9,3,1,0,0,0,3,0,1,0,0,0,0,0,0,0,0,0,0,0,2,0,0,0,0,0,1,0,0,1,1,0,0,0,0,0,0,0,2,21632000,Zion Christian Church
Zion Christian Church,426381,2,2,0,0,0,0,0,1,1,0,10,1,0,0,0,0,1,0,1,0,0,1,0,0,1,1,0,0,4,3,2,0,0,2,1,1,1,1,1,1,1,1,0,1,1,0,0,0,0,1,0,0,0,2,4,4,0,0,0,1,0,0,0,0,1,1,1,5,5,5,10,1,1,0,0,0,1,0,1,0,0,0,0,0,0,0,0,0,0,0,2,0,0,0,0,0,1,0,1,1,1,0,0,0,0,0,0,0,2,21632000,Zion Christian Church
Zion Christian Church,427211,2,3,0,0,0,0,0,1,1,0,10,2,0,0,0,0,1,0,0,0,0,1,0,1,1,0,1,0,2,4,2,0,0,1,4,3,2,5,1,0,1,1,0,1,1,0,0,0,0,1,0,0,0,2,2,4,0,0,0,2,0,0,0,0,2,1,2,3,5,1,1,2,1,0,0,0,7,0,1,0,0,0,0,0,0,0,0,0,0,0,2,0,0,0,0,0,1,0,1,0,1,0,0,0,0,0,0,0,2,21632000,Zion Christian Church
Zion Christian Church,427090,1,2,0,0,0,0,0,1,1,0,10,0,0,0,0,0,1,0,1,1,0,1,0,1,0,0,0,0,2,3,2,0,0,0,9,8,4,9,0,1,1,1,0,2,2,0,0,0,0,1,0,0,2,2,2,3,0,0,0,2,0,0,0,0,7,2,2,3,7,7,5,4,7,0,0,0,2,0,1,0,0,0,0,0,0,0,0,0,0,0,2,0,0,0,0,0,1,0,0,1,1,0,0,0,0,0,0,0,2,21632000,Zion Christian Church
Zion Christian Church,426528,2,4,0,0,0,0,0,1,1,0,10,0,0,0,0,0,1,0,1,0,0,1,0,0,1,0,1,0,2,1,2,0,0,2,4,2,3,10,1,1,1,1,0,1,2,0,0,0,0,1,1,0,1,2,3,4,0,0,0,1,0,0,0,0,10,1,1,1,1,1,1,1,1,0,0,0,4,0,1,0,0,0,0,0,0,0,0,0,0,0,1,0,0,0,0,0,0,0,1,1,1,0,0,0,0,0,0,0,2,21632000,Zion Christian Church
Zion Christian Church,426235,1,2,0,0,0,0,0,1,1,0,8,0,0,0,0,0,1,0,1,0,0,1,1,0,0,0,1,0,2,1,1,0,0,0,6,10,10,1,1,0,0,1,0,1,1,0,0,0,0,1,1,0,0,0,4,4,0,0,0,1,0,0,0,0,1,1,3,0,1,1,1,1,4,0,0,0,2,0,1,0,0,0,0,0,0,0,0,0,0,0,1,0,0,0,0,0,1,0,1,0,0,0,0,0,0,0,0,0,2,21632000,Zion Christian Church
